{
    "1950-01-02": "New Year's Day (observed)",
    "1950-02-13": "Lincoln's Birthday (observed)",
    "1950-02-22": "Washington's Birthday",
    "1950-04-07": "Good Friday",
    "1950-05-30": "Memorial Day",
    "1950-06-03": "Closed Saturday",
    "1950-06-10": "Closed Saturday",
    "1950-06-14": "Flag Day",
    "1950-06-17": "Closed Saturday",
    "1950-06-24": "Closed Saturday",
    "1950-07-01": "Closed Saturday",
    "1950-07-04": "Independence Day",
    "1950-07-08": "Closed Saturday",
    "1950-07-15": "Closed Saturday",
    "1950-07-22": "Closed Saturday",
    "1950-07-29": "Closed Saturday",
    "1950-08-05": "Closed Saturday",
    "1950-08-12": "Closed Saturday",
    "1950-08-19": "Closed Saturday",
    "1950-08-26": "Closed Saturday",
    "1950-09-02": "Closed Saturday",
    "1950-09-04": "Labor Day",
    "1950-09-09": "Closed Saturday",
    "1950-09-16": "Closed Saturday",
    "1950-09-23": "Closed Saturday",
    "1950-09-30": "Closed Saturday",
    "1950-10-12": "Columbus Day",
    "1950-11-07": "Election Day",
    "1950-11-11": "Veteran's Day",
    "1950-11-23": "Thanksgiving Day",
    "1950-12-23": "Saturday before Christmas Eve",
    "1950-12-25": "Christmas Day",
    "1951-01-01": "New Year's Day",
    "1951-02-12": "Lincoln's Birthday",
    "1951-02-22": "Washington's Birthday",
    "1951-03-23": "Good Friday",
    "1951-05-30": "Memorial Day",
    "1951-06-02": "Closed Saturday",
    "1951-06-09": "Closed Saturday",
    "1951-06-14": "Flag Day",
    "1951-06-16": "Closed Saturday",
    "1951-06-23": "Closed Saturday",
    "1951-06-30": "Closed Saturday",
    "1951-07-04": "Independence Day",
    "1951-07-07": "Closed Saturday",
    "1951-07-14": "Closed Saturday",
    "1951-07-21": "Closed Saturday",
    "1951-07-28": "Closed Saturday",
    "1951-08-04": "Closed Saturday",
    "1951-08-11": "Closed Saturday",
    "1951-08-18": "Closed Saturday",
    "1951-08-25": "Closed Saturday",
    "1951-09-01": "Closed Saturday",
    "1951-09-03": "Labor Day",
    "1951-09-08": "Closed Saturday",
    "1951-09-15": "Closed Saturday",
    "1951-09-22": "Closed Saturday",
    "1951-09-29": "Closed Saturday",
    "1951-10-12": "Columbus Day",
    "1951-11-06": "Election Day",
    "1951-11-12": "Veteran's Day (observed)",
    "1951-11-22": "Thanksgiving Day",
    "1951-12-24": "Christmas Eve (markets close at 1:00pm)",
    "1951-12-25": "Christmas Day",
    "1952-01-01": "New Year's Day",
    "1952-02-12": "Lincoln's Birthday",
    "1952-02-22": "Washington's Birthday",
    "1952-04-11": "Good Friday",
    "1952-05-30": "Memorial Day",
    "1952-05-31": "Closed Saturday",
    "1952-06-07": "Closed Saturday",
    "1952-06-14": "Flag Day",
    "1952-06-21": "Closed Saturday",
    "1952-06-28": "Closed Saturday",
    "1952-07-04": "Independence Day",
    "1952-07-05": "Closed Saturday",
    "1952-07-12": "Closed Saturday",
    "1952-07-19": "Closed Saturday",
    "1952-07-26": "Closed Saturday",
    "1952-08-02": "Closed Saturday",
    "1952-08-09": "Closed Saturday",
    "1952-08-16": "Closed Saturday",
    "1952-08-23": "Closed Saturday",
    "1952-08-30": "Closed Saturday",
    "1952-09-01": "Labor Day",
    "1952-09-06": "Closed Saturday",
    "1952-09-13": "Closed Saturday",
    "1952-09-20": "Closed Saturday",
    "1952-09-27": "Closed Saturday",
    "1952-10-13": "Columbus Day (observed)",
    "1952-11-04": "Election Day",
    "1952-11-11": "Veteran's Day",
    "1952-11-27": "Thanksgiving Day",
    "1952-12-25": "Christmas Day",
    "1953-01-01": "New Year's Day",
    "1953-02-12": "Lincoln's Birthday",
    "1953-02-23": "Washington's Birthday (observed)",
    "1953-04-03": "Good Friday",
    "1953-05-29": "Memorial Day (observed)",
    "1953-06-15": "Flag Day (observed)",
    "1953-07-03": "Independence Day (observed)",
    "1953-09-07": "Labor Day",
    "1953-10-12": "Columbus Day",
    "1953-11-03": "Election Day",
    "1953-11-11": "Veteran's Day",
    "1953-11-26": "Thanksgiving Day",
    "1953-12-25": "Christmas Day",
    "1954-01-01": "New Year's Day",
    "1954-02-22": "Washington's Birthday",
    "1954-04-16": "Good Friday",
    "1954-05-31": "Memorial Day (observed)",
    "1954-07-05": "Independence Day (observed)",
    "1954-09-06": "Labor Day",
    "1954-11-02": "Election Day",
    "1954-11-25": "Thanksgiving Day",
    "1954-12-24": "Christmas Day (observed); Christmas Eve",
    "1955-02-22": "Washington's Birthday",
    "1955-04-08": "Good Friday",
    "1955-05-30": "Memorial Day",
    "1955-07-04": "Independence Day",
    "1955-09-05": "Labor Day",
    "1955-11-08": "Election Day",
    "1955-11-24": "Thanksgiving Day",
    "1955-12-26": "Christmas Day (observed)",
    "1956-01-02": "New Year's Day (observed)",
    "1956-02-22": "Washington's Birthday",
    "1956-03-30": "Good Friday",
    "1956-05-30": "Memorial Day",
    "1956-07-04": "Independence Day",
    "1956-09-03": "Labor Day",
    "1956-11-06": "Election Day",
    "1956-11-22": "Thanksgiving Day",
    "1956-12-24": "Christmas Eve",
    "1956-12-25": "Christmas Day",
    "1957-01-01": "New Year's Day",
    "1957-02-22": "Washington's Birthday",
    "1957-04-19": "Good Friday",
    "1957-05-30": "Memorial Day",
    "1957-07-04": "Independence Day",
    "1957-09-02": "Labor Day",
    "1957-11-05": "Election Day",
    "1957-11-28": "Thanksgiving Day",
    "1957-12-25": "Christmas Day",
    "1958-01-01": "New Year's Day",
    "1958-02-21": "Washington's Birthday (observed)",
    "1958-04-04": "Good Friday",
    "1958-05-30": "Memorial Day",
    "1958-07-04": "Independence Day",
    "1958-09-01": "Labor Day",
    "1958-11-04": "Election Day",
    "1958-11-27": "Thanksgiving Day",
    "1958-12-25": "Christmas Day",
    "1958-12-26": "Day after Christmas",
    "1959-01-01": "New Year's Day",
    "1959-02-23": "Washington's Birthday (observed)",
    "1959-03-27": "Good Friday",
    "1959-05-29": "Memorial Day (observed)",
    "1959-07-03": "Independence Day (observed)",
    "1959-09-07": "Labor Day",
    "1959-11-03": "Election Day",
    "1959-11-26": "Thanksgiving Day",
    "1959-12-25": "Christmas Day",
    "1960-01-01": "New Year's Day",
    "1960-02-22": "Washington's Birthday",
    "1960-04-15": "Good Friday",
    "1960-05-30": "Memorial Day",
    "1960-07-04": "Independence Day",
    "1960-09-05": "Labor Day",
    "1960-11-08": "Election Day",
    "1960-11-24": "Thanksgiving Day",
    "1960-12-26": "Christmas Day (observed)",
    "1961-01-02": "New Year's Day (observed)",
    "1961-02-22": "Washington's Birthday",
    "1961-03-31": "Good Friday",
    "1961-05-29": "Day before Decoration Day",
    "1961-05-30": "Memorial Day",
    "1961-07-04": "Independence Day",
    "1961-09-04": "Labor Day",
    "1961-11-07": "Election Day",
    "1961-11-23": "Thanksgiving Day",
    "1961-12-25": "Christmas Day",
    "1962-01-01": "New Year's Day",
    "1962-02-22": "Washington's Birthday",
    "1962-04-20": "Good Friday",
    "1962-05-30": "Memorial Day",
    "1962-07-04": "Independence Day",
    "1962-09-03": "Labor Day",
    "1962-11-06": "Election Day",
    "1962-11-22": "Thanksgiving Day",
    "1962-12-25": "Christmas Day",
    "1963-01-01": "New Year's Day",
    "1963-02-22": "Washington's Birthday",
    "1963-04-12": "Good Friday",
    "1963-05-30": "Memorial Day",
    "1963-07-04": "Independence Day",
    "1963-09-02": "Labor Day",
    "1963-11-05": "Election Day",
    "1963-11-22": "Assassination of President John F. Kennedy (markets close at 2:07pm)",
    "1963-11-25": "Funeral of President John F. Kennedy",
    "1963-11-28": "Thanksgiving Day",
    "1963-12-25": "Christmas Day",
    "1964-01-01": "New Year's Day",
    "1964-02-21": "Washington's Birthday (observed)",
    "1964-03-27": "Good Friday",
    "1964-05-29": "Memorial Day (observed)",
    "1964-07-03": "Independence Day (observed)",
    "1964-09-07": "Labor Day",
    "1964-10-23": "Funeral of former President Herbert C. Hoover (markets close at 2:00pm)",
    "1964-11-03": "Election Day",
    "1964-11-26": "Thanksgiving Day",
    "1964-12-25": "Christmas Day",
    "1965-01-01": "New Year's Day",
    "1965-02-22": "Washington's Birthday",
    "1965-04-16": "Good Friday",
    "1965-05-31": "Memorial Day (observed)",
    "1965-07-05": "Independence Day (observed)",
    "1965-09-06": "Labor Day",
    "1965-11-02": "Election Day",
    "1965-11-25": "Thanksgiving Day",
    "1965-12-24": "Christmas Day (observed); Christmas Eve",
    "1966-01-06": "Transit strike (markets close at 2:00pm)",
    "1966-01-07": "Transit strike (markets close at 2:00pm)",
    "1966-01-10": "Transit strike (markets close at 2:00pm)",
    "1966-01-11": "Transit strike (markets close at 2:00pm)",
    "1966-01-12": "Transit strike (markets close at 2:00pm)",
    "1966-01-13": "Transit strike (markets close at 2:00pm)",
    "1966-01-14": "Transit strike (markets close at 2:00pm)",
    "1966-02-22": "Washington's Birthday",
    "1966-04-08": "Good Friday",
    "1966-05-30": "Memorial Day",
    "1966-07-04": "Independence Day",
    "1966-09-05": "Labor Day",
    "1966-11-08": "Election Day",
    "1966-11-24": "Thanksgiving Day",
    "1966-12-26": "Christmas Day (observed)",
    "1967-01-02": "New Year's Day (observed)",
    "1967-02-22": "Washington's Birthday",
    "1967-03-24": "Good Friday",
    "1967-05-30": "Memorial Day",
    "1967-07-04": "Independence Day",
    "1967-08-08": "Back office work load (markets close at 2:00pm)",
    "1967-08-09": "Back office work load (markets close at 2:00pm)",
    "1967-08-10": "Back office work load (markets close at 2:00pm)",
    "1967-08-11": "Back office work load (markets close at 2:00pm)",
    "1967-08-14": "Back office work load (markets close at 2:00pm)",
    "1967-08-15": "Back office work load (markets close at 2:00pm)",
    "1967-08-16": "Back office work load (markets close at 2:00pm)",
    "1967-08-17": "Back office work load (markets close at 2:00pm)",
    "1967-08-18": "Back office work load (markets close at 2:00pm)",
    "1967-09-04": "Labor Day",
    "1967-11-07": "Election Day",
    "1967-11-23": "Thanksgiving Day",
    "1967-12-25": "Christmas Day",
    "1968-01-01": "New Year's Day",
    "1968-01-22": "Back office work load (markets close at 2:00pm)",
    "1968-01-23": "Back office work load (markets close at 2:00pm)",
    "1968-01-24": "Back office work load (markets close at 2:00pm)",
    "1968-01-25": "Back office work load (markets close at 2:00pm)",
    "1968-01-26": "Back office work load (markets close at 2:00pm)",
    "1968-01-29": "Back office work load (markets close at 2:00pm)",
    "1968-01-30": "Back office work load (markets close at 2:00pm)",
    "1968-01-31": "Back office work load (markets close at 2:00pm)",
    "1968-02-01": "Back office work load (markets close at 2:00pm)",
    "1968-02-02": "Back office work load (markets close at 2:00pm)",
    "1968-02-05": "Back office work load (markets close at 2:00pm)",
    "1968-02-06": "Back office work load (markets close at 2:00pm)",
    "1968-02-07": "Back office work load (markets close at 2:00pm)",
    "1968-02-08": "Back office work load (markets close at 2:00pm)",
    "1968-02-09": "Back office work load (markets close at 2:00pm)",
    "1968-02-12": "Back office work load (markets close at 2:00pm); Lincoln's Birthday",
    "1968-02-13": "Back office work load (markets close at 2:00pm)",
    "1968-02-14": "Back office work load (markets close at 2:00pm)",
    "1968-02-15": "Back office work load (markets close at 2:00pm)",
    "1968-02-16": "Back office work load (markets close at 2:00pm)",
    "1968-02-19": "Back office work load (markets close at 2:00pm)",
    "1968-02-20": "Back office work load (markets close at 2:00pm)",
    "1968-02-21": "Back office work load (markets close at 2:00pm)",
    "1968-02-22": "Washington's Birthday",
    "1968-02-23": "Back office work load (markets close at 2:00pm)",
    "1968-02-26": "Back office work load (markets close at 2:00pm)",
    "1968-02-27": "Back office work load (markets close at 2:00pm)",
    "1968-02-28": "Back office work load (markets close at 2:00pm)",
    "1968-02-29": "Back office work load (markets close at 2:00pm)",
    "1968-03-01": "Back office work load (markets close at 2:00pm)",
    "1968-04-09": "National Day of Mourning for Martin Luther King, Jr.",
    "1968-04-12": "Good Friday",
    "1968-05-30": "Memorial Day",
    "1968-06-12": "Paperwork Crisis",
    "1968-06-19": "Paperwork Crisis",
    "1968-06-26": "Paperwork Crisis",
    "1968-07-03": "Paperwork Crisis",
    "1968-07-04": "Independence Day",
    "1968-07-05": "Day after Independence Day",
    "1968-07-10": "Paperwork Crisis",
    "1968-07-17": "Paperwork Crisis",
    "1968-07-24": "Paperwork Crisis",
    "1968-07-31": "Paperwork Crisis",
    "1968-08-07": "Paperwork Crisis",
    "1968-08-14": "Paperwork Crisis",
    "1968-08-21": "Paperwork Crisis",
    "1968-08-28": "Paperwork Crisis",
    "1968-09-02": "Labor Day",
    "1968-09-04": "Paperwork Crisis",
    "1968-09-11": "Paperwork Crisis",
    "1968-09-18": "Paperwork Crisis",
    "1968-09-25": "Paperwork Crisis",
    "1968-10-02": "Paperwork Crisis",
    "1968-10-09": "Paperwork Crisis",
    "1968-10-16": "Paperwork Crisis",
    "1968-10-23": "Paperwork Crisis",
    "1968-10-30": "Paperwork Crisis",
    "1968-11-05": "Election Day",
    "1968-11-06": "Paperwork Crisis",
    "1968-11-13": "Paperwork Crisis",
    "1968-11-20": "Paperwork Crisis",
    "1968-11-27": "Paperwork Crisis",
    "1968-11-28": "Thanksgiving Day",
    "1968-12-04": "Paperwork Crisis",
    "1968-12-11": "Paperwork Crisis",
    "1968-12-18": "Paperwork Crisis",
    "1968-12-25": "Christmas Day",
    "1969-01-01": "New Year's Day",
    "1969-01-02": "Paperwork Crisis (markets close at 2:00pm)",
    "1969-01-09": "Paperwork Crisis (markets close at 2:00pm)",
    "1969-01-16": "Paperwork Crisis (markets close at 2:00pm)",
    "1969-01-23": "Paperwork Crisis (markets close at 2:00pm)",
    "1969-01-30": "Paperwork Crisis (markets close at 2:00pm)",
    "1969-02-06": "Paperwork Crisis (markets close at 2:00pm)",
    "1969-02-10": "Heavy Snow",
    "1969-02-13": "Paperwork Crisis (markets close at 2:00pm)",
    "1969-02-20": "Paperwork Crisis (markets close at 2:00pm)",
    "1969-02-21": "Washington's Birthday (observed)",
    "1969-02-27": "Paperwork Crisis (markets close at 2:00pm)",
    "1969-03-06": "Paperwork Crisis (markets close at 2:00pm)",
    "1969-03-13": "Paperwork Crisis (markets close at 2:00pm)",
    "1969-03-20": "Paperwork Crisis (markets close at 2:00pm)",
    "1969-03-27": "Paperwork Crisis (markets close at 2:00pm)",
    "1969-03-31": "Funeral of former President Dwight D. Eisenhower",
    "1969-04-03": "Paperwork Crisis (markets close at 2:00pm)",
    "1969-04-04": "Good Friday",
    "1969-04-10": "Paperwork Crisis (markets close at 2:00pm)",
    "1969-04-17": "Paperwork Crisis (markets close at 2:00pm)",
    "1969-04-24": "Paperwork Crisis (markets close at 2:00pm)",
    "1969-05-01": "Paperwork Crisis (markets close at 2:00pm)",
    "1969-05-08": "Paperwork Crisis (markets close at 2:00pm)",
    "1969-05-15": "Paperwork Crisis (markets close at 2:00pm)",
    "1969-05-22": "Paperwork Crisis (markets close at 2:00pm)",
    "1969-05-29": "Paperwork Crisis (markets close at 2:00pm)",
    "1969-05-30": "Memorial Day",
    "1969-06-05": "Paperwork Crisis (markets close at 2:00pm)",
    "1969-06-12": "Paperwork Crisis (markets close at 2:00pm)",
    "1969-06-19": "Paperwork Crisis (markets close at 2:00pm)",
    "1969-06-26": "Paperwork Crisis (markets close at 2:00pm)",
    "1969-07-03": "Paperwork Crisis (markets close at 2:00pm)",
    "1969-07-04": "Independence Day",
    "1969-07-07": "Paperwork Crisis (markets close at 2:30pm)",
    "1969-07-08": "Paperwork Crisis (markets close at 2:30pm)",
    "1969-07-09": "Paperwork Crisis (markets close at 2:30pm)",
    "1969-07-10": "Paperwork Crisis (markets close at 2:30pm)",
    "1969-07-11": "Paperwork Crisis (markets close at 2:30pm)",
    "1969-07-14": "Paperwork Crisis (markets close at 2:30pm)",
    "1969-07-15": "Paperwork Crisis (markets close at 2:30pm)",
    "1969-07-16": "Paperwork Crisis (markets close at 2:30pm)",
    "1969-07-17": "Paperwork Crisis (markets close at 2:30pm)",
    "1969-07-18": "Paperwork Crisis (markets close at 2:30pm)",
    "1969-07-21": "National Day of Participation for the Lunar Exploration; Paperwork Crisis (markets close at 2:30pm)",
    "1969-07-22": "Paperwork Crisis (markets close at 2:30pm)",
    "1969-07-23": "Paperwork Crisis (markets close at 2:30pm)",
    "1969-07-24": "Paperwork Crisis (markets close at 2:30pm)",
    "1969-07-25": "Paperwork Crisis (markets close at 2:30pm)",
    "1969-07-28": "Paperwork Crisis (markets close at 2:30pm)",
    "1969-07-29": "Paperwork Crisis (markets close at 2:30pm)",
    "1969-07-30": "Paperwork Crisis (markets close at 2:30pm)",
    "1969-07-31": "Paperwork Crisis (markets close at 2:30pm)",
    "1969-08-01": "Paperwork Crisis (markets close at 2:30pm)",
    "1969-08-04": "Paperwork Crisis (markets close at 2:30pm)",
    "1969-08-05": "Paperwork Crisis (markets close at 2:30pm)",
    "1969-08-06": "Paperwork Crisis (markets close at 2:30pm)",
    "1969-08-07": "Paperwork Crisis (markets close at 2:30pm)",
    "1969-08-08": "Paperwork Crisis (markets close at 2:30pm)",
    "1969-08-11": "Paperwork Crisis (markets close at 2:30pm)",
    "1969-08-12": "Paperwork Crisis (markets close at 2:30pm)",
    "1969-08-13": "Paperwork Crisis (markets close at 2:30pm)",
    "1969-08-14": "Paperwork Crisis (markets close at 2:30pm)",
    "1969-08-15": "Paperwork Crisis (markets close at 2:30pm)",
    "1969-08-18": "Paperwork Crisis (markets close at 2:30pm)",
    "1969-08-19": "Paperwork Crisis (markets close at 2:30pm)",
    "1969-08-20": "Paperwork Crisis (markets close at 2:30pm)",
    "1969-08-21": "Paperwork Crisis (markets close at 2:30pm)",
    "1969-08-22": "Paperwork Crisis (markets close at 2:30pm)",
    "1969-08-25": "Paperwork Crisis (markets close at 2:30pm)",
    "1969-08-26": "Paperwork Crisis (markets close at 2:30pm)",
    "1969-08-27": "Paperwork Crisis (markets close at 2:30pm)",
    "1969-08-28": "Paperwork Crisis (markets close at 2:30pm)",
    "1969-08-29": "Paperwork Crisis (markets close at 2:30pm)",
    "1969-09-01": "Labor Day",
    "1969-09-02": "Paperwork Crisis (markets close at 2:30pm)",
    "1969-09-03": "Paperwork Crisis (markets close at 2:30pm)",
    "1969-09-04": "Paperwork Crisis (markets close at 2:30pm)",
    "1969-09-05": "Paperwork Crisis (markets close at 2:30pm)",
    "1969-09-08": "Paperwork Crisis (markets close at 2:30pm)",
    "1969-09-09": "Paperwork Crisis (markets close at 2:30pm)",
    "1969-09-10": "Paperwork Crisis (markets close at 2:30pm)",
    "1969-09-11": "Paperwork Crisis (markets close at 2:30pm)",
    "1969-09-12": "Paperwork Crisis (markets close at 2:30pm)",
    "1969-09-15": "Paperwork Crisis (markets close at 2:30pm)",
    "1969-09-16": "Paperwork Crisis (markets close at 2:30pm)",
    "1969-09-17": "Paperwork Crisis (markets close at 2:30pm)",
    "1969-09-18": "Paperwork Crisis (markets close at 2:30pm)",
    "1969-09-19": "Paperwork Crisis (markets close at 2:30pm)",
    "1969-09-22": "Paperwork Crisis (markets close at 2:30pm)",
    "1969-09-23": "Paperwork Crisis (markets close at 2:30pm)",
    "1969-09-24": "Paperwork Crisis (markets close at 2:30pm)",
    "1969-09-25": "Paperwork Crisis (markets close at 2:30pm)",
    "1969-09-26": "Paperwork Crisis (markets close at 2:30pm)",
    "1969-09-29": "Paperwork Crisis (markets close at 3:00pm)",
    "1969-09-30": "Paperwork Crisis (markets close at 3:00pm)",
    "1969-10-01": "Paperwork Crisis (markets close at 3:00pm)",
    "1969-10-02": "Paperwork Crisis (markets close at 3:00pm)",
    "1969-10-03": "Paperwork Crisis (markets close at 3:00pm)",
    "1969-10-06": "Paperwork Crisis (markets close at 3:00pm)",
    "1969-10-07": "Paperwork Crisis (markets close at 3:00pm)",
    "1969-10-08": "Paperwork Crisis (markets close at 3:00pm)",
    "1969-10-09": "Paperwork Crisis (markets close at 3:00pm)",
    "1969-10-10": "Paperwork Crisis (markets close at 3:00pm)",
    "1969-10-13": "Paperwork Crisis (markets close at 3:00pm)",
    "1969-10-14": "Paperwork Crisis (markets close at 3:00pm)",
    "1969-10-15": "Paperwork Crisis (markets close at 3:00pm)",
    "1969-10-16": "Paperwork Crisis (markets close at 3:00pm)",
    "1969-10-17": "Paperwork Crisis (markets close at 3:00pm)",
    "1969-10-20": "Paperwork Crisis (markets close at 3:00pm)",
    "1969-10-21": "Paperwork Crisis (markets close at 3:00pm)",
    "1969-10-22": "Paperwork Crisis (markets close at 3:00pm)",
    "1969-10-23": "Paperwork Crisis (markets close at 3:00pm)",
    "1969-10-24": "Paperwork Crisis (markets close at 3:00pm)",
    "1969-10-27": "Paperwork Crisis (markets close at 3:00pm)",
    "1969-10-28": "Paperwork Crisis (markets close at 3:00pm)",
    "1969-10-29": "Paperwork Crisis (markets close at 3:00pm)",
    "1969-10-30": "Paperwork Crisis (markets close at 3:00pm)",
    "1969-10-31": "Paperwork Crisis (markets close at 3:00pm)",
    "1969-11-03": "Paperwork Crisis (markets close at 3:00pm)",
    "1969-11-04": "Paperwork Crisis (markets close at 3:00pm)",
    "1969-11-05": "Paperwork Crisis (markets close at 3:00pm)",
    "1969-11-06": "Paperwork Crisis (markets close at 3:00pm)",
    "1969-11-07": "Paperwork Crisis (markets close at 3:00pm)",
    "1969-11-10": "Paperwork Crisis (markets close at 3:00pm)",
    "1969-11-11": "Paperwork Crisis (markets close at 3:00pm)",
    "1969-11-12": "Paperwork Crisis (markets close at 3:00pm)",
    "1969-11-13": "Paperwork Crisis (markets close at 3:00pm)",
    "1969-11-14": "Paperwork Crisis (markets close at 3:00pm)",
    "1969-11-17": "Paperwork Crisis (markets close at 3:00pm)",
    "1969-11-18": "Paperwork Crisis (markets close at 3:00pm)",
    "1969-11-19": "Paperwork Crisis (markets close at 3:00pm)",
    "1969-11-20": "Paperwork Crisis (markets close at 3:00pm)",
    "1969-11-21": "Paperwork Crisis (markets close at 3:00pm)",
    "1969-11-24": "Paperwork Crisis (markets close at 3:00pm)",
    "1969-11-25": "Paperwork Crisis (markets close at 3:00pm)",
    "1969-11-26": "Paperwork Crisis (markets close at 3:00pm)",
    "1969-11-27": "Thanksgiving Day",
    "1969-11-28": "Paperwork Crisis (markets close at 3:00pm)",
    "1969-12-01": "Paperwork Crisis (markets close at 3:00pm)",
    "1969-12-02": "Paperwork Crisis (markets close at 3:00pm)",
    "1969-12-03": "Paperwork Crisis (markets close at 3:00pm)",
    "1969-12-04": "Paperwork Crisis (markets close at 3:00pm)",
    "1969-12-05": "Paperwork Crisis (markets close at 3:00pm)",
    "1969-12-08": "Paperwork Crisis (markets close at 3:00pm)",
    "1969-12-09": "Paperwork Crisis (markets close at 3:00pm)",
    "1969-12-10": "Paperwork Crisis (markets close at 3:00pm)",
    "1969-12-11": "Paperwork Crisis (markets close at 3:00pm)",
    "1969-12-12": "Paperwork Crisis (markets close at 3:00pm)",
    "1969-12-15": "Paperwork Crisis (markets close at 3:00pm)",
    "1969-12-16": "Paperwork Crisis (markets close at 3:00pm)",
    "1969-12-17": "Paperwork Crisis (markets close at 3:00pm)",
    "1969-12-18": "Paperwork Crisis (markets close at 3:00pm)",
    "1969-12-19": "Paperwork Crisis (markets close at 3:00pm)",
    "1969-12-22": "Paperwork Crisis (markets close at 3:00pm)",
    "1969-12-23": "Paperwork Crisis (markets close at 3:00pm)",
    "1969-12-24": "Paperwork Crisis (markets close at 3:00pm)",
    "1969-12-25": "Christmas Day",
    "1969-12-26": "Paperwork Crisis (markets close at 3:00pm)",
    "1969-12-29": "Paperwork Crisis (markets close at 3:00pm)",
    "1969-12-30": "Paperwork Crisis (markets close at 3:00pm)",
    "1969-12-31": "Paperwork Crisis (markets close at 3:00pm)",
    "1970-01-01": "New Year's Day",
    "1970-01-02": "Paperwork Crisis (markets close at 3:00pm)",
    "1970-01-05": "Paperwork Crisis (markets close at 3:00pm)",
    "1970-01-06": "Paperwork Crisis (markets close at 3:00pm)",
    "1970-01-07": "Paperwork Crisis (markets close at 3:00pm)",
    "1970-01-08": "Paperwork Crisis (markets close at 3:00pm)",
    "1970-01-09": "Paperwork Crisis (markets close at 3:00pm)",
    "1970-01-12": "Paperwork Crisis (markets close at 3:00pm)",
    "1970-01-13": "Paperwork Crisis (markets close at 3:00pm)",
    "1970-01-14": "Paperwork Crisis (markets close at 3:00pm)",
    "1970-01-15": "Paperwork Crisis (markets close at 3:00pm)",
    "1970-01-16": "Paperwork Crisis (markets close at 3:00pm)",
    "1970-01-19": "Paperwork Crisis (markets close at 3:00pm)",
    "1970-01-20": "Paperwork Crisis (markets close at 3:00pm)",
    "1970-01-21": "Paperwork Crisis (markets close at 3:00pm)",
    "1970-01-22": "Paperwork Crisis (markets close at 3:00pm)",
    "1970-01-23": "Paperwork Crisis (markets close at 3:00pm)",
    "1970-01-26": "Paperwork Crisis (markets close at 3:00pm)",
    "1970-01-27": "Paperwork Crisis (markets close at 3:00pm)",
    "1970-01-28": "Paperwork Crisis (markets close at 3:00pm)",
    "1970-01-29": "Paperwork Crisis (markets close at 3:00pm)",
    "1970-01-30": "Paperwork Crisis (markets close at 3:00pm)",
    "1970-02-02": "Paperwork Crisis (markets close at 3:00pm)",
    "1970-02-03": "Paperwork Crisis (markets close at 3:00pm)",
    "1970-02-04": "Paperwork Crisis (markets close at 3:00pm)",
    "1970-02-05": "Paperwork Crisis (markets close at 3:00pm)",
    "1970-02-06": "Paperwork Crisis (markets close at 3:00pm)",
    "1970-02-09": "Paperwork Crisis (markets close at 3:00pm)",
    "1970-02-10": "Paperwork Crisis (markets close at 3:00pm)",
    "1970-02-11": "Paperwork Crisis (markets close at 3:00pm)",
    "1970-02-12": "Paperwork Crisis (markets close at 3:00pm)",
    "1970-02-13": "Paperwork Crisis (markets close at 3:00pm)",
    "1970-02-16": "Paperwork Crisis (markets close at 3:00pm)",
    "1970-02-17": "Paperwork Crisis (markets close at 3:00pm)",
    "1970-02-18": "Paperwork Crisis (markets close at 3:00pm)",
    "1970-02-19": "Paperwork Crisis (markets close at 3:00pm)",
    "1970-02-20": "Paperwork Crisis (markets close at 3:00pm)",
    "1970-02-23": "Washington's Birthday (observed)",
    "1970-02-24": "Paperwork Crisis (markets close at 3:00pm)",
    "1970-02-25": "Paperwork Crisis (markets close at 3:00pm)",
    "1970-02-26": "Paperwork Crisis (markets close at 3:00pm)",
    "1970-02-27": "Paperwork Crisis (markets close at 3:00pm)",
    "1970-03-02": "Paperwork Crisis (markets close at 3:00pm)",
    "1970-03-03": "Paperwork Crisis (markets close at 3:00pm)",
    "1970-03-04": "Paperwork Crisis (markets close at 3:00pm)",
    "1970-03-05": "Paperwork Crisis (markets close at 3:00pm)",
    "1970-03-06": "Paperwork Crisis (markets close at 3:00pm)",
    "1970-03-09": "Paperwork Crisis (markets close at 3:00pm)",
    "1970-03-10": "Paperwork Crisis (markets close at 3:00pm)",
    "1970-03-11": "Paperwork Crisis (markets close at 3:00pm)",
    "1970-03-12": "Paperwork Crisis (markets close at 3:00pm)",
    "1970-03-13": "Paperwork Crisis (markets close at 3:00pm)",
    "1970-03-16": "Paperwork Crisis (markets close at 3:00pm)",
    "1970-03-17": "Paperwork Crisis (markets close at 3:00pm)",
    "1970-03-18": "Paperwork Crisis (markets close at 3:00pm)",
    "1970-03-19": "Paperwork Crisis (markets close at 3:00pm)",
    "1970-03-20": "Paperwork Crisis (markets close at 3:00pm)",
    "1970-03-23": "Paperwork Crisis (markets close at 3:00pm)",
    "1970-03-24": "Paperwork Crisis (markets close at 3:00pm)",
    "1970-03-25": "Paperwork Crisis (markets close at 3:00pm)",
    "1970-03-26": "Paperwork Crisis (markets close at 3:00pm)",
    "1970-03-27": "Good Friday",
    "1970-03-30": "Paperwork Crisis (markets close at 3:00pm)",
    "1970-03-31": "Paperwork Crisis (markets close at 3:00pm)",
    "1970-04-01": "Paperwork Crisis (markets close at 3:00pm)",
    "1970-04-02": "Paperwork Crisis (markets close at 3:00pm)",
    "1970-04-03": "Paperwork Crisis (markets close at 3:00pm)",
    "1970-04-06": "Paperwork Crisis (markets close at 3:00pm)",
    "1970-04-07": "Paperwork Crisis (markets close at 3:00pm)",
    "1970-04-08": "Paperwork Crisis (markets close at 3:00pm)",
    "1970-04-09": "Paperwork Crisis (markets close at 3:00pm)",
    "1970-04-10": "Paperwork Crisis (markets close at 3:00pm)",
    "1970-04-13": "Paperwork Crisis (markets close at 3:00pm)",
    "1970-04-14": "Paperwork Crisis (markets close at 3:00pm)",
    "1970-04-15": "Paperwork Crisis (markets close at 3:00pm)",
    "1970-04-16": "Paperwork Crisis (markets close at 3:00pm)",
    "1970-04-17": "Paperwork Crisis (markets close at 3:00pm)",
    "1970-04-20": "Paperwork Crisis (markets close at 3:00pm)",
    "1970-04-21": "Paperwork Crisis (markets close at 3:00pm)",
    "1970-04-22": "Paperwork Crisis (markets close at 3:00pm)",
    "1970-04-23": "Paperwork Crisis (markets close at 3:00pm)",
    "1970-04-24": "Paperwork Crisis (markets close at 3:00pm)",
    "1970-04-27": "Paperwork Crisis (markets close at 3:00pm)",
    "1970-04-28": "Paperwork Crisis (markets close at 3:00pm)",
    "1970-04-29": "Paperwork Crisis (markets close at 3:00pm)",
    "1970-04-30": "Paperwork Crisis (markets close at 3:00pm)",
    "1970-05-01": "Paperwork Crisis (markets close at 3:00pm)",
    "1970-05-29": "Memorial Day (observed)",
    "1970-07-03": "Independence Day (observed)",
    "1970-09-07": "Labor Day",
    "1970-11-26": "Thanksgiving Day",
    "1970-12-25": "Christmas Day",
    "1971-01-01": "New Year's Day",
    "1971-02-15": "Washington's Birthday",
    "1971-04-09": "Good Friday",
    "1971-05-31": "Memorial Day",
    "1971-07-05": "Independence Day (observed)",
    "1971-09-06": "Labor Day",
    "1971-11-25": "Thanksgiving Day",
    "1971-12-24": "Christmas Day (observed)",
    "1972-02-21": "Washington's Birthday",
    "1972-03-31": "Good Friday",
    "1972-05-29": "Memorial Day",
    "1972-07-04": "Independence Day",
    "1972-09-04": "Labor Day",
    "1972-11-07": "Election Day",
    "1972-11-23": "Thanksgiving Day",
    "1972-12-25": "Christmas Day",
    "1972-12-28": "Funeral of former President Harry S. Truman",
    "1973-01-01": "New Year's Day",
    "1973-01-25": "Funeral of former President Lyndon B. Johnson",
    "1973-02-19": "Washington's Birthday",
    "1973-04-20": "Good Friday",
    "1973-05-28": "Memorial Day",
    "1973-07-04": "Independence Day",
    "1973-09-03": "Labor Day",
    "1973-11-22": "Thanksgiving Day",
    "1973-12-25": "Christmas Day",
    "1974-01-01": "New Year's Day",
    "1974-02-18": "Washington's Birthday",
    "1974-04-12": "Good Friday",
    "1974-05-27": "Memorial Day",
    "1974-07-04": "Independence Day",
    "1974-09-02": "Labor Day",
    "1974-11-28": "Thanksgiving Day",
    "1974-12-24": "Christmas Eve (markets close at 2:00pm)",
    "1974-12-25": "Christmas Day",
    "1975-01-01": "New Year's Day",
    "1975-02-12": "Snowstorm (markets close at 2:30pm)",
    "1975-02-17": "Washington's Birthday",
    "1975-03-28": "Good Friday",
    "1975-05-26": "Memorial Day",
    "1975-07-04": "Independence Day",
    "1975-09-01": "Labor Day",
    "1975-11-27": "Thanksgiving Day",
    "1975-12-24": "Christmas Eve (markets close at 2:00pm)",
    "1975-12-25": "Christmas Day",
    "1976-01-01": "New Year's Day",
    "1976-02-16": "Washington's Birthday",
    "1976-04-16": "Good Friday",
    "1976-05-31": "Memorial Day",
    "1976-07-05": "Independence Day (observed)",
    "1976-08-09": "Hurricane watch (markets close at 3:00pm)",
    "1976-09-06": "Labor Day",
    "1976-11-02": "Election Day",
    "1976-11-25": "Thanksgiving Day",
    "1976-12-24": "Christmas Day (observed)",
    "1977-02-21": "Washington's Birthday",
    "1977-04-08": "Good Friday",
    "1977-05-30": "Memorial Day",
    "1977-07-04": "Independence Day",
    "1977-07-14": "Blackout in New York City",
    "1977-09-05": "Labor Day",
    "1977-11-24": "Thanksgiving Day",
    "1977-12-26": "Christmas Day (observed)",
    "1978-01-02": "New Year's Day (observed)",
    "1978-02-06": "Snowstorm (markets close at 2:00pm)",
    "1978-02-20": "Washington's Birthday",
    "1978-03-24": "Good Friday",
    "1978-05-29": "Memorial Day",
    "1978-07-04": "Independence Day",
    "1978-09-04": "Labor Day",
    "1978-11-23": "Thanksgiving Day",
    "1978-12-25": "Christmas Day",
    "1979-01-01": "New Year's Day",
    "1979-02-19": "Washington's Birthday",
    "1979-04-13": "Good Friday",
    "1979-05-28": "Memorial Day",
    "1979-07-04": "Independence Day",
    "1979-09-03": "Labor Day",
    "1979-11-22": "Thanksgiving Day",
    "1979-12-25": "Christmas Day",
    "1980-01-01": "New Year's Day",
    "1980-02-18": "Washington's Birthday",
    "1980-04-04": "Good Friday",
    "1980-05-26": "Memorial Day",
    "1980-07-04": "Independence Day",
    "1980-09-01": "Labor Day",
    "1980-11-04": "Election Day",
    "1980-11-27": "Thanksgiving Day",
    "1980-12-25": "Christmas Day",
    "1981-01-01": "New Year's Day",
    "1981-02-16": "Washington's Birthday",
    "1981-03-30": "Assassination attempt on President Reagan (markets close at 3:17pm)",
    "1981-04-17": "Good Friday",
    "1981-05-25": "Memorial Day",
    "1981-07-03": "Independence Day (observed)",
    "1981-09-07": "Labor Day",
    "1981-09-09": "Con Edison power failure in lower Manhattan (markets close at 3:28pm)",
    "1981-11-26": "Thanksgiving Day",
    "1981-12-25": "Christmas Day",
    "1982-01-01": "New Year's Day",
    "1982-02-15": "Washington's Birthday",
    "1982-04-09": "Good Friday",
    "1982-05-31": "Memorial Day",
    "1982-07-05": "Independence Day (observed)",
    "1982-09-06": "Labor Day",
    "1982-11-25": "Thanksgiving Day",
    "1982-12-24": "Christmas Day (observed)",
    "1983-02-21": "Washington's Birthday",
    "1983-04-01": "Good Friday",
    "1983-05-30": "Memorial Day",
    "1983-07-04": "Independence Day",
    "1983-09-05": "Labor Day",
    "1983-11-24": "Thanksgiving Day",
    "1983-12-26": "Christmas Day (observed)",
    "1984-01-02": "New Year's Day (observed)",
    "1984-02-20": "Washington's Birthday",
    "1984-04-20": "Good Friday",
    "1984-05-28": "Memorial Day",
    "1984-07-04": "Independence Day",
    "1984-09-03": "Labor Day",
    "1984-11-22": "Thanksgiving Day",
    "1984-12-25": "Christmas Day",
    "1985-01-01": "New Year's Day",
    "1985-02-18": "Washington's Birthday",
    "1985-04-05": "Good Friday",
    "1985-05-27": "Memorial Day",
    "1985-07-04": "Independence Day",
    "1985-09-02": "Labor Day",
    "1985-09-27": "Hurricane Gloria",
    "1985-11-28": "Thanksgiving Day",
    "1985-12-25": "Christmas Day",
    "1986-01-01": "New Year's Day",
    "1986-02-17": "Washington's Birthday",
    "1986-03-28": "Good Friday",
    "1986-05-26": "Memorial Day",
    "1986-07-04": "Independence Day",
    "1986-09-01": "Labor Day",
    "1986-11-27": "Thanksgiving Day",
    "1986-12-25": "Christmas Day",
    "1987-01-01": "New Year's Day",
    "1987-02-16": "Washington's Birthday",
    "1987-04-17": "Good Friday",
    "1987-05-25": "Memorial Day",
    "1987-07-03": "Independence Day (observed)",
    "1987-09-07": "Labor Day",
    "1987-10-23": "Shortened hours following market break (markets close at 2:00pm)",
    "1987-10-26": "Shortened hours following market break (markets close at 2:00pm)",
    "1987-10-27": "Shortened hours following market break (markets close at 2:00pm)",
    "1987-10-28": "Shortened hours following market break (markets close at 2:00pm)",
    "1987-10-29": "Shortened hours following market break (markets close at 2:00pm)",
    "1987-10-30": "Shortened hours following market break (markets close at 2:00pm)",
    "1987-11-02": "Shortened hours following market break (markets close at 2:30pm)",
    "1987-11-03": "Shortened hours following market break (markets close at 2:30pm)",
    "1987-11-04": "Shortened hours following market break (markets close at 2:30pm)",
    "1987-11-05": "Shortened hours following market break (markets close at 3:00pm)",
    "1987-11-06": "Shortened hours following market break (markets close at 3:00pm)",
    "1987-11-09": "Shortened hours following market break (markets close at 3:30pm)",
    "1987-11-10": "Shortened hours following market break (markets close at 3:30pm)",
    "1987-11-11": "Shortened hours following market break (markets close at 3:30pm)",
    "1987-11-26": "Thanksgiving Day",
    "1987-12-25": "Christmas Day",
    "1988-01-01": "New Year's Day",
    "1988-02-15": "Washington's Birthday",
    "1988-04-01": "Good Friday",
    "1988-05-30": "Memorial Day",
    "1988-07-04": "Independence Day",
    "1988-09-05": "Labor Day",
    "1988-11-24": "Thanksgiving Day",
    "1988-12-26": "Christmas Day (observed)",
    "1989-01-02": "New Year's Day (observed)",
    "1989-02-20": "Washington's Birthday",
    "1989-03-24": "Good Friday",
    "1989-05-29": "Memorial Day",
    "1989-07-04": "Independence Day",
    "1989-09-04": "Labor Day",
    "1989-11-23": "Thanksgiving Day",
    "1989-12-25": "Christmas Day",
    "1990-01-01": "New Year's Day",
    "1990-02-19": "Washington's Birthday",
    "1990-04-13": "Good Friday",
    "1990-05-28": "Memorial Day",
    "1990-07-04": "Independence Day",
    "1990-09-03": "Labor Day",
    "1990-11-22": "Thanksgiving Day",
    "1990-12-24": "Christmas Eve (markets close at 2:00pm)",
    "1990-12-25": "Christmas Day",
    "1991-01-01": "New Year's Day",
    "1991-02-18": "Washington's Birthday",
    "1991-03-29": "Good Friday",
    "1991-05-27": "Memorial Day",
    "1991-07-04": "Independence Day",
    "1991-09-02": "Labor Day",
    "1991-11-28": "Thanksgiving Day",
    "1991-12-24": "Christmas Eve (markets close at 2:00pm)",
    "1991-12-25": "Christmas Day",
    "1992-01-01": "New Year's Day",
    "1992-02-17": "Washington's Birthday",
    "1992-04-17": "Good Friday",
    "1992-05-25": "Memorial Day",
    "1992-07-03": "Independence Day (observed)",
    "1992-09-07": "Labor Day",
    "1992-11-26": "Thanksgiving Day",
    "1992-11-27": "Day after Thanksgiving Day (markets close at 2:00pm)",
    "1992-12-24": "Christmas Eve (markets close at 2:00pm)",
    "1992-12-25": "Christmas Day",
    "1993-01-01": "New Year's Day",
    "1993-02-15": "Washington's Birthday",
    "1993-04-09": "Good Friday",
    "1993-05-31": "Memorial Day",
    "1993-07-05": "Independence Day (observed)",
    "1993-09-06": "Labor Day",
    "1993-11-25": "Thanksgiving Day",
    "1993-11-26": "Day after Thanksgiving Day (markets close at 1:00pm)",
    "1993-12-24": "Christmas Day (observed)",
    "1994-02-11": "Snowstorm (markets close at 2:30pm)",
    "1994-02-21": "Washington's Birthday",
    "1994-04-01": "Good Friday",
    "1994-04-27": "Funeral of former President Richard M. Nixon",
    "1994-05-30": "Memorial Day",
    "1994-07-04": "Independence Day",
    "1994-09-05": "Labor Day",
    "1994-11-24": "Thanksgiving Day",
    "1994-11-25": "Day after Thanksgiving Day (markets close at 1:00pm)",
    "1994-12-26": "Christmas Day (observed)",
    "1995-01-02": "New Year's Day (observed)",
    "1995-02-20": "Washington's Birthday",
    "1995-04-14": "Good Friday",
    "1995-05-29": "Memorial Day",
    "1995-07-03": "Day before Independence Day (markets close at 1:00pm)",
    "1995-07-04": "Independence Day",
    "1995-09-04": "Labor Day",
    "1995-11-23": "Thanksgiving Day",
    "1995-11-24": "Day after Thanksgiving Day (markets close at 1:00pm)",
    "1995-12-25": "Christmas Day",
    "1996-01-01": "New Year's Day",
    "1996-02-19": "Washington's Birthday",
    "1996-04-05": "Good Friday",
    "1996-05-27": "Memorial Day",
    "1996-07-04": "Independence Day",
    "1996-07-05": "Day after Independence Day (markets close at 1:00pm)",
    "1996-09-02": "Labor Day",
    "1996-11-28": "Thanksgiving Day",
    "1996-11-29": "Day after Thanksgiving Day (markets close at 1:00pm)",
    "1996-12-24": "Christmas Eve (markets close at 1:00pm)",
    "1996-12-25": "Christmas Day",
    "1997-01-01": "New Year's Day",
    "1997-02-17": "Washington's Birthday",
    "1997-03-28": "Good Friday",
    "1997-05-26": "Memorial Day",
    "1997-07-03": "Day before Independence Day (markets close at 1:00pm)",
    "1997-07-04": "Independence Day",
    "1997-09-01": "Labor Day",
    "1997-11-27": "Thanksgiving Day",
    "1997-11-28": "Day after Thanksgiving Day (markets close at 1:00pm)",
    "1997-12-24": "Christmas Eve (markets close at 1:00pm)",
    "1997-12-25": "Christmas Day",
    "1997-12-26": "Friday after Christmas Day (markets close at 1:00pm)",
    "1998-01-01": "New Year's Day",
    "1998-01-19": "Martin Luther King Jr. Day",
    "1998-02-16": "Washington's Birthday",
    "1998-04-10": "Good Friday",
    "1998-05-25": "Memorial Day",
    "1998-07-03": "Independence Day (observed)",
    "1998-09-07": "Labor Day",
    "1998-11-26": "Thanksgiving Day",
    "1998-11-27": "Day after Thanksgiving Day (markets close at 1:00pm)",
    "1998-12-24": "Christmas Eve (markets close at 1:00pm)",
    "1998-12-25": "Christmas Day",
    "1999-01-01": "New Year's Day",
    "1999-01-18": "Martin Luther King Jr. Day",
    "1999-02-15": "Washington's Birthday",
    "1999-04-02": "Good Friday",
    "1999-05-31": "Memorial Day",
    "1999-07-05": "Independence Day (observed)",
    "1999-09-06": "Labor Day",
    "1999-11-25": "Thanksgiving Day",
    "1999-11-26": "Day after Thanksgiving Day (markets close at 1:00pm)",
    "1999-12-24": "Christmas Day (observed)",
    "1999-12-31": "New Year's Eve (markets close at 1:00pm)",
    "2000-01-17": "Martin Luther King Jr. Day",
    "2000-02-21": "Washington's Birthday",
    "2000-04-21": "Good Friday",
    "2000-05-29": "Memorial Day",
    "2000-07-03": "Day before Independence Day (markets close at 1:00pm)",
    "2000-07-04": "Independence Day",
    "2000-09-04": "Labor Day",
    "2000-11-23": "Thanksgiving Day",
    "2000-11-24": "Day after Thanksgiving Day (markets close at 1:00pm)",
    "2000-12-25": "Christmas Day",
    "2001-01-01": "New Year's Day",
    "2001-01-15": "Martin Luther King Jr. Day",
    "2001-02-19": "Washington's Birthday",
    "2001-04-13": "Good Friday",
    "2001-05-28": "Memorial Day",
    "2001-07-03": "Day before Independence Day (markets close at 1:00pm)",
    "2001-07-04": "Independence Day",
    "2001-09-03": "Labor Day",
    "2001-09-11": "Closed following Attacks on the World Trade Center",
    "2001-09-12": "Closed following Attacks on the World Trade Center",
    "2001-09-13": "Closed following Attacks on the World Trade Center",
    "2001-09-14": "Closed following Attacks on the World Trade Center",
    "2001-11-22": "Thanksgiving Day",
    "2001-11-23": "Day after Thanksgiving Day (markets close at 1:00pm)",
    "2001-12-24": "Christmas Eve (markets close at 1:00pm)",
    "2001-12-25": "Christmas Day",
    "2002-01-01": "New Year's Day",
    "2002-01-21": "Martin Luther King Jr. Day",
    "2002-02-18": "Washington's Birthday",
    "2002-03-29": "Good Friday",
    "2002-05-27": "Memorial Day",
    "2002-07-04": "Independence Day",
    "2002-07-05": "Day after Independence Day (markets close at 1:00pm)",
    "2002-09-02": "Labor Day",
    "2002-11-28": "Thanksgiving Day",
    "2002-11-29": "Day after Thanksgiving Day (markets close at 1:00pm)",
    "2002-12-24": "Christmas Eve (markets close at 1:00pm)",
    "2002-12-25": "Christmas Day",
    "2003-01-01": "New Year's Day",
    "2003-01-20": "Martin Luther King Jr. Day",
    "2003-02-17": "Washington's Birthday",
    "2003-04-18": "Good Friday",
    "2003-05-26": "Memorial Day",
    "2003-07-03": "Day before Independence Day (markets close at 1:00pm)",
    "2003-07-04": "Independence Day",
    "2003-09-01": "Labor Day",
    "2003-11-27": "Thanksgiving Day",
    "2003-11-28": "Day after Thanksgiving Day (markets close at 1:00pm)",
    "2003-12-24": "Christmas Eve (markets close at 1:00pm)",
    "2003-12-25": "Christmas Day",
    "2003-12-26": "Friday after Christmas Day (markets close at 1:00pm)",
    "2004-01-01": "New Year's Day",
    "2004-01-19": "Martin Luther King Jr. Day",
    "2004-02-16": "Washington's Birthday",
    "2004-04-09": "Good Friday",
    "2004-05-31": "Memorial Day",
    "2004-06-11": "National Day of Mourning for former President Ronald Reagan",
    "2004-07-05": "Independence Day (observed)",
    "2004-09-06": "Labor Day",
    "2004-11-25": "Thanksgiving Day",
    "2004-11-26": "Day after Thanksgiving Day (markets close at 1:00pm)",
    "2004-12-24": "Christmas Day (observed)",
    "2005-01-17": "Martin Luther King Jr. Day",
    "2005-02-21": "Washington's Birthday",
    "2005-03-25": "Good Friday",
    "2005-05-30": "Memorial Day",
    "2005-07-04": "Independence Day",
    "2005-09-05": "Labor Day",
    "2005-11-24": "Thanksgiving Day",
    "2005-11-25": "Day after Thanksgiving Day (markets close at 1:00pm)",
    "2005-12-26": "Christmas Day (observed)",
    "2006-01-02": "New Year's Day (observed)",
    "2006-01-16": "Martin Luther King Jr. Day",
    "2006-02-20": "Washington's Birthday",
    "2006-04-14": "Good Friday",
    "2006-05-29": "Memorial Day",
    "2006-07-03": "Day before Independence Day (markets close at 1:00pm)",
    "2006-07-04": "Independence Day",
    "2006-09-04": "Labor Day",
    "2006-11-23": "Thanksgiving Day",
    "2006-11-24": "Day after Thanksgiving Day (markets close at 1:00pm)",
    "2006-12-25": "Christmas Day",
    "2007-01-01": "New Year's Day",
    "2007-01-02": "National Day of Mourning for former President Gerald R. Ford",
    "2007-01-15": "Martin Luther King Jr. Day",
    "2007-02-19": "Washington's Birthday",
    "2007-04-06": "Good Friday",
    "2007-05-28": "Memorial Day",
    "2007-07-03": "Day before Independence Day (markets close at 1:00pm)",
    "2007-07-04": "Independence Day",
    "2007-09-03": "Labor Day",
    "2007-11-22": "Thanksgiving Day",
    "2007-11-23": "Day after Thanksgiving Day (markets close at 1:00pm)",
    "2007-12-24": "Christmas Eve (markets close at 1:00pm)",
    "2007-12-25": "Christmas Day",
    "2008-01-01": "New Year's Day",
    "2008-01-21": "Martin Luther King Jr. Day",
    "2008-02-18": "Washington's Birthday",
    "2008-03-21": "Good Friday",
    "2008-05-26": "Memorial Day",
    "2008-07-03": "Day before Independence Day (markets close at 1:00pm)",
    "2008-07-04": "Independence Day",
    "2008-09-01": "Labor Day",
    "2008-11-27": "Thanksgiving Day",
    "2008-11-28": "Day after Thanksgiving Day (markets close at 1:00pm)",
    "2008-12-24": "Christmas Eve (markets close at 1:00pm)",
    "2008-12-25": "Christmas Day",
    "2009-01-01": "New Year's Day",
    "2009-01-19": "Martin Luther King Jr. Day",
    "2009-02-16": "Washington's Birthday",
    "2009-04-10": "Good Friday",
    "2009-05-25": "Memorial Day",
    "2009-07-03": "Independence Day (observed)",
    "2009-09-07": "Labor Day",
    "2009-11-26": "Thanksgiving Day",
    "2009-11-27": "Day after Thanksgiving Day (markets close at 1:00pm)",
    "2009-12-24": "Christmas Eve (markets close at 1:00pm)",
    "2009-12-25": "Christmas Day",
    "2010-01-01": "New Year's Day",
    "2010-01-18": "Martin Luther King Jr. Day",
    "2010-02-15": "Washington's Birthday",
    "2010-04-02": "Good Friday",
    "2010-05-31": "Memorial Day",
    "2010-07-05": "Independence Day (observed)",
    "2010-09-06": "Labor Day",
    "2010-11-25": "Thanksgiving Day",
    "2010-11-26": "Day after Thanksgiving Day (markets close at 1:00pm)",
    "2010-12-24": "Christmas Day (observed)",
    "2011-01-17": "Martin Luther King Jr. Day",
    "2011-02-21": "Washington's Birthday",
    "2011-04-22": "Good Friday",
    "2011-05-30": "Memorial Day",
    "2011-07-04": "Independence Day",
    "2011-09-05": "Labor Day",
    "2011-11-24": "Thanksgiving Day",
    "2011-11-25": "Day after Thanksgiving Day (markets close at 1:00pm)",
    "2011-12-26": "Christmas Day (observed)",
    "2012-01-02": "New Year's Day (observed)",
    "2012-01-16": "Martin Luther King Jr. Day",
    "2012-02-20": "Washington's Birthday",
    "2012-04-06": "Good Friday",
    "2012-05-28": "Memorial Day",
    "2012-07-03": "Day before Independence Day (markets close at 1:00pm)",
    "2012-07-04": "Independence Day",
    "2012-09-03": "Labor Day",
    "2012-10-29": "Hurricane Sandy",
    "2012-10-30": "Hurricane Sandy",
    "2012-11-22": "Thanksgiving Day",
    "2012-11-23": "Day after Thanksgiving Day (markets close at 1:00pm)",
    "2012-12-24": "Christmas Eve (markets close at 1:00pm)",
    "2012-12-25": "Christmas Day",
    "2013-01-01": "New Year's Day",
    "2013-01-21": "Martin Luther King Jr. Day",
    "2013-02-18": "Washington's Birthday",
    "2013-03-29": "Good Friday",
    "2013-05-27": "Memorial Day",
    "2013-07-03": "Day before Independence Day (markets close at 1:00pm)",
    "2013-07-04": "Independence Day",
    "2013-09-02": "Labor Day",
    "2013-11-28": "Thanksgiving Day",
    "2013-11-29": "Day after Thanksgiving Day (markets close at 1:00pm)",
    "2013-12-24": "Christmas Eve (markets close at 1:00pm)",
    "2013-12-25": "Christmas Day",
    "2014-01-01": "New Year's Day",
    "2014-01-20": "Martin Luther King Jr. Day",
    "2014-02-17": "Washington's Birthday",
    "2014-04-18": "Good Friday",
    "2014-05-26": "Memorial Day",
    "2014-07-03": "Day before Independence Day (markets close at 1:00pm)",
    "2014-07-04": "Independence Day",
    "2014-09-01": "Labor Day",
    "2014-11-27": "Thanksgiving Day",
    "2014-11-28": "Day after Thanksgiving Day (markets close at 1:00pm)",
    "2014-12-24": "Christmas Eve (markets close at 1:00pm)",
    "2014-12-25": "Christmas Day",
    "2015-01-01": "New Year's Day",
    "2015-01-19": "Martin Luther King Jr. Day",
    "2015-02-16": "Washington's Birthday",
    "2015-04-03": "Good Friday",
    "2015-05-25": "Memorial Day",
    "2015-07-03": "Independence Day (observed)",
    "2015-09-07": "Labor Day",
    "2015-11-26": "Thanksgiving Day",
    "2015-11-27": "Day after Thanksgiving Day (markets close at 1:00pm)",
    "2015-12-24": "Christmas Eve (markets close at 1:00pm)",
    "2015-12-25": "Christmas Day",
    "2016-01-01": "New Year's Day",
    "2016-01-18": "Martin Luther King Jr. Day",
    "2016-02-15": "Washington's Birthday",
    "2016-03-25": "Good Friday",
    "2016-05-30": "Memorial Day",
    "2016-07-04": "Independence Day",
    "2016-09-05": "Labor Day",
    "2016-11-24": "Thanksgiving Day",
    "2016-11-25": "Day after Thanksgiving Day (markets close at 1:00pm)",
    "2016-12-26": "Christmas Day (observed)",
    "2017-01-02": "New Year's Day (observed)",
    "2017-01-16": "Martin Luther King Jr. Day",
    "2017-02-20": "Washington's Birthday",
    "2017-04-14": "Good Friday",
    "2017-05-29": "Memorial Day",
    "2017-07-03": "Day before Independence Day (markets close at 1:00pm)",
    "2017-07-04": "Independence Day",
    "2017-09-04": "Labor Day",
    "2017-11-23": "Thanksgiving Day",
    "2017-11-24": "Day after Thanksgiving Day (markets close at 1:00pm)",
    "2017-12-25": "Christmas Day",
    "2018-01-01": "New Year's Day",
    "2018-01-15": "Martin Luther King Jr. Day",
    "2018-02-19": "Washington's Birthday",
    "2018-03-30": "Good Friday",
    "2018-05-28": "Memorial Day",
    "2018-07-03": "Day before Independence Day (markets close at 1:00pm)",
    "2018-07-04": "Independence Day",
    "2018-09-03": "Labor Day",
    "2018-11-22": "Thanksgiving Day",
    "2018-11-23": "Day after Thanksgiving Day (markets close at 1:00pm)",
    "2018-12-05": "National Day of Mourning for former President George H. W. Bush",
    "2018-12-24": "Christmas Eve (markets close at 1:00pm)",
    "2018-12-25": "Christmas Day",
    "2019-01-01": "New Year's Day",
    "2019-01-21": "Martin Luther King Jr. Day",
    "2019-02-18": "Washington's Birthday",
    "2019-04-19": "Good Friday",
    "2019-05-27": "Memorial Day",
    "2019-07-03": "Day before Independence Day (markets close at 1:00pm)",
    "2019-07-04": "Independence Day",
    "2019-09-02": "Labor Day",
    "2019-11-28": "Thanksgiving Day",
    "2019-11-29": "Day after Thanksgiving Day (markets close at 1:00pm)",
    "2019-12-24": "Christmas Eve (markets close at 1:00pm)",
    "2019-12-25": "Christmas Day",
    "2020-01-01": "New Year's Day",
    "2020-01-20": "Martin Luther King Jr. Day",
    "2020-02-17": "Washington's Birthday",
    "2020-04-10": "Good Friday",
    "2020-05-25": "Memorial Day",
    "2020-07-03": "Independence Day (observed)",
    "2020-09-07": "Labor Day",
    "2020-11-26": "Thanksgiving Day",
    "2020-11-27": "Day after Thanksgiving Day (markets close at 1:00pm)",
    "2020-12-24": "Christmas Eve (markets close at 1:00pm)",
    "2020-12-25": "Christmas Day",
    "2021-01-01": "New Year's Day",
    "2021-01-18": "Martin Luther King Jr. Day",
    "2021-02-15": "Washington's Birthday",
    "2021-04-02": "Good Friday",
    "2021-05-31": "Memorial Day",
    "2021-07-05": "Independence Day (observed)",
    "2021-09-06": "Labor Day",
    "2021-11-25": "Thanksgiving Day",
    "2021-11-26": "Day after Thanksgiving Day (markets close at 1:00pm)",
    "2021-12-24": "Christmas Day (observed)",
    "2022-01-17": "Martin Luther King Jr. Day",
    "2022-02-21": "Washington's Birthday",
    "2022-04-15": "Good Friday",
    "2022-05-30": "Memorial Day",
    "2022-06-20": "Juneteenth National Independence Day (observed)",
    "2022-07-04": "Independence Day",
    "2022-09-05": "Labor Day",
    "2022-11-24": "Thanksgiving Day",
    "2022-11-25": "Day after Thanksgiving Day (markets close at 1:00pm)",
    "2022-12-26": "Christmas Day (observed)",
    "2023-01-02": "New Year's Day (observed)",
    "2023-01-16": "Martin Luther King Jr. Day",
    "2023-02-20": "Washington's Birthday",
    "2023-04-07": "Good Friday",
    "2023-05-29": "Memorial Day",
    "2023-06-19": "Juneteenth National Independence Day",
    "2023-07-03": "Day before Independence Day (markets close at 1:00pm)",
    "2023-07-04": "Independence Day",
    "2023-09-04": "Labor Day",
    "2023-11-23": "Thanksgiving Day",
    "2023-11-24": "Day after Thanksgiving Day (markets close at 1:00pm)",
    "2023-12-25": "Christmas Day",
    "2024-01-01": "New Year's Day",
    "2024-01-15": "Martin Luther King Jr. Day",
    "2024-02-19": "Washington's Birthday",
    "2024-03-29": "Good Friday",
    "2024-05-27": "Memorial Day",
    "2024-06-19": "Juneteenth National Independence Day",
    "2024-07-03": "Day before Independence Day (markets close at 1:00pm)",
    "2024-07-04": "Independence Day",
    "2024-09-02": "Labor Day",
    "2024-11-28": "Thanksgiving Day",
    "2024-11-29": "Day after Thanksgiving Day (markets close at 1:00pm)",
    "2024-12-24": "Christmas Eve (markets close at 1:00pm)",
    "2024-12-25": "Christmas Day",
    "2025-01-01": "New Year's Day",
    "2025-01-09": "National Day of Mourning for former President Jimmy Carter",
    "2025-01-20": "Martin Luther King Jr. Day",
    "2025-02-17": "Washington's Birthday",
    "2025-04-18": "Good Friday",
    "2025-05-26": "Memorial Day",
    "2025-06-19": "Juneteenth National Independence Day",
    "2025-07-03": "Day before Independence Day (markets close at 1:00pm)",
    "2025-07-04": "Independence Day",
    "2025-09-01": "Labor Day",
    "2025-11-27": "Thanksgiving Day",
    "2025-11-28": "Day after Thanksgiving Day (markets close at 1:00pm)",
    "2025-12-24": "Christmas Eve (markets close at 1:00pm)",
    "2025-12-25": "Christmas Day",
    "2026-01-01": "New Year's Day",
    "2026-01-19": "Martin Luther King Jr. Day",
    "2026-02-16": "Washington's Birthday",
    "2026-04-03": "Good Friday",
    "2026-05-25": "Memorial Day",
    "2026-06-19": "Juneteenth National Independence Day",
    "2026-07-03": "Independence Day (observed)",
    "2026-09-07": "Labor Day",
    "2026-11-26": "Thanksgiving Day",
    "2026-11-27": "Day after Thanksgiving Day (markets close at 1:00pm)",
    "2026-12-24": "Christmas Eve (markets close at 1:00pm)",
    "2026-12-25": "Christmas Day",
    "2027-01-01": "New Year's Day",
    "2027-01-18": "Martin Luther King Jr. Day",
    "2027-02-15": "Washington's Birthday",
    "2027-03-26": "Good Friday",
    "2027-05-31": "Memorial Day",
    "2027-06-18": "Juneteenth National Independence Day (observed)",
    "2027-07-05": "Independence Day (observed)",
    "2027-09-06": "Labor Day",
    "2027-11-25": "Thanksgiving Day",
    "2027-11-26": "Day after Thanksgiving Day (markets close at 1:00pm)",
    "2027-12-24": "Christmas Day (observed)",
    "2028-01-17": "Martin Luther King Jr. Day",
    "2028-02-21": "Washington's Birthday",
    "2028-04-14": "Good Friday",
    "2028-05-29": "Memorial Day",
    "2028-06-19": "Juneteenth National Independence Day",
    "2028-07-03": "Day before Independence Day (markets close at 1:00pm)",
    "2028-07-04": "Independence Day",
    "2028-09-04": "Labor Day",
    "2028-11-23": "Thanksgiving Day",
    "2028-11-24": "Day after Thanksgiving Day (markets close at 1:00pm)",
    "2028-12-25": "Christmas Day",
    "2029-01-01": "New Year's Day",
    "2029-01-15": "Martin Luther King Jr. Day",
    "2029-02-19": "Washington's Birthday",
    "2029-03-30": "Good Friday",
    "2029-05-28": "Memorial Day",
    "2029-06-19": "Juneteenth National Independence Day",
    "2029-07-03": "Day before Independence Day (markets close at 1:00pm)",
    "2029-07-04": "Independence Day",
    "2029-09-03": "Labor Day",
    "2029-11-22": "Thanksgiving Day",
    "2029-11-23": "Day after Thanksgiving Day (markets close at 1:00pm)",
    "2029-12-24": "Christmas Eve (markets close at 1:00pm)",
    "2029-12-25": "Christmas Day",
    "2030-01-01": "New Year's Day",
    "2030-01-21": "Martin Luther King Jr. Day",
    "2030-02-18": "Washington's Birthday",
    "2030-04-19": "Good Friday",
    "2030-05-27": "Memorial Day",
    "2030-06-19": "Juneteenth National Independence Day",
    "2030-07-03": "Day before Independence Day (markets close at 1:00pm)",
    "2030-07-04": "Independence Day",
    "2030-09-02": "Labor Day",
    "2030-11-28": "Thanksgiving Day",
    "2030-11-29": "Day after Thanksgiving Day (markets close at 1:00pm)",
    "2030-12-24": "Christmas Eve (markets close at 1:00pm)",
    "2030-12-25": "Christmas Day",
    "2031-01-01": "New Year's Day",
    "2031-01-20": "Martin Luther King Jr. Day",
    "2031-02-17": "Washington's Birthday",
    "2031-04-11": "Good Friday",
    "2031-05-26": "Memorial Day",
    "2031-06-19": "Juneteenth National Independence Day",
    "2031-07-03": "Day before Independence Day (markets close at 1:00pm)",
    "2031-07-04": "Independence Day",
    "2031-09-01": "Labor Day",
    "2031-11-27": "Thanksgiving Day",
    "2031-11-28": "Day after Thanksgiving Day (markets close at 1:00pm)",
    "2031-12-24": "Christmas Eve (markets close at 1:00pm)",
    "2031-12-25": "Christmas Day",
    "2032-01-01": "New Year's Day",
    "2032-01-19": "Martin Luther King Jr. Day",
    "2032-02-16": "Washington's Birthday",
    "2032-03-26": "Good Friday",
    "2032-05-31": "Memorial Day",
    "2032-06-18": "Juneteenth National Independence Day (observed)",
    "2032-07-05": "Independence Day (observed)",
    "2032-09-06": "Labor Day",
    "2032-11-25": "Thanksgiving Day",
    "2032-11-26": "Day after Thanksgiving Day (markets close at 1:00pm)",
    "2032-12-24": "Christmas Day (observed)",
    "2033-01-17": "Martin Luther King Jr. Day",
    "2033-02-21": "Washington's Birthday",
    "2033-04-15": "Good Friday",
    "2033-05-30": "Memorial Day",
    "2033-06-20": "Juneteenth National Independence Day (observed)",
    "2033-07-04": "Independence Day",
    "2033-09-05": "Labor Day",
    "2033-11-24": "Thanksgiving Day",
    "2033-11-25": "Day after Thanksgiving Day (markets close at 1:00pm)",
    "2033-12-26": "Christmas Day (observed)",
    "2034-01-02": "New Year's Day (observed)",
    "2034-01-16": "Martin Luther King Jr. Day",
    "2034-02-20": "Washington's Birthday",
    "2034-04-07": "Good Friday",
    "2034-05-29": "Memorial Day",
    "2034-06-19": "Juneteenth National Independence Day",
    "2034-07-03": "Day before Independence Day (markets close at 1:00pm)",
    "2034-07-04": "Independence Day",
    "2034-09-04": "Labor Day",
    "2034-11-23": "Thanksgiving Day",
    "2034-11-24": "Day after Thanksgiving Day (markets close at 1:00pm)",
    "2034-12-25": "Christmas Day",
    "2035-01-01": "New Year's Day",
    "2035-01-15": "Martin Luther King Jr. Day",
    "2035-02-19": "Washington's Birthday",
    "2035-03-23": "Good Friday",
    "2035-05-28": "Memorial Day",
    "2035-06-19": "Juneteenth National Independence Day",
    "2035-07-03": "Day before Independence Day (markets close at 1:00pm)",
    "2035-07-04": "Independence Day",
    "2035-09-03": "Labor Day",
    "2035-11-22": "Thanksgiving Day",
    "2035-11-23": "Day after Thanksgiving Day (markets close at 1:00pm)",
    "2035-12-24": "Christmas Eve (markets close at 1:00pm)",
    "2035-12-25": "Christmas Day",
    "2036-01-01": "New Year's Day",
    "2036-01-21": "Martin Luther King Jr. Day",
    "2036-02-18": "Washington's Birthday",
    "2036-04-11": "Good Friday",
    "2036-05-26": "Memorial Day",
    "2036-06-19": "Juneteenth National Independence Day",
    "2036-07-03": "Day before Independence Day (markets close at 1:00pm)",
    "2036-07-04": "Independence Day",
    "2036-09-01": "Labor Day",
    "2036-11-27": "Thanksgiving Day",
    "2036-11-28": "Day after Thanksgiving Day (markets close at 1:00pm)",
    "2036-12-24": "Christmas Eve (markets close at 1:00pm)",
    "2036-12-25": "Christmas Day",
    "2037-01-01": "New Year's Day",
    "2037-01-19": "Martin Luther King Jr. Day",
    "2037-02-16": "Washington's Birthday",
    "2037-04-03": "Good Friday",
    "2037-05-25": "Memorial Day",
    "2037-06-19": "Juneteenth National Independence Day",
    "2037-07-03": "Independence Day (observed)",
    "2037-09-07": "Labor Day",
    "2037-11-26": "Thanksgiving Day",
    "2037-11-27": "Day after Thanksgiving Day (markets close at 1:00pm)",
    "2037-12-24": "Christmas Eve (markets close at 1:00pm)",
    "2037-12-25": "Christmas Day",
    "2038-01-01": "New Year's Day",
    "2038-01-18": "Martin Luther King Jr. Day",
    "2038-02-15": "Washington's Birthday",
    "2038-04-23": "Good Friday",
    "2038-05-31": "Memorial Day",
    "2038-06-18": "Juneteenth National Independence Day (observed)",
    "2038-07-05": "Independence Day (observed)",
    "2038-09-06": "Labor Day",
    "2038-11-25": "Thanksgiving Day",
    "2038-11-26": "Day after Thanksgiving Day (markets close at 1:00pm)",
    "2038-12-24": "Christmas Day (observed)",
    "2039-01-17": "Martin Luther King Jr. Day",
    "2039-02-21": "Washington's Birthday",
    "2039-04-08": "Good Friday",
    "2039-05-30": "Memorial Day",
    "2039-06-20": "Juneteenth National Independence Day (observed)",
    "2039-07-04": "Independence Day",
    "2039-09-05": "Labor Day",
    "2039-11-24": "Thanksgiving Day",
    "2039-11-25": "Day after Thanksgiving Day (markets close at 1:00pm)",
    "2039-12-26": "Christmas Day (observed)",
    "2040-01-02": "New Year's Day (observed)",
    "2040-01-16": "Martin Luther King Jr. Day",
    "2040-02-20": "Washington's Birthday",
    "2040-03-30": "Good Friday",
    "2040-05-28": "Memorial Day",
    "2040-06-19": "Juneteenth National Independence Day",
    "2040-07-03": "Day before Independence Day (markets close at 1:00pm)",
    "2040-07-04": "Independence Day",
    "2040-09-03": "Labor Day",
    "2040-11-22": "Thanksgiving Day",
    "2040-11-23": "Day after Thanksgiving Day (markets close at 1:00pm)",
    "2040-12-24": "Christmas Eve (markets close at 1:00pm)",
    "2040-12-25": "Christmas Day",
    "2041-01-01": "New Year's Day",
    "2041-01-21": "Martin Luther King Jr. Day",
    "2041-02-18": "Washington's Birthday",
    "2041-04-19": "Good Friday",
    "2041-05-27": "Memorial Day",
    "2041-06-19": "Juneteenth National Independence Day",
    "2041-07-03": "Day before Independence Day (markets close at 1:00pm)",
    "2041-07-04": "Independence Day",
    "2041-09-02": "Labor Day",
    "2041-11-28": "Thanksgiving Day",
    "2041-11-29": "Day after Thanksgiving Day (markets close at 1:00pm)",
    "2041-12-24": "Christmas Eve (markets close at 1:00pm)",
    "2041-12-25": "Christmas Day",
    "2042-01-01": "New Year's Day",
    "2042-01-20": "Martin Luther King Jr. Day",
    "2042-02-17": "Washington's Birthday",
    "2042-04-04": "Good Friday",
    "2042-05-26": "Memorial Day",
    "2042-06-19": "Juneteenth National Independence Day",
    "2042-07-03": "Day before Independence Day (markets close at 1:00pm)",
    "2042-07-04": "Independence Day",
    "2042-09-01": "Labor Day",
    "2042-11-27": "Thanksgiving Day",
    "2042-11-28": "Day after Thanksgiving Day (markets close at 1:00pm)",
    "2042-12-24": "Christmas Eve (markets close at 1:00pm)",
    "2042-12-25": "Christmas Day",
    "2043-01-01": "New Year's Day",
    "2043-01-19": "Martin Luther King Jr. Day",
    "2043-02-16": "Washington's Birthday",
    "2043-03-27": "Good Friday",
    "2043-05-25": "Memorial Day",
    "2043-06-19": "Juneteenth National Independence Day",
    "2043-07-03": "Independence Day (observed)",
    "2043-09-07": "Labor Day",
    "2043-11-26": "Thanksgiving Day",
    "2043-11-27": "Day after Thanksgiving Day (markets close at 1:00pm)",
    "2043-12-24": "Christmas Eve (markets close at 1:00pm)",
    "2043-12-25": "Christmas Day",
    "2044-01-01": "New Year's Day",
    "2044-01-18": "Martin Luther King Jr. Day",
    "2044-02-15": "Washington's Birthday",
    "2044-04-15": "Good Friday",
    "2044-05-30": "Memorial Day",
    "2044-06-20": "Juneteenth National Independence Day (observed)",
    "2044-07-04": "Independence Day",
    "2044-09-05": "Labor Day",
    "2044-11-24": "Thanksgiving Day",
    "2044-11-25": "Day after Thanksgiving Day (markets close at 1:00pm)",
    "2044-12-26": "Christmas Day (observed)",
    "2045-01-02": "New Year's Day (observed)",
    "2045-01-16": "Martin Luther King Jr. Day",
    "2045-02-20": "Washington's Birthday",
    "2045-04-07": "Good Friday",
    "2045-05-29": "Memorial Day",
    "2045-06-19": "Juneteenth National Independence Day",
    "2045-07-03": "Day before Independence Day (markets close at 1:00pm)",
    "2045-07-04": "Independence Day",
    "2045-09-04": "Labor Day",
    "2045-11-23": "Thanksgiving Day",
    "2045-11-24": "Day after Thanksgiving Day (markets close at 1:00pm)",
    "2045-12-25": "Christmas Day",
    "2046-01-01": "New Year's Day",
    "2046-01-15": "Martin Luther King Jr. Day",
    "2046-02-19": "Washington's Birthday",
    "2046-03-23": "Good Friday",
    "2046-05-28": "Memorial Day",
    "2046-06-19": "Juneteenth National Independence Day",
    "2046-07-03": "Day before Independence Day (markets close at 1:00pm)",
    "2046-07-04": "Independence Day",
    "2046-09-03": "Labor Day",
    "2046-11-22": "Thanksgiving Day",
    "2046-11-23": "Day after Thanksgiving Day (markets close at 1:00pm)",
    "2046-12-24": "Christmas Eve (markets close at 1:00pm)",
    "2046-12-25": "Christmas Day",
    "2047-01-01": "New Year's Day",
    "2047-01-21": "Martin Luther King Jr. Day",
    "2047-02-18": "Washington's Birthday",
    "2047-04-12": "Good Friday",
    "2047-05-27": "Memorial Day",
    "2047-06-19": "Juneteenth National Independence Day",
    "2047-07-03": "Day before Independence Day (markets close at 1:00pm)",
    "2047-07-04": "Independence Day",
    "2047-09-02": "Labor Day",
    "2047-11-28": "Thanksgiving Day",
    "2047-11-29": "Day after Thanksgiving Day (markets close at 1:00pm)",
    "2047-12-24": "Christmas Eve (markets close at 1:00pm)",
    "2047-12-25": "Christmas Day",
    "2048-01-01": "New Year's Day",
    "2048-01-20": "Martin Luther King Jr. Day",
    "2048-02-17": "Washington's Birthday",
    "2048-04-03": "Good Friday",
    "2048-05-25": "Memorial Day",
    "2048-06-19": "Juneteenth National Independence Day",
    "2048-07-03": "Independence Day (observed)",
    "2048-09-07": "Labor Day",
    "2048-11-26": "Thanksgiving Day",
    "2048-11-27": "Day after Thanksgiving Day (markets close at 1:00pm)",
    "2048-12-24": "Christmas Eve (markets close at 1:00pm)",
    "2048-12-25": "Christmas Day",
    "2049-01-01": "New Year's Day",
    "2049-01-18": "Martin Luther King Jr. Day",
    "2049-02-15": "Washington's Birthday",
    "2049-04-16": "Good Friday",
    "2049-05-31": "Memorial Day",
    "2049-06-18": "Juneteenth National Independence Day (observed)",
    "2049-07-05": "Independence Day (observed)",
    "2049-09-06": "Labor Day",
    "2049-11-25": "Thanksgiving Day",
    "2049-11-26": "Day after Thanksgiving Day (markets close at 1:00pm)",
    "2049-12-24": "Christmas Day (observed)",
    "2050-01-17": "Martin Luther King Jr. Day",
    "2050-02-21": "Washington's Birthday",
    "2050-04-08": "Good Friday",
    "2050-05-30": "Memorial Day",
    "2050-06-20": "Juneteenth National Independence Day (observed)",
    "2050-07-04": "Independence Day",
    "2050-09-05": "Labor Day",
    "2050-11-24": "Thanksgiving Day",
    "2050-11-25": "Day after Thanksgiving Day (markets close at 1:00pm)",
    "2050-12-26": "Christmas Day (observed)"
}
