{
    "1950-01-01": "New Year's Day",
    "1950-04-07": "Good Friday",
    "1950-04-08": "Holy Saturday",
    "1950-05-01": "Labor Day",
    "1950-05-18": "Ascension Day",
    "1950-05-21": "Navy Day",
    "1950-06-08": "Corpus Christi",
    "1950-06-29": "Saint Peter and Saint Paul",
    "1950-08-15": "Assumption Day",
    "1950-09-18": "Independence Day",
    "1950-09-19": "Army Day",
    "1950-10-12": "Columbus Day",
    "1950-11-01": "All Saints' Day",
    "1950-12-08": "Immaculate Conception",
    "1950-12-24": "Christmas Eve",
    "1950-12-25": "Christmas Day",
    "1951-01-01": "New Year's Day",
    "1951-03-23": "Good Friday",
    "1951-03-24": "Holy Saturday",
    "1951-05-01": "Labor Day",
    "1951-05-03": "Ascension Day",
    "1951-05-21": "Navy Day",
    "1951-05-24": "Corpus Christi",
    "1951-06-29": "Saint Peter and Saint Paul",
    "1951-08-15": "Assumption Day",
    "1951-09-18": "Independence Day",
    "1951-09-19": "Army Day",
    "1951-10-12": "Columbus Day",
    "1951-11-01": "All Saints' Day",
    "1951-12-08": "Immaculate Conception",
    "1951-12-24": "Christmas Eve",
    "1951-12-25": "Christmas Day",
    "1952-01-01": "New Year's Day",
    "1952-04-11": "Good Friday",
    "1952-04-12": "Holy Saturday",
    "1952-05-01": "Labor Day",
    "1952-05-21": "Navy Day",
    "1952-05-22": "Ascension Day",
    "1952-06-12": "Corpus Christi",
    "1952-06-29": "Saint Peter and Saint Paul",
    "1952-08-15": "Assumption Day",
    "1952-09-18": "Independence Day",
    "1952-09-19": "Army Day",
    "1952-10-12": "Columbus Day",
    "1952-11-01": "All Saints' Day",
    "1952-12-08": "Immaculate Conception",
    "1952-12-24": "Christmas Eve",
    "1952-12-25": "Christmas Day",
    "1953-01-01": "New Year's Day",
    "1953-04-03": "Good Friday",
    "1953-04-04": "Holy Saturday",
    "1953-05-01": "Labor Day",
    "1953-05-14": "Ascension Day",
    "1953-05-21": "Navy Day",
    "1953-06-04": "Corpus Christi",
    "1953-06-29": "Saint Peter and Saint Paul",
    "1953-08-15": "Assumption Day",
    "1953-09-18": "Independence Day",
    "1953-09-19": "Army Day",
    "1953-10-12": "Columbus Day",
    "1953-11-01": "All Saints' Day",
    "1953-12-08": "Immaculate Conception",
    "1953-12-24": "Christmas Eve",
    "1953-12-25": "Christmas Day",
    "1954-01-01": "New Year's Day",
    "1954-04-16": "Good Friday",
    "1954-04-17": "Holy Saturday",
    "1954-05-01": "Labor Day",
    "1954-05-21": "Navy Day",
    "1954-05-27": "Ascension Day",
    "1954-06-17": "Corpus Christi",
    "1954-06-29": "Saint Peter and Saint Paul",
    "1954-08-15": "Assumption Day",
    "1954-09-18": "Independence Day",
    "1954-09-19": "Army Day",
    "1954-10-12": "Columbus Day",
    "1954-11-01": "All Saints' Day",
    "1954-12-08": "Immaculate Conception",
    "1954-12-24": "Christmas Eve",
    "1954-12-25": "Christmas Day",
    "1955-01-01": "New Year's Day",
    "1955-04-08": "Good Friday",
    "1955-04-09": "Holy Saturday",
    "1955-05-01": "Labor Day",
    "1955-05-19": "Ascension Day",
    "1955-05-21": "Navy Day",
    "1955-06-09": "Corpus Christi",
    "1955-06-29": "Saint Peter and Saint Paul",
    "1955-08-15": "Assumption Day",
    "1955-09-18": "Independence Day",
    "1955-09-19": "Army Day",
    "1955-10-12": "Columbus Day",
    "1955-11-01": "All Saints' Day",
    "1955-12-08": "Immaculate Conception",
    "1955-12-24": "Christmas Eve",
    "1955-12-25": "Christmas Day",
    "1956-01-01": "New Year's Day",
    "1956-03-30": "Good Friday",
    "1956-03-31": "Holy Saturday",
    "1956-05-01": "Labor Day",
    "1956-05-10": "Ascension Day",
    "1956-05-21": "Navy Day",
    "1956-05-31": "Corpus Christi",
    "1956-06-29": "Saint Peter and Saint Paul",
    "1956-08-15": "Assumption Day",
    "1956-09-18": "Independence Day",
    "1956-09-19": "Army Day",
    "1956-10-12": "Columbus Day",
    "1956-11-01": "All Saints' Day",
    "1956-12-08": "Immaculate Conception",
    "1956-12-24": "Christmas Eve",
    "1956-12-25": "Christmas Day",
    "1956-12-31": "Bank Holiday",
    "1957-01-01": "New Year's Day",
    "1957-04-19": "Good Friday",
    "1957-04-20": "Holy Saturday",
    "1957-05-01": "Labor Day",
    "1957-05-21": "Navy Day",
    "1957-05-30": "Ascension Day",
    "1957-06-20": "Corpus Christi",
    "1957-06-29": "Saint Peter and Saint Paul",
    "1957-06-30": "Bank Holiday",
    "1957-08-15": "Assumption Day",
    "1957-09-18": "Independence Day",
    "1957-09-19": "Army Day",
    "1957-10-12": "Columbus Day",
    "1957-11-01": "All Saints' Day",
    "1957-12-08": "Immaculate Conception",
    "1957-12-24": "Christmas Eve",
    "1957-12-25": "Christmas Day",
    "1957-12-31": "Bank Holiday",
    "1958-01-01": "New Year's Day",
    "1958-04-04": "Good Friday",
    "1958-04-05": "Holy Saturday",
    "1958-05-01": "Labor Day",
    "1958-05-15": "Ascension Day",
    "1958-05-21": "Navy Day",
    "1958-06-05": "Corpus Christi",
    "1958-06-29": "Saint Peter and Saint Paul",
    "1958-06-30": "Bank Holiday",
    "1958-08-15": "Assumption Day",
    "1958-09-18": "Independence Day",
    "1958-09-19": "Army Day",
    "1958-10-12": "Columbus Day",
    "1958-11-01": "All Saints' Day",
    "1958-12-08": "Immaculate Conception",
    "1958-12-24": "Christmas Eve",
    "1958-12-25": "Christmas Day",
    "1958-12-31": "Bank Holiday",
    "1959-01-01": "New Year's Day",
    "1959-03-27": "Good Friday",
    "1959-03-28": "Holy Saturday",
    "1959-05-01": "Labor Day",
    "1959-05-07": "Ascension Day",
    "1959-05-21": "Navy Day",
    "1959-05-28": "Corpus Christi",
    "1959-06-29": "Saint Peter and Saint Paul",
    "1959-06-30": "Bank Holiday",
    "1959-08-15": "Assumption Day",
    "1959-09-18": "Independence Day",
    "1959-09-19": "Army Day",
    "1959-10-12": "Columbus Day",
    "1959-11-01": "All Saints' Day",
    "1959-12-08": "Immaculate Conception",
    "1959-12-24": "Christmas Eve",
    "1959-12-25": "Christmas Day",
    "1959-12-31": "Bank Holiday",
    "1960-01-01": "New Year's Day",
    "1960-04-15": "Good Friday",
    "1960-04-16": "Holy Saturday",
    "1960-05-01": "Labor Day",
    "1960-05-21": "Navy Day",
    "1960-05-26": "Ascension Day",
    "1960-06-16": "Corpus Christi",
    "1960-06-29": "Saint Peter and Saint Paul",
    "1960-06-30": "Bank Holiday",
    "1960-08-15": "Assumption Day",
    "1960-09-18": "Independence Day",
    "1960-09-19": "Army Day",
    "1960-10-12": "Columbus Day",
    "1960-11-01": "All Saints' Day",
    "1960-12-08": "Immaculate Conception",
    "1960-12-24": "Christmas Eve",
    "1960-12-25": "Christmas Day",
    "1960-12-31": "Bank Holiday",
    "1961-01-01": "New Year's Day",
    "1961-03-31": "Good Friday",
    "1961-04-01": "Holy Saturday",
    "1961-05-01": "Labor Day",
    "1961-05-11": "Ascension Day",
    "1961-05-21": "Navy Day",
    "1961-06-01": "Corpus Christi",
    "1961-06-29": "Saint Peter and Saint Paul",
    "1961-06-30": "Bank Holiday",
    "1961-08-15": "Assumption Day",
    "1961-09-18": "Independence Day",
    "1961-09-19": "Army Day",
    "1961-10-12": "Columbus Day",
    "1961-11-01": "All Saints' Day",
    "1961-12-08": "Immaculate Conception",
    "1961-12-24": "Christmas Eve",
    "1961-12-25": "Christmas Day",
    "1961-12-31": "Bank Holiday",
    "1962-01-01": "New Year's Day",
    "1962-04-20": "Good Friday",
    "1962-04-21": "Holy Saturday",
    "1962-05-01": "Labor Day",
    "1962-05-21": "Navy Day",
    "1962-05-31": "Ascension Day",
    "1962-06-21": "Corpus Christi",
    "1962-06-29": "Saint Peter and Saint Paul",
    "1962-06-30": "Bank Holiday",
    "1962-08-15": "Assumption Day",
    "1962-09-18": "Independence Day",
    "1962-09-19": "Army Day",
    "1962-10-12": "Columbus Day",
    "1962-11-01": "All Saints' Day",
    "1962-12-08": "Immaculate Conception",
    "1962-12-24": "Christmas Eve",
    "1962-12-25": "Christmas Day",
    "1962-12-31": "Bank Holiday",
    "1963-01-01": "New Year's Day",
    "1963-04-12": "Good Friday",
    "1963-04-13": "Holy Saturday",
    "1963-05-01": "Labor Day",
    "1963-05-21": "Navy Day",
    "1963-05-23": "Ascension Day",
    "1963-06-13": "Corpus Christi",
    "1963-06-29": "Saint Peter and Saint Paul",
    "1963-06-30": "Bank Holiday",
    "1963-08-15": "Assumption Day",
    "1963-09-18": "Independence Day",
    "1963-09-19": "Army Day",
    "1963-10-12": "Columbus Day",
    "1963-11-01": "All Saints' Day",
    "1963-12-08": "Immaculate Conception",
    "1963-12-24": "Christmas Eve",
    "1963-12-25": "Christmas Day",
    "1963-12-31": "Bank Holiday",
    "1964-01-01": "New Year's Day",
    "1964-03-27": "Good Friday",
    "1964-03-28": "Holy Saturday",
    "1964-05-01": "Labor Day",
    "1964-05-07": "Ascension Day",
    "1964-05-21": "Navy Day",
    "1964-05-28": "Corpus Christi",
    "1964-06-29": "Saint Peter and Saint Paul",
    "1964-06-30": "Bank Holiday",
    "1964-08-15": "Assumption Day",
    "1964-09-18": "Independence Day",
    "1964-09-19": "Army Day",
    "1964-10-12": "Columbus Day",
    "1964-11-01": "All Saints' Day",
    "1964-12-08": "Immaculate Conception",
    "1964-12-24": "Christmas Eve",
    "1964-12-25": "Christmas Day",
    "1964-12-31": "Bank Holiday",
    "1965-01-01": "New Year's Day",
    "1965-04-16": "Good Friday",
    "1965-04-17": "Holy Saturday",
    "1965-05-01": "Labor Day",
    "1965-05-21": "Navy Day",
    "1965-05-27": "Ascension Day",
    "1965-06-17": "Corpus Christi",
    "1965-06-29": "Saint Peter and Saint Paul",
    "1965-06-30": "Bank Holiday",
    "1965-08-15": "Assumption Day",
    "1965-09-18": "Independence Day",
    "1965-09-19": "Army Day",
    "1965-10-12": "Columbus Day",
    "1965-11-01": "All Saints' Day",
    "1965-12-08": "Immaculate Conception",
    "1965-12-24": "Christmas Eve",
    "1965-12-25": "Christmas Day",
    "1965-12-31": "Bank Holiday",
    "1966-01-01": "New Year's Day",
    "1966-04-08": "Good Friday",
    "1966-04-09": "Holy Saturday",
    "1966-05-01": "Labor Day",
    "1966-05-19": "Ascension Day",
    "1966-05-21": "Navy Day",
    "1966-06-09": "Corpus Christi",
    "1966-06-29": "Saint Peter and Saint Paul",
    "1966-06-30": "Bank Holiday",
    "1966-08-15": "Assumption Day",
    "1966-09-18": "Independence Day",
    "1966-09-19": "Army Day",
    "1966-10-12": "Columbus Day",
    "1966-11-01": "All Saints' Day",
    "1966-12-08": "Immaculate Conception",
    "1966-12-24": "Christmas Eve",
    "1966-12-25": "Christmas Day",
    "1966-12-31": "Bank Holiday",
    "1967-01-01": "New Year's Day",
    "1967-03-24": "Good Friday",
    "1967-03-25": "Holy Saturday",
    "1967-05-01": "Labor Day",
    "1967-05-04": "Ascension Day",
    "1967-05-21": "Navy Day",
    "1967-05-25": "Corpus Christi",
    "1967-06-29": "Saint Peter and Saint Paul",
    "1967-06-30": "Bank Holiday",
    "1967-08-15": "Assumption Day",
    "1967-09-18": "Independence Day",
    "1967-09-19": "Army Day",
    "1967-10-12": "Columbus Day",
    "1967-11-01": "All Saints' Day",
    "1967-12-08": "Immaculate Conception",
    "1967-12-24": "Christmas Eve",
    "1967-12-25": "Christmas Day",
    "1967-12-31": "Bank Holiday",
    "1968-01-01": "New Year's Day",
    "1968-04-12": "Good Friday",
    "1968-04-13": "Holy Saturday",
    "1968-05-01": "Labor Day",
    "1968-05-21": "Navy Day",
    "1968-06-30": "Bank Holiday",
    "1968-08-15": "Assumption Day",
    "1968-09-18": "Independence Day",
    "1968-09-19": "Army Day",
    "1968-10-12": "Columbus Day",
    "1968-11-01": "All Saints' Day",
    "1968-12-08": "Immaculate Conception",
    "1968-12-24": "Christmas Eve",
    "1968-12-25": "Christmas Day",
    "1968-12-31": "Bank Holiday",
    "1969-01-01": "New Year's Day",
    "1969-04-04": "Good Friday",
    "1969-04-05": "Holy Saturday",
    "1969-05-01": "Labor Day",
    "1969-05-21": "Navy Day",
    "1969-06-30": "Bank Holiday",
    "1969-08-15": "Assumption Day",
    "1969-09-18": "Independence Day",
    "1969-09-19": "Army Day",
    "1969-10-12": "Columbus Day",
    "1969-11-01": "All Saints' Day",
    "1969-12-08": "Immaculate Conception",
    "1969-12-24": "Christmas Eve",
    "1969-12-25": "Christmas Day",
    "1969-12-31": "Bank Holiday",
    "1970-01-01": "New Year's Day",
    "1970-03-27": "Good Friday",
    "1970-03-28": "Holy Saturday",
    "1970-05-01": "Labor Day",
    "1970-05-21": "Navy Day",
    "1970-06-30": "Bank Holiday",
    "1970-08-15": "Assumption Day",
    "1970-09-18": "Independence Day",
    "1970-09-19": "Army Day",
    "1970-10-12": "Columbus Day",
    "1970-11-01": "All Saints' Day",
    "1970-12-08": "Immaculate Conception",
    "1970-12-24": "Christmas Eve",
    "1970-12-25": "Christmas Day",
    "1970-12-31": "Bank Holiday",
    "1971-01-01": "New Year's Day",
    "1971-04-09": "Good Friday",
    "1971-04-10": "Holy Saturday",
    "1971-05-01": "Labor Day",
    "1971-05-21": "Navy Day",
    "1971-06-30": "Bank Holiday",
    "1971-08-15": "Assumption Day",
    "1971-09-18": "Independence Day",
    "1971-09-19": "Army Day",
    "1971-10-12": "Columbus Day",
    "1971-11-01": "All Saints' Day",
    "1971-12-08": "Immaculate Conception",
    "1971-12-24": "Christmas Eve",
    "1971-12-25": "Christmas Day",
    "1971-12-31": "Bank Holiday",
    "1972-01-01": "New Year's Day",
    "1972-03-31": "Good Friday",
    "1972-04-01": "Holy Saturday",
    "1972-05-01": "Labor Day",
    "1972-05-21": "Navy Day",
    "1972-06-30": "Bank Holiday",
    "1972-08-15": "Assumption Day",
    "1972-09-18": "Independence Day",
    "1972-09-19": "Army Day",
    "1972-10-12": "Columbus Day",
    "1972-11-01": "All Saints' Day",
    "1972-12-08": "Immaculate Conception",
    "1972-12-24": "Christmas Eve",
    "1972-12-25": "Christmas Day",
    "1972-12-31": "Bank Holiday",
    "1973-01-01": "New Year's Day",
    "1973-04-20": "Good Friday",
    "1973-04-21": "Holy Saturday",
    "1973-05-01": "Labor Day",
    "1973-05-21": "Navy Day",
    "1973-06-30": "Bank Holiday",
    "1973-08-15": "Assumption Day",
    "1973-09-18": "Independence Day",
    "1973-09-19": "Army Day",
    "1973-11-01": "All Saints' Day",
    "1973-12-08": "Immaculate Conception",
    "1973-12-24": "Christmas Eve",
    "1973-12-25": "Christmas Day",
    "1973-12-31": "Bank Holiday",
    "1974-01-01": "New Year's Day",
    "1974-04-12": "Good Friday",
    "1974-04-13": "Holy Saturday",
    "1974-05-01": "Labor Day",
    "1974-05-21": "Navy Day",
    "1974-06-30": "Bank Holiday",
    "1974-08-15": "Assumption Day",
    "1974-09-18": "Independence Day",
    "1974-09-19": "Army Day",
    "1974-10-12": "Columbus Day",
    "1974-11-01": "All Saints' Day",
    "1974-12-08": "Immaculate Conception",
    "1974-12-24": "Christmas Eve",
    "1974-12-25": "Christmas Day",
    "1974-12-31": "Bank Holiday",
    "1975-01-01": "New Year's Day",
    "1975-03-28": "Good Friday",
    "1975-03-29": "Holy Saturday",
    "1975-05-01": "Labor Day",
    "1975-05-21": "Navy Day",
    "1975-06-30": "Bank Holiday",
    "1975-08-15": "Assumption Day",
    "1975-09-18": "Independence Day",
    "1975-09-19": "Army Day",
    "1975-10-12": "Columbus Day",
    "1975-11-01": "All Saints' Day",
    "1975-12-08": "Immaculate Conception",
    "1975-12-24": "Christmas Eve",
    "1975-12-25": "Christmas Day",
    "1975-12-31": "Bank Holiday",
    "1976-01-01": "New Year's Day",
    "1976-04-16": "Good Friday",
    "1976-04-17": "Holy Saturday",
    "1976-05-01": "Labor Day",
    "1976-05-21": "Navy Day",
    "1976-08-15": "Assumption Day",
    "1976-09-18": "Independence Day",
    "1976-09-19": "Army Day",
    "1976-10-12": "Columbus Day",
    "1976-11-01": "All Saints' Day",
    "1976-12-08": "Immaculate Conception",
    "1976-12-24": "Christmas Eve",
    "1976-12-25": "Christmas Day",
    "1976-12-31": "Bank Holiday",
    "1977-01-01": "New Year's Day",
    "1977-04-08": "Good Friday",
    "1977-04-09": "Holy Saturday",
    "1977-05-01": "Labor Day",
    "1977-05-21": "Navy Day",
    "1977-08-15": "Assumption Day",
    "1977-09-18": "Independence Day",
    "1977-09-19": "Army Day",
    "1977-10-12": "Columbus Day",
    "1977-11-01": "All Saints' Day",
    "1977-12-08": "Immaculate Conception",
    "1977-12-24": "Christmas Eve",
    "1977-12-25": "Christmas Day",
    "1977-12-31": "Bank Holiday",
    "1978-01-01": "New Year's Day",
    "1978-03-24": "Good Friday",
    "1978-03-25": "Holy Saturday",
    "1978-05-01": "Labor Day",
    "1978-05-21": "Navy Day",
    "1978-08-15": "Assumption Day",
    "1978-09-18": "Independence Day",
    "1978-09-19": "Army Day",
    "1978-10-12": "Columbus Day",
    "1978-11-01": "All Saints' Day",
    "1978-12-08": "Immaculate Conception",
    "1978-12-24": "Christmas Eve",
    "1978-12-25": "Christmas Day",
    "1978-12-31": "Bank Holiday",
    "1979-01-01": "New Year's Day",
    "1979-04-13": "Good Friday",
    "1979-04-14": "Holy Saturday",
    "1979-05-01": "Labor Day",
    "1979-05-21": "Navy Day",
    "1979-08-15": "Assumption Day",
    "1979-09-18": "Independence Day",
    "1979-09-19": "Army Day",
    "1979-10-12": "Columbus Day",
    "1979-11-01": "All Saints' Day",
    "1979-12-08": "Immaculate Conception",
    "1979-12-24": "Christmas Eve",
    "1979-12-25": "Christmas Day",
    "1979-12-31": "Bank Holiday",
    "1980-01-01": "New Year's Day",
    "1980-04-04": "Good Friday",
    "1980-04-05": "Holy Saturday",
    "1980-05-01": "Labor Day",
    "1980-05-21": "Navy Day",
    "1980-08-15": "Assumption Day",
    "1980-09-18": "Independence Day",
    "1980-09-19": "Army Day",
    "1980-10-12": "Columbus Day",
    "1980-11-01": "All Saints' Day",
    "1980-12-08": "Immaculate Conception",
    "1980-12-24": "Christmas Eve",
    "1980-12-25": "Christmas Day",
    "1980-12-31": "Bank Holiday",
    "1981-01-01": "New Year's Day",
    "1981-04-17": "Good Friday",
    "1981-04-18": "Holy Saturday",
    "1981-05-01": "Labor Day",
    "1981-05-21": "Navy Day",
    "1981-08-15": "Assumption Day",
    "1981-09-11": "Day of National Liberation",
    "1981-09-18": "Independence Day",
    "1981-09-19": "Army Day",
    "1981-10-12": "Columbus Day",
    "1981-11-01": "All Saints' Day",
    "1981-12-08": "Immaculate Conception",
    "1981-12-24": "Christmas Eve",
    "1981-12-25": "Christmas Day",
    "1981-12-31": "Bank Holiday",
    "1982-01-01": "New Year's Day",
    "1982-04-09": "Good Friday",
    "1982-04-10": "Holy Saturday",
    "1982-05-01": "Labor Day",
    "1982-05-21": "Navy Day",
    "1982-08-15": "Assumption Day",
    "1982-09-11": "Day of National Liberation",
    "1982-09-18": "Independence Day",
    "1982-09-19": "Army Day",
    "1982-10-12": "Columbus Day",
    "1982-11-01": "All Saints' Day",
    "1982-12-08": "Immaculate Conception",
    "1982-12-24": "Christmas Eve",
    "1982-12-25": "Christmas Day",
    "1982-12-31": "Bank Holiday",
    "1983-01-01": "New Year's Day",
    "1983-04-01": "Good Friday",
    "1983-04-02": "Holy Saturday",
    "1983-05-01": "Labor Day",
    "1983-05-21": "Navy Day",
    "1983-08-15": "Assumption Day",
    "1983-09-11": "Day of National Liberation",
    "1983-09-18": "Independence Day",
    "1983-09-19": "Army Day",
    "1983-10-12": "Columbus Day",
    "1983-11-01": "All Saints' Day",
    "1983-12-08": "Immaculate Conception",
    "1983-12-24": "Christmas Eve",
    "1983-12-25": "Christmas Day",
    "1983-12-31": "Bank Holiday",
    "1984-01-01": "New Year's Day",
    "1984-04-20": "Good Friday",
    "1984-04-21": "Holy Saturday",
    "1984-05-01": "Labor Day",
    "1984-05-21": "Navy Day",
    "1984-08-15": "Assumption Day",
    "1984-09-11": "Day of National Liberation",
    "1984-09-18": "Independence Day",
    "1984-09-19": "Army Day",
    "1984-10-12": "Columbus Day",
    "1984-11-01": "All Saints' Day",
    "1984-12-08": "Immaculate Conception",
    "1984-12-24": "Christmas Eve",
    "1984-12-25": "Christmas Day",
    "1984-12-31": "Bank Holiday",
    "1985-01-01": "New Year's Day",
    "1985-04-05": "Good Friday",
    "1985-04-06": "Holy Saturday",
    "1985-05-01": "Labor Day",
    "1985-05-21": "Navy Day",
    "1985-08-15": "Assumption Day",
    "1985-09-11": "Day of National Liberation",
    "1985-09-18": "Independence Day",
    "1985-09-19": "Army Day",
    "1985-10-12": "Columbus Day",
    "1985-11-01": "All Saints' Day",
    "1985-12-08": "Immaculate Conception",
    "1985-12-24": "Christmas Eve",
    "1985-12-25": "Christmas Day",
    "1985-12-31": "Bank Holiday",
    "1986-01-01": "New Year's Day",
    "1986-03-28": "Good Friday",
    "1986-03-29": "Holy Saturday",
    "1986-05-01": "Labor Day",
    "1986-05-21": "Navy Day",
    "1986-06-29": "Saint Peter and Saint Paul",
    "1986-08-15": "Assumption Day",
    "1986-09-11": "Day of National Liberation",
    "1986-09-18": "Independence Day",
    "1986-09-19": "Army Day",
    "1986-10-12": "Columbus Day",
    "1986-11-01": "All Saints' Day",
    "1986-12-08": "Immaculate Conception",
    "1986-12-24": "Christmas Eve",
    "1986-12-25": "Christmas Day",
    "1986-12-31": "Bank Holiday",
    "1987-01-01": "New Year's Day",
    "1987-04-17": "Good Friday",
    "1987-04-18": "Holy Saturday",
    "1987-05-01": "Labor Day",
    "1987-05-21": "Navy Day",
    "1987-06-18": "Corpus Christi",
    "1987-06-29": "Saint Peter and Saint Paul",
    "1987-08-15": "Assumption Day",
    "1987-09-11": "Day of National Liberation",
    "1987-09-18": "Independence Day",
    "1987-09-19": "Army Day",
    "1987-10-12": "Columbus Day",
    "1987-11-01": "All Saints' Day",
    "1987-12-08": "Immaculate Conception",
    "1987-12-24": "Christmas Eve",
    "1987-12-25": "Christmas Day",
    "1987-12-31": "Bank Holiday",
    "1988-01-01": "New Year's Day",
    "1988-04-01": "Good Friday",
    "1988-04-02": "Holy Saturday",
    "1988-05-01": "Labor Day",
    "1988-05-21": "Navy Day",
    "1988-06-02": "Corpus Christi",
    "1988-06-29": "Saint Peter and Saint Paul",
    "1988-08-15": "Assumption Day",
    "1988-09-11": "Day of National Liberation",
    "1988-09-18": "Independence Day",
    "1988-09-19": "Army Day",
    "1988-10-12": "Columbus Day",
    "1988-11-01": "All Saints' Day",
    "1988-12-08": "Immaculate Conception",
    "1988-12-24": "Christmas Eve",
    "1988-12-25": "Christmas Day",
    "1988-12-31": "Bank Holiday",
    "1989-01-01": "New Year's Day",
    "1989-03-24": "Good Friday",
    "1989-03-25": "Holy Saturday",
    "1989-05-01": "Labor Day",
    "1989-05-21": "Navy Day",
    "1989-05-25": "Corpus Christi",
    "1989-06-29": "Saint Peter and Saint Paul",
    "1989-08-15": "Assumption Day",
    "1989-09-11": "Day of National Liberation",
    "1989-09-18": "Independence Day",
    "1989-09-19": "Army Day",
    "1989-10-12": "Columbus Day",
    "1989-11-01": "All Saints' Day",
    "1989-12-08": "Immaculate Conception",
    "1989-12-25": "Christmas Day",
    "1989-12-31": "Bank Holiday",
    "1990-01-01": "New Year's Day",
    "1990-04-13": "Good Friday",
    "1990-04-14": "Holy Saturday",
    "1990-05-01": "Labor Day",
    "1990-05-21": "Navy Day",
    "1990-06-14": "Corpus Christi",
    "1990-06-29": "Saint Peter and Saint Paul",
    "1990-08-15": "Assumption Day",
    "1990-09-11": "Day of National Liberation",
    "1990-09-18": "Independence Day",
    "1990-09-19": "Army Day",
    "1990-10-12": "Columbus Day",
    "1990-11-01": "All Saints' Day",
    "1990-12-08": "Immaculate Conception",
    "1990-12-25": "Christmas Day",
    "1990-12-31": "Bank Holiday",
    "1991-01-01": "New Year's Day",
    "1991-03-29": "Good Friday",
    "1991-03-30": "Holy Saturday",
    "1991-05-01": "Labor Day",
    "1991-05-21": "Navy Day",
    "1991-05-30": "Corpus Christi",
    "1991-06-29": "Saint Peter and Saint Paul",
    "1991-08-15": "Assumption Day",
    "1991-09-11": "Day of National Liberation",
    "1991-09-18": "Independence Day",
    "1991-09-19": "Army Day",
    "1991-10-12": "Columbus Day",
    "1991-11-01": "All Saints' Day",
    "1991-12-08": "Immaculate Conception",
    "1991-12-25": "Christmas Day",
    "1991-12-31": "Bank Holiday",
    "1992-01-01": "New Year's Day",
    "1992-04-17": "Good Friday",
    "1992-04-18": "Holy Saturday",
    "1992-05-01": "Labor Day",
    "1992-05-21": "Navy Day",
    "1992-06-18": "Corpus Christi",
    "1992-06-29": "Saint Peter and Saint Paul",
    "1992-08-15": "Assumption Day",
    "1992-09-11": "Day of National Liberation",
    "1992-09-18": "Independence Day",
    "1992-09-19": "Army Day",
    "1992-10-12": "Columbus Day",
    "1992-11-01": "All Saints' Day",
    "1992-12-08": "Immaculate Conception",
    "1992-12-25": "Christmas Day",
    "1992-12-31": "Bank Holiday",
    "1993-01-01": "New Year's Day",
    "1993-04-09": "Good Friday",
    "1993-04-10": "Holy Saturday",
    "1993-05-01": "Labor Day",
    "1993-05-21": "Navy Day",
    "1993-06-10": "Corpus Christi",
    "1993-06-29": "Saint Peter and Saint Paul",
    "1993-08-15": "Assumption Day",
    "1993-09-11": "Day of National Liberation",
    "1993-09-18": "Independence Day",
    "1993-09-19": "Army Day",
    "1993-10-12": "Columbus Day",
    "1993-11-01": "All Saints' Day",
    "1993-12-08": "Immaculate Conception",
    "1993-12-25": "Christmas Day",
    "1993-12-31": "Bank Holiday",
    "1994-01-01": "New Year's Day",
    "1994-04-01": "Good Friday",
    "1994-04-02": "Holy Saturday",
    "1994-05-01": "Labor Day",
    "1994-05-21": "Navy Day",
    "1994-06-02": "Corpus Christi",
    "1994-06-29": "Saint Peter and Saint Paul",
    "1994-08-15": "Assumption Day",
    "1994-09-11": "Day of National Liberation",
    "1994-09-18": "Independence Day",
    "1994-09-19": "Army Day",
    "1994-10-12": "Columbus Day",
    "1994-11-01": "All Saints' Day",
    "1994-12-08": "Immaculate Conception",
    "1994-12-25": "Christmas Day",
    "1994-12-31": "Bank Holiday",
    "1995-01-01": "New Year's Day",
    "1995-04-14": "Good Friday",
    "1995-04-15": "Holy Saturday",
    "1995-05-01": "Labor Day",
    "1995-05-21": "Navy Day",
    "1995-06-15": "Corpus Christi",
    "1995-06-29": "Saint Peter and Saint Paul",
    "1995-08-15": "Assumption Day",
    "1995-09-11": "Day of National Liberation",
    "1995-09-18": "Independence Day",
    "1995-09-19": "Army Day",
    "1995-10-12": "Columbus Day",
    "1995-11-01": "All Saints' Day",
    "1995-12-08": "Immaculate Conception",
    "1995-12-25": "Christmas Day",
    "1995-12-31": "Bank Holiday",
    "1996-01-01": "New Year's Day",
    "1996-04-05": "Good Friday",
    "1996-04-06": "Holy Saturday",
    "1996-05-01": "Labor Day",
    "1996-05-21": "Navy Day",
    "1996-06-06": "Corpus Christi",
    "1996-06-29": "Saint Peter and Saint Paul",
    "1996-08-15": "Assumption Day",
    "1996-09-11": "Day of National Liberation",
    "1996-09-18": "Independence Day",
    "1996-09-19": "Army Day",
    "1996-10-12": "Columbus Day",
    "1996-11-01": "All Saints' Day",
    "1996-12-08": "Immaculate Conception",
    "1996-12-25": "Christmas Day",
    "1996-12-31": "Bank Holiday",
    "1997-01-01": "New Year's Day",
    "1997-03-28": "Good Friday",
    "1997-03-29": "Holy Saturday",
    "1997-05-01": "Labor Day",
    "1997-05-21": "Navy Day",
    "1997-05-29": "Corpus Christi",
    "1997-06-29": "Saint Peter and Saint Paul",
    "1997-08-15": "Assumption Day",
    "1997-09-11": "Day of National Liberation",
    "1997-09-18": "Independence Day",
    "1997-09-19": "Army Day",
    "1997-10-12": "Columbus Day",
    "1997-11-01": "All Saints' Day",
    "1997-12-08": "Immaculate Conception",
    "1997-12-25": "Christmas Day",
    "1998-01-01": "New Year's Day",
    "1998-04-10": "Good Friday",
    "1998-04-11": "Holy Saturday",
    "1998-05-01": "Labor Day",
    "1998-05-21": "Navy Day",
    "1998-06-11": "Corpus Christi",
    "1998-06-29": "Saint Peter and Saint Paul",
    "1998-08-15": "Assumption Day",
    "1998-09-11": "Day of National Liberation",
    "1998-09-18": "Independence Day",
    "1998-09-19": "Army Day",
    "1998-10-12": "Columbus Day",
    "1998-11-01": "All Saints' Day",
    "1998-12-08": "Immaculate Conception",
    "1998-12-25": "Christmas Day",
    "1998-12-31": "Bank Holiday",
    "1999-01-01": "New Year's Day",
    "1999-04-02": "Good Friday",
    "1999-04-03": "Holy Saturday",
    "1999-05-01": "Labor Day",
    "1999-05-21": "Navy Day",
    "1999-06-03": "Corpus Christi",
    "1999-06-29": "Saint Peter and Saint Paul",
    "1999-08-15": "Assumption Day",
    "1999-09-06": "Day of National Unity",
    "1999-09-18": "Independence Day",
    "1999-09-19": "Army Day",
    "1999-10-12": "Columbus Day",
    "1999-11-01": "All Saints' Day",
    "1999-12-08": "Immaculate Conception",
    "1999-12-25": "Christmas Day",
    "1999-12-31": "Bank Holiday; National Holiday",
    "2000-01-01": "New Year's Day",
    "2000-04-21": "Good Friday",
    "2000-04-22": "Holy Saturday",
    "2000-05-01": "Labor Day",
    "2000-05-21": "Navy Day",
    "2000-06-19": "Corpus Christi",
    "2000-06-26": "Saint Peter and Saint Paul",
    "2000-08-15": "Assumption Day",
    "2000-09-04": "Day of National Unity",
    "2000-09-18": "Independence Day",
    "2000-09-19": "Army Day",
    "2000-10-09": "Meeting of Two Worlds' Day",
    "2000-11-01": "All Saints' Day",
    "2000-12-08": "Immaculate Conception",
    "2000-12-25": "Christmas Day",
    "2000-12-31": "Bank Holiday",
    "2001-01-01": "New Year's Day",
    "2001-04-13": "Good Friday",
    "2001-04-14": "Holy Saturday",
    "2001-05-01": "Labor Day",
    "2001-05-21": "Navy Day",
    "2001-06-11": "Corpus Christi",
    "2001-07-02": "Saint Peter and Saint Paul",
    "2001-08-15": "Assumption Day",
    "2001-09-03": "Day of National Unity",
    "2001-09-18": "Independence Day",
    "2001-09-19": "Army Day",
    "2001-10-15": "Meeting of Two Worlds' Day",
    "2001-11-01": "All Saints' Day",
    "2001-12-08": "Immaculate Conception",
    "2001-12-25": "Christmas Day",
    "2001-12-31": "Bank Holiday",
    "2002-01-01": "New Year's Day",
    "2002-03-29": "Good Friday",
    "2002-03-30": "Holy Saturday",
    "2002-05-01": "Labor Day",
    "2002-05-21": "Navy Day",
    "2002-05-27": "Corpus Christi",
    "2002-06-29": "Saint Peter and Saint Paul",
    "2002-08-15": "Assumption Day",
    "2002-09-18": "Independence Day",
    "2002-09-19": "Army Day",
    "2002-10-12": "Meeting of Two Worlds' Day",
    "2002-11-01": "All Saints' Day",
    "2002-12-08": "Immaculate Conception",
    "2002-12-25": "Christmas Day",
    "2002-12-31": "Bank Holiday",
    "2003-01-01": "New Year's Day",
    "2003-04-18": "Good Friday",
    "2003-04-19": "Holy Saturday",
    "2003-05-01": "Labor Day",
    "2003-05-21": "Navy Day",
    "2003-06-16": "Corpus Christi",
    "2003-06-29": "Saint Peter and Saint Paul",
    "2003-08-15": "Assumption Day",
    "2003-09-18": "Independence Day",
    "2003-09-19": "Army Day",
    "2003-10-12": "Meeting of Two Worlds' Day",
    "2003-11-01": "All Saints' Day",
    "2003-12-08": "Immaculate Conception",
    "2003-12-25": "Christmas Day",
    "2003-12-31": "Bank Holiday",
    "2004-01-01": "New Year's Day",
    "2004-04-09": "Good Friday",
    "2004-04-10": "Holy Saturday",
    "2004-05-01": "Labor Day",
    "2004-05-21": "Navy Day",
    "2004-06-07": "Corpus Christi",
    "2004-06-28": "Saint Peter and Saint Paul",
    "2004-08-15": "Assumption Day",
    "2004-09-18": "Independence Day",
    "2004-09-19": "Army Day",
    "2004-10-11": "Meeting of Two Worlds' Day",
    "2004-11-01": "All Saints' Day",
    "2004-12-08": "Immaculate Conception",
    "2004-12-25": "Christmas Day",
    "2004-12-31": "Bank Holiday",
    "2005-01-01": "New Year's Day",
    "2005-03-25": "Good Friday",
    "2005-03-26": "Holy Saturday",
    "2005-05-01": "Labor Day",
    "2005-05-21": "Navy Day",
    "2005-05-23": "Corpus Christi",
    "2005-06-27": "Saint Peter and Saint Paul",
    "2005-08-15": "Assumption Day",
    "2005-09-18": "Independence Day",
    "2005-09-19": "Army Day",
    "2005-10-10": "Meeting of Two Worlds' Day",
    "2005-11-01": "All Saints' Day",
    "2005-12-08": "Immaculate Conception",
    "2005-12-25": "Christmas Day",
    "2005-12-31": "Bank Holiday",
    "2006-01-01": "New Year's Day",
    "2006-04-14": "Good Friday",
    "2006-04-15": "Holy Saturday",
    "2006-05-01": "Labor Day",
    "2006-05-21": "Navy Day",
    "2006-06-12": "Corpus Christi",
    "2006-06-26": "Saint Peter and Saint Paul",
    "2006-08-15": "Assumption Day",
    "2006-09-18": "Independence Day",
    "2006-09-19": "Army Day",
    "2006-10-09": "Meeting of Two Worlds' Day",
    "2006-11-01": "All Saints' Day",
    "2006-12-08": "Immaculate Conception",
    "2006-12-25": "Christmas Day",
    "2006-12-31": "Bank Holiday",
    "2007-01-01": "New Year's Day",
    "2007-04-06": "Good Friday",
    "2007-04-07": "Holy Saturday",
    "2007-05-01": "Labor Day",
    "2007-05-21": "Navy Day",
    "2007-07-02": "Saint Peter and Saint Paul",
    "2007-07-16": "Our Lady of Mount Carmel",
    "2007-08-15": "Assumption Day",
    "2007-09-17": "National Holiday",
    "2007-09-18": "Independence Day",
    "2007-09-19": "Army Day",
    "2007-10-15": "Meeting of Two Worlds' Day",
    "2007-11-01": "All Saints' Day",
    "2007-12-08": "Immaculate Conception",
    "2007-12-25": "Christmas Day",
    "2007-12-31": "Bank Holiday",
    "2008-01-01": "New Year's Day",
    "2008-03-21": "Good Friday",
    "2008-03-22": "Holy Saturday",
    "2008-05-01": "Labor Day",
    "2008-05-21": "Navy Day",
    "2008-06-29": "Saint Peter and Saint Paul",
    "2008-07-16": "Our Lady of Mount Carmel",
    "2008-08-15": "Assumption Day",
    "2008-09-18": "Independence Day",
    "2008-09-19": "Army Day",
    "2008-10-12": "Meeting of Two Worlds' Day",
    "2008-10-31": "Reformation Day",
    "2008-11-01": "All Saints' Day",
    "2008-12-08": "Immaculate Conception",
    "2008-12-25": "Christmas Day",
    "2008-12-31": "Bank Holiday",
    "2009-01-01": "New Year's Day",
    "2009-04-10": "Good Friday",
    "2009-04-11": "Holy Saturday",
    "2009-05-01": "Labor Day",
    "2009-05-21": "Navy Day",
    "2009-06-29": "Saint Peter and Saint Paul",
    "2009-07-16": "Our Lady of Mount Carmel",
    "2009-08-15": "Assumption Day",
    "2009-09-18": "Independence Day",
    "2009-09-19": "Army Day",
    "2009-10-12": "Meeting of Two Worlds' Day",
    "2009-10-31": "Reformation Day",
    "2009-11-01": "All Saints' Day",
    "2009-12-08": "Immaculate Conception",
    "2009-12-25": "Christmas Day",
    "2009-12-31": "Bank Holiday",
    "2010-01-01": "New Year's Day",
    "2010-04-02": "Good Friday",
    "2010-04-03": "Holy Saturday",
    "2010-05-01": "Labor Day",
    "2010-05-21": "Navy Day",
    "2010-06-28": "Saint Peter and Saint Paul",
    "2010-07-16": "Our Lady of Mount Carmel",
    "2010-08-15": "Assumption Day",
    "2010-09-18": "Independence Day",
    "2010-09-19": "Army Day",
    "2010-10-11": "Meeting of Two Worlds' Day",
    "2010-10-31": "Reformation Day",
    "2010-11-01": "All Saints' Day",
    "2010-12-08": "Immaculate Conception",
    "2010-12-25": "Christmas Day",
    "2010-12-31": "Bank Holiday",
    "2011-01-01": "New Year's Day",
    "2011-04-22": "Good Friday",
    "2011-04-23": "Holy Saturday",
    "2011-05-01": "Labor Day",
    "2011-05-21": "Navy Day",
    "2011-06-27": "Saint Peter and Saint Paul",
    "2011-07-16": "Our Lady of Mount Carmel",
    "2011-08-15": "Assumption Day",
    "2011-09-18": "Independence Day",
    "2011-09-19": "Army Day",
    "2011-10-10": "Meeting of Two Worlds' Day",
    "2011-10-31": "Reformation Day",
    "2011-11-01": "All Saints' Day",
    "2011-12-08": "Immaculate Conception",
    "2011-12-25": "Christmas Day",
    "2011-12-31": "Bank Holiday",
    "2012-01-01": "New Year's Day",
    "2012-04-06": "Good Friday",
    "2012-04-07": "Holy Saturday",
    "2012-05-01": "Labor Day",
    "2012-05-21": "Navy Day",
    "2012-07-02": "Saint Peter and Saint Paul",
    "2012-07-16": "Our Lady of Mount Carmel",
    "2012-08-15": "Assumption Day",
    "2012-09-17": "National Holiday",
    "2012-09-18": "Independence Day",
    "2012-09-19": "Army Day",
    "2012-10-15": "Meeting of Two Worlds' Day",
    "2012-11-01": "All Saints' Day",
    "2012-11-02": "Reformation Day",
    "2012-12-08": "Immaculate Conception",
    "2012-12-25": "Christmas Day",
    "2012-12-31": "Bank Holiday",
    "2013-01-01": "New Year's Day",
    "2013-03-29": "Good Friday",
    "2013-03-30": "Holy Saturday",
    "2013-05-01": "Labor Day",
    "2013-05-21": "Navy Day",
    "2013-06-29": "Saint Peter and Saint Paul",
    "2013-07-16": "Our Lady of Mount Carmel",
    "2013-08-15": "Assumption Day",
    "2013-09-18": "Independence Day",
    "2013-09-19": "Army Day",
    "2013-09-20": "National Holiday",
    "2013-10-12": "Meeting of Two Worlds' Day",
    "2013-10-31": "Reformation Day",
    "2013-11-01": "All Saints' Day",
    "2013-12-08": "Immaculate Conception",
    "2013-12-25": "Christmas Day",
    "2013-12-31": "Bank Holiday",
    "2014-01-01": "New Year's Day",
    "2014-04-18": "Good Friday",
    "2014-04-19": "Holy Saturday",
    "2014-05-01": "Labor Day",
    "2014-05-21": "Navy Day",
    "2014-06-29": "Saint Peter and Saint Paul",
    "2014-07-16": "Our Lady of Mount Carmel",
    "2014-08-15": "Assumption Day",
    "2014-08-20": "Nativity of Bernardo O'Higgins (Chill\u00e1n and Chill\u00e1n Viejo communes)",
    "2014-09-18": "Independence Day",
    "2014-09-19": "Army Day",
    "2014-10-12": "Meeting of Two Worlds' Day",
    "2014-10-31": "Reformation Day",
    "2014-11-01": "All Saints' Day",
    "2014-12-08": "Immaculate Conception",
    "2014-12-25": "Christmas Day",
    "2014-12-31": "Bank Holiday",
    "2015-01-01": "New Year's Day",
    "2015-04-03": "Good Friday",
    "2015-04-04": "Holy Saturday",
    "2015-05-01": "Labor Day",
    "2015-05-21": "Navy Day",
    "2015-06-29": "Saint Peter and Saint Paul",
    "2015-07-16": "Our Lady of Mount Carmel",
    "2015-08-15": "Assumption Day",
    "2015-08-20": "Nativity of Bernardo O'Higgins (Chill\u00e1n and Chill\u00e1n Viejo communes)",
    "2015-09-18": "Independence Day",
    "2015-09-19": "Army Day",
    "2015-10-12": "Meeting of Two Worlds' Day",
    "2015-10-31": "Reformation Day",
    "2015-11-01": "All Saints' Day",
    "2015-12-08": "Immaculate Conception",
    "2015-12-25": "Christmas Day",
    "2015-12-31": "Bank Holiday",
    "2016-01-01": "New Year's Day",
    "2016-03-25": "Good Friday",
    "2016-03-26": "Holy Saturday",
    "2016-05-01": "Labor Day",
    "2016-05-21": "Navy Day",
    "2016-06-27": "Saint Peter and Saint Paul",
    "2016-07-16": "Our Lady of Mount Carmel",
    "2016-08-15": "Assumption Day",
    "2016-08-20": "Nativity of Bernardo O'Higgins (Chill\u00e1n and Chill\u00e1n Viejo communes)",
    "2016-09-18": "Independence Day",
    "2016-09-19": "Army Day",
    "2016-10-10": "Meeting of Two Worlds' Day",
    "2016-10-31": "Reformation Day",
    "2016-11-01": "All Saints' Day",
    "2016-12-08": "Immaculate Conception",
    "2016-12-25": "Christmas Day",
    "2016-12-31": "Bank Holiday",
    "2017-01-01": "New Year's Day",
    "2017-01-02": "National Holiday",
    "2017-04-14": "Good Friday",
    "2017-04-15": "Holy Saturday",
    "2017-05-01": "Labor Day",
    "2017-05-21": "Navy Day",
    "2017-06-26": "Saint Peter and Saint Paul",
    "2017-07-16": "Our Lady of Mount Carmel",
    "2017-08-15": "Assumption Day",
    "2017-08-20": "Nativity of Bernardo O'Higgins (Chill\u00e1n and Chill\u00e1n Viejo communes)",
    "2017-09-18": "Independence Day",
    "2017-09-19": "Army Day",
    "2017-10-09": "Meeting of Two Worlds' Day",
    "2017-10-27": "Reformation Day",
    "2017-11-01": "All Saints' Day",
    "2017-12-08": "Immaculate Conception",
    "2017-12-25": "Christmas Day",
    "2017-12-31": "Bank Holiday",
    "2018-01-01": "New Year's Day",
    "2018-03-30": "Good Friday",
    "2018-03-31": "Holy Saturday",
    "2018-05-01": "Labor Day",
    "2018-05-21": "Navy Day",
    "2018-07-02": "Saint Peter and Saint Paul",
    "2018-07-16": "Our Lady of Mount Carmel",
    "2018-08-15": "Assumption Day",
    "2018-08-20": "Nativity of Bernardo O'Higgins (Chill\u00e1n and Chill\u00e1n Viejo communes)",
    "2018-09-17": "National Holiday",
    "2018-09-18": "Independence Day",
    "2018-09-19": "Army Day",
    "2018-10-15": "Meeting of Two Worlds' Day",
    "2018-11-01": "All Saints' Day",
    "2018-11-02": "Reformation Day",
    "2018-12-08": "Immaculate Conception",
    "2018-12-25": "Christmas Day",
    "2018-12-31": "Bank Holiday",
    "2019-01-01": "New Year's Day",
    "2019-04-19": "Good Friday",
    "2019-04-20": "Holy Saturday",
    "2019-05-01": "Labor Day",
    "2019-05-21": "Navy Day",
    "2019-06-29": "Saint Peter and Saint Paul",
    "2019-07-16": "Our Lady of Mount Carmel",
    "2019-08-15": "Assumption Day",
    "2019-08-20": "Nativity of Bernardo O'Higgins (Chill\u00e1n and Chill\u00e1n Viejo communes)",
    "2019-09-18": "Independence Day",
    "2019-09-19": "Army Day",
    "2019-09-20": "National Holiday",
    "2019-10-12": "Meeting of Two Worlds' Day",
    "2019-10-31": "Reformation Day",
    "2019-11-01": "All Saints' Day",
    "2019-12-08": "Immaculate Conception",
    "2019-12-25": "Christmas Day",
    "2019-12-31": "Bank Holiday",
    "2020-01-01": "New Year's Day",
    "2020-04-10": "Good Friday",
    "2020-04-11": "Holy Saturday",
    "2020-05-01": "Labor Day",
    "2020-05-21": "Navy Day",
    "2020-06-29": "Saint Peter and Saint Paul",
    "2020-07-16": "Our Lady of Mount Carmel",
    "2020-08-15": "Assumption Day",
    "2020-08-20": "Nativity of Bernardo O'Higgins (Chill\u00e1n and Chill\u00e1n Viejo communes)",
    "2020-09-18": "Independence Day",
    "2020-09-19": "Army Day",
    "2020-10-12": "Meeting of Two Worlds' Day",
    "2020-10-31": "Reformation Day",
    "2020-11-01": "All Saints' Day",
    "2020-12-08": "Immaculate Conception",
    "2020-12-25": "Christmas Day",
    "2020-12-31": "Bank Holiday",
    "2021-01-01": "New Year's Day",
    "2021-04-02": "Good Friday",
    "2021-04-03": "Holy Saturday",
    "2021-05-01": "Labor Day",
    "2021-05-21": "Navy Day",
    "2021-06-21": "National Day of Indigenous Peoples",
    "2021-06-28": "Saint Peter and Saint Paul",
    "2021-07-16": "Our Lady of Mount Carmel",
    "2021-08-15": "Assumption Day",
    "2021-08-20": "Nativity of Bernardo O'Higgins (Chill\u00e1n and Chill\u00e1n Viejo communes)",
    "2021-09-17": "National Holiday",
    "2021-09-18": "Independence Day",
    "2021-09-19": "Army Day",
    "2021-10-11": "Meeting of Two Worlds' Day",
    "2021-10-31": "Reformation Day",
    "2021-11-01": "All Saints' Day",
    "2021-12-08": "Immaculate Conception",
    "2021-12-25": "Christmas Day",
    "2021-12-31": "Bank Holiday",
    "2022-01-01": "New Year's Day",
    "2022-04-15": "Good Friday",
    "2022-04-16": "Holy Saturday",
    "2022-05-01": "Labor Day",
    "2022-05-21": "Navy Day",
    "2022-06-21": "National Day of Indigenous Peoples",
    "2022-06-27": "Saint Peter and Saint Paul",
    "2022-07-16": "Our Lady of Mount Carmel",
    "2022-08-15": "Assumption Day",
    "2022-08-20": "Nativity of Bernardo O'Higgins (Chill\u00e1n and Chill\u00e1n Viejo communes)",
    "2022-09-16": "National Holiday",
    "2022-09-18": "Independence Day",
    "2022-09-19": "Army Day",
    "2022-10-10": "Meeting of Two Worlds' Day",
    "2022-10-31": "Reformation Day",
    "2022-11-01": "All Saints' Day",
    "2022-12-08": "Immaculate Conception",
    "2022-12-25": "Christmas Day",
    "2022-12-31": "Bank Holiday",
    "2023-01-01": "New Year's Day",
    "2023-01-02": "National Holiday",
    "2023-04-07": "Good Friday",
    "2023-04-08": "Holy Saturday",
    "2023-05-01": "Labor Day",
    "2023-05-21": "Navy Day",
    "2023-06-21": "National Day of Indigenous Peoples",
    "2023-06-26": "Saint Peter and Saint Paul",
    "2023-07-16": "Our Lady of Mount Carmel",
    "2023-08-15": "Assumption Day",
    "2023-08-20": "Nativity of Bernardo O'Higgins (Chill\u00e1n and Chill\u00e1n Viejo communes)",
    "2023-09-18": "Independence Day",
    "2023-09-19": "Army Day",
    "2023-10-09": "Meeting of Two Worlds' Day",
    "2023-10-27": "Reformation Day",
    "2023-11-01": "All Saints' Day",
    "2023-12-08": "Immaculate Conception",
    "2023-12-25": "Christmas Day",
    "2023-12-31": "Bank Holiday",
    "2024-01-01": "New Year's Day",
    "2024-03-29": "Good Friday",
    "2024-03-30": "Holy Saturday",
    "2024-05-01": "Labor Day",
    "2024-05-21": "Navy Day",
    "2024-06-20": "National Day of Indigenous Peoples",
    "2024-06-29": "Saint Peter and Saint Paul",
    "2024-07-16": "Our Lady of Mount Carmel",
    "2024-08-15": "Assumption Day",
    "2024-08-20": "Nativity of Bernardo O'Higgins (Chill\u00e1n and Chill\u00e1n Viejo communes)",
    "2024-09-18": "Independence Day",
    "2024-09-19": "Army Day",
    "2024-09-20": "National Holiday",
    "2024-10-12": "Meeting of Two Worlds' Day",
    "2024-10-31": "Reformation Day",
    "2024-11-01": "All Saints' Day",
    "2024-12-08": "Immaculate Conception",
    "2024-12-25": "Christmas Day",
    "2024-12-31": "Bank Holiday",
    "2025-01-01": "New Year's Day",
    "2025-04-18": "Good Friday",
    "2025-04-19": "Holy Saturday",
    "2025-05-01": "Labor Day",
    "2025-05-21": "Navy Day",
    "2025-06-20": "National Day of Indigenous Peoples",
    "2025-06-29": "Saint Peter and Saint Paul",
    "2025-07-16": "Our Lady of Mount Carmel",
    "2025-08-15": "Assumption Day",
    "2025-08-20": "Nativity of Bernardo O'Higgins (Chill\u00e1n and Chill\u00e1n Viejo communes)",
    "2025-09-18": "Independence Day",
    "2025-09-19": "Army Day",
    "2025-10-12": "Meeting of Two Worlds' Day",
    "2025-10-31": "Reformation Day",
    "2025-11-01": "All Saints' Day",
    "2025-12-08": "Immaculate Conception",
    "2025-12-25": "Christmas Day",
    "2025-12-31": "Bank Holiday",
    "2026-01-01": "New Year's Day",
    "2026-04-03": "Good Friday",
    "2026-04-04": "Holy Saturday",
    "2026-05-01": "Labor Day",
    "2026-05-21": "Navy Day",
    "2026-06-21": "National Day of Indigenous Peoples",
    "2026-06-29": "Saint Peter and Saint Paul",
    "2026-07-16": "Our Lady of Mount Carmel",
    "2026-08-15": "Assumption Day",
    "2026-08-20": "Nativity of Bernardo O'Higgins (Chill\u00e1n and Chill\u00e1n Viejo communes)",
    "2026-09-18": "Independence Day",
    "2026-09-19": "Army Day",
    "2026-10-12": "Meeting of Two Worlds' Day",
    "2026-10-31": "Reformation Day",
    "2026-11-01": "All Saints' Day",
    "2026-12-08": "Immaculate Conception",
    "2026-12-25": "Christmas Day",
    "2026-12-31": "Bank Holiday",
    "2027-01-01": "New Year's Day",
    "2027-03-26": "Good Friday",
    "2027-03-27": "Holy Saturday",
    "2027-05-01": "Labor Day",
    "2027-05-21": "Navy Day",
    "2027-06-21": "National Day of Indigenous Peoples",
    "2027-06-28": "Saint Peter and Saint Paul",
    "2027-07-16": "Our Lady of Mount Carmel",
    "2027-08-15": "Assumption Day",
    "2027-08-20": "Nativity of Bernardo O'Higgins (Chill\u00e1n and Chill\u00e1n Viejo communes)",
    "2027-09-17": "National Holiday",
    "2027-09-18": "Independence Day",
    "2027-09-19": "Army Day",
    "2027-10-11": "Meeting of Two Worlds' Day",
    "2027-10-31": "Reformation Day",
    "2027-11-01": "All Saints' Day",
    "2027-12-08": "Immaculate Conception",
    "2027-12-25": "Christmas Day",
    "2027-12-31": "Bank Holiday",
    "2028-01-01": "New Year's Day",
    "2028-04-14": "Good Friday",
    "2028-04-15": "Holy Saturday",
    "2028-05-01": "Labor Day",
    "2028-05-21": "Navy Day",
    "2028-06-20": "National Day of Indigenous Peoples",
    "2028-06-26": "Saint Peter and Saint Paul",
    "2028-07-16": "Our Lady of Mount Carmel",
    "2028-08-15": "Assumption Day",
    "2028-08-20": "Nativity of Bernardo O'Higgins (Chill\u00e1n and Chill\u00e1n Viejo communes)",
    "2028-09-18": "Independence Day",
    "2028-09-19": "Army Day",
    "2028-10-09": "Meeting of Two Worlds' Day",
    "2028-10-27": "Reformation Day",
    "2028-11-01": "All Saints' Day",
    "2028-12-08": "Immaculate Conception",
    "2028-12-25": "Christmas Day",
    "2028-12-31": "Bank Holiday",
    "2029-01-01": "New Year's Day",
    "2029-03-30": "Good Friday",
    "2029-03-31": "Holy Saturday",
    "2029-05-01": "Labor Day",
    "2029-05-21": "Navy Day",
    "2029-06-20": "National Day of Indigenous Peoples",
    "2029-07-02": "Saint Peter and Saint Paul",
    "2029-07-16": "Our Lady of Mount Carmel",
    "2029-08-15": "Assumption Day",
    "2029-08-20": "Nativity of Bernardo O'Higgins (Chill\u00e1n and Chill\u00e1n Viejo communes)",
    "2029-09-17": "National Holiday",
    "2029-09-18": "Independence Day",
    "2029-09-19": "Army Day",
    "2029-10-15": "Meeting of Two Worlds' Day",
    "2029-11-01": "All Saints' Day",
    "2029-11-02": "Reformation Day",
    "2029-12-08": "Immaculate Conception",
    "2029-12-25": "Christmas Day",
    "2029-12-31": "Bank Holiday",
    "2030-01-01": "New Year's Day",
    "2030-04-19": "Good Friday",
    "2030-04-20": "Holy Saturday",
    "2030-05-01": "Labor Day",
    "2030-05-21": "Navy Day",
    "2030-06-21": "National Day of Indigenous Peoples",
    "2030-06-29": "Saint Peter and Saint Paul",
    "2030-07-16": "Our Lady of Mount Carmel",
    "2030-08-15": "Assumption Day",
    "2030-08-20": "Nativity of Bernardo O'Higgins (Chill\u00e1n and Chill\u00e1n Viejo communes)",
    "2030-09-18": "Independence Day",
    "2030-09-19": "Army Day",
    "2030-09-20": "National Holiday",
    "2030-10-12": "Meeting of Two Worlds' Day",
    "2030-10-31": "Reformation Day",
    "2030-11-01": "All Saints' Day",
    "2030-12-08": "Immaculate Conception",
    "2030-12-25": "Christmas Day",
    "2030-12-31": "Bank Holiday",
    "2031-01-01": "New Year's Day",
    "2031-04-11": "Good Friday",
    "2031-04-12": "Holy Saturday",
    "2031-05-01": "Labor Day",
    "2031-05-21": "Navy Day",
    "2031-06-21": "National Day of Indigenous Peoples",
    "2031-06-29": "Saint Peter and Saint Paul",
    "2031-07-16": "Our Lady of Mount Carmel",
    "2031-08-15": "Assumption Day",
    "2031-08-20": "Nativity of Bernardo O'Higgins (Chill\u00e1n and Chill\u00e1n Viejo communes)",
    "2031-09-18": "Independence Day",
    "2031-09-19": "Army Day",
    "2031-10-12": "Meeting of Two Worlds' Day",
    "2031-10-31": "Reformation Day",
    "2031-11-01": "All Saints' Day",
    "2031-12-08": "Immaculate Conception",
    "2031-12-25": "Christmas Day",
    "2031-12-31": "Bank Holiday",
    "2032-01-01": "New Year's Day",
    "2032-03-26": "Good Friday",
    "2032-03-27": "Holy Saturday",
    "2032-05-01": "Labor Day",
    "2032-05-21": "Navy Day",
    "2032-06-20": "National Day of Indigenous Peoples",
    "2032-06-28": "Saint Peter and Saint Paul",
    "2032-07-16": "Our Lady of Mount Carmel",
    "2032-08-15": "Assumption Day",
    "2032-08-20": "Nativity of Bernardo O'Higgins (Chill\u00e1n and Chill\u00e1n Viejo communes)",
    "2032-09-17": "National Holiday",
    "2032-09-18": "Independence Day",
    "2032-09-19": "Army Day",
    "2032-10-11": "Meeting of Two Worlds' Day",
    "2032-10-31": "Reformation Day",
    "2032-11-01": "All Saints' Day",
    "2032-12-08": "Immaculate Conception",
    "2032-12-25": "Christmas Day",
    "2032-12-31": "Bank Holiday",
    "2033-01-01": "New Year's Day",
    "2033-04-15": "Good Friday",
    "2033-04-16": "Holy Saturday",
    "2033-05-01": "Labor Day",
    "2033-05-21": "Navy Day",
    "2033-06-20": "National Day of Indigenous Peoples",
    "2033-06-27": "Saint Peter and Saint Paul",
    "2033-07-16": "Our Lady of Mount Carmel",
    "2033-08-15": "Assumption Day",
    "2033-08-20": "Nativity of Bernardo O'Higgins (Chill\u00e1n and Chill\u00e1n Viejo communes)",
    "2033-09-18": "Independence Day",
    "2033-09-19": "Army Day",
    "2033-10-10": "Meeting of Two Worlds' Day",
    "2033-10-31": "Reformation Day",
    "2033-11-01": "All Saints' Day",
    "2033-12-08": "Immaculate Conception",
    "2033-12-25": "Christmas Day",
    "2033-12-31": "Bank Holiday",
    "2034-01-01": "New Year's Day",
    "2034-01-02": "National Holiday",
    "2034-04-07": "Good Friday",
    "2034-04-08": "Holy Saturday",
    "2034-05-01": "Labor Day",
    "2034-05-21": "Navy Day",
    "2034-06-21": "National Day of Indigenous Peoples",
    "2034-06-26": "Saint Peter and Saint Paul",
    "2034-07-16": "Our Lady of Mount Carmel",
    "2034-08-15": "Assumption Day",
    "2034-08-20": "Nativity of Bernardo O'Higgins (Chill\u00e1n and Chill\u00e1n Viejo communes)",
    "2034-09-18": "Independence Day",
    "2034-09-19": "Army Day",
    "2034-10-09": "Meeting of Two Worlds' Day",
    "2034-10-27": "Reformation Day",
    "2034-11-01": "All Saints' Day",
    "2034-12-08": "Immaculate Conception",
    "2034-12-25": "Christmas Day",
    "2034-12-31": "Bank Holiday",
    "2035-01-01": "New Year's Day",
    "2035-03-23": "Good Friday",
    "2035-03-24": "Holy Saturday",
    "2035-05-01": "Labor Day",
    "2035-05-21": "Navy Day",
    "2035-06-21": "National Day of Indigenous Peoples",
    "2035-07-02": "Saint Peter and Saint Paul",
    "2035-07-16": "Our Lady of Mount Carmel",
    "2035-08-15": "Assumption Day",
    "2035-08-20": "Nativity of Bernardo O'Higgins (Chill\u00e1n and Chill\u00e1n Viejo communes)",
    "2035-09-17": "National Holiday",
    "2035-09-18": "Independence Day",
    "2035-09-19": "Army Day",
    "2035-10-15": "Meeting of Two Worlds' Day",
    "2035-11-01": "All Saints' Day",
    "2035-11-02": "Reformation Day",
    "2035-12-08": "Immaculate Conception",
    "2035-12-25": "Christmas Day",
    "2035-12-31": "Bank Holiday",
    "2036-01-01": "New Year's Day",
    "2036-04-11": "Good Friday",
    "2036-04-12": "Holy Saturday",
    "2036-05-01": "Labor Day",
    "2036-05-21": "Navy Day",
    "2036-06-20": "National Day of Indigenous Peoples",
    "2036-06-29": "Saint Peter and Saint Paul",
    "2036-07-16": "Our Lady of Mount Carmel",
    "2036-08-15": "Assumption Day",
    "2036-08-20": "Nativity of Bernardo O'Higgins (Chill\u00e1n and Chill\u00e1n Viejo communes)",
    "2036-09-18": "Independence Day",
    "2036-09-19": "Army Day",
    "2036-10-12": "Meeting of Two Worlds' Day",
    "2036-10-31": "Reformation Day",
    "2036-11-01": "All Saints' Day",
    "2036-12-08": "Immaculate Conception",
    "2036-12-25": "Christmas Day",
    "2036-12-31": "Bank Holiday",
    "2037-01-01": "New Year's Day",
    "2037-04-03": "Good Friday",
    "2037-04-04": "Holy Saturday",
    "2037-05-01": "Labor Day",
    "2037-05-21": "Navy Day",
    "2037-06-20": "National Day of Indigenous Peoples",
    "2037-06-29": "Saint Peter and Saint Paul",
    "2037-07-16": "Our Lady of Mount Carmel",
    "2037-08-15": "Assumption Day",
    "2037-08-20": "Nativity of Bernardo O'Higgins (Chill\u00e1n and Chill\u00e1n Viejo communes)",
    "2037-09-18": "Independence Day",
    "2037-09-19": "Army Day",
    "2037-10-12": "Meeting of Two Worlds' Day",
    "2037-10-31": "Reformation Day",
    "2037-11-01": "All Saints' Day",
    "2037-12-08": "Immaculate Conception",
    "2037-12-25": "Christmas Day",
    "2037-12-31": "Bank Holiday",
    "2038-01-01": "New Year's Day",
    "2038-04-23": "Good Friday",
    "2038-04-24": "Holy Saturday",
    "2038-05-01": "Labor Day",
    "2038-05-21": "Navy Day",
    "2038-06-21": "National Day of Indigenous Peoples",
    "2038-06-28": "Saint Peter and Saint Paul",
    "2038-07-16": "Our Lady of Mount Carmel",
    "2038-08-15": "Assumption Day",
    "2038-08-20": "Nativity of Bernardo O'Higgins (Chill\u00e1n and Chill\u00e1n Viejo communes)",
    "2038-09-17": "National Holiday",
    "2038-09-18": "Independence Day",
    "2038-09-19": "Army Day",
    "2038-10-11": "Meeting of Two Worlds' Day",
    "2038-10-31": "Reformation Day",
    "2038-11-01": "All Saints' Day",
    "2038-12-08": "Immaculate Conception",
    "2038-12-25": "Christmas Day",
    "2038-12-31": "Bank Holiday",
    "2039-01-01": "New Year's Day",
    "2039-04-08": "Good Friday",
    "2039-04-09": "Holy Saturday",
    "2039-05-01": "Labor Day",
    "2039-05-21": "Navy Day",
    "2039-06-21": "National Day of Indigenous Peoples",
    "2039-06-27": "Saint Peter and Saint Paul",
    "2039-07-16": "Our Lady of Mount Carmel",
    "2039-08-15": "Assumption Day",
    "2039-08-20": "Nativity of Bernardo O'Higgins (Chill\u00e1n and Chill\u00e1n Viejo communes)",
    "2039-09-18": "Independence Day",
    "2039-09-19": "Army Day",
    "2039-10-10": "Meeting of Two Worlds' Day",
    "2039-10-31": "Reformation Day",
    "2039-11-01": "All Saints' Day",
    "2039-12-08": "Immaculate Conception",
    "2039-12-25": "Christmas Day",
    "2039-12-31": "Bank Holiday",
    "2040-01-01": "New Year's Day",
    "2040-01-02": "National Holiday",
    "2040-03-30": "Good Friday",
    "2040-03-31": "Holy Saturday",
    "2040-05-01": "Labor Day",
    "2040-05-21": "Navy Day",
    "2040-06-20": "National Day of Indigenous Peoples",
    "2040-07-02": "Saint Peter and Saint Paul",
    "2040-07-16": "Our Lady of Mount Carmel",
    "2040-08-15": "Assumption Day",
    "2040-08-20": "Nativity of Bernardo O'Higgins (Chill\u00e1n and Chill\u00e1n Viejo communes)",
    "2040-09-17": "National Holiday",
    "2040-09-18": "Independence Day",
    "2040-09-19": "Army Day",
    "2040-10-15": "Meeting of Two Worlds' Day",
    "2040-11-01": "All Saints' Day",
    "2040-11-02": "Reformation Day",
    "2040-12-08": "Immaculate Conception",
    "2040-12-25": "Christmas Day",
    "2040-12-31": "Bank Holiday",
    "2041-01-01": "New Year's Day",
    "2041-04-19": "Good Friday",
    "2041-04-20": "Holy Saturday",
    "2041-05-01": "Labor Day",
    "2041-05-21": "Navy Day",
    "2041-06-20": "National Day of Indigenous Peoples",
    "2041-06-29": "Saint Peter and Saint Paul",
    "2041-07-16": "Our Lady of Mount Carmel",
    "2041-08-15": "Assumption Day",
    "2041-08-20": "Nativity of Bernardo O'Higgins (Chill\u00e1n and Chill\u00e1n Viejo communes)",
    "2041-09-18": "Independence Day",
    "2041-09-19": "Army Day",
    "2041-09-20": "National Holiday",
    "2041-10-12": "Meeting of Two Worlds' Day",
    "2041-10-31": "Reformation Day",
    "2041-11-01": "All Saints' Day",
    "2041-12-08": "Immaculate Conception",
    "2041-12-25": "Christmas Day",
    "2041-12-31": "Bank Holiday",
    "2042-01-01": "New Year's Day",
    "2042-04-04": "Good Friday",
    "2042-04-05": "Holy Saturday",
    "2042-05-01": "Labor Day",
    "2042-05-21": "Navy Day",
    "2042-06-21": "National Day of Indigenous Peoples",
    "2042-06-29": "Saint Peter and Saint Paul",
    "2042-07-16": "Our Lady of Mount Carmel",
    "2042-08-15": "Assumption Day",
    "2042-08-20": "Nativity of Bernardo O'Higgins (Chill\u00e1n and Chill\u00e1n Viejo communes)",
    "2042-09-18": "Independence Day",
    "2042-09-19": "Army Day",
    "2042-10-12": "Meeting of Two Worlds' Day",
    "2042-10-31": "Reformation Day",
    "2042-11-01": "All Saints' Day",
    "2042-12-08": "Immaculate Conception",
    "2042-12-25": "Christmas Day",
    "2042-12-31": "Bank Holiday",
    "2043-01-01": "New Year's Day",
    "2043-03-27": "Good Friday",
    "2043-03-28": "Holy Saturday",
    "2043-05-01": "Labor Day",
    "2043-05-21": "Navy Day",
    "2043-06-21": "National Day of Indigenous Peoples",
    "2043-06-29": "Saint Peter and Saint Paul",
    "2043-07-16": "Our Lady of Mount Carmel",
    "2043-08-15": "Assumption Day",
    "2043-08-20": "Nativity of Bernardo O'Higgins (Chill\u00e1n and Chill\u00e1n Viejo communes)",
    "2043-09-18": "Independence Day",
    "2043-09-19": "Army Day",
    "2043-10-12": "Meeting of Two Worlds' Day",
    "2043-10-31": "Reformation Day",
    "2043-11-01": "All Saints' Day",
    "2043-12-08": "Immaculate Conception",
    "2043-12-25": "Christmas Day",
    "2043-12-31": "Bank Holiday",
    "2044-01-01": "New Year's Day",
    "2044-04-15": "Good Friday",
    "2044-04-16": "Holy Saturday",
    "2044-05-01": "Labor Day",
    "2044-05-21": "Navy Day",
    "2044-06-20": "National Day of Indigenous Peoples",
    "2044-06-27": "Saint Peter and Saint Paul",
    "2044-07-16": "Our Lady of Mount Carmel",
    "2044-08-15": "Assumption Day",
    "2044-08-20": "Nativity of Bernardo O'Higgins (Chill\u00e1n and Chill\u00e1n Viejo communes)",
    "2044-09-18": "Independence Day",
    "2044-09-19": "Army Day",
    "2044-10-10": "Meeting of Two Worlds' Day",
    "2044-10-31": "Reformation Day",
    "2044-11-01": "All Saints' Day",
    "2044-12-08": "Immaculate Conception",
    "2044-12-25": "Christmas Day",
    "2044-12-31": "Bank Holiday",
    "2045-01-01": "New Year's Day",
    "2045-01-02": "National Holiday",
    "2045-04-07": "Good Friday",
    "2045-04-08": "Holy Saturday",
    "2045-05-01": "Labor Day",
    "2045-05-21": "Navy Day",
    "2045-06-20": "National Day of Indigenous Peoples",
    "2045-06-26": "Saint Peter and Saint Paul",
    "2045-07-16": "Our Lady of Mount Carmel",
    "2045-08-15": "Assumption Day",
    "2045-08-20": "Nativity of Bernardo O'Higgins (Chill\u00e1n and Chill\u00e1n Viejo communes)",
    "2045-09-18": "Independence Day",
    "2045-09-19": "Army Day",
    "2045-10-09": "Meeting of Two Worlds' Day",
    "2045-10-27": "Reformation Day",
    "2045-11-01": "All Saints' Day",
    "2045-12-08": "Immaculate Conception",
    "2045-12-25": "Christmas Day",
    "2045-12-31": "Bank Holiday",
    "2046-01-01": "New Year's Day",
    "2046-03-23": "Good Friday",
    "2046-03-24": "Holy Saturday",
    "2046-05-01": "Labor Day",
    "2046-05-21": "Navy Day",
    "2046-06-21": "National Day of Indigenous Peoples",
    "2046-07-02": "Saint Peter and Saint Paul",
    "2046-07-16": "Our Lady of Mount Carmel",
    "2046-08-15": "Assumption Day",
    "2046-08-20": "Nativity of Bernardo O'Higgins (Chill\u00e1n and Chill\u00e1n Viejo communes)",
    "2046-09-17": "National Holiday",
    "2046-09-18": "Independence Day",
    "2046-09-19": "Army Day",
    "2046-10-15": "Meeting of Two Worlds' Day",
    "2046-11-01": "All Saints' Day",
    "2046-11-02": "Reformation Day",
    "2046-12-08": "Immaculate Conception",
    "2046-12-25": "Christmas Day",
    "2046-12-31": "Bank Holiday",
    "2047-01-01": "New Year's Day",
    "2047-04-12": "Good Friday",
    "2047-04-13": "Holy Saturday",
    "2047-05-01": "Labor Day",
    "2047-05-21": "Navy Day",
    "2047-06-21": "National Day of Indigenous Peoples",
    "2047-06-29": "Saint Peter and Saint Paul",
    "2047-07-16": "Our Lady of Mount Carmel",
    "2047-08-15": "Assumption Day",
    "2047-08-20": "Nativity of Bernardo O'Higgins (Chill\u00e1n and Chill\u00e1n Viejo communes)",
    "2047-09-18": "Independence Day",
    "2047-09-19": "Army Day",
    "2047-09-20": "National Holiday",
    "2047-10-12": "Meeting of Two Worlds' Day",
    "2047-10-31": "Reformation Day",
    "2047-11-01": "All Saints' Day",
    "2047-12-08": "Immaculate Conception",
    "2047-12-25": "Christmas Day",
    "2047-12-31": "Bank Holiday",
    "2048-01-01": "New Year's Day",
    "2048-04-03": "Good Friday",
    "2048-04-04": "Holy Saturday",
    "2048-05-01": "Labor Day",
    "2048-05-21": "Navy Day",
    "2048-06-20": "National Day of Indigenous Peoples",
    "2048-06-29": "Saint Peter and Saint Paul",
    "2048-07-16": "Our Lady of Mount Carmel",
    "2048-08-15": "Assumption Day",
    "2048-08-20": "Nativity of Bernardo O'Higgins (Chill\u00e1n and Chill\u00e1n Viejo communes)",
    "2048-09-18": "Independence Day",
    "2048-09-19": "Army Day",
    "2048-10-12": "Meeting of Two Worlds' Day",
    "2048-10-31": "Reformation Day",
    "2048-11-01": "All Saints' Day",
    "2048-12-08": "Immaculate Conception",
    "2048-12-25": "Christmas Day",
    "2048-12-31": "Bank Holiday",
    "2049-01-01": "New Year's Day",
    "2049-04-16": "Good Friday",
    "2049-04-17": "Holy Saturday",
    "2049-05-01": "Labor Day",
    "2049-05-21": "Navy Day",
    "2049-06-20": "National Day of Indigenous Peoples",
    "2049-06-28": "Saint Peter and Saint Paul",
    "2049-07-16": "Our Lady of Mount Carmel",
    "2049-08-15": "Assumption Day",
    "2049-08-20": "Nativity of Bernardo O'Higgins (Chill\u00e1n and Chill\u00e1n Viejo communes)",
    "2049-09-17": "National Holiday",
    "2049-09-18": "Independence Day",
    "2049-09-19": "Army Day",
    "2049-10-11": "Meeting of Two Worlds' Day",
    "2049-10-31": "Reformation Day",
    "2049-11-01": "All Saints' Day",
    "2049-12-08": "Immaculate Conception",
    "2049-12-25": "Christmas Day",
    "2049-12-31": "Bank Holiday",
    "2050-01-01": "New Year's Day",
    "2050-04-08": "Good Friday",
    "2050-04-09": "Holy Saturday",
    "2050-05-01": "Labor Day",
    "2050-05-21": "Navy Day",
    "2050-06-20": "National Day of Indigenous Peoples",
    "2050-06-27": "Saint Peter and Saint Paul",
    "2050-07-16": "Our Lady of Mount Carmel",
    "2050-08-15": "Assumption Day",
    "2050-08-20": "Nativity of Bernardo O'Higgins (Chill\u00e1n and Chill\u00e1n Viejo communes)",
    "2050-09-18": "Independence Day",
    "2050-09-19": "Army Day",
    "2050-10-10": "Meeting of Two Worlds' Day",
    "2050-10-31": "Reformation Day",
    "2050-11-01": "All Saints' Day",
    "2050-12-08": "Immaculate Conception",
    "2050-12-25": "Christmas Day",
    "2050-12-31": "Bank Holiday"
}
