{
    "1950-01-01": "New Year's Day",
    "1950-02-21": "Carnival",
    "1950-04-07": "Good Friday",
    "1950-04-09": "Easter Sunday",
    "1950-05-22": "Municipal Holiday of Leiria",
    "1950-06-08": "Corpus Christi",
    "1950-06-10": "Day of Cam\u00f5es, Portugal, and the Portuguese Race",
    "1950-06-13": "St. Anthony's Day",
    "1950-08-15": "Assumption Day",
    "1950-10-05": "Republic Day",
    "1950-11-01": "All Saints' Day",
    "1950-12-01": "Restoration of Independence Day",
    "1950-12-08": "Immaculate Conception",
    "1950-12-24": "Christmas Eve",
    "1950-12-25": "Christmas Day",
    "1950-12-26": "Second Day of Christmas",
    "1950-12-31": "New Year's Eve",
    "1951-01-01": "New Year's Day",
    "1951-02-06": "Carnival",
    "1951-03-23": "Good Friday",
    "1951-03-25": "Easter Sunday",
    "1951-05-22": "Municipal Holiday of Leiria",
    "1951-05-24": "Corpus Christi",
    "1951-06-10": "Day of Cam\u00f5es, Portugal, and the Portuguese Race",
    "1951-06-13": "St. Anthony's Day",
    "1951-08-15": "Assumption Day",
    "1951-10-05": "Republic Day",
    "1951-11-01": "All Saints' Day",
    "1951-12-01": "Restoration of Independence Day",
    "1951-12-08": "Immaculate Conception",
    "1951-12-24": "Christmas Eve",
    "1951-12-25": "Christmas Day",
    "1951-12-26": "Second Day of Christmas",
    "1951-12-31": "New Year's Eve",
    "1952-01-01": "New Year's Day",
    "1952-02-26": "Carnival",
    "1952-04-11": "Good Friday",
    "1952-04-13": "Easter Sunday",
    "1952-05-22": "Municipal Holiday of Leiria",
    "1952-06-10": "Day of Cam\u00f5es, Portugal, and the Portuguese Race",
    "1952-06-12": "Corpus Christi",
    "1952-06-13": "St. Anthony's Day",
    "1952-08-15": "Assumption Day",
    "1952-10-05": "Republic Day",
    "1952-11-01": "All Saints' Day",
    "1952-12-01": "Restoration of Independence Day",
    "1952-12-08": "Immaculate Conception",
    "1952-12-24": "Christmas Eve",
    "1952-12-25": "Christmas Day",
    "1952-12-26": "Second Day of Christmas",
    "1952-12-31": "New Year's Eve",
    "1953-01-01": "New Year's Day",
    "1953-02-17": "Carnival",
    "1953-04-03": "Good Friday",
    "1953-04-05": "Easter Sunday",
    "1953-05-22": "Municipal Holiday of Leiria",
    "1953-06-04": "Corpus Christi",
    "1953-06-10": "Day of Cam\u00f5es, Portugal, and the Portuguese Race",
    "1953-06-13": "St. Anthony's Day",
    "1953-08-15": "Assumption Day",
    "1953-10-05": "Republic Day",
    "1953-11-01": "All Saints' Day",
    "1953-12-01": "Restoration of Independence Day",
    "1953-12-08": "Immaculate Conception",
    "1953-12-24": "Christmas Eve",
    "1953-12-25": "Christmas Day",
    "1953-12-26": "Second Day of Christmas",
    "1953-12-31": "New Year's Eve",
    "1954-01-01": "New Year's Day",
    "1954-03-02": "Carnival",
    "1954-04-16": "Good Friday",
    "1954-04-18": "Easter Sunday",
    "1954-05-22": "Municipal Holiday of Leiria",
    "1954-06-10": "Day of Cam\u00f5es, Portugal, and the Portuguese Race",
    "1954-06-13": "St. Anthony's Day",
    "1954-06-17": "Corpus Christi",
    "1954-08-15": "Assumption Day",
    "1954-10-05": "Republic Day",
    "1954-11-01": "All Saints' Day",
    "1954-12-01": "Restoration of Independence Day",
    "1954-12-08": "Immaculate Conception",
    "1954-12-24": "Christmas Eve",
    "1954-12-25": "Christmas Day",
    "1954-12-26": "Second Day of Christmas",
    "1954-12-31": "New Year's Eve",
    "1955-01-01": "New Year's Day",
    "1955-02-22": "Carnival",
    "1955-04-08": "Good Friday",
    "1955-04-10": "Easter Sunday",
    "1955-05-22": "Municipal Holiday of Leiria",
    "1955-06-09": "Corpus Christi",
    "1955-06-10": "Day of Cam\u00f5es, Portugal, and the Portuguese Race",
    "1955-06-13": "St. Anthony's Day",
    "1955-08-15": "Assumption Day",
    "1955-10-05": "Republic Day",
    "1955-11-01": "All Saints' Day",
    "1955-12-01": "Restoration of Independence Day",
    "1955-12-08": "Immaculate Conception",
    "1955-12-24": "Christmas Eve",
    "1955-12-25": "Christmas Day",
    "1955-12-26": "Second Day of Christmas",
    "1955-12-31": "New Year's Eve",
    "1956-01-01": "New Year's Day",
    "1956-02-14": "Carnival",
    "1956-03-30": "Good Friday",
    "1956-04-01": "Easter Sunday",
    "1956-05-22": "Municipal Holiday of Leiria",
    "1956-05-31": "Corpus Christi",
    "1956-06-10": "Day of Cam\u00f5es, Portugal, and the Portuguese Race",
    "1956-06-13": "St. Anthony's Day",
    "1956-08-15": "Assumption Day",
    "1956-10-05": "Republic Day",
    "1956-11-01": "All Saints' Day",
    "1956-12-01": "Restoration of Independence Day",
    "1956-12-08": "Immaculate Conception",
    "1956-12-24": "Christmas Eve",
    "1956-12-25": "Christmas Day",
    "1956-12-26": "Second Day of Christmas",
    "1956-12-31": "New Year's Eve",
    "1957-01-01": "New Year's Day",
    "1957-03-05": "Carnival",
    "1957-04-19": "Good Friday",
    "1957-04-21": "Easter Sunday",
    "1957-05-22": "Municipal Holiday of Leiria",
    "1957-06-10": "Day of Cam\u00f5es, Portugal, and the Portuguese Race",
    "1957-06-13": "St. Anthony's Day",
    "1957-06-20": "Corpus Christi",
    "1957-08-15": "Assumption Day",
    "1957-10-05": "Republic Day",
    "1957-11-01": "All Saints' Day",
    "1957-12-01": "Restoration of Independence Day",
    "1957-12-08": "Immaculate Conception",
    "1957-12-24": "Christmas Eve",
    "1957-12-25": "Christmas Day",
    "1957-12-26": "Second Day of Christmas",
    "1957-12-31": "New Year's Eve",
    "1958-01-01": "New Year's Day",
    "1958-02-18": "Carnival",
    "1958-04-04": "Good Friday",
    "1958-04-06": "Easter Sunday",
    "1958-05-22": "Municipal Holiday of Leiria",
    "1958-06-05": "Corpus Christi",
    "1958-06-10": "Day of Cam\u00f5es, Portugal, and the Portuguese Race",
    "1958-06-13": "St. Anthony's Day",
    "1958-08-15": "Assumption Day",
    "1958-10-05": "Republic Day",
    "1958-11-01": "All Saints' Day",
    "1958-12-01": "Restoration of Independence Day",
    "1958-12-08": "Immaculate Conception",
    "1958-12-24": "Christmas Eve",
    "1958-12-25": "Christmas Day",
    "1958-12-26": "Second Day of Christmas",
    "1958-12-31": "New Year's Eve",
    "1959-01-01": "New Year's Day",
    "1959-02-10": "Carnival",
    "1959-03-27": "Good Friday",
    "1959-03-29": "Easter Sunday",
    "1959-05-22": "Municipal Holiday of Leiria",
    "1959-05-28": "Corpus Christi",
    "1959-06-10": "Day of Cam\u00f5es, Portugal, and the Portuguese Race",
    "1959-06-13": "St. Anthony's Day",
    "1959-08-15": "Assumption Day",
    "1959-10-05": "Republic Day",
    "1959-11-01": "All Saints' Day",
    "1959-12-01": "Restoration of Independence Day",
    "1959-12-08": "Immaculate Conception",
    "1959-12-24": "Christmas Eve",
    "1959-12-25": "Christmas Day",
    "1959-12-26": "Second Day of Christmas",
    "1959-12-31": "New Year's Eve",
    "1960-01-01": "New Year's Day",
    "1960-03-01": "Carnival",
    "1960-04-15": "Good Friday",
    "1960-04-17": "Easter Sunday",
    "1960-05-22": "Municipal Holiday of Leiria",
    "1960-06-10": "Day of Cam\u00f5es, Portugal, and the Portuguese Race",
    "1960-06-13": "St. Anthony's Day",
    "1960-06-16": "Corpus Christi",
    "1960-08-15": "Assumption Day",
    "1960-10-05": "Republic Day",
    "1960-11-01": "All Saints' Day",
    "1960-12-01": "Restoration of Independence Day",
    "1960-12-08": "Immaculate Conception",
    "1960-12-24": "Christmas Eve",
    "1960-12-25": "Christmas Day",
    "1960-12-26": "Second Day of Christmas",
    "1960-12-31": "New Year's Eve",
    "1961-01-01": "New Year's Day",
    "1961-02-14": "Carnival",
    "1961-03-31": "Good Friday",
    "1961-04-02": "Easter Sunday",
    "1961-05-22": "Municipal Holiday of Leiria",
    "1961-06-01": "Corpus Christi",
    "1961-06-10": "Day of Cam\u00f5es, Portugal, and the Portuguese Race",
    "1961-06-13": "St. Anthony's Day",
    "1961-08-15": "Assumption Day",
    "1961-10-05": "Republic Day",
    "1961-11-01": "All Saints' Day",
    "1961-12-01": "Restoration of Independence Day",
    "1961-12-08": "Immaculate Conception",
    "1961-12-24": "Christmas Eve",
    "1961-12-25": "Christmas Day",
    "1961-12-26": "Second Day of Christmas",
    "1961-12-31": "New Year's Eve",
    "1962-01-01": "New Year's Day",
    "1962-03-06": "Carnival",
    "1962-04-20": "Good Friday",
    "1962-04-22": "Easter Sunday",
    "1962-05-22": "Municipal Holiday of Leiria",
    "1962-06-10": "Day of Cam\u00f5es, Portugal, and the Portuguese Race",
    "1962-06-13": "St. Anthony's Day",
    "1962-06-21": "Corpus Christi",
    "1962-08-15": "Assumption Day",
    "1962-10-05": "Republic Day",
    "1962-11-01": "All Saints' Day",
    "1962-12-01": "Restoration of Independence Day",
    "1962-12-08": "Immaculate Conception",
    "1962-12-24": "Christmas Eve",
    "1962-12-25": "Christmas Day",
    "1962-12-26": "Second Day of Christmas",
    "1962-12-31": "New Year's Eve",
    "1963-01-01": "New Year's Day",
    "1963-02-26": "Carnival",
    "1963-04-12": "Good Friday",
    "1963-04-14": "Easter Sunday",
    "1963-05-22": "Municipal Holiday of Leiria",
    "1963-06-10": "Day of Cam\u00f5es, Portugal, and the Portuguese Race",
    "1963-06-13": "Corpus Christi; St. Anthony's Day",
    "1963-08-15": "Assumption Day",
    "1963-10-05": "Republic Day",
    "1963-11-01": "All Saints' Day",
    "1963-12-01": "Restoration of Independence Day",
    "1963-12-08": "Immaculate Conception",
    "1963-12-24": "Christmas Eve",
    "1963-12-25": "Christmas Day",
    "1963-12-26": "Second Day of Christmas",
    "1963-12-31": "New Year's Eve",
    "1964-01-01": "New Year's Day",
    "1964-02-11": "Carnival",
    "1964-03-27": "Good Friday",
    "1964-03-29": "Easter Sunday",
    "1964-05-22": "Municipal Holiday of Leiria",
    "1964-05-28": "Corpus Christi",
    "1964-06-10": "Day of Cam\u00f5es, Portugal, and the Portuguese Race",
    "1964-06-13": "St. Anthony's Day",
    "1964-08-15": "Assumption Day",
    "1964-10-05": "Republic Day",
    "1964-11-01": "All Saints' Day",
    "1964-12-01": "Restoration of Independence Day",
    "1964-12-08": "Immaculate Conception",
    "1964-12-24": "Christmas Eve",
    "1964-12-25": "Christmas Day",
    "1964-12-26": "Second Day of Christmas",
    "1964-12-31": "New Year's Eve",
    "1965-01-01": "New Year's Day",
    "1965-03-02": "Carnival",
    "1965-04-16": "Good Friday",
    "1965-04-18": "Easter Sunday",
    "1965-05-22": "Municipal Holiday of Leiria",
    "1965-06-10": "Day of Cam\u00f5es, Portugal, and the Portuguese Race",
    "1965-06-13": "St. Anthony's Day",
    "1965-06-17": "Corpus Christi",
    "1965-08-15": "Assumption Day",
    "1965-10-05": "Republic Day",
    "1965-11-01": "All Saints' Day",
    "1965-12-01": "Restoration of Independence Day",
    "1965-12-08": "Immaculate Conception",
    "1965-12-24": "Christmas Eve",
    "1965-12-25": "Christmas Day",
    "1965-12-26": "Second Day of Christmas",
    "1965-12-31": "New Year's Eve",
    "1966-01-01": "New Year's Day",
    "1966-02-22": "Carnival",
    "1966-04-08": "Good Friday",
    "1966-04-10": "Easter Sunday",
    "1966-05-22": "Municipal Holiday of Leiria",
    "1966-06-09": "Corpus Christi",
    "1966-06-10": "Day of Cam\u00f5es, Portugal, and the Portuguese Race",
    "1966-06-13": "St. Anthony's Day",
    "1966-08-15": "Assumption Day",
    "1966-10-05": "Republic Day",
    "1966-11-01": "All Saints' Day",
    "1966-12-01": "Restoration of Independence Day",
    "1966-12-08": "Immaculate Conception",
    "1966-12-24": "Christmas Eve",
    "1966-12-25": "Christmas Day",
    "1966-12-26": "Second Day of Christmas",
    "1966-12-31": "New Year's Eve",
    "1967-01-01": "New Year's Day",
    "1967-02-07": "Carnival",
    "1967-03-24": "Good Friday",
    "1967-03-26": "Easter Sunday",
    "1967-05-22": "Municipal Holiday of Leiria",
    "1967-05-25": "Corpus Christi",
    "1967-06-10": "Day of Cam\u00f5es, Portugal, and the Portuguese Race",
    "1967-06-13": "St. Anthony's Day",
    "1967-08-15": "Assumption Day",
    "1967-10-05": "Republic Day",
    "1967-11-01": "All Saints' Day",
    "1967-12-01": "Restoration of Independence Day",
    "1967-12-08": "Immaculate Conception",
    "1967-12-24": "Christmas Eve",
    "1967-12-25": "Christmas Day",
    "1967-12-26": "Second Day of Christmas",
    "1967-12-31": "New Year's Eve",
    "1968-01-01": "New Year's Day",
    "1968-02-27": "Carnival",
    "1968-04-12": "Good Friday",
    "1968-04-14": "Easter Sunday",
    "1968-05-22": "Municipal Holiday of Leiria",
    "1968-06-10": "Day of Cam\u00f5es, Portugal, and the Portuguese Race",
    "1968-06-13": "Corpus Christi; St. Anthony's Day",
    "1968-08-15": "Assumption Day",
    "1968-10-05": "Republic Day",
    "1968-11-01": "All Saints' Day",
    "1968-12-01": "Restoration of Independence Day",
    "1968-12-08": "Immaculate Conception",
    "1968-12-24": "Christmas Eve",
    "1968-12-25": "Christmas Day",
    "1968-12-26": "Second Day of Christmas",
    "1968-12-31": "New Year's Eve",
    "1969-01-01": "New Year's Day",
    "1969-02-18": "Carnival",
    "1969-04-04": "Good Friday",
    "1969-04-06": "Easter Sunday",
    "1969-05-22": "Municipal Holiday of Leiria",
    "1969-06-05": "Corpus Christi",
    "1969-06-10": "Day of Cam\u00f5es, Portugal, and the Portuguese Race",
    "1969-06-13": "St. Anthony's Day",
    "1969-08-15": "Assumption Day",
    "1969-10-05": "Republic Day",
    "1969-11-01": "All Saints' Day",
    "1969-12-01": "Restoration of Independence Day",
    "1969-12-08": "Immaculate Conception",
    "1969-12-24": "Christmas Eve",
    "1969-12-25": "Christmas Day",
    "1969-12-26": "Second Day of Christmas",
    "1969-12-31": "New Year's Eve",
    "1970-01-01": "New Year's Day",
    "1970-02-10": "Carnival",
    "1970-03-27": "Good Friday",
    "1970-03-29": "Easter Sunday",
    "1970-05-22": "Municipal Holiday of Leiria",
    "1970-05-28": "Corpus Christi",
    "1970-06-10": "Day of Cam\u00f5es, Portugal, and the Portuguese Race",
    "1970-06-13": "St. Anthony's Day",
    "1970-08-15": "Assumption Day",
    "1970-10-05": "Republic Day",
    "1970-11-01": "All Saints' Day",
    "1970-12-01": "Restoration of Independence Day",
    "1970-12-08": "Immaculate Conception",
    "1970-12-24": "Christmas Eve",
    "1970-12-25": "Christmas Day",
    "1970-12-26": "Second Day of Christmas",
    "1970-12-31": "New Year's Eve",
    "1971-01-01": "New Year's Day",
    "1971-02-23": "Carnival",
    "1971-04-09": "Good Friday",
    "1971-04-11": "Easter Sunday",
    "1971-05-22": "Municipal Holiday of Leiria",
    "1971-06-10": "Corpus Christi; Day of Cam\u00f5es, Portugal, and the Portuguese Race",
    "1971-06-13": "St. Anthony's Day",
    "1971-08-15": "Assumption Day",
    "1971-10-05": "Republic Day",
    "1971-11-01": "All Saints' Day",
    "1971-12-01": "Restoration of Independence Day",
    "1971-12-08": "Immaculate Conception",
    "1971-12-24": "Christmas Eve",
    "1971-12-25": "Christmas Day",
    "1971-12-26": "Second Day of Christmas",
    "1971-12-31": "New Year's Eve",
    "1972-01-01": "New Year's Day",
    "1972-02-15": "Carnival",
    "1972-03-31": "Good Friday",
    "1972-04-02": "Easter Sunday",
    "1972-05-22": "Municipal Holiday of Leiria",
    "1972-06-01": "Corpus Christi",
    "1972-06-10": "Day of Cam\u00f5es, Portugal, and the Portuguese Race",
    "1972-06-13": "St. Anthony's Day",
    "1972-08-15": "Assumption Day",
    "1972-10-05": "Republic Day",
    "1972-11-01": "All Saints' Day",
    "1972-12-01": "Restoration of Independence Day",
    "1972-12-08": "Immaculate Conception",
    "1972-12-24": "Christmas Eve",
    "1972-12-25": "Christmas Day",
    "1972-12-26": "Second Day of Christmas",
    "1972-12-31": "New Year's Eve",
    "1973-01-01": "New Year's Day",
    "1973-03-06": "Carnival",
    "1973-04-20": "Good Friday",
    "1973-04-22": "Easter Sunday",
    "1973-05-22": "Municipal Holiday of Leiria",
    "1973-06-10": "Day of Cam\u00f5es, Portugal, and the Portuguese Race",
    "1973-06-13": "St. Anthony's Day",
    "1973-06-21": "Corpus Christi",
    "1973-08-15": "Assumption Day",
    "1973-10-05": "Republic Day",
    "1973-11-01": "All Saints' Day",
    "1973-12-01": "Restoration of Independence Day",
    "1973-12-08": "Immaculate Conception",
    "1973-12-24": "Christmas Eve",
    "1973-12-25": "Christmas Day",
    "1973-12-26": "Second Day of Christmas",
    "1973-12-31": "New Year's Eve",
    "1974-01-01": "New Year's Day",
    "1974-02-26": "Carnival",
    "1974-04-12": "Good Friday",
    "1974-04-14": "Easter Sunday",
    "1974-04-25": "Freedom Day",
    "1974-05-01": "Labor Day",
    "1974-05-22": "Municipal Holiday of Leiria",
    "1974-06-10": "Portugal Day",
    "1974-06-13": "Corpus Christi; St. Anthony's Day",
    "1974-08-15": "Assumption Day",
    "1974-10-05": "Republic Day",
    "1974-11-01": "All Saints' Day",
    "1974-12-01": "Restoration of Independence Day",
    "1974-12-08": "Immaculate Conception",
    "1974-12-24": "Christmas Eve",
    "1974-12-25": "Christmas Day",
    "1974-12-26": "Second Day of Christmas",
    "1974-12-31": "New Year's Eve",
    "1975-01-01": "New Year's Day",
    "1975-02-11": "Carnival",
    "1975-03-28": "Good Friday",
    "1975-03-30": "Easter Sunday",
    "1975-04-25": "Freedom Day",
    "1975-05-01": "Labor Day",
    "1975-05-22": "Municipal Holiday of Leiria",
    "1975-05-29": "Corpus Christi",
    "1975-06-10": "Portugal Day",
    "1975-06-13": "St. Anthony's Day",
    "1975-08-15": "Assumption Day",
    "1975-10-05": "Republic Day",
    "1975-11-01": "All Saints' Day",
    "1975-12-01": "Restoration of Independence Day",
    "1975-12-08": "Immaculate Conception",
    "1975-12-24": "Christmas Eve",
    "1975-12-25": "Christmas Day",
    "1975-12-26": "Second Day of Christmas",
    "1975-12-31": "New Year's Eve",
    "1976-01-01": "New Year's Day",
    "1976-03-02": "Carnival",
    "1976-04-16": "Good Friday",
    "1976-04-18": "Easter Sunday",
    "1976-04-25": "Freedom Day",
    "1976-05-01": "Labor Day",
    "1976-05-22": "Municipal Holiday of Leiria",
    "1976-06-10": "Portugal Day",
    "1976-06-13": "St. Anthony's Day",
    "1976-06-17": "Corpus Christi",
    "1976-08-15": "Assumption Day",
    "1976-10-05": "Republic Day",
    "1976-11-01": "All Saints' Day",
    "1976-12-01": "Restoration of Independence Day",
    "1976-12-08": "Immaculate Conception",
    "1976-12-24": "Christmas Eve",
    "1976-12-25": "Christmas Day",
    "1976-12-26": "Second Day of Christmas",
    "1976-12-31": "New Year's Eve",
    "1977-01-01": "New Year's Day",
    "1977-02-22": "Carnival",
    "1977-04-08": "Good Friday",
    "1977-04-10": "Easter Sunday",
    "1977-04-25": "Freedom Day",
    "1977-05-01": "Labor Day",
    "1977-05-22": "Municipal Holiday of Leiria",
    "1977-06-09": "Corpus Christi",
    "1977-06-10": "Portugal Day",
    "1977-06-13": "St. Anthony's Day",
    "1977-08-15": "Assumption Day",
    "1977-10-05": "Republic Day",
    "1977-11-01": "All Saints' Day",
    "1977-12-01": "Restoration of Independence Day",
    "1977-12-08": "Immaculate Conception",
    "1977-12-24": "Christmas Eve",
    "1977-12-25": "Christmas Day",
    "1977-12-26": "Second Day of Christmas",
    "1977-12-31": "New Year's Eve",
    "1978-01-01": "New Year's Day",
    "1978-02-07": "Carnival",
    "1978-03-24": "Good Friday",
    "1978-03-26": "Easter Sunday",
    "1978-04-25": "Freedom Day",
    "1978-05-01": "Labor Day",
    "1978-05-22": "Municipal Holiday of Leiria",
    "1978-05-25": "Corpus Christi",
    "1978-06-10": "Day of Portugal, Cam\u00f5es, and the Portuguese Communities",
    "1978-06-13": "St. Anthony's Day",
    "1978-08-15": "Assumption Day",
    "1978-10-05": "Republic Day",
    "1978-11-01": "All Saints' Day",
    "1978-12-01": "Restoration of Independence Day",
    "1978-12-08": "Immaculate Conception",
    "1978-12-24": "Christmas Eve",
    "1978-12-25": "Christmas Day",
    "1978-12-26": "Second Day of Christmas",
    "1978-12-31": "New Year's Eve",
    "1979-01-01": "New Year's Day",
    "1979-02-27": "Carnival",
    "1979-04-13": "Good Friday",
    "1979-04-15": "Easter Sunday",
    "1979-04-25": "Freedom Day",
    "1979-05-01": "Labor Day",
    "1979-05-22": "Municipal Holiday of Leiria",
    "1979-06-10": "Day of Portugal, Cam\u00f5es, and the Portuguese Communities",
    "1979-06-13": "St. Anthony's Day",
    "1979-06-14": "Corpus Christi",
    "1979-08-15": "Assumption Day",
    "1979-10-05": "Republic Day",
    "1979-11-01": "All Saints' Day",
    "1979-12-01": "Restoration of Independence Day",
    "1979-12-08": "Immaculate Conception",
    "1979-12-24": "Christmas Eve",
    "1979-12-25": "Christmas Day",
    "1979-12-26": "Second Day of Christmas",
    "1979-12-31": "New Year's Eve",
    "1980-01-01": "New Year's Day",
    "1980-02-19": "Carnival",
    "1980-04-04": "Good Friday",
    "1980-04-06": "Easter Sunday",
    "1980-04-25": "Freedom Day",
    "1980-05-01": "Labor Day",
    "1980-05-22": "Municipal Holiday of Leiria",
    "1980-06-05": "Corpus Christi",
    "1980-06-10": "Day of Portugal, Cam\u00f5es, and the Portuguese Communities",
    "1980-06-13": "St. Anthony's Day",
    "1980-08-15": "Assumption Day",
    "1980-10-05": "Republic Day",
    "1980-11-01": "All Saints' Day",
    "1980-12-01": "Restoration of Independence Day",
    "1980-12-08": "Immaculate Conception",
    "1980-12-24": "Christmas Eve",
    "1980-12-25": "Christmas Day",
    "1980-12-26": "Second Day of Christmas",
    "1980-12-31": "New Year's Eve",
    "1981-01-01": "New Year's Day",
    "1981-03-03": "Carnival",
    "1981-04-17": "Good Friday",
    "1981-04-19": "Easter Sunday",
    "1981-04-25": "Freedom Day",
    "1981-05-01": "Labor Day",
    "1981-05-22": "Municipal Holiday of Leiria",
    "1981-06-10": "Day of Portugal, Cam\u00f5es, and the Portuguese Communities",
    "1981-06-13": "St. Anthony's Day",
    "1981-06-18": "Corpus Christi",
    "1981-08-15": "Assumption Day",
    "1981-10-05": "Republic Day",
    "1981-11-01": "All Saints' Day",
    "1981-12-01": "Restoration of Independence Day",
    "1981-12-08": "Immaculate Conception",
    "1981-12-24": "Christmas Eve",
    "1981-12-25": "Christmas Day",
    "1981-12-26": "Second Day of Christmas",
    "1981-12-31": "New Year's Eve",
    "1982-01-01": "New Year's Day",
    "1982-02-23": "Carnival",
    "1982-04-09": "Good Friday",
    "1982-04-11": "Easter Sunday",
    "1982-04-25": "Freedom Day",
    "1982-05-01": "Labor Day",
    "1982-05-22": "Municipal Holiday of Leiria",
    "1982-06-10": "Corpus Christi; Day of Portugal, Cam\u00f5es, and the Portuguese Communities",
    "1982-06-13": "St. Anthony's Day",
    "1982-08-15": "Assumption Day",
    "1982-10-05": "Republic Day",
    "1982-11-01": "All Saints' Day",
    "1982-12-01": "Restoration of Independence Day",
    "1982-12-08": "Immaculate Conception",
    "1982-12-24": "Christmas Eve",
    "1982-12-25": "Christmas Day",
    "1982-12-26": "Second Day of Christmas",
    "1982-12-31": "New Year's Eve",
    "1983-01-01": "New Year's Day",
    "1983-02-15": "Carnival",
    "1983-04-01": "Good Friday",
    "1983-04-03": "Easter Sunday",
    "1983-04-25": "Freedom Day",
    "1983-05-01": "Labor Day",
    "1983-05-22": "Municipal Holiday of Leiria",
    "1983-06-02": "Corpus Christi",
    "1983-06-10": "Day of Portugal, Cam\u00f5es, and the Portuguese Communities",
    "1983-06-13": "St. Anthony's Day",
    "1983-08-15": "Assumption Day",
    "1983-10-05": "Republic Day",
    "1983-11-01": "All Saints' Day",
    "1983-12-01": "Restoration of Independence Day",
    "1983-12-08": "Immaculate Conception",
    "1983-12-24": "Christmas Eve",
    "1983-12-25": "Christmas Day",
    "1983-12-26": "Second Day of Christmas",
    "1983-12-31": "New Year's Eve",
    "1984-01-01": "New Year's Day",
    "1984-03-06": "Carnival",
    "1984-04-20": "Good Friday",
    "1984-04-22": "Easter Sunday",
    "1984-04-25": "Freedom Day",
    "1984-05-01": "Labor Day",
    "1984-05-22": "Municipal Holiday of Leiria",
    "1984-06-10": "Day of Portugal, Cam\u00f5es, and the Portuguese Communities",
    "1984-06-13": "St. Anthony's Day",
    "1984-06-21": "Corpus Christi",
    "1984-08-15": "Assumption Day",
    "1984-10-05": "Republic Day",
    "1984-11-01": "All Saints' Day",
    "1984-12-01": "Restoration of Independence Day",
    "1984-12-08": "Immaculate Conception",
    "1984-12-24": "Christmas Eve",
    "1984-12-25": "Christmas Day",
    "1984-12-26": "Second Day of Christmas",
    "1984-12-31": "New Year's Eve",
    "1985-01-01": "New Year's Day",
    "1985-02-19": "Carnival",
    "1985-04-05": "Good Friday",
    "1985-04-07": "Easter Sunday",
    "1985-04-25": "Freedom Day",
    "1985-05-01": "Labor Day",
    "1985-05-22": "Municipal Holiday of Leiria",
    "1985-06-06": "Corpus Christi",
    "1985-06-10": "Day of Portugal, Cam\u00f5es, and the Portuguese Communities",
    "1985-06-13": "St. Anthony's Day",
    "1985-08-15": "Assumption Day",
    "1985-10-05": "Republic Day",
    "1985-11-01": "All Saints' Day",
    "1985-12-01": "Restoration of Independence Day",
    "1985-12-08": "Immaculate Conception",
    "1985-12-24": "Christmas Eve",
    "1985-12-25": "Christmas Day",
    "1985-12-26": "Second Day of Christmas",
    "1985-12-31": "New Year's Eve",
    "1986-01-01": "New Year's Day",
    "1986-02-11": "Carnival",
    "1986-03-28": "Good Friday",
    "1986-03-30": "Easter Sunday",
    "1986-04-25": "Freedom Day",
    "1986-05-01": "Labor Day",
    "1986-05-22": "Municipal Holiday of Leiria",
    "1986-05-29": "Corpus Christi",
    "1986-06-10": "Day of Portugal, Cam\u00f5es, and the Portuguese Communities",
    "1986-06-13": "St. Anthony's Day",
    "1986-08-15": "Assumption Day",
    "1986-10-05": "Republic Day",
    "1986-11-01": "All Saints' Day",
    "1986-12-01": "Restoration of Independence Day",
    "1986-12-08": "Immaculate Conception",
    "1986-12-24": "Christmas Eve",
    "1986-12-25": "Christmas Day",
    "1986-12-26": "Second Day of Christmas",
    "1986-12-31": "New Year's Eve",
    "1987-01-01": "New Year's Day",
    "1987-03-03": "Carnival",
    "1987-04-17": "Good Friday",
    "1987-04-19": "Easter Sunday",
    "1987-04-25": "Freedom Day",
    "1987-05-01": "Labor Day",
    "1987-05-22": "Municipal Holiday of Leiria",
    "1987-06-10": "Day of Portugal, Cam\u00f5es, and the Portuguese Communities",
    "1987-06-13": "St. Anthony's Day",
    "1987-06-18": "Corpus Christi",
    "1987-08-15": "Assumption Day",
    "1987-10-05": "Republic Day",
    "1987-11-01": "All Saints' Day",
    "1987-12-01": "Restoration of Independence Day",
    "1987-12-08": "Immaculate Conception",
    "1987-12-24": "Christmas Eve",
    "1987-12-25": "Christmas Day",
    "1987-12-26": "Second Day of Christmas",
    "1987-12-31": "New Year's Eve",
    "1988-01-01": "New Year's Day",
    "1988-02-16": "Carnival",
    "1988-04-01": "Good Friday",
    "1988-04-03": "Easter Sunday",
    "1988-04-25": "Freedom Day",
    "1988-05-01": "Labor Day",
    "1988-05-22": "Municipal Holiday of Leiria",
    "1988-06-02": "Corpus Christi",
    "1988-06-10": "Day of Portugal, Cam\u00f5es, and the Portuguese Communities",
    "1988-06-13": "St. Anthony's Day",
    "1988-08-15": "Assumption Day",
    "1988-10-05": "Republic Day",
    "1988-11-01": "All Saints' Day",
    "1988-12-01": "Restoration of Independence Day",
    "1988-12-08": "Immaculate Conception",
    "1988-12-24": "Christmas Eve",
    "1988-12-25": "Christmas Day",
    "1988-12-26": "Second Day of Christmas",
    "1988-12-31": "New Year's Eve",
    "1989-01-01": "New Year's Day",
    "1989-02-07": "Carnival",
    "1989-03-24": "Good Friday",
    "1989-03-26": "Easter Sunday",
    "1989-04-25": "Freedom Day",
    "1989-05-01": "Labor Day",
    "1989-05-22": "Municipal Holiday of Leiria",
    "1989-05-25": "Corpus Christi",
    "1989-06-10": "Day of Portugal, Cam\u00f5es, and the Portuguese Communities",
    "1989-06-13": "St. Anthony's Day",
    "1989-08-15": "Assumption Day",
    "1989-10-05": "Republic Day",
    "1989-11-01": "All Saints' Day",
    "1989-12-01": "Restoration of Independence Day",
    "1989-12-08": "Immaculate Conception",
    "1989-12-24": "Christmas Eve",
    "1989-12-25": "Christmas Day",
    "1989-12-26": "Second Day of Christmas",
    "1989-12-31": "New Year's Eve",
    "1990-01-01": "New Year's Day",
    "1990-02-27": "Carnival",
    "1990-04-13": "Good Friday",
    "1990-04-15": "Easter Sunday",
    "1990-04-25": "Freedom Day",
    "1990-05-01": "Labor Day",
    "1990-05-22": "Municipal Holiday of Leiria",
    "1990-06-10": "Day of Portugal, Cam\u00f5es, and the Portuguese Communities",
    "1990-06-13": "St. Anthony's Day",
    "1990-06-14": "Corpus Christi",
    "1990-08-15": "Assumption Day",
    "1990-10-05": "Republic Day",
    "1990-11-01": "All Saints' Day",
    "1990-12-01": "Restoration of Independence Day",
    "1990-12-08": "Immaculate Conception",
    "1990-12-24": "Christmas Eve",
    "1990-12-25": "Christmas Day",
    "1990-12-26": "Second Day of Christmas",
    "1990-12-31": "New Year's Eve",
    "1991-01-01": "New Year's Day",
    "1991-02-12": "Carnival",
    "1991-03-29": "Good Friday",
    "1991-03-31": "Easter Sunday",
    "1991-04-25": "Freedom Day",
    "1991-05-01": "Labor Day",
    "1991-05-22": "Municipal Holiday of Leiria",
    "1991-05-30": "Corpus Christi",
    "1991-06-10": "Day of Portugal, Cam\u00f5es, and the Portuguese Communities",
    "1991-06-13": "St. Anthony's Day",
    "1991-08-15": "Assumption Day",
    "1991-10-05": "Republic Day",
    "1991-11-01": "All Saints' Day",
    "1991-12-01": "Restoration of Independence Day",
    "1991-12-08": "Immaculate Conception",
    "1991-12-24": "Christmas Eve",
    "1991-12-25": "Christmas Day",
    "1991-12-26": "Second Day of Christmas",
    "1991-12-31": "New Year's Eve",
    "1992-01-01": "New Year's Day",
    "1992-03-03": "Carnival",
    "1992-04-17": "Good Friday",
    "1992-04-19": "Easter Sunday",
    "1992-04-25": "Freedom Day",
    "1992-05-01": "Labor Day",
    "1992-05-22": "Municipal Holiday of Leiria",
    "1992-06-10": "Day of Portugal, Cam\u00f5es, and the Portuguese Communities",
    "1992-06-13": "St. Anthony's Day",
    "1992-06-18": "Corpus Christi",
    "1992-08-15": "Assumption Day",
    "1992-10-05": "Republic Day",
    "1992-11-01": "All Saints' Day",
    "1992-12-01": "Restoration of Independence Day",
    "1992-12-08": "Immaculate Conception",
    "1992-12-24": "Christmas Eve",
    "1992-12-25": "Christmas Day",
    "1992-12-26": "Second Day of Christmas",
    "1992-12-31": "New Year's Eve",
    "1993-01-01": "New Year's Day",
    "1993-02-23": "Carnival",
    "1993-04-09": "Good Friday",
    "1993-04-11": "Easter Sunday",
    "1993-04-25": "Freedom Day",
    "1993-05-01": "Labor Day",
    "1993-05-22": "Municipal Holiday of Leiria",
    "1993-06-10": "Corpus Christi; Day of Portugal, Cam\u00f5es, and the Portuguese Communities",
    "1993-06-13": "St. Anthony's Day",
    "1993-08-15": "Assumption Day",
    "1993-10-05": "Republic Day",
    "1993-11-01": "All Saints' Day",
    "1993-12-01": "Restoration of Independence Day",
    "1993-12-08": "Immaculate Conception",
    "1993-12-24": "Christmas Eve",
    "1993-12-25": "Christmas Day",
    "1993-12-26": "Second Day of Christmas",
    "1993-12-31": "New Year's Eve",
    "1994-01-01": "New Year's Day",
    "1994-02-15": "Carnival",
    "1994-04-01": "Good Friday",
    "1994-04-03": "Easter Sunday",
    "1994-04-25": "Freedom Day",
    "1994-05-01": "Labor Day",
    "1994-05-22": "Municipal Holiday of Leiria",
    "1994-06-02": "Corpus Christi",
    "1994-06-10": "Day of Portugal, Cam\u00f5es, and the Portuguese Communities",
    "1994-06-13": "St. Anthony's Day",
    "1994-08-15": "Assumption Day",
    "1994-10-05": "Republic Day",
    "1994-11-01": "All Saints' Day",
    "1994-12-01": "Restoration of Independence Day",
    "1994-12-08": "Immaculate Conception",
    "1994-12-24": "Christmas Eve",
    "1994-12-25": "Christmas Day",
    "1994-12-26": "Second Day of Christmas",
    "1994-12-31": "New Year's Eve",
    "1995-01-01": "New Year's Day",
    "1995-02-28": "Carnival",
    "1995-04-14": "Good Friday",
    "1995-04-16": "Easter Sunday",
    "1995-04-25": "Freedom Day",
    "1995-05-01": "Labor Day",
    "1995-05-22": "Municipal Holiday of Leiria",
    "1995-06-10": "Day of Portugal, Cam\u00f5es, and the Portuguese Communities",
    "1995-06-13": "St. Anthony's Day",
    "1995-06-15": "Corpus Christi",
    "1995-08-15": "Assumption Day",
    "1995-10-05": "Republic Day",
    "1995-11-01": "All Saints' Day",
    "1995-12-01": "Restoration of Independence Day",
    "1995-12-08": "Immaculate Conception",
    "1995-12-24": "Christmas Eve",
    "1995-12-25": "Christmas Day",
    "1995-12-26": "Second Day of Christmas",
    "1995-12-31": "New Year's Eve",
    "1996-01-01": "New Year's Day",
    "1996-02-20": "Carnival",
    "1996-04-05": "Good Friday",
    "1996-04-07": "Easter Sunday",
    "1996-04-25": "Freedom Day",
    "1996-05-01": "Labor Day",
    "1996-05-22": "Municipal Holiday of Leiria",
    "1996-06-06": "Corpus Christi",
    "1996-06-10": "Day of Portugal, Cam\u00f5es, and the Portuguese Communities",
    "1996-06-13": "St. Anthony's Day",
    "1996-08-15": "Assumption Day",
    "1996-10-05": "Republic Day",
    "1996-11-01": "All Saints' Day",
    "1996-12-01": "Restoration of Independence Day",
    "1996-12-08": "Immaculate Conception",
    "1996-12-24": "Christmas Eve",
    "1996-12-25": "Christmas Day",
    "1996-12-26": "Second Day of Christmas",
    "1996-12-31": "New Year's Eve",
    "1997-01-01": "New Year's Day",
    "1997-02-11": "Carnival",
    "1997-03-28": "Good Friday",
    "1997-03-30": "Easter Sunday",
    "1997-04-25": "Freedom Day",
    "1997-05-01": "Labor Day",
    "1997-05-22": "Municipal Holiday of Leiria",
    "1997-05-29": "Corpus Christi",
    "1997-06-10": "Day of Portugal, Cam\u00f5es, and the Portuguese Communities",
    "1997-06-13": "St. Anthony's Day",
    "1997-08-15": "Assumption Day",
    "1997-10-05": "Republic Day",
    "1997-11-01": "All Saints' Day",
    "1997-12-01": "Restoration of Independence Day",
    "1997-12-08": "Immaculate Conception",
    "1997-12-24": "Christmas Eve",
    "1997-12-25": "Christmas Day",
    "1997-12-26": "Second Day of Christmas",
    "1997-12-31": "New Year's Eve",
    "1998-01-01": "New Year's Day",
    "1998-02-24": "Carnival",
    "1998-04-10": "Good Friday",
    "1998-04-12": "Easter Sunday",
    "1998-04-25": "Freedom Day",
    "1998-05-01": "Labor Day",
    "1998-05-22": "Municipal Holiday of Leiria",
    "1998-06-10": "Day of Portugal, Cam\u00f5es, and the Portuguese Communities",
    "1998-06-11": "Corpus Christi",
    "1998-06-13": "St. Anthony's Day",
    "1998-08-15": "Assumption Day",
    "1998-10-05": "Republic Day",
    "1998-11-01": "All Saints' Day",
    "1998-12-01": "Restoration of Independence Day",
    "1998-12-08": "Immaculate Conception",
    "1998-12-24": "Christmas Eve",
    "1998-12-25": "Christmas Day",
    "1998-12-26": "Second Day of Christmas",
    "1998-12-31": "New Year's Eve",
    "1999-01-01": "New Year's Day",
    "1999-02-16": "Carnival",
    "1999-04-02": "Good Friday",
    "1999-04-04": "Easter Sunday",
    "1999-04-25": "Freedom Day",
    "1999-05-01": "Labor Day",
    "1999-05-22": "Municipal Holiday of Leiria",
    "1999-06-03": "Corpus Christi",
    "1999-06-10": "Day of Portugal, Cam\u00f5es, and the Portuguese Communities",
    "1999-06-13": "St. Anthony's Day",
    "1999-08-15": "Assumption Day",
    "1999-10-05": "Republic Day",
    "1999-11-01": "All Saints' Day",
    "1999-12-01": "Restoration of Independence Day",
    "1999-12-08": "Immaculate Conception",
    "1999-12-24": "Christmas Eve",
    "1999-12-25": "Christmas Day",
    "1999-12-26": "Second Day of Christmas",
    "1999-12-31": "New Year's Eve",
    "2000-01-01": "New Year's Day",
    "2000-03-07": "Carnival",
    "2000-04-21": "Good Friday",
    "2000-04-23": "Easter Sunday",
    "2000-04-25": "Freedom Day",
    "2000-05-01": "Labor Day",
    "2000-05-22": "Municipal Holiday of Leiria",
    "2000-06-10": "Day of Portugal, Cam\u00f5es, and the Portuguese Communities",
    "2000-06-13": "St. Anthony's Day",
    "2000-06-22": "Corpus Christi",
    "2000-08-15": "Assumption Day",
    "2000-10-05": "Republic Day",
    "2000-11-01": "All Saints' Day",
    "2000-12-01": "Restoration of Independence Day",
    "2000-12-08": "Immaculate Conception",
    "2000-12-24": "Christmas Eve",
    "2000-12-25": "Christmas Day",
    "2000-12-26": "Second Day of Christmas",
    "2000-12-31": "New Year's Eve",
    "2001-01-01": "New Year's Day",
    "2001-02-27": "Carnival",
    "2001-04-13": "Good Friday",
    "2001-04-15": "Easter Sunday",
    "2001-04-25": "Freedom Day",
    "2001-05-01": "Labor Day",
    "2001-05-22": "Municipal Holiday of Leiria",
    "2001-06-10": "Day of Portugal, Cam\u00f5es, and the Portuguese Communities",
    "2001-06-13": "St. Anthony's Day",
    "2001-06-14": "Corpus Christi",
    "2001-08-15": "Assumption Day",
    "2001-10-05": "Republic Day",
    "2001-11-01": "All Saints' Day",
    "2001-12-01": "Restoration of Independence Day",
    "2001-12-08": "Immaculate Conception",
    "2001-12-24": "Christmas Eve",
    "2001-12-25": "Christmas Day",
    "2001-12-26": "Second Day of Christmas",
    "2001-12-31": "New Year's Eve",
    "2002-01-01": "New Year's Day",
    "2002-02-12": "Carnival",
    "2002-03-29": "Good Friday",
    "2002-03-31": "Easter Sunday",
    "2002-04-25": "Freedom Day",
    "2002-05-01": "Labor Day",
    "2002-05-22": "Municipal Holiday of Leiria",
    "2002-05-30": "Corpus Christi",
    "2002-06-10": "Day of Portugal, Cam\u00f5es, and the Portuguese Communities",
    "2002-06-13": "St. Anthony's Day",
    "2002-08-15": "Assumption Day",
    "2002-10-05": "Republic Day",
    "2002-11-01": "All Saints' Day",
    "2002-12-01": "Restoration of Independence Day",
    "2002-12-08": "Immaculate Conception",
    "2002-12-24": "Christmas Eve",
    "2002-12-25": "Christmas Day",
    "2002-12-26": "Second Day of Christmas",
    "2002-12-31": "New Year's Eve",
    "2003-01-01": "New Year's Day",
    "2003-03-04": "Carnival",
    "2003-04-18": "Good Friday",
    "2003-04-20": "Easter Sunday",
    "2003-04-25": "Freedom Day",
    "2003-05-01": "Labor Day",
    "2003-05-22": "Municipal Holiday of Leiria",
    "2003-06-10": "Day of Portugal, Cam\u00f5es, and the Portuguese Communities",
    "2003-06-13": "St. Anthony's Day",
    "2003-06-19": "Corpus Christi",
    "2003-08-15": "Assumption Day",
    "2003-10-05": "Republic Day",
    "2003-11-01": "All Saints' Day",
    "2003-12-01": "Restoration of Independence Day",
    "2003-12-08": "Immaculate Conception",
    "2003-12-24": "Christmas Eve",
    "2003-12-25": "Christmas Day",
    "2003-12-26": "Second Day of Christmas",
    "2003-12-31": "New Year's Eve",
    "2004-01-01": "New Year's Day",
    "2004-02-24": "Carnival",
    "2004-04-09": "Good Friday",
    "2004-04-11": "Easter Sunday",
    "2004-04-25": "Freedom Day",
    "2004-05-01": "Labor Day",
    "2004-05-22": "Municipal Holiday of Leiria",
    "2004-06-10": "Corpus Christi; Day of Portugal, Cam\u00f5es, and the Portuguese Communities",
    "2004-06-13": "St. Anthony's Day",
    "2004-08-15": "Assumption Day",
    "2004-10-05": "Republic Day",
    "2004-11-01": "All Saints' Day",
    "2004-12-01": "Restoration of Independence Day",
    "2004-12-08": "Immaculate Conception",
    "2004-12-24": "Christmas Eve",
    "2004-12-25": "Christmas Day",
    "2004-12-26": "Second Day of Christmas",
    "2004-12-31": "New Year's Eve",
    "2005-01-01": "New Year's Day",
    "2005-02-08": "Carnival",
    "2005-03-25": "Good Friday",
    "2005-03-27": "Easter Sunday",
    "2005-04-25": "Freedom Day",
    "2005-05-01": "Labor Day",
    "2005-05-22": "Municipal Holiday of Leiria",
    "2005-05-26": "Corpus Christi",
    "2005-06-10": "Day of Portugal, Cam\u00f5es, and the Portuguese Communities",
    "2005-06-13": "St. Anthony's Day",
    "2005-08-15": "Assumption Day",
    "2005-10-05": "Republic Day",
    "2005-11-01": "All Saints' Day",
    "2005-12-01": "Restoration of Independence Day",
    "2005-12-08": "Immaculate Conception",
    "2005-12-24": "Christmas Eve",
    "2005-12-25": "Christmas Day",
    "2005-12-26": "Second Day of Christmas",
    "2005-12-31": "New Year's Eve",
    "2006-01-01": "New Year's Day",
    "2006-02-28": "Carnival",
    "2006-04-14": "Good Friday",
    "2006-04-16": "Easter Sunday",
    "2006-04-25": "Freedom Day",
    "2006-05-01": "Labor Day",
    "2006-05-22": "Municipal Holiday of Leiria",
    "2006-06-10": "Day of Portugal, Cam\u00f5es, and the Portuguese Communities",
    "2006-06-13": "St. Anthony's Day",
    "2006-06-15": "Corpus Christi",
    "2006-08-15": "Assumption Day",
    "2006-10-05": "Republic Day",
    "2006-11-01": "All Saints' Day",
    "2006-12-01": "Restoration of Independence Day",
    "2006-12-08": "Immaculate Conception",
    "2006-12-24": "Christmas Eve",
    "2006-12-25": "Christmas Day",
    "2006-12-26": "Second Day of Christmas",
    "2006-12-31": "New Year's Eve",
    "2007-01-01": "New Year's Day",
    "2007-02-20": "Carnival",
    "2007-04-06": "Good Friday",
    "2007-04-08": "Easter Sunday",
    "2007-04-25": "Freedom Day",
    "2007-05-01": "Labor Day",
    "2007-05-22": "Municipal Holiday of Leiria",
    "2007-06-07": "Corpus Christi",
    "2007-06-10": "Day of Portugal, Cam\u00f5es, and the Portuguese Communities",
    "2007-06-13": "St. Anthony's Day",
    "2007-08-15": "Assumption Day",
    "2007-10-05": "Republic Day",
    "2007-11-01": "All Saints' Day",
    "2007-12-01": "Restoration of Independence Day",
    "2007-12-08": "Immaculate Conception",
    "2007-12-24": "Christmas Eve",
    "2007-12-25": "Christmas Day",
    "2007-12-26": "Second Day of Christmas",
    "2007-12-31": "New Year's Eve",
    "2008-01-01": "New Year's Day",
    "2008-02-05": "Carnival",
    "2008-03-21": "Good Friday",
    "2008-03-23": "Easter Sunday",
    "2008-04-25": "Freedom Day",
    "2008-05-01": "Labor Day",
    "2008-05-22": "Corpus Christi; Municipal Holiday of Leiria",
    "2008-06-10": "Day of Portugal, Cam\u00f5es, and the Portuguese Communities",
    "2008-06-13": "St. Anthony's Day",
    "2008-08-15": "Assumption Day",
    "2008-10-05": "Republic Day",
    "2008-11-01": "All Saints' Day",
    "2008-12-01": "Restoration of Independence Day",
    "2008-12-08": "Immaculate Conception",
    "2008-12-24": "Christmas Eve",
    "2008-12-25": "Christmas Day",
    "2008-12-26": "Second Day of Christmas",
    "2008-12-31": "New Year's Eve",
    "2009-01-01": "New Year's Day",
    "2009-02-24": "Carnival",
    "2009-04-10": "Good Friday",
    "2009-04-12": "Easter Sunday",
    "2009-04-25": "Freedom Day",
    "2009-05-01": "Labor Day",
    "2009-05-22": "Municipal Holiday of Leiria",
    "2009-06-10": "Day of Portugal, Cam\u00f5es, and the Portuguese Communities",
    "2009-06-11": "Corpus Christi",
    "2009-06-13": "St. Anthony's Day",
    "2009-08-15": "Assumption Day",
    "2009-10-05": "Republic Day",
    "2009-11-01": "All Saints' Day",
    "2009-12-01": "Restoration of Independence Day",
    "2009-12-08": "Immaculate Conception",
    "2009-12-24": "Christmas Eve",
    "2009-12-25": "Christmas Day",
    "2009-12-26": "Second Day of Christmas",
    "2009-12-31": "New Year's Eve",
    "2010-01-01": "New Year's Day",
    "2010-02-16": "Carnival",
    "2010-04-02": "Good Friday",
    "2010-04-04": "Easter Sunday",
    "2010-04-25": "Freedom Day",
    "2010-05-01": "Labor Day",
    "2010-05-22": "Municipal Holiday of Leiria",
    "2010-06-03": "Corpus Christi",
    "2010-06-10": "Day of Portugal, Cam\u00f5es, and the Portuguese Communities",
    "2010-06-13": "St. Anthony's Day",
    "2010-08-15": "Assumption Day",
    "2010-10-05": "Republic Day",
    "2010-11-01": "All Saints' Day",
    "2010-12-01": "Restoration of Independence Day",
    "2010-12-08": "Immaculate Conception",
    "2010-12-24": "Christmas Eve",
    "2010-12-25": "Christmas Day",
    "2010-12-26": "Second Day of Christmas",
    "2010-12-31": "New Year's Eve",
    "2011-01-01": "New Year's Day",
    "2011-03-08": "Carnival",
    "2011-04-22": "Good Friday",
    "2011-04-24": "Easter Sunday",
    "2011-04-25": "Freedom Day",
    "2011-05-01": "Labor Day",
    "2011-05-22": "Municipal Holiday of Leiria",
    "2011-06-10": "Day of Portugal, Cam\u00f5es, and the Portuguese Communities",
    "2011-06-13": "St. Anthony's Day",
    "2011-06-23": "Corpus Christi",
    "2011-08-15": "Assumption Day",
    "2011-10-05": "Republic Day",
    "2011-11-01": "All Saints' Day",
    "2011-12-01": "Restoration of Independence Day",
    "2011-12-08": "Immaculate Conception",
    "2011-12-24": "Christmas Eve",
    "2011-12-25": "Christmas Day",
    "2011-12-26": "Second Day of Christmas",
    "2011-12-31": "New Year's Eve",
    "2012-01-01": "New Year's Day",
    "2012-02-21": "Carnival",
    "2012-04-06": "Good Friday",
    "2012-04-08": "Easter Sunday",
    "2012-04-25": "Freedom Day",
    "2012-05-01": "Labor Day",
    "2012-05-22": "Municipal Holiday of Leiria",
    "2012-06-07": "Corpus Christi",
    "2012-06-10": "Day of Portugal, Cam\u00f5es, and the Portuguese Communities",
    "2012-06-13": "St. Anthony's Day",
    "2012-08-15": "Assumption Day",
    "2012-10-05": "Republic Day",
    "2012-11-01": "All Saints' Day",
    "2012-12-01": "Restoration of Independence Day",
    "2012-12-08": "Immaculate Conception",
    "2012-12-24": "Christmas Eve",
    "2012-12-25": "Christmas Day",
    "2012-12-26": "Second Day of Christmas",
    "2012-12-31": "New Year's Eve",
    "2013-01-01": "New Year's Day",
    "2013-02-12": "Carnival",
    "2013-03-29": "Good Friday",
    "2013-03-31": "Easter Sunday",
    "2013-04-25": "Freedom Day",
    "2013-05-01": "Labor Day",
    "2013-05-22": "Municipal Holiday of Leiria",
    "2013-06-10": "Day of Portugal, Cam\u00f5es, and the Portuguese Communities",
    "2013-06-13": "St. Anthony's Day",
    "2013-08-15": "Assumption Day",
    "2013-12-08": "Immaculate Conception",
    "2013-12-24": "Christmas Eve",
    "2013-12-25": "Christmas Day",
    "2013-12-26": "Second Day of Christmas",
    "2013-12-31": "New Year's Eve",
    "2014-01-01": "New Year's Day",
    "2014-03-04": "Carnival",
    "2014-04-18": "Good Friday",
    "2014-04-20": "Easter Sunday",
    "2014-04-25": "Freedom Day",
    "2014-05-01": "Labor Day",
    "2014-05-22": "Municipal Holiday of Leiria",
    "2014-06-10": "Day of Portugal, Cam\u00f5es, and the Portuguese Communities",
    "2014-06-13": "St. Anthony's Day",
    "2014-08-15": "Assumption Day",
    "2014-12-08": "Immaculate Conception",
    "2014-12-24": "Christmas Eve",
    "2014-12-25": "Christmas Day",
    "2014-12-26": "Second Day of Christmas",
    "2014-12-31": "New Year's Eve",
    "2015-01-01": "New Year's Day",
    "2015-02-17": "Carnival",
    "2015-04-03": "Good Friday",
    "2015-04-05": "Easter Sunday",
    "2015-04-25": "Freedom Day",
    "2015-05-01": "Labor Day",
    "2015-05-22": "Municipal Holiday of Leiria",
    "2015-06-10": "Day of Portugal, Cam\u00f5es, and the Portuguese Communities",
    "2015-06-13": "St. Anthony's Day",
    "2015-08-15": "Assumption Day",
    "2015-12-08": "Immaculate Conception",
    "2015-12-24": "Christmas Eve",
    "2015-12-25": "Christmas Day",
    "2015-12-26": "Second Day of Christmas",
    "2015-12-31": "New Year's Eve",
    "2016-01-01": "New Year's Day",
    "2016-02-09": "Carnival",
    "2016-03-25": "Good Friday",
    "2016-03-27": "Easter Sunday",
    "2016-04-25": "Freedom Day",
    "2016-05-01": "Labor Day",
    "2016-05-22": "Municipal Holiday of Leiria",
    "2016-05-26": "Corpus Christi",
    "2016-06-10": "Day of Portugal, Cam\u00f5es, and the Portuguese Communities",
    "2016-06-13": "St. Anthony's Day",
    "2016-08-15": "Assumption Day",
    "2016-10-05": "Republic Day",
    "2016-11-01": "All Saints' Day",
    "2016-12-01": "Restoration of Independence Day",
    "2016-12-08": "Immaculate Conception",
    "2016-12-24": "Christmas Eve",
    "2016-12-25": "Christmas Day",
    "2016-12-26": "Second Day of Christmas",
    "2016-12-31": "New Year's Eve",
    "2017-01-01": "New Year's Day",
    "2017-02-28": "Carnival",
    "2017-04-14": "Good Friday",
    "2017-04-16": "Easter Sunday",
    "2017-04-25": "Freedom Day",
    "2017-05-01": "Labor Day",
    "2017-05-22": "Municipal Holiday of Leiria",
    "2017-06-10": "Day of Portugal, Cam\u00f5es, and the Portuguese Communities",
    "2017-06-13": "St. Anthony's Day",
    "2017-06-15": "Corpus Christi",
    "2017-08-15": "Assumption Day",
    "2017-10-05": "Republic Day",
    "2017-11-01": "All Saints' Day",
    "2017-12-01": "Restoration of Independence Day",
    "2017-12-08": "Immaculate Conception",
    "2017-12-24": "Christmas Eve",
    "2017-12-25": "Christmas Day",
    "2017-12-26": "Second Day of Christmas",
    "2017-12-31": "New Year's Eve",
    "2018-01-01": "New Year's Day",
    "2018-02-13": "Carnival",
    "2018-03-30": "Good Friday",
    "2018-04-01": "Easter Sunday",
    "2018-04-25": "Freedom Day",
    "2018-05-01": "Labor Day",
    "2018-05-22": "Municipal Holiday of Leiria",
    "2018-05-31": "Corpus Christi",
    "2018-06-10": "Day of Portugal, Cam\u00f5es, and the Portuguese Communities",
    "2018-06-13": "St. Anthony's Day",
    "2018-08-15": "Assumption Day",
    "2018-10-05": "Republic Day",
    "2018-11-01": "All Saints' Day",
    "2018-12-01": "Restoration of Independence Day",
    "2018-12-08": "Immaculate Conception",
    "2018-12-24": "Christmas Eve",
    "2018-12-25": "Christmas Day",
    "2018-12-26": "Second Day of Christmas",
    "2018-12-31": "New Year's Eve",
    "2019-01-01": "New Year's Day",
    "2019-03-05": "Carnival",
    "2019-04-19": "Good Friday",
    "2019-04-21": "Easter Sunday",
    "2019-04-25": "Freedom Day",
    "2019-05-01": "Labor Day",
    "2019-05-22": "Municipal Holiday of Leiria",
    "2019-06-10": "Day of Portugal, Cam\u00f5es, and the Portuguese Communities",
    "2019-06-13": "St. Anthony's Day",
    "2019-06-20": "Corpus Christi",
    "2019-08-15": "Assumption Day",
    "2019-10-05": "Republic Day",
    "2019-11-01": "All Saints' Day",
    "2019-12-01": "Restoration of Independence Day",
    "2019-12-08": "Immaculate Conception",
    "2019-12-24": "Christmas Eve",
    "2019-12-25": "Christmas Day",
    "2019-12-26": "Second Day of Christmas",
    "2019-12-31": "New Year's Eve",
    "2020-01-01": "New Year's Day",
    "2020-02-25": "Carnival",
    "2020-04-10": "Good Friday",
    "2020-04-12": "Easter Sunday",
    "2020-04-25": "Freedom Day",
    "2020-05-01": "Labor Day",
    "2020-05-22": "Municipal Holiday of Leiria",
    "2020-06-10": "Day of Portugal, Cam\u00f5es, and the Portuguese Communities",
    "2020-06-11": "Corpus Christi",
    "2020-06-13": "St. Anthony's Day",
    "2020-08-15": "Assumption Day",
    "2020-10-05": "Republic Day",
    "2020-11-01": "All Saints' Day",
    "2020-12-01": "Restoration of Independence Day",
    "2020-12-08": "Immaculate Conception",
    "2020-12-24": "Christmas Eve",
    "2020-12-25": "Christmas Day",
    "2020-12-26": "Second Day of Christmas",
    "2020-12-31": "New Year's Eve",
    "2021-01-01": "New Year's Day",
    "2021-02-16": "Carnival",
    "2021-04-02": "Good Friday",
    "2021-04-04": "Easter Sunday",
    "2021-04-25": "Freedom Day",
    "2021-05-01": "Labor Day",
    "2021-05-22": "Municipal Holiday of Leiria",
    "2021-06-03": "Corpus Christi",
    "2021-06-10": "Day of Portugal, Cam\u00f5es, and the Portuguese Communities",
    "2021-06-13": "St. Anthony's Day",
    "2021-08-15": "Assumption Day",
    "2021-10-05": "Republic Day",
    "2021-11-01": "All Saints' Day",
    "2021-12-01": "Restoration of Independence Day",
    "2021-12-08": "Immaculate Conception",
    "2021-12-24": "Christmas Eve",
    "2021-12-25": "Christmas Day",
    "2021-12-26": "Second Day of Christmas",
    "2021-12-31": "New Year's Eve",
    "2022-01-01": "New Year's Day",
    "2022-03-01": "Carnival",
    "2022-04-15": "Good Friday",
    "2022-04-17": "Easter Sunday",
    "2022-04-25": "Freedom Day",
    "2022-05-01": "Labor Day",
    "2022-05-22": "Municipal Holiday of Leiria",
    "2022-06-10": "Day of Portugal, Cam\u00f5es, and the Portuguese Communities",
    "2022-06-13": "St. Anthony's Day",
    "2022-06-16": "Corpus Christi",
    "2022-08-15": "Assumption Day",
    "2022-10-05": "Republic Day",
    "2022-11-01": "All Saints' Day",
    "2022-12-01": "Restoration of Independence Day",
    "2022-12-08": "Immaculate Conception",
    "2022-12-24": "Christmas Eve",
    "2022-12-25": "Christmas Day",
    "2022-12-26": "Second Day of Christmas",
    "2022-12-31": "New Year's Eve",
    "2023-01-01": "New Year's Day",
    "2023-02-21": "Carnival",
    "2023-04-07": "Good Friday",
    "2023-04-09": "Easter Sunday",
    "2023-04-25": "Freedom Day",
    "2023-05-01": "Labor Day",
    "2023-05-22": "Municipal Holiday of Leiria",
    "2023-06-08": "Corpus Christi",
    "2023-06-10": "Day of Portugal, Cam\u00f5es, and the Portuguese Communities",
    "2023-06-13": "St. Anthony's Day",
    "2023-08-15": "Assumption Day",
    "2023-10-05": "Republic Day",
    "2023-11-01": "All Saints' Day",
    "2023-12-01": "Restoration of Independence Day",
    "2023-12-08": "Immaculate Conception",
    "2023-12-24": "Christmas Eve",
    "2023-12-25": "Christmas Day",
    "2023-12-26": "Second Day of Christmas",
    "2023-12-31": "New Year's Eve",
    "2024-01-01": "New Year's Day",
    "2024-02-13": "Carnival",
    "2024-03-29": "Good Friday",
    "2024-03-31": "Easter Sunday",
    "2024-04-25": "Freedom Day",
    "2024-05-01": "Labor Day",
    "2024-05-22": "Municipal Holiday of Leiria",
    "2024-05-30": "Corpus Christi",
    "2024-06-10": "Day of Portugal, Cam\u00f5es, and the Portuguese Communities",
    "2024-06-13": "St. Anthony's Day",
    "2024-08-15": "Assumption Day",
    "2024-10-05": "Republic Day",
    "2024-11-01": "All Saints' Day",
    "2024-12-01": "Restoration of Independence Day",
    "2024-12-08": "Immaculate Conception",
    "2024-12-24": "Christmas Eve",
    "2024-12-25": "Christmas Day",
    "2024-12-26": "Second Day of Christmas",
    "2024-12-31": "New Year's Eve",
    "2025-01-01": "New Year's Day",
    "2025-03-04": "Carnival",
    "2025-04-18": "Good Friday",
    "2025-04-20": "Easter Sunday",
    "2025-04-25": "Freedom Day",
    "2025-05-01": "Labor Day",
    "2025-05-22": "Municipal Holiday of Leiria",
    "2025-06-10": "Day of Portugal, Cam\u00f5es, and the Portuguese Communities",
    "2025-06-13": "St. Anthony's Day",
    "2025-06-19": "Corpus Christi",
    "2025-08-15": "Assumption Day",
    "2025-10-05": "Republic Day",
    "2025-11-01": "All Saints' Day",
    "2025-12-01": "Restoration of Independence Day",
    "2025-12-08": "Immaculate Conception",
    "2025-12-24": "Christmas Eve",
    "2025-12-25": "Christmas Day",
    "2025-12-26": "Second Day of Christmas",
    "2025-12-31": "New Year's Eve",
    "2026-01-01": "New Year's Day",
    "2026-02-17": "Carnival",
    "2026-04-03": "Good Friday",
    "2026-04-05": "Easter Sunday",
    "2026-04-25": "Freedom Day",
    "2026-05-01": "Labor Day",
    "2026-05-22": "Municipal Holiday of Leiria",
    "2026-06-04": "Corpus Christi",
    "2026-06-10": "Day of Portugal, Cam\u00f5es, and the Portuguese Communities",
    "2026-06-13": "St. Anthony's Day",
    "2026-08-15": "Assumption Day",
    "2026-10-05": "Republic Day",
    "2026-11-01": "All Saints' Day",
    "2026-12-01": "Restoration of Independence Day",
    "2026-12-08": "Immaculate Conception",
    "2026-12-24": "Christmas Eve",
    "2026-12-25": "Christmas Day",
    "2026-12-26": "Second Day of Christmas",
    "2026-12-31": "New Year's Eve",
    "2027-01-01": "New Year's Day",
    "2027-02-09": "Carnival",
    "2027-03-26": "Good Friday",
    "2027-03-28": "Easter Sunday",
    "2027-04-25": "Freedom Day",
    "2027-05-01": "Labor Day",
    "2027-05-22": "Municipal Holiday of Leiria",
    "2027-05-27": "Corpus Christi",
    "2027-06-10": "Day of Portugal, Cam\u00f5es, and the Portuguese Communities",
    "2027-06-13": "St. Anthony's Day",
    "2027-08-15": "Assumption Day",
    "2027-10-05": "Republic Day",
    "2027-11-01": "All Saints' Day",
    "2027-12-01": "Restoration of Independence Day",
    "2027-12-08": "Immaculate Conception",
    "2027-12-24": "Christmas Eve",
    "2027-12-25": "Christmas Day",
    "2027-12-26": "Second Day of Christmas",
    "2027-12-31": "New Year's Eve",
    "2028-01-01": "New Year's Day",
    "2028-02-29": "Carnival",
    "2028-04-14": "Good Friday",
    "2028-04-16": "Easter Sunday",
    "2028-04-25": "Freedom Day",
    "2028-05-01": "Labor Day",
    "2028-05-22": "Municipal Holiday of Leiria",
    "2028-06-10": "Day of Portugal, Cam\u00f5es, and the Portuguese Communities",
    "2028-06-13": "St. Anthony's Day",
    "2028-06-15": "Corpus Christi",
    "2028-08-15": "Assumption Day",
    "2028-10-05": "Republic Day",
    "2028-11-01": "All Saints' Day",
    "2028-12-01": "Restoration of Independence Day",
    "2028-12-08": "Immaculate Conception",
    "2028-12-24": "Christmas Eve",
    "2028-12-25": "Christmas Day",
    "2028-12-26": "Second Day of Christmas",
    "2028-12-31": "New Year's Eve",
    "2029-01-01": "New Year's Day",
    "2029-02-13": "Carnival",
    "2029-03-30": "Good Friday",
    "2029-04-01": "Easter Sunday",
    "2029-04-25": "Freedom Day",
    "2029-05-01": "Labor Day",
    "2029-05-22": "Municipal Holiday of Leiria",
    "2029-05-31": "Corpus Christi",
    "2029-06-10": "Day of Portugal, Cam\u00f5es, and the Portuguese Communities",
    "2029-06-13": "St. Anthony's Day",
    "2029-08-15": "Assumption Day",
    "2029-10-05": "Republic Day",
    "2029-11-01": "All Saints' Day",
    "2029-12-01": "Restoration of Independence Day",
    "2029-12-08": "Immaculate Conception",
    "2029-12-24": "Christmas Eve",
    "2029-12-25": "Christmas Day",
    "2029-12-26": "Second Day of Christmas",
    "2029-12-31": "New Year's Eve",
    "2030-01-01": "New Year's Day",
    "2030-03-05": "Carnival",
    "2030-04-19": "Good Friday",
    "2030-04-21": "Easter Sunday",
    "2030-04-25": "Freedom Day",
    "2030-05-01": "Labor Day",
    "2030-05-22": "Municipal Holiday of Leiria",
    "2030-06-10": "Day of Portugal, Cam\u00f5es, and the Portuguese Communities",
    "2030-06-13": "St. Anthony's Day",
    "2030-06-20": "Corpus Christi",
    "2030-08-15": "Assumption Day",
    "2030-10-05": "Republic Day",
    "2030-11-01": "All Saints' Day",
    "2030-12-01": "Restoration of Independence Day",
    "2030-12-08": "Immaculate Conception",
    "2030-12-24": "Christmas Eve",
    "2030-12-25": "Christmas Day",
    "2030-12-26": "Second Day of Christmas",
    "2030-12-31": "New Year's Eve",
    "2031-01-01": "New Year's Day",
    "2031-02-25": "Carnival",
    "2031-04-11": "Good Friday",
    "2031-04-13": "Easter Sunday",
    "2031-04-25": "Freedom Day",
    "2031-05-01": "Labor Day",
    "2031-05-22": "Municipal Holiday of Leiria",
    "2031-06-10": "Day of Portugal, Cam\u00f5es, and the Portuguese Communities",
    "2031-06-12": "Corpus Christi",
    "2031-06-13": "St. Anthony's Day",
    "2031-08-15": "Assumption Day",
    "2031-10-05": "Republic Day",
    "2031-11-01": "All Saints' Day",
    "2031-12-01": "Restoration of Independence Day",
    "2031-12-08": "Immaculate Conception",
    "2031-12-24": "Christmas Eve",
    "2031-12-25": "Christmas Day",
    "2031-12-26": "Second Day of Christmas",
    "2031-12-31": "New Year's Eve",
    "2032-01-01": "New Year's Day",
    "2032-02-10": "Carnival",
    "2032-03-26": "Good Friday",
    "2032-03-28": "Easter Sunday",
    "2032-04-25": "Freedom Day",
    "2032-05-01": "Labor Day",
    "2032-05-22": "Municipal Holiday of Leiria",
    "2032-05-27": "Corpus Christi",
    "2032-06-10": "Day of Portugal, Cam\u00f5es, and the Portuguese Communities",
    "2032-06-13": "St. Anthony's Day",
    "2032-08-15": "Assumption Day",
    "2032-10-05": "Republic Day",
    "2032-11-01": "All Saints' Day",
    "2032-12-01": "Restoration of Independence Day",
    "2032-12-08": "Immaculate Conception",
    "2032-12-24": "Christmas Eve",
    "2032-12-25": "Christmas Day",
    "2032-12-26": "Second Day of Christmas",
    "2032-12-31": "New Year's Eve",
    "2033-01-01": "New Year's Day",
    "2033-03-01": "Carnival",
    "2033-04-15": "Good Friday",
    "2033-04-17": "Easter Sunday",
    "2033-04-25": "Freedom Day",
    "2033-05-01": "Labor Day",
    "2033-05-22": "Municipal Holiday of Leiria",
    "2033-06-10": "Day of Portugal, Cam\u00f5es, and the Portuguese Communities",
    "2033-06-13": "St. Anthony's Day",
    "2033-06-16": "Corpus Christi",
    "2033-08-15": "Assumption Day",
    "2033-10-05": "Republic Day",
    "2033-11-01": "All Saints' Day",
    "2033-12-01": "Restoration of Independence Day",
    "2033-12-08": "Immaculate Conception",
    "2033-12-24": "Christmas Eve",
    "2033-12-25": "Christmas Day",
    "2033-12-26": "Second Day of Christmas",
    "2033-12-31": "New Year's Eve",
    "2034-01-01": "New Year's Day",
    "2034-02-21": "Carnival",
    "2034-04-07": "Good Friday",
    "2034-04-09": "Easter Sunday",
    "2034-04-25": "Freedom Day",
    "2034-05-01": "Labor Day",
    "2034-05-22": "Municipal Holiday of Leiria",
    "2034-06-08": "Corpus Christi",
    "2034-06-10": "Day of Portugal, Cam\u00f5es, and the Portuguese Communities",
    "2034-06-13": "St. Anthony's Day",
    "2034-08-15": "Assumption Day",
    "2034-10-05": "Republic Day",
    "2034-11-01": "All Saints' Day",
    "2034-12-01": "Restoration of Independence Day",
    "2034-12-08": "Immaculate Conception",
    "2034-12-24": "Christmas Eve",
    "2034-12-25": "Christmas Day",
    "2034-12-26": "Second Day of Christmas",
    "2034-12-31": "New Year's Eve",
    "2035-01-01": "New Year's Day",
    "2035-02-06": "Carnival",
    "2035-03-23": "Good Friday",
    "2035-03-25": "Easter Sunday",
    "2035-04-25": "Freedom Day",
    "2035-05-01": "Labor Day",
    "2035-05-22": "Municipal Holiday of Leiria",
    "2035-05-24": "Corpus Christi",
    "2035-06-10": "Day of Portugal, Cam\u00f5es, and the Portuguese Communities",
    "2035-06-13": "St. Anthony's Day",
    "2035-08-15": "Assumption Day",
    "2035-10-05": "Republic Day",
    "2035-11-01": "All Saints' Day",
    "2035-12-01": "Restoration of Independence Day",
    "2035-12-08": "Immaculate Conception",
    "2035-12-24": "Christmas Eve",
    "2035-12-25": "Christmas Day",
    "2035-12-26": "Second Day of Christmas",
    "2035-12-31": "New Year's Eve",
    "2036-01-01": "New Year's Day",
    "2036-02-26": "Carnival",
    "2036-04-11": "Good Friday",
    "2036-04-13": "Easter Sunday",
    "2036-04-25": "Freedom Day",
    "2036-05-01": "Labor Day",
    "2036-05-22": "Municipal Holiday of Leiria",
    "2036-06-10": "Day of Portugal, Cam\u00f5es, and the Portuguese Communities",
    "2036-06-12": "Corpus Christi",
    "2036-06-13": "St. Anthony's Day",
    "2036-08-15": "Assumption Day",
    "2036-10-05": "Republic Day",
    "2036-11-01": "All Saints' Day",
    "2036-12-01": "Restoration of Independence Day",
    "2036-12-08": "Immaculate Conception",
    "2036-12-24": "Christmas Eve",
    "2036-12-25": "Christmas Day",
    "2036-12-26": "Second Day of Christmas",
    "2036-12-31": "New Year's Eve",
    "2037-01-01": "New Year's Day",
    "2037-02-17": "Carnival",
    "2037-04-03": "Good Friday",
    "2037-04-05": "Easter Sunday",
    "2037-04-25": "Freedom Day",
    "2037-05-01": "Labor Day",
    "2037-05-22": "Municipal Holiday of Leiria",
    "2037-06-04": "Corpus Christi",
    "2037-06-10": "Day of Portugal, Cam\u00f5es, and the Portuguese Communities",
    "2037-06-13": "St. Anthony's Day",
    "2037-08-15": "Assumption Day",
    "2037-10-05": "Republic Day",
    "2037-11-01": "All Saints' Day",
    "2037-12-01": "Restoration of Independence Day",
    "2037-12-08": "Immaculate Conception",
    "2037-12-24": "Christmas Eve",
    "2037-12-25": "Christmas Day",
    "2037-12-26": "Second Day of Christmas",
    "2037-12-31": "New Year's Eve",
    "2038-01-01": "New Year's Day",
    "2038-03-09": "Carnival",
    "2038-04-23": "Good Friday",
    "2038-04-25": "Easter Sunday; Freedom Day",
    "2038-05-01": "Labor Day",
    "2038-05-22": "Municipal Holiday of Leiria",
    "2038-06-10": "Day of Portugal, Cam\u00f5es, and the Portuguese Communities",
    "2038-06-13": "St. Anthony's Day",
    "2038-06-24": "Corpus Christi",
    "2038-08-15": "Assumption Day",
    "2038-10-05": "Republic Day",
    "2038-11-01": "All Saints' Day",
    "2038-12-01": "Restoration of Independence Day",
    "2038-12-08": "Immaculate Conception",
    "2038-12-24": "Christmas Eve",
    "2038-12-25": "Christmas Day",
    "2038-12-26": "Second Day of Christmas",
    "2038-12-31": "New Year's Eve",
    "2039-01-01": "New Year's Day",
    "2039-02-22": "Carnival",
    "2039-04-08": "Good Friday",
    "2039-04-10": "Easter Sunday",
    "2039-04-25": "Freedom Day",
    "2039-05-01": "Labor Day",
    "2039-05-22": "Municipal Holiday of Leiria",
    "2039-06-09": "Corpus Christi",
    "2039-06-10": "Day of Portugal, Cam\u00f5es, and the Portuguese Communities",
    "2039-06-13": "St. Anthony's Day",
    "2039-08-15": "Assumption Day",
    "2039-10-05": "Republic Day",
    "2039-11-01": "All Saints' Day",
    "2039-12-01": "Restoration of Independence Day",
    "2039-12-08": "Immaculate Conception",
    "2039-12-24": "Christmas Eve",
    "2039-12-25": "Christmas Day",
    "2039-12-26": "Second Day of Christmas",
    "2039-12-31": "New Year's Eve",
    "2040-01-01": "New Year's Day",
    "2040-02-14": "Carnival",
    "2040-03-30": "Good Friday",
    "2040-04-01": "Easter Sunday",
    "2040-04-25": "Freedom Day",
    "2040-05-01": "Labor Day",
    "2040-05-22": "Municipal Holiday of Leiria",
    "2040-05-31": "Corpus Christi",
    "2040-06-10": "Day of Portugal, Cam\u00f5es, and the Portuguese Communities",
    "2040-06-13": "St. Anthony's Day",
    "2040-08-15": "Assumption Day",
    "2040-10-05": "Republic Day",
    "2040-11-01": "All Saints' Day",
    "2040-12-01": "Restoration of Independence Day",
    "2040-12-08": "Immaculate Conception",
    "2040-12-24": "Christmas Eve",
    "2040-12-25": "Christmas Day",
    "2040-12-26": "Second Day of Christmas",
    "2040-12-31": "New Year's Eve",
    "2041-01-01": "New Year's Day",
    "2041-03-05": "Carnival",
    "2041-04-19": "Good Friday",
    "2041-04-21": "Easter Sunday",
    "2041-04-25": "Freedom Day",
    "2041-05-01": "Labor Day",
    "2041-05-22": "Municipal Holiday of Leiria",
    "2041-06-10": "Day of Portugal, Cam\u00f5es, and the Portuguese Communities",
    "2041-06-13": "St. Anthony's Day",
    "2041-06-20": "Corpus Christi",
    "2041-08-15": "Assumption Day",
    "2041-10-05": "Republic Day",
    "2041-11-01": "All Saints' Day",
    "2041-12-01": "Restoration of Independence Day",
    "2041-12-08": "Immaculate Conception",
    "2041-12-24": "Christmas Eve",
    "2041-12-25": "Christmas Day",
    "2041-12-26": "Second Day of Christmas",
    "2041-12-31": "New Year's Eve",
    "2042-01-01": "New Year's Day",
    "2042-02-18": "Carnival",
    "2042-04-04": "Good Friday",
    "2042-04-06": "Easter Sunday",
    "2042-04-25": "Freedom Day",
    "2042-05-01": "Labor Day",
    "2042-05-22": "Municipal Holiday of Leiria",
    "2042-06-05": "Corpus Christi",
    "2042-06-10": "Day of Portugal, Cam\u00f5es, and the Portuguese Communities",
    "2042-06-13": "St. Anthony's Day",
    "2042-08-15": "Assumption Day",
    "2042-10-05": "Republic Day",
    "2042-11-01": "All Saints' Day",
    "2042-12-01": "Restoration of Independence Day",
    "2042-12-08": "Immaculate Conception",
    "2042-12-24": "Christmas Eve",
    "2042-12-25": "Christmas Day",
    "2042-12-26": "Second Day of Christmas",
    "2042-12-31": "New Year's Eve",
    "2043-01-01": "New Year's Day",
    "2043-02-10": "Carnival",
    "2043-03-27": "Good Friday",
    "2043-03-29": "Easter Sunday",
    "2043-04-25": "Freedom Day",
    "2043-05-01": "Labor Day",
    "2043-05-22": "Municipal Holiday of Leiria",
    "2043-05-28": "Corpus Christi",
    "2043-06-10": "Day of Portugal, Cam\u00f5es, and the Portuguese Communities",
    "2043-06-13": "St. Anthony's Day",
    "2043-08-15": "Assumption Day",
    "2043-10-05": "Republic Day",
    "2043-11-01": "All Saints' Day",
    "2043-12-01": "Restoration of Independence Day",
    "2043-12-08": "Immaculate Conception",
    "2043-12-24": "Christmas Eve",
    "2043-12-25": "Christmas Day",
    "2043-12-26": "Second Day of Christmas",
    "2043-12-31": "New Year's Eve",
    "2044-01-01": "New Year's Day",
    "2044-03-01": "Carnival",
    "2044-04-15": "Good Friday",
    "2044-04-17": "Easter Sunday",
    "2044-04-25": "Freedom Day",
    "2044-05-01": "Labor Day",
    "2044-05-22": "Municipal Holiday of Leiria",
    "2044-06-10": "Day of Portugal, Cam\u00f5es, and the Portuguese Communities",
    "2044-06-13": "St. Anthony's Day",
    "2044-06-16": "Corpus Christi",
    "2044-08-15": "Assumption Day",
    "2044-10-05": "Republic Day",
    "2044-11-01": "All Saints' Day",
    "2044-12-01": "Restoration of Independence Day",
    "2044-12-08": "Immaculate Conception",
    "2044-12-24": "Christmas Eve",
    "2044-12-25": "Christmas Day",
    "2044-12-26": "Second Day of Christmas",
    "2044-12-31": "New Year's Eve",
    "2045-01-01": "New Year's Day",
    "2045-02-21": "Carnival",
    "2045-04-07": "Good Friday",
    "2045-04-09": "Easter Sunday",
    "2045-04-25": "Freedom Day",
    "2045-05-01": "Labor Day",
    "2045-05-22": "Municipal Holiday of Leiria",
    "2045-06-08": "Corpus Christi",
    "2045-06-10": "Day of Portugal, Cam\u00f5es, and the Portuguese Communities",
    "2045-06-13": "St. Anthony's Day",
    "2045-08-15": "Assumption Day",
    "2045-10-05": "Republic Day",
    "2045-11-01": "All Saints' Day",
    "2045-12-01": "Restoration of Independence Day",
    "2045-12-08": "Immaculate Conception",
    "2045-12-24": "Christmas Eve",
    "2045-12-25": "Christmas Day",
    "2045-12-26": "Second Day of Christmas",
    "2045-12-31": "New Year's Eve",
    "2046-01-01": "New Year's Day",
    "2046-02-06": "Carnival",
    "2046-03-23": "Good Friday",
    "2046-03-25": "Easter Sunday",
    "2046-04-25": "Freedom Day",
    "2046-05-01": "Labor Day",
    "2046-05-22": "Municipal Holiday of Leiria",
    "2046-05-24": "Corpus Christi",
    "2046-06-10": "Day of Portugal, Cam\u00f5es, and the Portuguese Communities",
    "2046-06-13": "St. Anthony's Day",
    "2046-08-15": "Assumption Day",
    "2046-10-05": "Republic Day",
    "2046-11-01": "All Saints' Day",
    "2046-12-01": "Restoration of Independence Day",
    "2046-12-08": "Immaculate Conception",
    "2046-12-24": "Christmas Eve",
    "2046-12-25": "Christmas Day",
    "2046-12-26": "Second Day of Christmas",
    "2046-12-31": "New Year's Eve",
    "2047-01-01": "New Year's Day",
    "2047-02-26": "Carnival",
    "2047-04-12": "Good Friday",
    "2047-04-14": "Easter Sunday",
    "2047-04-25": "Freedom Day",
    "2047-05-01": "Labor Day",
    "2047-05-22": "Municipal Holiday of Leiria",
    "2047-06-10": "Day of Portugal, Cam\u00f5es, and the Portuguese Communities",
    "2047-06-13": "Corpus Christi; St. Anthony's Day",
    "2047-08-15": "Assumption Day",
    "2047-10-05": "Republic Day",
    "2047-11-01": "All Saints' Day",
    "2047-12-01": "Restoration of Independence Day",
    "2047-12-08": "Immaculate Conception",
    "2047-12-24": "Christmas Eve",
    "2047-12-25": "Christmas Day",
    "2047-12-26": "Second Day of Christmas",
    "2047-12-31": "New Year's Eve",
    "2048-01-01": "New Year's Day",
    "2048-02-18": "Carnival",
    "2048-04-03": "Good Friday",
    "2048-04-05": "Easter Sunday",
    "2048-04-25": "Freedom Day",
    "2048-05-01": "Labor Day",
    "2048-05-22": "Municipal Holiday of Leiria",
    "2048-06-04": "Corpus Christi",
    "2048-06-10": "Day of Portugal, Cam\u00f5es, and the Portuguese Communities",
    "2048-06-13": "St. Anthony's Day",
    "2048-08-15": "Assumption Day",
    "2048-10-05": "Republic Day",
    "2048-11-01": "All Saints' Day",
    "2048-12-01": "Restoration of Independence Day",
    "2048-12-08": "Immaculate Conception",
    "2048-12-24": "Christmas Eve",
    "2048-12-25": "Christmas Day",
    "2048-12-26": "Second Day of Christmas",
    "2048-12-31": "New Year's Eve",
    "2049-01-01": "New Year's Day",
    "2049-03-02": "Carnival",
    "2049-04-16": "Good Friday",
    "2049-04-18": "Easter Sunday",
    "2049-04-25": "Freedom Day",
    "2049-05-01": "Labor Day",
    "2049-05-22": "Municipal Holiday of Leiria",
    "2049-06-10": "Day of Portugal, Cam\u00f5es, and the Portuguese Communities",
    "2049-06-13": "St. Anthony's Day",
    "2049-06-17": "Corpus Christi",
    "2049-08-15": "Assumption Day",
    "2049-10-05": "Republic Day",
    "2049-11-01": "All Saints' Day",
    "2049-12-01": "Restoration of Independence Day",
    "2049-12-08": "Immaculate Conception",
    "2049-12-24": "Christmas Eve",
    "2049-12-25": "Christmas Day",
    "2049-12-26": "Second Day of Christmas",
    "2049-12-31": "New Year's Eve",
    "2050-01-01": "New Year's Day",
    "2050-02-22": "Carnival",
    "2050-04-08": "Good Friday",
    "2050-04-10": "Easter Sunday",
    "2050-04-25": "Freedom Day",
    "2050-05-01": "Labor Day",
    "2050-05-22": "Municipal Holiday of Leiria",
    "2050-06-09": "Corpus Christi",
    "2050-06-10": "Day of Portugal, Cam\u00f5es, and the Portuguese Communities",
    "2050-06-13": "St. Anthony's Day",
    "2050-08-15": "Assumption Day",
    "2050-10-05": "Republic Day",
    "2050-11-01": "All Saints' Day",
    "2050-12-01": "Restoration of Independence Day",
    "2050-12-08": "Immaculate Conception",
    "2050-12-24": "Christmas Eve",
    "2050-12-25": "Christmas Day",
    "2050-12-26": "Second Day of Christmas",
    "2050-12-31": "New Year's Eve"
}
