{
    "1950-01-01": "New Year's Day",
    "1950-01-05": "Epiphany Eve (from 1pm)",
    "1950-01-06": "Epiphany",
    "1950-01-07": "Saint Julian's Day",
    "1950-02-20": "Carnival",
    "1950-04-06": "Maundy Thursday (from 1pm)",
    "1950-04-07": "Good Friday",
    "1950-04-10": "Easter Monday",
    "1950-05-01": "Labor Day",
    "1950-05-27": "Virgin Mary of Canòlich",
    "1950-05-29": "Whit Monday",
    "1950-07-31": "Sant Julià de Lòria Festival",
    "1950-08-01": "Sant Julià de Lòria Festival",
    "1950-08-15": "Assumption Day",
    "1950-09-08": "Our Lady of Meritxell",
    "1950-11-01": "All Saints' Day",
    "1950-12-08": "Immaculate Conception",
    "1950-12-24": "Christmas Eve (from 1pm)",
    "1950-12-25": "Christmas Day",
    "1950-12-26": "Saint Stephen's Day",
    "1950-12-31": "New Year's Eve (from 1pm)",
    "1951-01-01": "New Year's Day",
    "1951-01-05": "Epiphany Eve (from 1pm)",
    "1951-01-06": "Epiphany",
    "1951-01-07": "Saint Julian's Day",
    "1951-02-05": "Carnival",
    "1951-03-22": "Maundy Thursday (from 1pm)",
    "1951-03-23": "Good Friday",
    "1951-03-26": "Easter Monday",
    "1951-05-01": "Labor Day",
    "1951-05-14": "Whit Monday",
    "1951-05-26": "Virgin Mary of Canòlich",
    "1951-07-30": "Sant Julià de Lòria Festival",
    "1951-07-31": "Sant Julià de Lòria Festival",
    "1951-08-15": "Assumption Day",
    "1951-09-08": "Our Lady of Meritxell",
    "1951-11-01": "All Saints' Day",
    "1951-12-08": "Immaculate Conception",
    "1951-12-24": "Christmas Eve (from 1pm)",
    "1951-12-25": "Christmas Day",
    "1951-12-26": "Saint Stephen's Day",
    "1951-12-31": "New Year's Eve (from 1pm)",
    "1952-01-01": "New Year's Day",
    "1952-01-05": "Epiphany Eve (from 1pm)",
    "1952-01-06": "Epiphany",
    "1952-01-07": "Saint Julian's Day",
    "1952-02-25": "Carnival",
    "1952-04-10": "Maundy Thursday (from 1pm)",
    "1952-04-11": "Good Friday",
    "1952-04-14": "Easter Monday",
    "1952-05-01": "Labor Day",
    "1952-05-31": "Virgin Mary of Canòlich",
    "1952-06-02": "Whit Monday",
    "1952-07-28": "Sant Julià de Lòria Festival",
    "1952-07-29": "Sant Julià de Lòria Festival",
    "1952-08-15": "Assumption Day",
    "1952-09-08": "Our Lady of Meritxell",
    "1952-11-01": "All Saints' Day",
    "1952-12-08": "Immaculate Conception",
    "1952-12-24": "Christmas Eve (from 1pm)",
    "1952-12-25": "Christmas Day",
    "1952-12-26": "Saint Stephen's Day",
    "1952-12-31": "New Year's Eve (from 1pm)",
    "1953-01-01": "New Year's Day",
    "1953-01-05": "Epiphany Eve (from 1pm)",
    "1953-01-06": "Epiphany",
    "1953-01-07": "Saint Julian's Day",
    "1953-02-16": "Carnival",
    "1953-04-02": "Maundy Thursday (from 1pm)",
    "1953-04-03": "Good Friday",
    "1953-04-06": "Easter Monday",
    "1953-05-01": "Labor Day",
    "1953-05-25": "Whit Monday",
    "1953-05-30": "Virgin Mary of Canòlich",
    "1953-07-27": "Sant Julià de Lòria Festival",
    "1953-07-28": "Sant Julià de Lòria Festival",
    "1953-08-15": "Assumption Day",
    "1953-09-08": "Our Lady of Meritxell",
    "1953-11-01": "All Saints' Day",
    "1953-12-08": "Immaculate Conception",
    "1953-12-24": "Christmas Eve (from 1pm)",
    "1953-12-25": "Christmas Day",
    "1953-12-26": "Saint Stephen's Day",
    "1953-12-31": "New Year's Eve (from 1pm)",
    "1954-01-01": "New Year's Day",
    "1954-01-05": "Epiphany Eve (from 1pm)",
    "1954-01-06": "Epiphany",
    "1954-01-07": "Saint Julian's Day",
    "1954-03-01": "Carnival",
    "1954-04-15": "Maundy Thursday (from 1pm)",
    "1954-04-16": "Good Friday",
    "1954-04-19": "Easter Monday",
    "1954-05-01": "Labor Day",
    "1954-05-29": "Virgin Mary of Canòlich",
    "1954-06-07": "Whit Monday",
    "1954-08-02": "Sant Julià de Lòria Festival",
    "1954-08-03": "Sant Julià de Lòria Festival",
    "1954-08-15": "Assumption Day",
    "1954-09-08": "Our Lady of Meritxell",
    "1954-11-01": "All Saints' Day",
    "1954-12-08": "Immaculate Conception",
    "1954-12-24": "Christmas Eve (from 1pm)",
    "1954-12-25": "Christmas Day",
    "1954-12-26": "Saint Stephen's Day",
    "1954-12-31": "New Year's Eve (from 1pm)",
    "1955-01-01": "New Year's Day",
    "1955-01-05": "Epiphany Eve (from 1pm)",
    "1955-01-06": "Epiphany",
    "1955-01-07": "Saint Julian's Day",
    "1955-02-21": "Carnival",
    "1955-04-07": "Maundy Thursday (from 1pm)",
    "1955-04-08": "Good Friday",
    "1955-04-11": "Easter Monday",
    "1955-05-01": "Labor Day",
    "1955-05-28": "Virgin Mary of Canòlich",
    "1955-05-30": "Whit Monday",
    "1955-08-01": "Sant Julià de Lòria Festival",
    "1955-08-02": "Sant Julià de Lòria Festival",
    "1955-08-15": "Assumption Day",
    "1955-09-08": "Our Lady of Meritxell",
    "1955-11-01": "All Saints' Day",
    "1955-12-08": "Immaculate Conception",
    "1955-12-24": "Christmas Eve (from 1pm)",
    "1955-12-25": "Christmas Day",
    "1955-12-26": "Saint Stephen's Day",
    "1955-12-31": "New Year's Eve (from 1pm)",
    "1956-01-01": "New Year's Day",
    "1956-01-05": "Epiphany Eve (from 1pm)",
    "1956-01-06": "Epiphany",
    "1956-01-07": "Saint Julian's Day",
    "1956-02-13": "Carnival",
    "1956-03-29": "Maundy Thursday (from 1pm)",
    "1956-03-30": "Good Friday",
    "1956-04-02": "Easter Monday",
    "1956-05-01": "Labor Day",
    "1956-05-21": "Whit Monday",
    "1956-05-26": "Virgin Mary of Canòlich",
    "1956-07-30": "Sant Julià de Lòria Festival",
    "1956-07-31": "Sant Julià de Lòria Festival",
    "1956-08-15": "Assumption Day",
    "1956-09-08": "Our Lady of Meritxell",
    "1956-11-01": "All Saints' Day",
    "1956-12-08": "Immaculate Conception",
    "1956-12-24": "Christmas Eve (from 1pm)",
    "1956-12-25": "Christmas Day",
    "1956-12-26": "Saint Stephen's Day",
    "1956-12-31": "New Year's Eve (from 1pm)",
    "1957-01-01": "New Year's Day",
    "1957-01-05": "Epiphany Eve (from 1pm)",
    "1957-01-06": "Epiphany",
    "1957-01-07": "Saint Julian's Day",
    "1957-03-04": "Carnival",
    "1957-04-18": "Maundy Thursday (from 1pm)",
    "1957-04-19": "Good Friday",
    "1957-04-22": "Easter Monday",
    "1957-05-01": "Labor Day",
    "1957-05-25": "Virgin Mary of Canòlich",
    "1957-06-10": "Whit Monday",
    "1957-07-29": "Sant Julià de Lòria Festival",
    "1957-07-30": "Sant Julià de Lòria Festival",
    "1957-08-15": "Assumption Day",
    "1957-09-08": "Our Lady of Meritxell",
    "1957-11-01": "All Saints' Day",
    "1957-12-08": "Immaculate Conception",
    "1957-12-24": "Christmas Eve (from 1pm)",
    "1957-12-25": "Christmas Day",
    "1957-12-26": "Saint Stephen's Day",
    "1957-12-31": "New Year's Eve (from 1pm)",
    "1958-01-01": "New Year's Day",
    "1958-01-05": "Epiphany Eve (from 1pm)",
    "1958-01-06": "Epiphany",
    "1958-01-07": "Saint Julian's Day",
    "1958-02-17": "Carnival",
    "1958-04-03": "Maundy Thursday (from 1pm)",
    "1958-04-04": "Good Friday",
    "1958-04-07": "Easter Monday",
    "1958-05-01": "Labor Day",
    "1958-05-26": "Whit Monday",
    "1958-05-31": "Virgin Mary of Canòlich",
    "1958-07-28": "Sant Julià de Lòria Festival",
    "1958-07-29": "Sant Julià de Lòria Festival",
    "1958-08-15": "Assumption Day",
    "1958-09-08": "Our Lady of Meritxell",
    "1958-11-01": "All Saints' Day",
    "1958-12-08": "Immaculate Conception",
    "1958-12-24": "Christmas Eve (from 1pm)",
    "1958-12-25": "Christmas Day",
    "1958-12-26": "Saint Stephen's Day",
    "1958-12-31": "New Year's Eve (from 1pm)",
    "1959-01-01": "New Year's Day",
    "1959-01-05": "Epiphany Eve (from 1pm)",
    "1959-01-06": "Epiphany",
    "1959-01-07": "Saint Julian's Day",
    "1959-02-09": "Carnival",
    "1959-03-26": "Maundy Thursday (from 1pm)",
    "1959-03-27": "Good Friday",
    "1959-03-30": "Easter Monday",
    "1959-05-01": "Labor Day",
    "1959-05-18": "Whit Monday",
    "1959-05-30": "Virgin Mary of Canòlich",
    "1959-07-27": "Sant Julià de Lòria Festival",
    "1959-07-28": "Sant Julià de Lòria Festival",
    "1959-08-15": "Assumption Day",
    "1959-09-08": "Our Lady of Meritxell",
    "1959-11-01": "All Saints' Day",
    "1959-12-08": "Immaculate Conception",
    "1959-12-24": "Christmas Eve (from 1pm)",
    "1959-12-25": "Christmas Day",
    "1959-12-26": "Saint Stephen's Day",
    "1959-12-31": "New Year's Eve (from 1pm)",
    "1960-01-01": "New Year's Day",
    "1960-01-05": "Epiphany Eve (from 1pm)",
    "1960-01-06": "Epiphany",
    "1960-01-07": "Saint Julian's Day",
    "1960-02-29": "Carnival",
    "1960-04-14": "Maundy Thursday (from 1pm)",
    "1960-04-15": "Good Friday",
    "1960-04-18": "Easter Monday",
    "1960-05-01": "Labor Day",
    "1960-05-28": "Virgin Mary of Canòlich",
    "1960-06-06": "Whit Monday",
    "1960-08-01": "Sant Julià de Lòria Festival",
    "1960-08-02": "Sant Julià de Lòria Festival",
    "1960-08-15": "Assumption Day",
    "1960-09-08": "Our Lady of Meritxell",
    "1960-11-01": "All Saints' Day",
    "1960-12-08": "Immaculate Conception",
    "1960-12-24": "Christmas Eve (from 1pm)",
    "1960-12-25": "Christmas Day",
    "1960-12-26": "Saint Stephen's Day",
    "1960-12-31": "New Year's Eve (from 1pm)",
    "1961-01-01": "New Year's Day",
    "1961-01-05": "Epiphany Eve (from 1pm)",
    "1961-01-06": "Epiphany",
    "1961-01-07": "Saint Julian's Day",
    "1961-02-13": "Carnival",
    "1961-03-30": "Maundy Thursday (from 1pm)",
    "1961-03-31": "Good Friday",
    "1961-04-03": "Easter Monday",
    "1961-05-01": "Labor Day",
    "1961-05-22": "Whit Monday",
    "1961-05-27": "Virgin Mary of Canòlich",
    "1961-07-31": "Sant Julià de Lòria Festival",
    "1961-08-01": "Sant Julià de Lòria Festival",
    "1961-08-15": "Assumption Day",
    "1961-09-08": "Our Lady of Meritxell",
    "1961-11-01": "All Saints' Day",
    "1961-12-08": "Immaculate Conception",
    "1961-12-24": "Christmas Eve (from 1pm)",
    "1961-12-25": "Christmas Day",
    "1961-12-26": "Saint Stephen's Day",
    "1961-12-31": "New Year's Eve (from 1pm)",
    "1962-01-01": "New Year's Day",
    "1962-01-05": "Epiphany Eve (from 1pm)",
    "1962-01-06": "Epiphany",
    "1962-01-07": "Saint Julian's Day",
    "1962-03-05": "Carnival",
    "1962-04-19": "Maundy Thursday (from 1pm)",
    "1962-04-20": "Good Friday",
    "1962-04-23": "Easter Monday",
    "1962-05-01": "Labor Day",
    "1962-05-26": "Virgin Mary of Canòlich",
    "1962-06-11": "Whit Monday",
    "1962-07-30": "Sant Julià de Lòria Festival",
    "1962-07-31": "Sant Julià de Lòria Festival",
    "1962-08-15": "Assumption Day",
    "1962-09-08": "Our Lady of Meritxell",
    "1962-11-01": "All Saints' Day",
    "1962-12-08": "Immaculate Conception",
    "1962-12-24": "Christmas Eve (from 1pm)",
    "1962-12-25": "Christmas Day",
    "1962-12-26": "Saint Stephen's Day",
    "1962-12-31": "New Year's Eve (from 1pm)",
    "1963-01-01": "New Year's Day",
    "1963-01-05": "Epiphany Eve (from 1pm)",
    "1963-01-06": "Epiphany",
    "1963-01-07": "Saint Julian's Day",
    "1963-02-25": "Carnival",
    "1963-04-11": "Maundy Thursday (from 1pm)",
    "1963-04-12": "Good Friday",
    "1963-04-15": "Easter Monday",
    "1963-05-01": "Labor Day",
    "1963-05-25": "Virgin Mary of Canòlich",
    "1963-06-03": "Whit Monday",
    "1963-07-29": "Sant Julià de Lòria Festival",
    "1963-07-30": "Sant Julià de Lòria Festival",
    "1963-08-15": "Assumption Day",
    "1963-09-08": "Our Lady of Meritxell",
    "1963-11-01": "All Saints' Day",
    "1963-12-08": "Immaculate Conception",
    "1963-12-24": "Christmas Eve (from 1pm)",
    "1963-12-25": "Christmas Day",
    "1963-12-26": "Saint Stephen's Day",
    "1963-12-31": "New Year's Eve (from 1pm)",
    "1964-01-01": "New Year's Day",
    "1964-01-05": "Epiphany Eve (from 1pm)",
    "1964-01-06": "Epiphany",
    "1964-01-07": "Saint Julian's Day",
    "1964-02-10": "Carnival",
    "1964-03-26": "Maundy Thursday (from 1pm)",
    "1964-03-27": "Good Friday",
    "1964-03-30": "Easter Monday",
    "1964-05-01": "Labor Day",
    "1964-05-18": "Whit Monday",
    "1964-05-30": "Virgin Mary of Canòlich",
    "1964-07-27": "Sant Julià de Lòria Festival",
    "1964-07-28": "Sant Julià de Lòria Festival",
    "1964-08-15": "Assumption Day",
    "1964-09-08": "Our Lady of Meritxell",
    "1964-11-01": "All Saints' Day",
    "1964-12-08": "Immaculate Conception",
    "1964-12-24": "Christmas Eve (from 1pm)",
    "1964-12-25": "Christmas Day",
    "1964-12-26": "Saint Stephen's Day",
    "1964-12-31": "New Year's Eve (from 1pm)",
    "1965-01-01": "New Year's Day",
    "1965-01-05": "Epiphany Eve (from 1pm)",
    "1965-01-06": "Epiphany",
    "1965-01-07": "Saint Julian's Day",
    "1965-03-01": "Carnival",
    "1965-04-15": "Maundy Thursday (from 1pm)",
    "1965-04-16": "Good Friday",
    "1965-04-19": "Easter Monday",
    "1965-05-01": "Labor Day",
    "1965-05-29": "Virgin Mary of Canòlich",
    "1965-06-07": "Whit Monday",
    "1965-08-02": "Sant Julià de Lòria Festival",
    "1965-08-03": "Sant Julià de Lòria Festival",
    "1965-08-15": "Assumption Day",
    "1965-09-08": "Our Lady of Meritxell",
    "1965-11-01": "All Saints' Day",
    "1965-12-08": "Immaculate Conception",
    "1965-12-24": "Christmas Eve (from 1pm)",
    "1965-12-25": "Christmas Day",
    "1965-12-26": "Saint Stephen's Day",
    "1965-12-31": "New Year's Eve (from 1pm)",
    "1966-01-01": "New Year's Day",
    "1966-01-05": "Epiphany Eve (from 1pm)",
    "1966-01-06": "Epiphany",
    "1966-01-07": "Saint Julian's Day",
    "1966-02-21": "Carnival",
    "1966-04-07": "Maundy Thursday (from 1pm)",
    "1966-04-08": "Good Friday",
    "1966-04-11": "Easter Monday",
    "1966-05-01": "Labor Day",
    "1966-05-28": "Virgin Mary of Canòlich",
    "1966-05-30": "Whit Monday",
    "1966-08-01": "Sant Julià de Lòria Festival",
    "1966-08-02": "Sant Julià de Lòria Festival",
    "1966-08-15": "Assumption Day",
    "1966-09-08": "Our Lady of Meritxell",
    "1966-11-01": "All Saints' Day",
    "1966-12-08": "Immaculate Conception",
    "1966-12-24": "Christmas Eve (from 1pm)",
    "1966-12-25": "Christmas Day",
    "1966-12-26": "Saint Stephen's Day",
    "1966-12-31": "New Year's Eve (from 1pm)",
    "1967-01-01": "New Year's Day",
    "1967-01-05": "Epiphany Eve (from 1pm)",
    "1967-01-06": "Epiphany",
    "1967-01-07": "Saint Julian's Day",
    "1967-02-06": "Carnival",
    "1967-03-23": "Maundy Thursday (from 1pm)",
    "1967-03-24": "Good Friday",
    "1967-03-27": "Easter Monday",
    "1967-05-01": "Labor Day",
    "1967-05-15": "Whit Monday",
    "1967-05-27": "Virgin Mary of Canòlich",
    "1967-07-31": "Sant Julià de Lòria Festival",
    "1967-08-01": "Sant Julià de Lòria Festival",
    "1967-08-15": "Assumption Day",
    "1967-09-08": "Our Lady of Meritxell",
    "1967-11-01": "All Saints' Day",
    "1967-12-08": "Immaculate Conception",
    "1967-12-24": "Christmas Eve (from 1pm)",
    "1967-12-25": "Christmas Day",
    "1967-12-26": "Saint Stephen's Day",
    "1967-12-31": "New Year's Eve (from 1pm)",
    "1968-01-01": "New Year's Day",
    "1968-01-05": "Epiphany Eve (from 1pm)",
    "1968-01-06": "Epiphany",
    "1968-01-07": "Saint Julian's Day",
    "1968-02-26": "Carnival",
    "1968-04-11": "Maundy Thursday (from 1pm)",
    "1968-04-12": "Good Friday",
    "1968-04-15": "Easter Monday",
    "1968-05-01": "Labor Day",
    "1968-05-25": "Virgin Mary of Canòlich",
    "1968-06-03": "Whit Monday",
    "1968-07-29": "Sant Julià de Lòria Festival",
    "1968-07-30": "Sant Julià de Lòria Festival",
    "1968-08-15": "Assumption Day",
    "1968-09-08": "Our Lady of Meritxell",
    "1968-11-01": "All Saints' Day",
    "1968-12-08": "Immaculate Conception",
    "1968-12-24": "Christmas Eve (from 1pm)",
    "1968-12-25": "Christmas Day",
    "1968-12-26": "Saint Stephen's Day",
    "1968-12-31": "New Year's Eve (from 1pm)",
    "1969-01-01": "New Year's Day",
    "1969-01-05": "Epiphany Eve (from 1pm)",
    "1969-01-06": "Epiphany",
    "1969-01-07": "Saint Julian's Day",
    "1969-02-17": "Carnival",
    "1969-04-03": "Maundy Thursday (from 1pm)",
    "1969-04-04": "Good Friday",
    "1969-04-07": "Easter Monday",
    "1969-05-01": "Labor Day",
    "1969-05-26": "Whit Monday",
    "1969-05-31": "Virgin Mary of Canòlich",
    "1969-07-28": "Sant Julià de Lòria Festival",
    "1969-07-29": "Sant Julià de Lòria Festival",
    "1969-08-15": "Assumption Day",
    "1969-09-08": "Our Lady of Meritxell",
    "1969-11-01": "All Saints' Day",
    "1969-12-08": "Immaculate Conception",
    "1969-12-24": "Christmas Eve (from 1pm)",
    "1969-12-25": "Christmas Day",
    "1969-12-26": "Saint Stephen's Day",
    "1969-12-31": "New Year's Eve (from 1pm)",
    "1970-01-01": "New Year's Day",
    "1970-01-05": "Epiphany Eve (from 1pm)",
    "1970-01-06": "Epiphany",
    "1970-01-07": "Saint Julian's Day",
    "1970-02-09": "Carnival",
    "1970-03-26": "Maundy Thursday (from 1pm)",
    "1970-03-27": "Good Friday",
    "1970-03-30": "Easter Monday",
    "1970-05-01": "Labor Day",
    "1970-05-18": "Whit Monday",
    "1970-05-30": "Virgin Mary of Canòlich",
    "1970-07-27": "Sant Julià de Lòria Festival",
    "1970-07-28": "Sant Julià de Lòria Festival",
    "1970-08-15": "Assumption Day",
    "1970-09-08": "Our Lady of Meritxell",
    "1970-11-01": "All Saints' Day",
    "1970-12-08": "Immaculate Conception",
    "1970-12-24": "Christmas Eve (from 1pm)",
    "1970-12-25": "Christmas Day",
    "1970-12-26": "Saint Stephen's Day",
    "1970-12-31": "New Year's Eve (from 1pm)",
    "1971-01-01": "New Year's Day",
    "1971-01-05": "Epiphany Eve (from 1pm)",
    "1971-01-06": "Epiphany",
    "1971-01-07": "Saint Julian's Day",
    "1971-02-22": "Carnival",
    "1971-04-08": "Maundy Thursday (from 1pm)",
    "1971-04-09": "Good Friday",
    "1971-04-12": "Easter Monday",
    "1971-05-01": "Labor Day",
    "1971-05-29": "Virgin Mary of Canòlich",
    "1971-05-31": "Whit Monday",
    "1971-08-02": "Sant Julià de Lòria Festival",
    "1971-08-03": "Sant Julià de Lòria Festival",
    "1971-08-15": "Assumption Day",
    "1971-09-08": "Our Lady of Meritxell",
    "1971-11-01": "All Saints' Day",
    "1971-12-08": "Immaculate Conception",
    "1971-12-24": "Christmas Eve (from 1pm)",
    "1971-12-25": "Christmas Day",
    "1971-12-26": "Saint Stephen's Day",
    "1971-12-31": "New Year's Eve (from 1pm)",
    "1972-01-01": "New Year's Day",
    "1972-01-05": "Epiphany Eve (from 1pm)",
    "1972-01-06": "Epiphany",
    "1972-01-07": "Saint Julian's Day",
    "1972-02-14": "Carnival",
    "1972-03-30": "Maundy Thursday (from 1pm)",
    "1972-03-31": "Good Friday",
    "1972-04-03": "Easter Monday",
    "1972-05-01": "Labor Day",
    "1972-05-22": "Whit Monday",
    "1972-05-27": "Virgin Mary of Canòlich",
    "1972-07-31": "Sant Julià de Lòria Festival",
    "1972-08-01": "Sant Julià de Lòria Festival",
    "1972-08-15": "Assumption Day",
    "1972-09-08": "Our Lady of Meritxell",
    "1972-11-01": "All Saints' Day",
    "1972-12-08": "Immaculate Conception",
    "1972-12-24": "Christmas Eve (from 1pm)",
    "1972-12-25": "Christmas Day",
    "1972-12-26": "Saint Stephen's Day",
    "1972-12-31": "New Year's Eve (from 1pm)",
    "1973-01-01": "New Year's Day",
    "1973-01-05": "Epiphany Eve (from 1pm)",
    "1973-01-06": "Epiphany",
    "1973-01-07": "Saint Julian's Day",
    "1973-03-05": "Carnival",
    "1973-04-19": "Maundy Thursday (from 1pm)",
    "1973-04-20": "Good Friday",
    "1973-04-23": "Easter Monday",
    "1973-05-01": "Labor Day",
    "1973-05-26": "Virgin Mary of Canòlich",
    "1973-06-11": "Whit Monday",
    "1973-07-30": "Sant Julià de Lòria Festival",
    "1973-07-31": "Sant Julià de Lòria Festival",
    "1973-08-15": "Assumption Day",
    "1973-09-08": "Our Lady of Meritxell",
    "1973-11-01": "All Saints' Day",
    "1973-12-08": "Immaculate Conception",
    "1973-12-24": "Christmas Eve (from 1pm)",
    "1973-12-25": "Christmas Day",
    "1973-12-26": "Saint Stephen's Day",
    "1973-12-31": "New Year's Eve (from 1pm)",
    "1974-01-01": "New Year's Day",
    "1974-01-05": "Epiphany Eve (from 1pm)",
    "1974-01-06": "Epiphany",
    "1974-01-07": "Saint Julian's Day",
    "1974-02-25": "Carnival",
    "1974-04-11": "Maundy Thursday (from 1pm)",
    "1974-04-12": "Good Friday",
    "1974-04-15": "Easter Monday",
    "1974-05-01": "Labor Day",
    "1974-05-25": "Virgin Mary of Canòlich",
    "1974-06-03": "Whit Monday",
    "1974-07-29": "Sant Julià de Lòria Festival",
    "1974-07-30": "Sant Julià de Lòria Festival",
    "1974-08-15": "Assumption Day",
    "1974-09-08": "Our Lady of Meritxell",
    "1974-11-01": "All Saints' Day",
    "1974-12-08": "Immaculate Conception",
    "1974-12-24": "Christmas Eve (from 1pm)",
    "1974-12-25": "Christmas Day",
    "1974-12-26": "Saint Stephen's Day",
    "1974-12-31": "New Year's Eve (from 1pm)",
    "1975-01-01": "New Year's Day",
    "1975-01-05": "Epiphany Eve (from 1pm)",
    "1975-01-06": "Epiphany",
    "1975-01-07": "Saint Julian's Day",
    "1975-02-10": "Carnival",
    "1975-03-27": "Maundy Thursday (from 1pm)",
    "1975-03-28": "Good Friday",
    "1975-03-31": "Easter Monday",
    "1975-05-01": "Labor Day",
    "1975-05-19": "Whit Monday",
    "1975-05-31": "Virgin Mary of Canòlich",
    "1975-07-28": "Sant Julià de Lòria Festival",
    "1975-07-29": "Sant Julià de Lòria Festival",
    "1975-08-15": "Assumption Day",
    "1975-09-08": "Our Lady of Meritxell",
    "1975-11-01": "All Saints' Day",
    "1975-12-08": "Immaculate Conception",
    "1975-12-24": "Christmas Eve (from 1pm)",
    "1975-12-25": "Christmas Day",
    "1975-12-26": "Saint Stephen's Day",
    "1975-12-31": "New Year's Eve (from 1pm)",
    "1976-01-01": "New Year's Day",
    "1976-01-05": "Epiphany Eve (from 1pm)",
    "1976-01-06": "Epiphany",
    "1976-01-07": "Saint Julian's Day",
    "1976-03-01": "Carnival",
    "1976-04-15": "Maundy Thursday (from 1pm)",
    "1976-04-16": "Good Friday",
    "1976-04-19": "Easter Monday",
    "1976-05-01": "Labor Day",
    "1976-05-29": "Virgin Mary of Canòlich",
    "1976-06-07": "Whit Monday",
    "1976-08-02": "Sant Julià de Lòria Festival",
    "1976-08-03": "Sant Julià de Lòria Festival",
    "1976-08-15": "Assumption Day",
    "1976-09-08": "Our Lady of Meritxell",
    "1976-11-01": "All Saints' Day",
    "1976-12-08": "Immaculate Conception",
    "1976-12-24": "Christmas Eve (from 1pm)",
    "1976-12-25": "Christmas Day",
    "1976-12-26": "Saint Stephen's Day",
    "1976-12-31": "New Year's Eve (from 1pm)",
    "1977-01-01": "New Year's Day",
    "1977-01-05": "Epiphany Eve (from 1pm)",
    "1977-01-06": "Epiphany",
    "1977-01-07": "Saint Julian's Day",
    "1977-02-21": "Carnival",
    "1977-04-07": "Maundy Thursday (from 1pm)",
    "1977-04-08": "Good Friday",
    "1977-04-11": "Easter Monday",
    "1977-05-01": "Labor Day",
    "1977-05-28": "Virgin Mary of Canòlich",
    "1977-05-30": "Whit Monday",
    "1977-08-01": "Sant Julià de Lòria Festival",
    "1977-08-02": "Sant Julià de Lòria Festival",
    "1977-08-15": "Assumption Day",
    "1977-09-08": "Our Lady of Meritxell",
    "1977-11-01": "All Saints' Day",
    "1977-12-08": "Immaculate Conception",
    "1977-12-24": "Christmas Eve (from 1pm)",
    "1977-12-25": "Christmas Day",
    "1977-12-26": "Saint Stephen's Day",
    "1977-12-31": "New Year's Eve (from 1pm)",
    "1978-01-01": "New Year's Day",
    "1978-01-05": "Epiphany Eve (from 1pm)",
    "1978-01-06": "Epiphany",
    "1978-01-07": "Saint Julian's Day",
    "1978-02-06": "Carnival",
    "1978-03-23": "Maundy Thursday (from 1pm)",
    "1978-03-24": "Good Friday",
    "1978-03-27": "Easter Monday",
    "1978-05-01": "Labor Day",
    "1978-05-15": "Whit Monday",
    "1978-05-27": "Virgin Mary of Canòlich",
    "1978-07-31": "Sant Julià de Lòria Festival",
    "1978-08-01": "Sant Julià de Lòria Festival",
    "1978-08-15": "Assumption Day",
    "1978-09-08": "Our Lady of Meritxell",
    "1978-11-01": "All Saints' Day",
    "1978-12-08": "Immaculate Conception",
    "1978-12-24": "Christmas Eve (from 1pm)",
    "1978-12-25": "Christmas Day",
    "1978-12-26": "Saint Stephen's Day",
    "1978-12-31": "New Year's Eve (from 1pm)",
    "1979-01-01": "New Year's Day",
    "1979-01-05": "Epiphany Eve (from 1pm)",
    "1979-01-06": "Epiphany",
    "1979-01-07": "Saint Julian's Day",
    "1979-02-26": "Carnival",
    "1979-04-12": "Maundy Thursday (from 1pm)",
    "1979-04-13": "Good Friday",
    "1979-04-16": "Easter Monday",
    "1979-05-01": "Labor Day",
    "1979-05-26": "Virgin Mary of Canòlich",
    "1979-06-04": "Whit Monday",
    "1979-07-30": "Sant Julià de Lòria Festival",
    "1979-07-31": "Sant Julià de Lòria Festival",
    "1979-08-15": "Assumption Day",
    "1979-09-08": "Our Lady of Meritxell",
    "1979-11-01": "All Saints' Day",
    "1979-12-08": "Immaculate Conception",
    "1979-12-24": "Christmas Eve (from 1pm)",
    "1979-12-25": "Christmas Day",
    "1979-12-26": "Saint Stephen's Day",
    "1979-12-31": "New Year's Eve (from 1pm)",
    "1980-01-01": "New Year's Day",
    "1980-01-05": "Epiphany Eve (from 1pm)",
    "1980-01-06": "Epiphany",
    "1980-01-07": "Saint Julian's Day",
    "1980-02-18": "Carnival",
    "1980-04-03": "Maundy Thursday (from 1pm)",
    "1980-04-04": "Good Friday",
    "1980-04-07": "Easter Monday",
    "1980-05-01": "Labor Day",
    "1980-05-26": "Whit Monday",
    "1980-05-31": "Virgin Mary of Canòlich",
    "1980-07-28": "Sant Julià de Lòria Festival",
    "1980-07-29": "Sant Julià de Lòria Festival",
    "1980-08-15": "Assumption Day",
    "1980-09-08": "Our Lady of Meritxell",
    "1980-11-01": "All Saints' Day",
    "1980-12-08": "Immaculate Conception",
    "1980-12-24": "Christmas Eve (from 1pm)",
    "1980-12-25": "Christmas Day",
    "1980-12-26": "Saint Stephen's Day",
    "1980-12-31": "New Year's Eve (from 1pm)",
    "1981-01-01": "New Year's Day",
    "1981-01-05": "Epiphany Eve (from 1pm)",
    "1981-01-06": "Epiphany",
    "1981-01-07": "Saint Julian's Day",
    "1981-03-02": "Carnival",
    "1981-04-16": "Maundy Thursday (from 1pm)",
    "1981-04-17": "Good Friday",
    "1981-04-20": "Easter Monday",
    "1981-05-01": "Labor Day",
    "1981-05-30": "Virgin Mary of Canòlich",
    "1981-06-08": "Whit Monday",
    "1981-07-27": "Sant Julià de Lòria Festival",
    "1981-07-28": "Sant Julià de Lòria Festival",
    "1981-08-15": "Assumption Day",
    "1981-09-08": "Our Lady of Meritxell",
    "1981-11-01": "All Saints' Day",
    "1981-12-08": "Immaculate Conception",
    "1981-12-24": "Christmas Eve (from 1pm)",
    "1981-12-25": "Christmas Day",
    "1981-12-26": "Saint Stephen's Day",
    "1981-12-31": "New Year's Eve (from 1pm)",
    "1982-01-01": "New Year's Day",
    "1982-01-05": "Epiphany Eve (from 1pm)",
    "1982-01-06": "Epiphany",
    "1982-01-07": "Saint Julian's Day",
    "1982-02-22": "Carnival",
    "1982-04-08": "Maundy Thursday (from 1pm)",
    "1982-04-09": "Good Friday",
    "1982-04-12": "Easter Monday",
    "1982-05-01": "Labor Day",
    "1982-05-29": "Virgin Mary of Canòlich",
    "1982-05-31": "Whit Monday",
    "1982-08-02": "Sant Julià de Lòria Festival",
    "1982-08-03": "Sant Julià de Lòria Festival",
    "1982-08-15": "Assumption Day",
    "1982-09-08": "Our Lady of Meritxell",
    "1982-11-01": "All Saints' Day",
    "1982-12-08": "Immaculate Conception",
    "1982-12-24": "Christmas Eve (from 1pm)",
    "1982-12-25": "Christmas Day",
    "1982-12-26": "Saint Stephen's Day",
    "1982-12-31": "New Year's Eve (from 1pm)",
    "1983-01-01": "New Year's Day",
    "1983-01-05": "Epiphany Eve (from 1pm)",
    "1983-01-06": "Epiphany",
    "1983-01-07": "Saint Julian's Day",
    "1983-02-14": "Carnival",
    "1983-03-31": "Maundy Thursday (from 1pm)",
    "1983-04-01": "Good Friday",
    "1983-04-04": "Easter Monday",
    "1983-05-01": "Labor Day",
    "1983-05-23": "Whit Monday",
    "1983-05-28": "Virgin Mary of Canòlich",
    "1983-08-01": "Sant Julià de Lòria Festival",
    "1983-08-02": "Sant Julià de Lòria Festival",
    "1983-08-15": "Assumption Day",
    "1983-09-08": "Our Lady of Meritxell",
    "1983-11-01": "All Saints' Day",
    "1983-12-08": "Immaculate Conception",
    "1983-12-24": "Christmas Eve (from 1pm)",
    "1983-12-25": "Christmas Day",
    "1983-12-26": "Saint Stephen's Day",
    "1983-12-31": "New Year's Eve (from 1pm)",
    "1984-01-01": "New Year's Day",
    "1984-01-05": "Epiphany Eve (from 1pm)",
    "1984-01-06": "Epiphany",
    "1984-01-07": "Saint Julian's Day",
    "1984-03-05": "Carnival",
    "1984-04-19": "Maundy Thursday (from 1pm)",
    "1984-04-20": "Good Friday",
    "1984-04-23": "Easter Monday",
    "1984-05-01": "Labor Day",
    "1984-05-26": "Virgin Mary of Canòlich",
    "1984-06-11": "Whit Monday",
    "1984-07-30": "Sant Julià de Lòria Festival",
    "1984-07-31": "Sant Julià de Lòria Festival",
    "1984-08-15": "Assumption Day",
    "1984-09-08": "Our Lady of Meritxell",
    "1984-11-01": "All Saints' Day",
    "1984-12-08": "Immaculate Conception",
    "1984-12-24": "Christmas Eve (from 1pm)",
    "1984-12-25": "Christmas Day",
    "1984-12-26": "Saint Stephen's Day",
    "1984-12-31": "New Year's Eve (from 1pm)",
    "1985-01-01": "New Year's Day",
    "1985-01-05": "Epiphany Eve (from 1pm)",
    "1985-01-06": "Epiphany",
    "1985-01-07": "Saint Julian's Day",
    "1985-02-18": "Carnival",
    "1985-04-04": "Maundy Thursday (from 1pm)",
    "1985-04-05": "Good Friday",
    "1985-04-08": "Easter Monday",
    "1985-05-01": "Labor Day",
    "1985-05-25": "Virgin Mary of Canòlich",
    "1985-05-27": "Whit Monday",
    "1985-07-29": "Sant Julià de Lòria Festival",
    "1985-07-30": "Sant Julià de Lòria Festival",
    "1985-08-15": "Assumption Day",
    "1985-09-08": "Our Lady of Meritxell",
    "1985-11-01": "All Saints' Day",
    "1985-12-08": "Immaculate Conception",
    "1985-12-24": "Christmas Eve (from 1pm)",
    "1985-12-25": "Christmas Day",
    "1985-12-26": "Saint Stephen's Day",
    "1985-12-31": "New Year's Eve (from 1pm)",
    "1986-01-01": "New Year's Day",
    "1986-01-05": "Epiphany Eve (from 1pm)",
    "1986-01-06": "Epiphany",
    "1986-01-07": "Saint Julian's Day",
    "1986-02-10": "Carnival",
    "1986-03-27": "Maundy Thursday (from 1pm)",
    "1986-03-28": "Good Friday",
    "1986-03-31": "Easter Monday",
    "1986-05-01": "Labor Day",
    "1986-05-19": "Whit Monday",
    "1986-05-31": "Virgin Mary of Canòlich",
    "1986-07-28": "Sant Julià de Lòria Festival",
    "1986-07-29": "Sant Julià de Lòria Festival",
    "1986-08-15": "Assumption Day",
    "1986-09-08": "Our Lady of Meritxell",
    "1986-11-01": "All Saints' Day",
    "1986-12-08": "Immaculate Conception",
    "1986-12-24": "Christmas Eve (from 1pm)",
    "1986-12-25": "Christmas Day",
    "1986-12-26": "Saint Stephen's Day",
    "1986-12-31": "New Year's Eve (from 1pm)",
    "1987-01-01": "New Year's Day",
    "1987-01-05": "Epiphany Eve (from 1pm)",
    "1987-01-06": "Epiphany",
    "1987-01-07": "Saint Julian's Day",
    "1987-03-02": "Carnival",
    "1987-04-16": "Maundy Thursday (from 1pm)",
    "1987-04-17": "Good Friday",
    "1987-04-20": "Easter Monday",
    "1987-05-01": "Labor Day",
    "1987-05-30": "Virgin Mary of Canòlich",
    "1987-06-08": "Whit Monday",
    "1987-07-27": "Sant Julià de Lòria Festival",
    "1987-07-28": "Sant Julià de Lòria Festival",
    "1987-08-15": "Assumption Day",
    "1987-09-08": "Our Lady of Meritxell",
    "1987-11-01": "All Saints' Day",
    "1987-12-08": "Immaculate Conception",
    "1987-12-24": "Christmas Eve (from 1pm)",
    "1987-12-25": "Christmas Day",
    "1987-12-26": "Saint Stephen's Day",
    "1987-12-31": "New Year's Eve (from 1pm)",
    "1988-01-01": "New Year's Day",
    "1988-01-05": "Epiphany Eve (from 1pm)",
    "1988-01-06": "Epiphany",
    "1988-01-07": "Saint Julian's Day",
    "1988-02-15": "Carnival",
    "1988-03-31": "Maundy Thursday (from 1pm)",
    "1988-04-01": "Good Friday",
    "1988-04-04": "Easter Monday",
    "1988-05-01": "Labor Day",
    "1988-05-23": "Whit Monday",
    "1988-05-28": "Virgin Mary of Canòlich",
    "1988-08-01": "Sant Julià de Lòria Festival",
    "1988-08-02": "Sant Julià de Lòria Festival",
    "1988-08-15": "Assumption Day",
    "1988-09-08": "Our Lady of Meritxell",
    "1988-11-01": "All Saints' Day",
    "1988-12-08": "Immaculate Conception",
    "1988-12-24": "Christmas Eve (from 1pm)",
    "1988-12-25": "Christmas Day",
    "1988-12-26": "Saint Stephen's Day",
    "1988-12-31": "New Year's Eve (from 1pm)",
    "1989-01-01": "New Year's Day",
    "1989-01-05": "Epiphany Eve (from 1pm)",
    "1989-01-06": "Epiphany",
    "1989-01-07": "Saint Julian's Day",
    "1989-02-06": "Carnival",
    "1989-03-23": "Maundy Thursday (from 1pm)",
    "1989-03-24": "Good Friday",
    "1989-03-27": "Easter Monday",
    "1989-05-01": "Labor Day",
    "1989-05-15": "Whit Monday",
    "1989-05-27": "Virgin Mary of Canòlich",
    "1989-07-31": "Sant Julià de Lòria Festival",
    "1989-08-01": "Sant Julià de Lòria Festival",
    "1989-08-15": "Assumption Day",
    "1989-09-08": "Our Lady of Meritxell",
    "1989-11-01": "All Saints' Day",
    "1989-12-08": "Immaculate Conception",
    "1989-12-24": "Christmas Eve (from 1pm)",
    "1989-12-25": "Christmas Day",
    "1989-12-26": "Saint Stephen's Day",
    "1989-12-31": "New Year's Eve (from 1pm)",
    "1990-01-01": "New Year's Day",
    "1990-01-05": "Epiphany Eve (from 1pm)",
    "1990-01-06": "Epiphany",
    "1990-01-07": "Saint Julian's Day",
    "1990-02-26": "Carnival",
    "1990-04-12": "Maundy Thursday (from 1pm)",
    "1990-04-13": "Good Friday",
    "1990-04-16": "Easter Monday",
    "1990-05-01": "Labor Day",
    "1990-05-26": "Virgin Mary of Canòlich",
    "1990-06-04": "Whit Monday",
    "1990-07-30": "Sant Julià de Lòria Festival",
    "1990-07-31": "Sant Julià de Lòria Festival",
    "1990-08-15": "Assumption Day",
    "1990-09-08": "Our Lady of Meritxell",
    "1990-11-01": "All Saints' Day",
    "1990-12-08": "Immaculate Conception",
    "1990-12-24": "Christmas Eve (from 1pm)",
    "1990-12-25": "Christmas Day",
    "1990-12-26": "Saint Stephen's Day",
    "1990-12-31": "New Year's Eve (from 1pm)",
    "1991-01-01": "New Year's Day",
    "1991-01-05": "Epiphany Eve (from 1pm)",
    "1991-01-06": "Epiphany",
    "1991-01-07": "Saint Julian's Day",
    "1991-02-11": "Carnival",
    "1991-03-28": "Maundy Thursday (from 1pm)",
    "1991-03-29": "Good Friday",
    "1991-04-01": "Easter Monday",
    "1991-05-01": "Labor Day",
    "1991-05-20": "Whit Monday",
    "1991-05-25": "Virgin Mary of Canòlich",
    "1991-07-29": "Sant Julià de Lòria Festival",
    "1991-07-30": "Sant Julià de Lòria Festival",
    "1991-08-15": "Assumption Day",
    "1991-09-08": "Our Lady of Meritxell",
    "1991-11-01": "All Saints' Day",
    "1991-12-08": "Immaculate Conception",
    "1991-12-24": "Christmas Eve (from 1pm)",
    "1991-12-25": "Christmas Day",
    "1991-12-26": "Saint Stephen's Day",
    "1991-12-31": "New Year's Eve (from 1pm)",
    "1992-01-01": "New Year's Day",
    "1992-01-05": "Epiphany Eve (from 1pm)",
    "1992-01-06": "Epiphany",
    "1992-01-07": "Saint Julian's Day",
    "1992-03-02": "Carnival",
    "1992-04-16": "Maundy Thursday (from 1pm)",
    "1992-04-17": "Good Friday",
    "1992-04-20": "Easter Monday",
    "1992-05-01": "Labor Day",
    "1992-05-30": "Virgin Mary of Canòlich",
    "1992-06-08": "Whit Monday",
    "1992-07-27": "Sant Julià de Lòria Festival",
    "1992-07-28": "Sant Julià de Lòria Festival",
    "1992-08-15": "Assumption Day",
    "1992-09-08": "Our Lady of Meritxell",
    "1992-11-01": "All Saints' Day",
    "1992-12-08": "Immaculate Conception",
    "1992-12-24": "Christmas Eve (from 1pm)",
    "1992-12-25": "Christmas Day",
    "1992-12-26": "Saint Stephen's Day",
    "1992-12-31": "New Year's Eve (from 1pm)",
    "1993-01-01": "New Year's Day",
    "1993-01-05": "Epiphany Eve (from 1pm)",
    "1993-01-06": "Epiphany",
    "1993-01-07": "Saint Julian's Day",
    "1993-02-22": "Carnival",
    "1993-04-08": "Maundy Thursday (from 1pm)",
    "1993-04-09": "Good Friday",
    "1993-04-12": "Easter Monday",
    "1993-05-01": "Labor Day",
    "1993-05-29": "Virgin Mary of Canòlich",
    "1993-05-31": "Whit Monday",
    "1993-08-02": "Sant Julià de Lòria Festival",
    "1993-08-03": "Sant Julià de Lòria Festival",
    "1993-08-15": "Assumption Day",
    "1993-09-08": "Our Lady of Meritxell",
    "1993-11-01": "All Saints' Day",
    "1993-12-08": "Immaculate Conception",
    "1993-12-24": "Christmas Eve (from 1pm)",
    "1993-12-25": "Christmas Day",
    "1993-12-26": "Saint Stephen's Day",
    "1993-12-31": "New Year's Eve (from 1pm)",
    "1994-01-01": "New Year's Day",
    "1994-01-05": "Epiphany Eve (from 1pm)",
    "1994-01-06": "Epiphany",
    "1994-01-07": "Saint Julian's Day",
    "1994-02-14": "Carnival",
    "1994-03-14": "Constitution Day",
    "1994-03-31": "Maundy Thursday (from 1pm)",
    "1994-04-01": "Good Friday",
    "1994-04-04": "Easter Monday",
    "1994-05-01": "Labor Day",
    "1994-05-23": "Whit Monday",
    "1994-05-28": "Virgin Mary of Canòlich",
    "1994-08-01": "Sant Julià de Lòria Festival",
    "1994-08-02": "Sant Julià de Lòria Festival",
    "1994-08-15": "Assumption Day",
    "1994-09-08": "Our Lady of Meritxell",
    "1994-11-01": "All Saints' Day",
    "1994-12-08": "Immaculate Conception",
    "1994-12-24": "Christmas Eve (from 1pm)",
    "1994-12-25": "Christmas Day",
    "1994-12-26": "Saint Stephen's Day",
    "1994-12-31": "New Year's Eve (from 1pm)",
    "1995-01-01": "New Year's Day",
    "1995-01-05": "Epiphany Eve (from 1pm)",
    "1995-01-06": "Epiphany",
    "1995-01-07": "Saint Julian's Day",
    "1995-02-27": "Carnival",
    "1995-03-14": "Constitution Day",
    "1995-04-13": "Maundy Thursday (from 1pm)",
    "1995-04-14": "Good Friday",
    "1995-04-17": "Easter Monday",
    "1995-05-01": "Labor Day",
    "1995-05-27": "Virgin Mary of Canòlich",
    "1995-06-05": "Whit Monday",
    "1995-07-31": "Sant Julià de Lòria Festival",
    "1995-08-01": "Sant Julià de Lòria Festival",
    "1995-08-15": "Assumption Day",
    "1995-09-08": "Our Lady of Meritxell",
    "1995-11-01": "All Saints' Day",
    "1995-12-08": "Immaculate Conception",
    "1995-12-24": "Christmas Eve (from 1pm)",
    "1995-12-25": "Christmas Day",
    "1995-12-26": "Saint Stephen's Day",
    "1995-12-31": "New Year's Eve (from 1pm)",
    "1996-01-01": "New Year's Day",
    "1996-01-05": "Epiphany Eve (from 1pm)",
    "1996-01-06": "Epiphany",
    "1996-01-07": "Saint Julian's Day",
    "1996-02-19": "Carnival",
    "1996-03-14": "Constitution Day",
    "1996-04-04": "Maundy Thursday (from 1pm)",
    "1996-04-05": "Good Friday",
    "1996-04-08": "Easter Monday",
    "1996-05-01": "Labor Day",
    "1996-05-25": "Virgin Mary of Canòlich",
    "1996-05-27": "Whit Monday",
    "1996-07-29": "Sant Julià de Lòria Festival",
    "1996-07-30": "Sant Julià de Lòria Festival",
    "1996-08-15": "Assumption Day",
    "1996-09-08": "Our Lady of Meritxell",
    "1996-11-01": "All Saints' Day",
    "1996-12-08": "Immaculate Conception",
    "1996-12-24": "Christmas Eve (from 1pm)",
    "1996-12-25": "Christmas Day",
    "1996-12-26": "Saint Stephen's Day",
    "1996-12-31": "New Year's Eve (from 1pm)",
    "1997-01-01": "New Year's Day",
    "1997-01-05": "Epiphany Eve (from 1pm)",
    "1997-01-06": "Epiphany",
    "1997-01-07": "Saint Julian's Day",
    "1997-02-10": "Carnival",
    "1997-03-14": "Constitution Day",
    "1997-03-27": "Maundy Thursday (from 1pm)",
    "1997-03-28": "Good Friday",
    "1997-03-31": "Easter Monday",
    "1997-05-01": "Labor Day",
    "1997-05-19": "Whit Monday",
    "1997-05-31": "Virgin Mary of Canòlich",
    "1997-07-28": "Sant Julià de Lòria Festival",
    "1997-07-29": "Sant Julià de Lòria Festival",
    "1997-08-15": "Assumption Day",
    "1997-09-08": "Our Lady of Meritxell",
    "1997-11-01": "All Saints' Day",
    "1997-12-08": "Immaculate Conception",
    "1997-12-24": "Christmas Eve (from 1pm)",
    "1997-12-25": "Christmas Day",
    "1997-12-26": "Saint Stephen's Day",
    "1997-12-31": "New Year's Eve (from 1pm)",
    "1998-01-01": "New Year's Day",
    "1998-01-05": "Epiphany Eve (from 1pm)",
    "1998-01-06": "Epiphany",
    "1998-01-07": "Saint Julian's Day",
    "1998-02-23": "Carnival",
    "1998-03-14": "Constitution Day",
    "1998-04-09": "Maundy Thursday (from 1pm)",
    "1998-04-10": "Good Friday",
    "1998-04-13": "Easter Monday",
    "1998-05-01": "Labor Day",
    "1998-05-30": "Virgin Mary of Canòlich",
    "1998-06-01": "Whit Monday",
    "1998-07-27": "Sant Julià de Lòria Festival",
    "1998-07-28": "Sant Julià de Lòria Festival",
    "1998-08-15": "Assumption Day",
    "1998-09-08": "Our Lady of Meritxell",
    "1998-11-01": "All Saints' Day",
    "1998-12-08": "Immaculate Conception",
    "1998-12-24": "Christmas Eve (from 1pm)",
    "1998-12-25": "Christmas Day",
    "1998-12-26": "Saint Stephen's Day",
    "1998-12-31": "New Year's Eve (from 1pm)",
    "1999-01-01": "New Year's Day",
    "1999-01-05": "Epiphany Eve (from 1pm)",
    "1999-01-06": "Epiphany",
    "1999-01-07": "Saint Julian's Day",
    "1999-02-15": "Carnival",
    "1999-03-14": "Constitution Day",
    "1999-04-01": "Maundy Thursday (from 1pm)",
    "1999-04-02": "Good Friday",
    "1999-04-05": "Easter Monday",
    "1999-05-01": "Labor Day",
    "1999-05-24": "Whit Monday",
    "1999-05-29": "Virgin Mary of Canòlich",
    "1999-08-02": "Sant Julià de Lòria Festival",
    "1999-08-03": "Sant Julià de Lòria Festival",
    "1999-08-15": "Assumption Day",
    "1999-09-08": "Our Lady of Meritxell",
    "1999-11-01": "All Saints' Day",
    "1999-12-08": "Immaculate Conception",
    "1999-12-24": "Christmas Eve (from 1pm)",
    "1999-12-25": "Christmas Day",
    "1999-12-26": "Saint Stephen's Day",
    "1999-12-31": "New Year's Eve (from 1pm)",
    "2000-01-01": "New Year's Day",
    "2000-01-05": "Epiphany Eve (from 1pm)",
    "2000-01-06": "Epiphany",
    "2000-01-07": "Saint Julian's Day",
    "2000-03-06": "Carnival",
    "2000-03-14": "Constitution Day",
    "2000-04-20": "Maundy Thursday (from 1pm)",
    "2000-04-21": "Good Friday",
    "2000-04-24": "Easter Monday",
    "2000-05-01": "Labor Day",
    "2000-05-27": "Virgin Mary of Canòlich",
    "2000-06-12": "Whit Monday",
    "2000-07-31": "Sant Julià de Lòria Festival",
    "2000-08-01": "Sant Julià de Lòria Festival",
    "2000-08-15": "Assumption Day",
    "2000-09-08": "Our Lady of Meritxell",
    "2000-11-01": "All Saints' Day",
    "2000-12-08": "Immaculate Conception",
    "2000-12-24": "Christmas Eve (from 1pm)",
    "2000-12-25": "Christmas Day",
    "2000-12-26": "Saint Stephen's Day",
    "2000-12-31": "New Year's Eve (from 1pm)",
    "2001-01-01": "New Year's Day",
    "2001-01-05": "Epiphany Eve (from 1pm)",
    "2001-01-06": "Epiphany",
    "2001-01-07": "Saint Julian's Day",
    "2001-02-26": "Carnival",
    "2001-03-14": "Constitution Day",
    "2001-04-12": "Maundy Thursday (from 1pm)",
    "2001-04-13": "Good Friday",
    "2001-04-16": "Easter Monday",
    "2001-05-01": "Labor Day",
    "2001-05-26": "Virgin Mary of Canòlich",
    "2001-06-04": "Whit Monday",
    "2001-07-30": "Sant Julià de Lòria Festival",
    "2001-07-31": "Sant Julià de Lòria Festival",
    "2001-08-15": "Assumption Day",
    "2001-09-08": "Our Lady of Meritxell",
    "2001-11-01": "All Saints' Day",
    "2001-12-08": "Immaculate Conception",
    "2001-12-24": "Christmas Eve (from 1pm)",
    "2001-12-25": "Christmas Day",
    "2001-12-26": "Saint Stephen's Day",
    "2001-12-31": "New Year's Eve (from 1pm)",
    "2002-01-01": "New Year's Day",
    "2002-01-05": "Epiphany Eve (from 1pm)",
    "2002-01-06": "Epiphany",
    "2002-01-07": "Saint Julian's Day",
    "2002-02-11": "Carnival",
    "2002-03-14": "Constitution Day",
    "2002-03-28": "Maundy Thursday (from 1pm)",
    "2002-03-29": "Good Friday",
    "2002-04-01": "Easter Monday",
    "2002-05-01": "Labor Day",
    "2002-05-20": "Whit Monday",
    "2002-05-25": "Virgin Mary of Canòlich",
    "2002-07-29": "Sant Julià de Lòria Festival",
    "2002-07-30": "Sant Julià de Lòria Festival",
    "2002-08-15": "Assumption Day",
    "2002-09-08": "Our Lady of Meritxell",
    "2002-11-01": "All Saints' Day",
    "2002-12-08": "Immaculate Conception",
    "2002-12-24": "Christmas Eve (from 1pm)",
    "2002-12-25": "Christmas Day",
    "2002-12-26": "Saint Stephen's Day",
    "2002-12-31": "New Year's Eve (from 1pm)",
    "2003-01-01": "New Year's Day",
    "2003-01-05": "Epiphany Eve (from 1pm)",
    "2003-01-06": "Epiphany",
    "2003-01-07": "Saint Julian's Day",
    "2003-03-03": "Carnival",
    "2003-03-14": "Constitution Day",
    "2003-04-17": "Maundy Thursday (from 1pm)",
    "2003-04-18": "Good Friday",
    "2003-04-21": "Easter Monday",
    "2003-05-01": "Labor Day",
    "2003-05-31": "Virgin Mary of Canòlich",
    "2003-06-09": "Whit Monday",
    "2003-07-28": "Sant Julià de Lòria Festival",
    "2003-07-29": "Sant Julià de Lòria Festival",
    "2003-08-15": "Assumption Day",
    "2003-09-08": "Our Lady of Meritxell",
    "2003-11-01": "All Saints' Day",
    "2003-12-08": "Immaculate Conception",
    "2003-12-24": "Christmas Eve (from 1pm)",
    "2003-12-25": "Christmas Day",
    "2003-12-26": "Saint Stephen's Day",
    "2003-12-31": "New Year's Eve (from 1pm)",
    "2004-01-01": "New Year's Day",
    "2004-01-05": "Epiphany Eve (from 1pm)",
    "2004-01-06": "Epiphany",
    "2004-01-07": "Saint Julian's Day",
    "2004-02-23": "Carnival",
    "2004-03-14": "Constitution Day",
    "2004-04-08": "Maundy Thursday (from 1pm)",
    "2004-04-09": "Good Friday",
    "2004-04-12": "Easter Monday",
    "2004-05-01": "Labor Day",
    "2004-05-29": "Virgin Mary of Canòlich",
    "2004-05-31": "Whit Monday",
    "2004-08-02": "Sant Julià de Lòria Festival",
    "2004-08-03": "Sant Julià de Lòria Festival",
    "2004-08-15": "Assumption Day",
    "2004-09-08": "Our Lady of Meritxell",
    "2004-11-01": "All Saints' Day",
    "2004-12-08": "Immaculate Conception",
    "2004-12-24": "Christmas Eve (from 1pm)",
    "2004-12-25": "Christmas Day",
    "2004-12-26": "Saint Stephen's Day",
    "2004-12-31": "New Year's Eve (from 1pm)",
    "2005-01-01": "New Year's Day",
    "2005-01-05": "Epiphany Eve (from 1pm)",
    "2005-01-06": "Epiphany",
    "2005-01-07": "Saint Julian's Day",
    "2005-02-07": "Carnival",
    "2005-03-14": "Constitution Day",
    "2005-03-24": "Maundy Thursday (from 1pm)",
    "2005-03-25": "Good Friday",
    "2005-03-28": "Easter Monday",
    "2005-05-01": "Labor Day",
    "2005-05-16": "Whit Monday",
    "2005-05-28": "Virgin Mary of Canòlich",
    "2005-08-01": "Sant Julià de Lòria Festival",
    "2005-08-02": "Sant Julià de Lòria Festival",
    "2005-08-15": "Assumption Day",
    "2005-09-08": "Our Lady of Meritxell",
    "2005-11-01": "All Saints' Day",
    "2005-12-08": "Immaculate Conception",
    "2005-12-24": "Christmas Eve (from 1pm)",
    "2005-12-25": "Christmas Day",
    "2005-12-26": "Saint Stephen's Day",
    "2005-12-31": "New Year's Eve (from 1pm)",
    "2006-01-01": "New Year's Day",
    "2006-01-05": "Epiphany Eve (from 1pm)",
    "2006-01-06": "Epiphany",
    "2006-01-07": "Saint Julian's Day",
    "2006-02-27": "Carnival",
    "2006-03-14": "Constitution Day",
    "2006-04-13": "Maundy Thursday (from 1pm)",
    "2006-04-14": "Good Friday",
    "2006-04-17": "Easter Monday",
    "2006-05-01": "Labor Day",
    "2006-05-27": "Virgin Mary of Canòlich",
    "2006-06-05": "Whit Monday",
    "2006-07-31": "Sant Julià de Lòria Festival",
    "2006-08-01": "Sant Julià de Lòria Festival",
    "2006-08-15": "Assumption Day",
    "2006-09-08": "Our Lady of Meritxell",
    "2006-11-01": "All Saints' Day",
    "2006-12-08": "Immaculate Conception",
    "2006-12-24": "Christmas Eve (from 1pm)",
    "2006-12-25": "Christmas Day",
    "2006-12-26": "Saint Stephen's Day",
    "2006-12-31": "New Year's Eve (from 1pm)",
    "2007-01-01": "New Year's Day",
    "2007-01-05": "Epiphany Eve (from 1pm)",
    "2007-01-06": "Epiphany",
    "2007-01-07": "Saint Julian's Day",
    "2007-02-19": "Carnival",
    "2007-03-14": "Constitution Day",
    "2007-04-05": "Maundy Thursday (from 1pm)",
    "2007-04-06": "Good Friday",
    "2007-04-09": "Easter Monday",
    "2007-05-01": "Labor Day",
    "2007-05-26": "Virgin Mary of Canòlich",
    "2007-05-28": "Whit Monday",
    "2007-07-30": "Sant Julià de Lòria Festival",
    "2007-07-31": "Sant Julià de Lòria Festival",
    "2007-08-15": "Assumption Day",
    "2007-09-08": "Our Lady of Meritxell",
    "2007-11-01": "All Saints' Day",
    "2007-12-08": "Immaculate Conception",
    "2007-12-24": "Christmas Eve (from 1pm)",
    "2007-12-25": "Christmas Day",
    "2007-12-26": "Saint Stephen's Day",
    "2007-12-31": "New Year's Eve (from 1pm)",
    "2008-01-01": "New Year's Day",
    "2008-01-05": "Epiphany Eve (from 1pm)",
    "2008-01-06": "Epiphany",
    "2008-01-07": "Saint Julian's Day",
    "2008-02-04": "Carnival",
    "2008-03-14": "Constitution Day",
    "2008-03-20": "Maundy Thursday (from 1pm)",
    "2008-03-21": "Good Friday",
    "2008-03-24": "Easter Monday",
    "2008-05-01": "Labor Day",
    "2008-05-12": "Whit Monday",
    "2008-05-31": "Virgin Mary of Canòlich",
    "2008-07-28": "Sant Julià de Lòria Festival",
    "2008-07-29": "Sant Julià de Lòria Festival",
    "2008-08-15": "Assumption Day",
    "2008-09-08": "Our Lady of Meritxell",
    "2008-11-01": "All Saints' Day",
    "2008-12-08": "Immaculate Conception",
    "2008-12-24": "Christmas Eve (from 1pm)",
    "2008-12-25": "Christmas Day",
    "2008-12-26": "Saint Stephen's Day",
    "2008-12-31": "New Year's Eve (from 1pm)",
    "2009-01-01": "New Year's Day",
    "2009-01-05": "Epiphany Eve (from 1pm)",
    "2009-01-06": "Epiphany",
    "2009-01-07": "Saint Julian's Day",
    "2009-02-23": "Carnival",
    "2009-03-14": "Constitution Day",
    "2009-04-09": "Maundy Thursday (from 1pm)",
    "2009-04-10": "Good Friday",
    "2009-04-13": "Easter Monday",
    "2009-05-01": "Labor Day",
    "2009-05-30": "Virgin Mary of Canòlich",
    "2009-06-01": "Whit Monday",
    "2009-07-27": "Sant Julià de Lòria Festival",
    "2009-07-28": "Sant Julià de Lòria Festival",
    "2009-08-15": "Assumption Day",
    "2009-09-08": "Our Lady of Meritxell",
    "2009-11-01": "All Saints' Day",
    "2009-12-08": "Immaculate Conception",
    "2009-12-24": "Christmas Eve (from 1pm)",
    "2009-12-25": "Christmas Day",
    "2009-12-26": "Saint Stephen's Day",
    "2009-12-31": "New Year's Eve (from 1pm)",
    "2010-01-01": "New Year's Day",
    "2010-01-05": "Epiphany Eve (from 1pm)",
    "2010-01-06": "Epiphany",
    "2010-01-07": "Saint Julian's Day",
    "2010-02-15": "Carnival",
    "2010-03-14": "Constitution Day",
    "2010-04-01": "Maundy Thursday (from 1pm)",
    "2010-04-02": "Good Friday",
    "2010-04-05": "Easter Monday",
    "2010-05-01": "Labor Day",
    "2010-05-24": "Whit Monday",
    "2010-05-29": "Virgin Mary of Canòlich",
    "2010-08-02": "Sant Julià de Lòria Festival",
    "2010-08-03": "Sant Julià de Lòria Festival",
    "2010-08-15": "Assumption Day",
    "2010-09-08": "Our Lady of Meritxell",
    "2010-11-01": "All Saints' Day",
    "2010-12-08": "Immaculate Conception",
    "2010-12-24": "Christmas Eve (from 1pm)",
    "2010-12-25": "Christmas Day",
    "2010-12-26": "Saint Stephen's Day",
    "2010-12-31": "New Year's Eve (from 1pm)",
    "2011-01-01": "New Year's Day",
    "2011-01-05": "Epiphany Eve (from 1pm)",
    "2011-01-06": "Epiphany",
    "2011-01-07": "Saint Julian's Day",
    "2011-03-07": "Carnival",
    "2011-03-14": "Constitution Day",
    "2011-04-21": "Maundy Thursday (from 1pm)",
    "2011-04-22": "Good Friday",
    "2011-04-25": "Easter Monday",
    "2011-05-01": "Labor Day",
    "2011-05-28": "Virgin Mary of Canòlich",
    "2011-06-13": "Whit Monday",
    "2011-08-01": "Sant Julià de Lòria Festival",
    "2011-08-02": "Sant Julià de Lòria Festival",
    "2011-08-15": "Assumption Day",
    "2011-09-08": "Our Lady of Meritxell",
    "2011-11-01": "All Saints' Day",
    "2011-12-08": "Immaculate Conception",
    "2011-12-24": "Christmas Eve (from 1pm)",
    "2011-12-25": "Christmas Day",
    "2011-12-26": "Saint Stephen's Day",
    "2011-12-31": "New Year's Eve (from 1pm)",
    "2012-01-01": "New Year's Day",
    "2012-01-05": "Epiphany Eve (from 1pm)",
    "2012-01-06": "Epiphany",
    "2012-01-07": "Saint Julian's Day",
    "2012-02-20": "Carnival",
    "2012-03-14": "Constitution Day",
    "2012-04-05": "Maundy Thursday (from 1pm)",
    "2012-04-06": "Good Friday",
    "2012-04-09": "Easter Monday",
    "2012-05-01": "Labor Day",
    "2012-05-26": "Virgin Mary of Canòlich",
    "2012-05-28": "Whit Monday",
    "2012-07-30": "Sant Julià de Lòria Festival",
    "2012-07-31": "Sant Julià de Lòria Festival",
    "2012-08-15": "Assumption Day",
    "2012-09-08": "Our Lady of Meritxell",
    "2012-11-01": "All Saints' Day",
    "2012-12-08": "Immaculate Conception",
    "2012-12-24": "Christmas Eve (from 1pm)",
    "2012-12-25": "Christmas Day",
    "2012-12-26": "Saint Stephen's Day",
    "2012-12-31": "New Year's Eve (from 1pm)",
    "2013-01-01": "New Year's Day",
    "2013-01-05": "Epiphany Eve (from 1pm)",
    "2013-01-06": "Epiphany",
    "2013-01-07": "Saint Julian's Day",
    "2013-02-11": "Carnival",
    "2013-03-14": "Constitution Day",
    "2013-03-28": "Maundy Thursday (from 1pm)",
    "2013-03-29": "Good Friday",
    "2013-04-01": "Easter Monday",
    "2013-05-01": "Labor Day",
    "2013-05-20": "Whit Monday",
    "2013-05-25": "Virgin Mary of Canòlich",
    "2013-07-29": "Sant Julià de Lòria Festival",
    "2013-07-30": "Sant Julià de Lòria Festival",
    "2013-08-15": "Assumption Day",
    "2013-09-08": "Our Lady of Meritxell",
    "2013-11-01": "All Saints' Day",
    "2013-12-08": "Immaculate Conception",
    "2013-12-24": "Christmas Eve (from 1pm)",
    "2013-12-25": "Christmas Day",
    "2013-12-26": "Saint Stephen's Day",
    "2013-12-31": "New Year's Eve (from 1pm)",
    "2014-01-01": "New Year's Day",
    "2014-01-05": "Epiphany Eve (from 1pm)",
    "2014-01-06": "Epiphany",
    "2014-01-07": "Saint Julian's Day",
    "2014-03-03": "Carnival",
    "2014-03-14": "Constitution Day",
    "2014-04-17": "Maundy Thursday (from 1pm)",
    "2014-04-18": "Good Friday",
    "2014-04-21": "Easter Monday",
    "2014-05-01": "Labor Day",
    "2014-05-31": "Virgin Mary of Canòlich",
    "2014-06-09": "Whit Monday",
    "2014-07-28": "Sant Julià de Lòria Festival",
    "2014-07-29": "Sant Julià de Lòria Festival",
    "2014-08-15": "Assumption Day",
    "2014-09-08": "Our Lady of Meritxell",
    "2014-11-01": "All Saints' Day",
    "2014-12-08": "Immaculate Conception",
    "2014-12-24": "Christmas Eve (from 1pm)",
    "2014-12-25": "Christmas Day",
    "2014-12-26": "Saint Stephen's Day",
    "2014-12-31": "New Year's Eve (from 1pm)",
    "2015-01-01": "New Year's Day",
    "2015-01-05": "Epiphany Eve (from 1pm)",
    "2015-01-06": "Epiphany",
    "2015-01-07": "Saint Julian's Day",
    "2015-02-16": "Carnival",
    "2015-03-14": "Constitution Day",
    "2015-04-02": "Maundy Thursday (from 1pm)",
    "2015-04-03": "Good Friday",
    "2015-04-06": "Easter Monday",
    "2015-05-01": "Labor Day",
    "2015-05-25": "Whit Monday",
    "2015-05-30": "Virgin Mary of Canòlich",
    "2015-07-27": "Sant Julià de Lòria Festival",
    "2015-07-28": "Sant Julià de Lòria Festival",
    "2015-08-15": "Assumption Day",
    "2015-09-08": "Our Lady of Meritxell",
    "2015-11-01": "All Saints' Day",
    "2015-12-08": "Immaculate Conception",
    "2015-12-24": "Christmas Eve (from 1pm)",
    "2015-12-25": "Christmas Day",
    "2015-12-26": "Saint Stephen's Day",
    "2015-12-31": "New Year's Eve (from 1pm)",
    "2016-01-01": "New Year's Day",
    "2016-01-05": "Epiphany Eve (from 1pm)",
    "2016-01-06": "Epiphany",
    "2016-01-07": "Saint Julian's Day",
    "2016-02-08": "Carnival",
    "2016-03-14": "Constitution Day",
    "2016-03-24": "Maundy Thursday (from 1pm)",
    "2016-03-25": "Good Friday",
    "2016-03-28": "Easter Monday",
    "2016-05-01": "Labor Day",
    "2016-05-16": "Whit Monday",
    "2016-05-28": "Virgin Mary of Canòlich",
    "2016-08-01": "Sant Julià de Lòria Festival",
    "2016-08-02": "Sant Julià de Lòria Festival",
    "2016-08-15": "Assumption Day",
    "2016-09-08": "Our Lady of Meritxell",
    "2016-11-01": "All Saints' Day",
    "2016-12-08": "Immaculate Conception",
    "2016-12-24": "Christmas Eve (from 1pm)",
    "2016-12-25": "Christmas Day",
    "2016-12-26": "Saint Stephen's Day",
    "2016-12-31": "New Year's Eve (from 1pm)",
    "2017-01-01": "New Year's Day",
    "2017-01-05": "Epiphany Eve (from 1pm)",
    "2017-01-06": "Epiphany",
    "2017-01-07": "Saint Julian's Day",
    "2017-02-27": "Carnival",
    "2017-03-14": "Constitution Day",
    "2017-04-13": "Maundy Thursday (from 1pm)",
    "2017-04-14": "Good Friday",
    "2017-04-17": "Easter Monday",
    "2017-05-01": "Labor Day",
    "2017-05-27": "Virgin Mary of Canòlich",
    "2017-06-05": "Whit Monday",
    "2017-07-31": "Sant Julià de Lòria Festival",
    "2017-08-01": "Sant Julià de Lòria Festival",
    "2017-08-15": "Assumption Day",
    "2017-09-08": "Our Lady of Meritxell",
    "2017-11-01": "All Saints' Day",
    "2017-12-08": "Immaculate Conception",
    "2017-12-24": "Christmas Eve (from 1pm)",
    "2017-12-25": "Christmas Day",
    "2017-12-26": "Saint Stephen's Day",
    "2017-12-31": "New Year's Eve (from 1pm)",
    "2018-01-01": "New Year's Day",
    "2018-01-05": "Epiphany Eve (from 1pm)",
    "2018-01-06": "Epiphany",
    "2018-01-07": "Saint Julian's Day",
    "2018-02-12": "Carnival",
    "2018-03-14": "Constitution Day",
    "2018-03-29": "Maundy Thursday (from 1pm)",
    "2018-03-30": "Good Friday",
    "2018-04-02": "Easter Monday",
    "2018-05-01": "Labor Day",
    "2018-05-21": "Whit Monday",
    "2018-05-26": "Virgin Mary of Canòlich",
    "2018-07-30": "Sant Julià de Lòria Festival",
    "2018-07-31": "Sant Julià de Lòria Festival",
    "2018-08-15": "Assumption Day",
    "2018-09-08": "Our Lady of Meritxell",
    "2018-11-01": "All Saints' Day",
    "2018-12-08": "Immaculate Conception",
    "2018-12-24": "Christmas Eve (from 1pm)",
    "2018-12-25": "Christmas Day",
    "2018-12-26": "Saint Stephen's Day",
    "2018-12-31": "New Year's Eve (from 1pm)",
    "2019-01-01": "New Year's Day",
    "2019-01-05": "Epiphany Eve (from 1pm)",
    "2019-01-06": "Epiphany",
    "2019-01-07": "Saint Julian's Day",
    "2019-03-04": "Carnival",
    "2019-03-14": "Constitution Day",
    "2019-04-18": "Maundy Thursday (from 1pm)",
    "2019-04-19": "Good Friday",
    "2019-04-22": "Easter Monday",
    "2019-05-01": "Labor Day",
    "2019-05-25": "Virgin Mary of Canòlich",
    "2019-06-10": "Whit Monday",
    "2019-07-29": "Sant Julià de Lòria Festival",
    "2019-07-30": "Sant Julià de Lòria Festival",
    "2019-08-15": "Assumption Day",
    "2019-09-08": "Our Lady of Meritxell",
    "2019-11-01": "All Saints' Day",
    "2019-12-08": "Immaculate Conception",
    "2019-12-24": "Christmas Eve (from 1pm)",
    "2019-12-25": "Christmas Day",
    "2019-12-26": "Saint Stephen's Day",
    "2019-12-31": "New Year's Eve (from 1pm)",
    "2020-01-01": "New Year's Day",
    "2020-01-05": "Epiphany Eve (from 1pm)",
    "2020-01-06": "Epiphany",
    "2020-01-07": "Saint Julian's Day",
    "2020-02-24": "Carnival",
    "2020-03-14": "Constitution Day",
    "2020-04-09": "Maundy Thursday (from 1pm)",
    "2020-04-10": "Good Friday",
    "2020-04-13": "Easter Monday",
    "2020-05-01": "Labor Day",
    "2020-05-30": "Virgin Mary of Canòlich",
    "2020-06-01": "Whit Monday",
    "2020-07-27": "Sant Julià de Lòria Festival",
    "2020-07-28": "Sant Julià de Lòria Festival",
    "2020-08-15": "Assumption Day",
    "2020-09-08": "Our Lady of Meritxell",
    "2020-11-01": "All Saints' Day",
    "2020-12-08": "Immaculate Conception",
    "2020-12-24": "Christmas Eve (from 1pm)",
    "2020-12-25": "Christmas Day",
    "2020-12-26": "Saint Stephen's Day",
    "2020-12-31": "New Year's Eve (from 1pm)",
    "2021-01-01": "New Year's Day",
    "2021-01-05": "Epiphany Eve (from 1pm)",
    "2021-01-06": "Epiphany",
    "2021-01-07": "Saint Julian's Day",
    "2021-02-15": "Carnival",
    "2021-03-14": "Constitution Day",
    "2021-04-01": "Maundy Thursday (from 1pm)",
    "2021-04-02": "Good Friday",
    "2021-04-05": "Easter Monday",
    "2021-05-01": "Labor Day",
    "2021-05-24": "Whit Monday",
    "2021-05-29": "Virgin Mary of Canòlich",
    "2021-08-02": "Sant Julià de Lòria Festival",
    "2021-08-03": "Sant Julià de Lòria Festival",
    "2021-08-15": "Assumption Day",
    "2021-09-08": "Our Lady of Meritxell",
    "2021-11-01": "All Saints' Day",
    "2021-12-08": "Immaculate Conception",
    "2021-12-24": "Christmas Eve (from 1pm)",
    "2021-12-25": "Christmas Day",
    "2021-12-26": "Saint Stephen's Day",
    "2021-12-31": "New Year's Eve (from 1pm)",
    "2022-01-01": "New Year's Day",
    "2022-01-05": "Epiphany Eve (from 1pm)",
    "2022-01-06": "Epiphany",
    "2022-01-07": "Saint Julian's Day",
    "2022-02-28": "Carnival",
    "2022-03-14": "Constitution Day",
    "2022-04-14": "Maundy Thursday (from 1pm)",
    "2022-04-15": "Good Friday",
    "2022-04-18": "Easter Monday",
    "2022-05-01": "Labor Day",
    "2022-05-28": "Virgin Mary of Canòlich",
    "2022-06-06": "Whit Monday",
    "2022-08-01": "Sant Julià de Lòria Festival",
    "2022-08-02": "Sant Julià de Lòria Festival",
    "2022-08-15": "Assumption Day",
    "2022-09-08": "Our Lady of Meritxell",
    "2022-11-01": "All Saints' Day",
    "2022-12-08": "Immaculate Conception",
    "2022-12-24": "Christmas Eve (from 1pm)",
    "2022-12-25": "Christmas Day",
    "2022-12-26": "Saint Stephen's Day",
    "2022-12-31": "New Year's Eve (from 1pm)",
    "2023-01-01": "New Year's Day",
    "2023-01-05": "Epiphany Eve (from 1pm)",
    "2023-01-06": "Epiphany",
    "2023-01-07": "Saint Julian's Day",
    "2023-02-20": "Carnival",
    "2023-03-14": "Constitution Day",
    "2023-04-06": "Maundy Thursday (from 1pm)",
    "2023-04-07": "Good Friday",
    "2023-04-10": "Easter Monday",
    "2023-05-01": "Labor Day",
    "2023-05-27": "Virgin Mary of Canòlich",
    "2023-05-29": "Whit Monday",
    "2023-07-31": "Sant Julià de Lòria Festival",
    "2023-08-01": "Sant Julià de Lòria Festival",
    "2023-08-15": "Assumption Day",
    "2023-09-08": "Our Lady of Meritxell",
    "2023-11-01": "All Saints' Day",
    "2023-12-08": "Immaculate Conception",
    "2023-12-24": "Christmas Eve (from 1pm)",
    "2023-12-25": "Christmas Day",
    "2023-12-26": "Saint Stephen's Day",
    "2023-12-31": "New Year's Eve (from 1pm)",
    "2024-01-01": "New Year's Day",
    "2024-01-05": "Epiphany Eve (from 1pm)",
    "2024-01-06": "Epiphany",
    "2024-01-07": "Saint Julian's Day",
    "2024-02-12": "Carnival",
    "2024-03-14": "Constitution Day",
    "2024-03-28": "Maundy Thursday (from 1pm)",
    "2024-03-29": "Good Friday",
    "2024-04-01": "Easter Monday",
    "2024-05-01": "Labor Day",
    "2024-05-20": "Whit Monday",
    "2024-05-25": "Virgin Mary of Canòlich",
    "2024-07-29": "Sant Julià de Lòria Festival",
    "2024-07-30": "Sant Julià de Lòria Festival",
    "2024-08-15": "Assumption Day",
    "2024-09-08": "Our Lady of Meritxell",
    "2024-11-01": "All Saints' Day",
    "2024-12-08": "Immaculate Conception",
    "2024-12-24": "Christmas Eve (from 1pm)",
    "2024-12-25": "Christmas Day",
    "2024-12-26": "Saint Stephen's Day",
    "2024-12-31": "New Year's Eve (from 1pm)",
    "2025-01-01": "New Year's Day",
    "2025-01-05": "Epiphany Eve (from 1pm)",
    "2025-01-06": "Epiphany",
    "2025-01-07": "Saint Julian's Day",
    "2025-03-03": "Carnival",
    "2025-03-14": "Constitution Day",
    "2025-04-17": "Maundy Thursday (from 1pm)",
    "2025-04-18": "Good Friday",
    "2025-04-21": "Easter Monday",
    "2025-05-01": "Labor Day",
    "2025-05-31": "Virgin Mary of Canòlich",
    "2025-06-09": "Whit Monday",
    "2025-07-28": "Sant Julià de Lòria Festival",
    "2025-07-29": "Sant Julià de Lòria Festival",
    "2025-08-15": "Assumption Day",
    "2025-09-08": "Our Lady of Meritxell",
    "2025-11-01": "All Saints' Day",
    "2025-12-08": "Immaculate Conception",
    "2025-12-24": "Christmas Eve (from 1pm)",
    "2025-12-25": "Christmas Day",
    "2025-12-26": "Saint Stephen's Day",
    "2025-12-31": "New Year's Eve (from 1pm)",
    "2026-01-01": "New Year's Day",
    "2026-01-05": "Epiphany Eve (from 1pm)",
    "2026-01-06": "Epiphany",
    "2026-01-07": "Saint Julian's Day",
    "2026-02-16": "Carnival",
    "2026-03-14": "Constitution Day",
    "2026-04-02": "Maundy Thursday (from 1pm)",
    "2026-04-03": "Good Friday",
    "2026-04-06": "Easter Monday",
    "2026-05-01": "Labor Day",
    "2026-05-25": "Whit Monday",
    "2026-05-30": "Virgin Mary of Canòlich",
    "2026-07-27": "Sant Julià de Lòria Festival",
    "2026-07-28": "Sant Julià de Lòria Festival",
    "2026-08-15": "Assumption Day",
    "2026-09-08": "Our Lady of Meritxell",
    "2026-11-01": "All Saints' Day",
    "2026-12-08": "Immaculate Conception",
    "2026-12-24": "Christmas Eve (from 1pm)",
    "2026-12-25": "Christmas Day",
    "2026-12-26": "Saint Stephen's Day",
    "2026-12-31": "New Year's Eve (from 1pm)",
    "2027-01-01": "New Year's Day",
    "2027-01-05": "Epiphany Eve (from 1pm)",
    "2027-01-06": "Epiphany",
    "2027-01-07": "Saint Julian's Day",
    "2027-02-08": "Carnival",
    "2027-03-14": "Constitution Day",
    "2027-03-25": "Maundy Thursday (from 1pm)",
    "2027-03-26": "Good Friday",
    "2027-03-29": "Easter Monday",
    "2027-05-01": "Labor Day",
    "2027-05-17": "Whit Monday",
    "2027-05-29": "Virgin Mary of Canòlich",
    "2027-08-02": "Sant Julià de Lòria Festival",
    "2027-08-03": "Sant Julià de Lòria Festival",
    "2027-08-15": "Assumption Day",
    "2027-09-08": "Our Lady of Meritxell",
    "2027-11-01": "All Saints' Day",
    "2027-12-08": "Immaculate Conception",
    "2027-12-24": "Christmas Eve (from 1pm)",
    "2027-12-25": "Christmas Day",
    "2027-12-26": "Saint Stephen's Day",
    "2027-12-31": "New Year's Eve (from 1pm)",
    "2028-01-01": "New Year's Day",
    "2028-01-05": "Epiphany Eve (from 1pm)",
    "2028-01-06": "Epiphany",
    "2028-01-07": "Saint Julian's Day",
    "2028-02-28": "Carnival",
    "2028-03-14": "Constitution Day",
    "2028-04-13": "Maundy Thursday (from 1pm)",
    "2028-04-14": "Good Friday",
    "2028-04-17": "Easter Monday",
    "2028-05-01": "Labor Day",
    "2028-05-27": "Virgin Mary of Canòlich",
    "2028-06-05": "Whit Monday",
    "2028-07-31": "Sant Julià de Lòria Festival",
    "2028-08-01": "Sant Julià de Lòria Festival",
    "2028-08-15": "Assumption Day",
    "2028-09-08": "Our Lady of Meritxell",
    "2028-11-01": "All Saints' Day",
    "2028-12-08": "Immaculate Conception",
    "2028-12-24": "Christmas Eve (from 1pm)",
    "2028-12-25": "Christmas Day",
    "2028-12-26": "Saint Stephen's Day",
    "2028-12-31": "New Year's Eve (from 1pm)",
    "2029-01-01": "New Year's Day",
    "2029-01-05": "Epiphany Eve (from 1pm)",
    "2029-01-06": "Epiphany",
    "2029-01-07": "Saint Julian's Day",
    "2029-02-12": "Carnival",
    "2029-03-14": "Constitution Day",
    "2029-03-29": "Maundy Thursday (from 1pm)",
    "2029-03-30": "Good Friday",
    "2029-04-02": "Easter Monday",
    "2029-05-01": "Labor Day",
    "2029-05-21": "Whit Monday",
    "2029-05-26": "Virgin Mary of Canòlich",
    "2029-07-30": "Sant Julià de Lòria Festival",
    "2029-07-31": "Sant Julià de Lòria Festival",
    "2029-08-15": "Assumption Day",
    "2029-09-08": "Our Lady of Meritxell",
    "2029-11-01": "All Saints' Day",
    "2029-12-08": "Immaculate Conception",
    "2029-12-24": "Christmas Eve (from 1pm)",
    "2029-12-25": "Christmas Day",
    "2029-12-26": "Saint Stephen's Day",
    "2029-12-31": "New Year's Eve (from 1pm)",
    "2030-01-01": "New Year's Day",
    "2030-01-05": "Epiphany Eve (from 1pm)",
    "2030-01-06": "Epiphany",
    "2030-01-07": "Saint Julian's Day",
    "2030-03-04": "Carnival",
    "2030-03-14": "Constitution Day",
    "2030-04-18": "Maundy Thursday (from 1pm)",
    "2030-04-19": "Good Friday",
    "2030-04-22": "Easter Monday",
    "2030-05-01": "Labor Day",
    "2030-05-25": "Virgin Mary of Canòlich",
    "2030-06-10": "Whit Monday",
    "2030-07-29": "Sant Julià de Lòria Festival",
    "2030-07-30": "Sant Julià de Lòria Festival",
    "2030-08-15": "Assumption Day",
    "2030-09-08": "Our Lady of Meritxell",
    "2030-11-01": "All Saints' Day",
    "2030-12-08": "Immaculate Conception",
    "2030-12-24": "Christmas Eve (from 1pm)",
    "2030-12-25": "Christmas Day",
    "2030-12-26": "Saint Stephen's Day",
    "2030-12-31": "New Year's Eve (from 1pm)",
    "2031-01-01": "New Year's Day",
    "2031-01-05": "Epiphany Eve (from 1pm)",
    "2031-01-06": "Epiphany",
    "2031-01-07": "Saint Julian's Day",
    "2031-02-24": "Carnival",
    "2031-03-14": "Constitution Day",
    "2031-04-10": "Maundy Thursday (from 1pm)",
    "2031-04-11": "Good Friday",
    "2031-04-14": "Easter Monday",
    "2031-05-01": "Labor Day",
    "2031-05-31": "Virgin Mary of Canòlich",
    "2031-06-02": "Whit Monday",
    "2031-07-28": "Sant Julià de Lòria Festival",
    "2031-07-29": "Sant Julià de Lòria Festival",
    "2031-08-15": "Assumption Day",
    "2031-09-08": "Our Lady of Meritxell",
    "2031-11-01": "All Saints' Day",
    "2031-12-08": "Immaculate Conception",
    "2031-12-24": "Christmas Eve (from 1pm)",
    "2031-12-25": "Christmas Day",
    "2031-12-26": "Saint Stephen's Day",
    "2031-12-31": "New Year's Eve (from 1pm)",
    "2032-01-01": "New Year's Day",
    "2032-01-05": "Epiphany Eve (from 1pm)",
    "2032-01-06": "Epiphany",
    "2032-01-07": "Saint Julian's Day",
    "2032-02-09": "Carnival",
    "2032-03-14": "Constitution Day",
    "2032-03-25": "Maundy Thursday (from 1pm)",
    "2032-03-26": "Good Friday",
    "2032-03-29": "Easter Monday",
    "2032-05-01": "Labor Day",
    "2032-05-17": "Whit Monday",
    "2032-05-29": "Virgin Mary of Canòlich",
    "2032-08-02": "Sant Julià de Lòria Festival",
    "2032-08-03": "Sant Julià de Lòria Festival",
    "2032-08-15": "Assumption Day",
    "2032-09-08": "Our Lady of Meritxell",
    "2032-11-01": "All Saints' Day",
    "2032-12-08": "Immaculate Conception",
    "2032-12-24": "Christmas Eve (from 1pm)",
    "2032-12-25": "Christmas Day",
    "2032-12-26": "Saint Stephen's Day",
    "2032-12-31": "New Year's Eve (from 1pm)",
    "2033-01-01": "New Year's Day",
    "2033-01-05": "Epiphany Eve (from 1pm)",
    "2033-01-06": "Epiphany",
    "2033-01-07": "Saint Julian's Day",
    "2033-02-28": "Carnival",
    "2033-03-14": "Constitution Day",
    "2033-04-14": "Maundy Thursday (from 1pm)",
    "2033-04-15": "Good Friday",
    "2033-04-18": "Easter Monday",
    "2033-05-01": "Labor Day",
    "2033-05-28": "Virgin Mary of Canòlich",
    "2033-06-06": "Whit Monday",
    "2033-08-01": "Sant Julià de Lòria Festival",
    "2033-08-02": "Sant Julià de Lòria Festival",
    "2033-08-15": "Assumption Day",
    "2033-09-08": "Our Lady of Meritxell",
    "2033-11-01": "All Saints' Day",
    "2033-12-08": "Immaculate Conception",
    "2033-12-24": "Christmas Eve (from 1pm)",
    "2033-12-25": "Christmas Day",
    "2033-12-26": "Saint Stephen's Day",
    "2033-12-31": "New Year's Eve (from 1pm)",
    "2034-01-01": "New Year's Day",
    "2034-01-05": "Epiphany Eve (from 1pm)",
    "2034-01-06": "Epiphany",
    "2034-01-07": "Saint Julian's Day",
    "2034-02-20": "Carnival",
    "2034-03-14": "Constitution Day",
    "2034-04-06": "Maundy Thursday (from 1pm)",
    "2034-04-07": "Good Friday",
    "2034-04-10": "Easter Monday",
    "2034-05-01": "Labor Day",
    "2034-05-27": "Virgin Mary of Canòlich",
    "2034-05-29": "Whit Monday",
    "2034-07-31": "Sant Julià de Lòria Festival",
    "2034-08-01": "Sant Julià de Lòria Festival",
    "2034-08-15": "Assumption Day",
    "2034-09-08": "Our Lady of Meritxell",
    "2034-11-01": "All Saints' Day",
    "2034-12-08": "Immaculate Conception",
    "2034-12-24": "Christmas Eve (from 1pm)",
    "2034-12-25": "Christmas Day",
    "2034-12-26": "Saint Stephen's Day",
    "2034-12-31": "New Year's Eve (from 1pm)",
    "2035-01-01": "New Year's Day",
    "2035-01-05": "Epiphany Eve (from 1pm)",
    "2035-01-06": "Epiphany",
    "2035-01-07": "Saint Julian's Day",
    "2035-02-05": "Carnival",
    "2035-03-14": "Constitution Day",
    "2035-03-22": "Maundy Thursday (from 1pm)",
    "2035-03-23": "Good Friday",
    "2035-03-26": "Easter Monday",
    "2035-05-01": "Labor Day",
    "2035-05-14": "Whit Monday",
    "2035-05-26": "Virgin Mary of Canòlich",
    "2035-07-30": "Sant Julià de Lòria Festival",
    "2035-07-31": "Sant Julià de Lòria Festival",
    "2035-08-15": "Assumption Day",
    "2035-09-08": "Our Lady of Meritxell",
    "2035-11-01": "All Saints' Day",
    "2035-12-08": "Immaculate Conception",
    "2035-12-24": "Christmas Eve (from 1pm)",
    "2035-12-25": "Christmas Day",
    "2035-12-26": "Saint Stephen's Day",
    "2035-12-31": "New Year's Eve (from 1pm)",
    "2036-01-01": "New Year's Day",
    "2036-01-05": "Epiphany Eve (from 1pm)",
    "2036-01-06": "Epiphany",
    "2036-01-07": "Saint Julian's Day",
    "2036-02-25": "Carnival",
    "2036-03-14": "Constitution Day",
    "2036-04-10": "Maundy Thursday (from 1pm)",
    "2036-04-11": "Good Friday",
    "2036-04-14": "Easter Monday",
    "2036-05-01": "Labor Day",
    "2036-05-31": "Virgin Mary of Canòlich",
    "2036-06-02": "Whit Monday",
    "2036-07-28": "Sant Julià de Lòria Festival",
    "2036-07-29": "Sant Julià de Lòria Festival",
    "2036-08-15": "Assumption Day",
    "2036-09-08": "Our Lady of Meritxell",
    "2036-11-01": "All Saints' Day",
    "2036-12-08": "Immaculate Conception",
    "2036-12-24": "Christmas Eve (from 1pm)",
    "2036-12-25": "Christmas Day",
    "2036-12-26": "Saint Stephen's Day",
    "2036-12-31": "New Year's Eve (from 1pm)",
    "2037-01-01": "New Year's Day",
    "2037-01-05": "Epiphany Eve (from 1pm)",
    "2037-01-06": "Epiphany",
    "2037-01-07": "Saint Julian's Day",
    "2037-02-16": "Carnival",
    "2037-03-14": "Constitution Day",
    "2037-04-02": "Maundy Thursday (from 1pm)",
    "2037-04-03": "Good Friday",
    "2037-04-06": "Easter Monday",
    "2037-05-01": "Labor Day",
    "2037-05-25": "Whit Monday",
    "2037-05-30": "Virgin Mary of Canòlich",
    "2037-07-27": "Sant Julià de Lòria Festival",
    "2037-07-28": "Sant Julià de Lòria Festival",
    "2037-08-15": "Assumption Day",
    "2037-09-08": "Our Lady of Meritxell",
    "2037-11-01": "All Saints' Day",
    "2037-12-08": "Immaculate Conception",
    "2037-12-24": "Christmas Eve (from 1pm)",
    "2037-12-25": "Christmas Day",
    "2037-12-26": "Saint Stephen's Day",
    "2037-12-31": "New Year's Eve (from 1pm)",
    "2038-01-01": "New Year's Day",
    "2038-01-05": "Epiphany Eve (from 1pm)",
    "2038-01-06": "Epiphany",
    "2038-01-07": "Saint Julian's Day",
    "2038-03-08": "Carnival",
    "2038-03-14": "Constitution Day",
    "2038-04-22": "Maundy Thursday (from 1pm)",
    "2038-04-23": "Good Friday",
    "2038-04-26": "Easter Monday",
    "2038-05-01": "Labor Day",
    "2038-05-29": "Virgin Mary of Canòlich",
    "2038-06-14": "Whit Monday",
    "2038-08-02": "Sant Julià de Lòria Festival",
    "2038-08-03": "Sant Julià de Lòria Festival",
    "2038-08-15": "Assumption Day",
    "2038-09-08": "Our Lady of Meritxell",
    "2038-11-01": "All Saints' Day",
    "2038-12-08": "Immaculate Conception",
    "2038-12-24": "Christmas Eve (from 1pm)",
    "2038-12-25": "Christmas Day",
    "2038-12-26": "Saint Stephen's Day",
    "2038-12-31": "New Year's Eve (from 1pm)",
    "2039-01-01": "New Year's Day",
    "2039-01-05": "Epiphany Eve (from 1pm)",
    "2039-01-06": "Epiphany",
    "2039-01-07": "Saint Julian's Day",
    "2039-02-21": "Carnival",
    "2039-03-14": "Constitution Day",
    "2039-04-07": "Maundy Thursday (from 1pm)",
    "2039-04-08": "Good Friday",
    "2039-04-11": "Easter Monday",
    "2039-05-01": "Labor Day",
    "2039-05-28": "Virgin Mary of Canòlich",
    "2039-05-30": "Whit Monday",
    "2039-08-01": "Sant Julià de Lòria Festival",
    "2039-08-02": "Sant Julià de Lòria Festival",
    "2039-08-15": "Assumption Day",
    "2039-09-08": "Our Lady of Meritxell",
    "2039-11-01": "All Saints' Day",
    "2039-12-08": "Immaculate Conception",
    "2039-12-24": "Christmas Eve (from 1pm)",
    "2039-12-25": "Christmas Day",
    "2039-12-26": "Saint Stephen's Day",
    "2039-12-31": "New Year's Eve (from 1pm)",
    "2040-01-01": "New Year's Day",
    "2040-01-05": "Epiphany Eve (from 1pm)",
    "2040-01-06": "Epiphany",
    "2040-01-07": "Saint Julian's Day",
    "2040-02-13": "Carnival",
    "2040-03-14": "Constitution Day",
    "2040-03-29": "Maundy Thursday (from 1pm)",
    "2040-03-30": "Good Friday",
    "2040-04-02": "Easter Monday",
    "2040-05-01": "Labor Day",
    "2040-05-21": "Whit Monday",
    "2040-05-26": "Virgin Mary of Canòlich",
    "2040-07-30": "Sant Julià de Lòria Festival",
    "2040-07-31": "Sant Julià de Lòria Festival",
    "2040-08-15": "Assumption Day",
    "2040-09-08": "Our Lady of Meritxell",
    "2040-11-01": "All Saints' Day",
    "2040-12-08": "Immaculate Conception",
    "2040-12-24": "Christmas Eve (from 1pm)",
    "2040-12-25": "Christmas Day",
    "2040-12-26": "Saint Stephen's Day",
    "2040-12-31": "New Year's Eve (from 1pm)",
    "2041-01-01": "New Year's Day",
    "2041-01-05": "Epiphany Eve (from 1pm)",
    "2041-01-06": "Epiphany",
    "2041-01-07": "Saint Julian's Day",
    "2041-03-04": "Carnival",
    "2041-03-14": "Constitution Day",
    "2041-04-18": "Maundy Thursday (from 1pm)",
    "2041-04-19": "Good Friday",
    "2041-04-22": "Easter Monday",
    "2041-05-01": "Labor Day",
    "2041-05-25": "Virgin Mary of Canòlich",
    "2041-06-10": "Whit Monday",
    "2041-07-29": "Sant Julià de Lòria Festival",
    "2041-07-30": "Sant Julià de Lòria Festival",
    "2041-08-15": "Assumption Day",
    "2041-09-08": "Our Lady of Meritxell",
    "2041-11-01": "All Saints' Day",
    "2041-12-08": "Immaculate Conception",
    "2041-12-24": "Christmas Eve (from 1pm)",
    "2041-12-25": "Christmas Day",
    "2041-12-26": "Saint Stephen's Day",
    "2041-12-31": "New Year's Eve (from 1pm)",
    "2042-01-01": "New Year's Day",
    "2042-01-05": "Epiphany Eve (from 1pm)",
    "2042-01-06": "Epiphany",
    "2042-01-07": "Saint Julian's Day",
    "2042-02-17": "Carnival",
    "2042-03-14": "Constitution Day",
    "2042-04-03": "Maundy Thursday (from 1pm)",
    "2042-04-04": "Good Friday",
    "2042-04-07": "Easter Monday",
    "2042-05-01": "Labor Day",
    "2042-05-26": "Whit Monday",
    "2042-05-31": "Virgin Mary of Canòlich",
    "2042-07-28": "Sant Julià de Lòria Festival",
    "2042-07-29": "Sant Julià de Lòria Festival",
    "2042-08-15": "Assumption Day",
    "2042-09-08": "Our Lady of Meritxell",
    "2042-11-01": "All Saints' Day",
    "2042-12-08": "Immaculate Conception",
    "2042-12-24": "Christmas Eve (from 1pm)",
    "2042-12-25": "Christmas Day",
    "2042-12-26": "Saint Stephen's Day",
    "2042-12-31": "New Year's Eve (from 1pm)",
    "2043-01-01": "New Year's Day",
    "2043-01-05": "Epiphany Eve (from 1pm)",
    "2043-01-06": "Epiphany",
    "2043-01-07": "Saint Julian's Day",
    "2043-02-09": "Carnival",
    "2043-03-14": "Constitution Day",
    "2043-03-26": "Maundy Thursday (from 1pm)",
    "2043-03-27": "Good Friday",
    "2043-03-30": "Easter Monday",
    "2043-05-01": "Labor Day",
    "2043-05-18": "Whit Monday",
    "2043-05-30": "Virgin Mary of Canòlich",
    "2043-07-27": "Sant Julià de Lòria Festival",
    "2043-07-28": "Sant Julià de Lòria Festival",
    "2043-08-15": "Assumption Day",
    "2043-09-08": "Our Lady of Meritxell",
    "2043-11-01": "All Saints' Day",
    "2043-12-08": "Immaculate Conception",
    "2043-12-24": "Christmas Eve (from 1pm)",
    "2043-12-25": "Christmas Day",
    "2043-12-26": "Saint Stephen's Day",
    "2043-12-31": "New Year's Eve (from 1pm)",
    "2044-01-01": "New Year's Day",
    "2044-01-05": "Epiphany Eve (from 1pm)",
    "2044-01-06": "Epiphany",
    "2044-01-07": "Saint Julian's Day",
    "2044-02-29": "Carnival",
    "2044-03-14": "Constitution Day",
    "2044-04-14": "Maundy Thursday (from 1pm)",
    "2044-04-15": "Good Friday",
    "2044-04-18": "Easter Monday",
    "2044-05-01": "Labor Day",
    "2044-05-28": "Virgin Mary of Canòlich",
    "2044-06-06": "Whit Monday",
    "2044-08-01": "Sant Julià de Lòria Festival",
    "2044-08-02": "Sant Julià de Lòria Festival",
    "2044-08-15": "Assumption Day",
    "2044-09-08": "Our Lady of Meritxell",
    "2044-11-01": "All Saints' Day",
    "2044-12-08": "Immaculate Conception",
    "2044-12-24": "Christmas Eve (from 1pm)",
    "2044-12-25": "Christmas Day",
    "2044-12-26": "Saint Stephen's Day",
    "2044-12-31": "New Year's Eve (from 1pm)",
    "2045-01-01": "New Year's Day",
    "2045-01-05": "Epiphany Eve (from 1pm)",
    "2045-01-06": "Epiphany",
    "2045-01-07": "Saint Julian's Day",
    "2045-02-20": "Carnival",
    "2045-03-14": "Constitution Day",
    "2045-04-06": "Maundy Thursday (from 1pm)",
    "2045-04-07": "Good Friday",
    "2045-04-10": "Easter Monday",
    "2045-05-01": "Labor Day",
    "2045-05-27": "Virgin Mary of Canòlich",
    "2045-05-29": "Whit Monday",
    "2045-07-31": "Sant Julià de Lòria Festival",
    "2045-08-01": "Sant Julià de Lòria Festival",
    "2045-08-15": "Assumption Day",
    "2045-09-08": "Our Lady of Meritxell",
    "2045-11-01": "All Saints' Day",
    "2045-12-08": "Immaculate Conception",
    "2045-12-24": "Christmas Eve (from 1pm)",
    "2045-12-25": "Christmas Day",
    "2045-12-26": "Saint Stephen's Day",
    "2045-12-31": "New Year's Eve (from 1pm)",
    "2046-01-01": "New Year's Day",
    "2046-01-05": "Epiphany Eve (from 1pm)",
    "2046-01-06": "Epiphany",
    "2046-01-07": "Saint Julian's Day",
    "2046-02-05": "Carnival",
    "2046-03-14": "Constitution Day",
    "2046-03-22": "Maundy Thursday (from 1pm)",
    "2046-03-23": "Good Friday",
    "2046-03-26": "Easter Monday",
    "2046-05-01": "Labor Day",
    "2046-05-14": "Whit Monday",
    "2046-05-26": "Virgin Mary of Canòlich",
    "2046-07-30": "Sant Julià de Lòria Festival",
    "2046-07-31": "Sant Julià de Lòria Festival",
    "2046-08-15": "Assumption Day",
    "2046-09-08": "Our Lady of Meritxell",
    "2046-11-01": "All Saints' Day",
    "2046-12-08": "Immaculate Conception",
    "2046-12-24": "Christmas Eve (from 1pm)",
    "2046-12-25": "Christmas Day",
    "2046-12-26": "Saint Stephen's Day",
    "2046-12-31": "New Year's Eve (from 1pm)",
    "2047-01-01": "New Year's Day",
    "2047-01-05": "Epiphany Eve (from 1pm)",
    "2047-01-06": "Epiphany",
    "2047-01-07": "Saint Julian's Day",
    "2047-02-25": "Carnival",
    "2047-03-14": "Constitution Day",
    "2047-04-11": "Maundy Thursday (from 1pm)",
    "2047-04-12": "Good Friday",
    "2047-04-15": "Easter Monday",
    "2047-05-01": "Labor Day",
    "2047-05-25": "Virgin Mary of Canòlich",
    "2047-06-03": "Whit Monday",
    "2047-07-29": "Sant Julià de Lòria Festival",
    "2047-07-30": "Sant Julià de Lòria Festival",
    "2047-08-15": "Assumption Day",
    "2047-09-08": "Our Lady of Meritxell",
    "2047-11-01": "All Saints' Day",
    "2047-12-08": "Immaculate Conception",
    "2047-12-24": "Christmas Eve (from 1pm)",
    "2047-12-25": "Christmas Day",
    "2047-12-26": "Saint Stephen's Day",
    "2047-12-31": "New Year's Eve (from 1pm)",
    "2048-01-01": "New Year's Day",
    "2048-01-05": "Epiphany Eve (from 1pm)",
    "2048-01-06": "Epiphany",
    "2048-01-07": "Saint Julian's Day",
    "2048-02-17": "Carnival",
    "2048-03-14": "Constitution Day",
    "2048-04-02": "Maundy Thursday (from 1pm)",
    "2048-04-03": "Good Friday",
    "2048-04-06": "Easter Monday",
    "2048-05-01": "Labor Day",
    "2048-05-25": "Whit Monday",
    "2048-05-30": "Virgin Mary of Canòlich",
    "2048-07-27": "Sant Julià de Lòria Festival",
    "2048-07-28": "Sant Julià de Lòria Festival",
    "2048-08-15": "Assumption Day",
    "2048-09-08": "Our Lady of Meritxell",
    "2048-11-01": "All Saints' Day",
    "2048-12-08": "Immaculate Conception",
    "2048-12-24": "Christmas Eve (from 1pm)",
    "2048-12-25": "Christmas Day",
    "2048-12-26": "Saint Stephen's Day",
    "2048-12-31": "New Year's Eve (from 1pm)",
    "2049-01-01": "New Year's Day",
    "2049-01-05": "Epiphany Eve (from 1pm)",
    "2049-01-06": "Epiphany",
    "2049-01-07": "Saint Julian's Day",
    "2049-03-01": "Carnival",
    "2049-03-14": "Constitution Day",
    "2049-04-15": "Maundy Thursday (from 1pm)",
    "2049-04-16": "Good Friday",
    "2049-04-19": "Easter Monday",
    "2049-05-01": "Labor Day",
    "2049-05-29": "Virgin Mary of Canòlich",
    "2049-06-07": "Whit Monday",
    "2049-08-02": "Sant Julià de Lòria Festival",
    "2049-08-03": "Sant Julià de Lòria Festival",
    "2049-08-15": "Assumption Day",
    "2049-09-08": "Our Lady of Meritxell",
    "2049-11-01": "All Saints' Day",
    "2049-12-08": "Immaculate Conception",
    "2049-12-24": "Christmas Eve (from 1pm)",
    "2049-12-25": "Christmas Day",
    "2049-12-26": "Saint Stephen's Day",
    "2049-12-31": "New Year's Eve (from 1pm)",
    "2050-01-01": "New Year's Day",
    "2050-01-05": "Epiphany Eve (from 1pm)",
    "2050-01-06": "Epiphany",
    "2050-01-07": "Saint Julian's Day",
    "2050-02-21": "Carnival",
    "2050-03-14": "Constitution Day",
    "2050-04-07": "Maundy Thursday (from 1pm)",
    "2050-04-08": "Good Friday",
    "2050-04-11": "Easter Monday",
    "2050-05-01": "Labor Day",
    "2050-05-28": "Virgin Mary of Canòlich",
    "2050-05-30": "Whit Monday",
    "2050-08-01": "Sant Julià de Lòria Festival",
    "2050-08-02": "Sant Julià de Lòria Festival",
    "2050-08-15": "Assumption Day",
    "2050-09-08": "Our Lady of Meritxell",
    "2050-11-01": "All Saints' Day",
    "2050-12-08": "Immaculate Conception",
    "2050-12-24": "Christmas Eve (from 1pm)",
    "2050-12-25": "Christmas Day",
    "2050-12-26": "Saint Stephen's Day",
    "2050-12-31": "New Year's Eve (from 1pm)"
}
