{
    "1957-01-01": "New Year's Day",
    "1957-01-06": "Epiphany",
    "1957-03-04": "Carnival Monday",
    "1957-03-05": "Carnival Tuesday",
    "1957-04-18": "Maundy Thursday",
    "1957-05-01": "Labor Day",
    "1957-05-25": "May Revolution Day",
    "1957-06-20": "Corpus Christi; Pass to the Immortality of General Don Manuel Belgrano",
    "1957-07-09": "Independence Day",
    "1957-08-15": "Assumption Day",
    "1957-08-17": "Pass to the Immortality of General Don José de San Martín",
    "1957-10-12": "Columbus Day",
    "1957-11-01": "All Saints' Day",
    "1957-12-08": "Immaculate Conception",
    "1957-12-25": "Christmas Day",
    "1958-01-01": "New Year's Day",
    "1958-01-06": "Epiphany",
    "1958-02-17": "Carnival Monday",
    "1958-02-18": "Carnival Tuesday",
    "1958-04-03": "Maundy Thursday",
    "1958-05-01": "Labor Day",
    "1958-05-25": "May Revolution Day",
    "1958-06-05": "Corpus Christi",
    "1958-06-20": "Pass to the Immortality of General Don Manuel Belgrano",
    "1958-07-09": "Independence Day",
    "1958-08-15": "Assumption Day",
    "1958-08-17": "Pass to the Immortality of General Don José de San Martín",
    "1958-10-12": "Columbus Day",
    "1958-11-01": "All Saints' Day",
    "1958-12-08": "Immaculate Conception",
    "1958-12-25": "Christmas Day",
    "1959-01-01": "New Year's Day",
    "1959-01-06": "Epiphany",
    "1959-02-09": "Carnival Monday",
    "1959-02-10": "Carnival Tuesday",
    "1959-03-26": "Maundy Thursday",
    "1959-05-01": "Labor Day",
    "1959-05-25": "May Revolution Day",
    "1959-05-28": "Corpus Christi",
    "1959-06-20": "Pass to the Immortality of General Don Manuel Belgrano",
    "1959-07-09": "Independence Day",
    "1959-08-15": "Assumption Day",
    "1959-08-17": "Pass to the Immortality of General Don José de San Martín",
    "1959-10-12": "Columbus Day",
    "1959-11-01": "All Saints' Day",
    "1959-12-08": "Immaculate Conception",
    "1959-12-25": "Christmas Day",
    "1960-01-01": "New Year's Day",
    "1960-01-06": "Epiphany",
    "1960-02-29": "Carnival Monday",
    "1960-03-01": "Carnival Tuesday",
    "1960-04-14": "Maundy Thursday",
    "1960-05-01": "Labor Day",
    "1960-05-25": "May Revolution Day",
    "1960-06-16": "Corpus Christi",
    "1960-06-20": "Pass to the Immortality of General Don Manuel Belgrano",
    "1960-07-09": "Independence Day",
    "1960-08-15": "Assumption Day",
    "1960-08-17": "Pass to the Immortality of General Don José de San Martín",
    "1960-10-12": "Columbus Day",
    "1960-11-01": "All Saints' Day",
    "1960-12-08": "Immaculate Conception",
    "1960-12-25": "Christmas Day",
    "1961-01-01": "New Year's Day",
    "1961-01-06": "Epiphany",
    "1961-02-13": "Carnival Monday",
    "1961-02-14": "Carnival Tuesday",
    "1961-03-30": "Maundy Thursday",
    "1961-05-01": "Labor Day",
    "1961-05-25": "May Revolution Day",
    "1961-06-01": "Corpus Christi",
    "1961-06-20": "Pass to the Immortality of General Don Manuel Belgrano",
    "1961-07-09": "Independence Day",
    "1961-08-15": "Assumption Day",
    "1961-08-17": "Pass to the Immortality of General Don José de San Martín",
    "1961-10-12": "Columbus Day",
    "1961-11-01": "All Saints' Day",
    "1961-12-08": "Immaculate Conception",
    "1961-12-25": "Christmas Day",
    "1962-01-01": "New Year's Day",
    "1962-01-06": "Epiphany",
    "1962-03-05": "Carnival Monday",
    "1962-03-06": "Carnival Tuesday",
    "1962-04-19": "Maundy Thursday",
    "1962-05-01": "Labor Day",
    "1962-05-25": "May Revolution Day",
    "1962-06-20": "Pass to the Immortality of General Don Manuel Belgrano",
    "1962-06-21": "Corpus Christi",
    "1962-07-09": "Independence Day",
    "1962-08-15": "Assumption Day",
    "1962-08-17": "Pass to the Immortality of General Don José de San Martín",
    "1962-10-12": "Columbus Day",
    "1962-11-01": "All Saints' Day",
    "1962-12-08": "Immaculate Conception",
    "1962-12-25": "Christmas Day",
    "1963-01-01": "New Year's Day",
    "1963-01-06": "Epiphany",
    "1963-02-25": "Carnival Monday",
    "1963-02-26": "Carnival Tuesday",
    "1963-04-11": "Maundy Thursday",
    "1963-05-01": "Labor Day",
    "1963-05-25": "May Revolution Day",
    "1963-06-13": "Corpus Christi",
    "1963-06-20": "Pass to the Immortality of General Don Manuel Belgrano",
    "1963-07-09": "Independence Day",
    "1963-08-15": "Assumption Day",
    "1963-08-17": "Pass to the Immortality of General Don José de San Martín",
    "1963-10-12": "Columbus Day",
    "1963-11-01": "All Saints' Day",
    "1963-12-08": "Immaculate Conception",
    "1963-12-25": "Christmas Day",
    "1964-01-01": "New Year's Day",
    "1964-01-06": "Epiphany",
    "1964-02-10": "Carnival Monday",
    "1964-02-11": "Carnival Tuesday",
    "1964-03-26": "Maundy Thursday",
    "1964-05-01": "Labor Day",
    "1964-05-25": "May Revolution Day",
    "1964-05-28": "Corpus Christi",
    "1964-06-20": "Pass to the Immortality of General Don Manuel Belgrano",
    "1964-07-09": "Independence Day",
    "1964-08-15": "Assumption Day",
    "1964-08-17": "Pass to the Immortality of General Don José de San Martín",
    "1964-10-12": "Columbus Day",
    "1964-11-01": "All Saints' Day",
    "1964-12-08": "Immaculate Conception",
    "1964-12-25": "Christmas Day",
    "1965-01-01": "New Year's Day",
    "1965-01-06": "Epiphany",
    "1965-03-01": "Carnival Monday",
    "1965-03-02": "Carnival Tuesday",
    "1965-04-15": "Maundy Thursday",
    "1965-05-01": "Labor Day",
    "1965-05-25": "May Revolution Day",
    "1965-06-17": "Corpus Christi",
    "1965-06-20": "Pass to the Immortality of General Don Manuel Belgrano",
    "1965-07-09": "Independence Day",
    "1965-08-15": "Assumption Day",
    "1965-08-17": "Pass to the Immortality of General Don José de San Martín",
    "1965-10-12": "Columbus Day",
    "1965-11-01": "All Saints' Day",
    "1965-12-08": "Immaculate Conception",
    "1965-12-25": "Christmas Day",
    "1966-01-01": "New Year's Day",
    "1966-01-06": "Epiphany",
    "1966-02-21": "Carnival Monday",
    "1966-02-22": "Carnival Tuesday",
    "1966-04-07": "Maundy Thursday",
    "1966-05-01": "Labor Day",
    "1966-05-25": "May Revolution Day",
    "1966-06-09": "Corpus Christi",
    "1966-06-20": "Pass to the Immortality of General Don Manuel Belgrano",
    "1966-07-09": "Independence Day",
    "1966-08-15": "Assumption Day",
    "1966-08-17": "Pass to the Immortality of General Don José de San Martín",
    "1966-10-12": "Columbus Day",
    "1966-11-01": "All Saints' Day",
    "1966-12-08": "Immaculate Conception",
    "1966-12-25": "Christmas Day",
    "1967-01-01": "New Year's Day",
    "1967-01-06": "Epiphany",
    "1967-02-06": "Carnival Monday",
    "1967-02-07": "Carnival Tuesday",
    "1967-03-23": "Maundy Thursday",
    "1967-05-01": "Labor Day",
    "1967-05-25": "Corpus Christi; May Revolution Day",
    "1967-06-20": "Pass to the Immortality of General Don Manuel Belgrano",
    "1967-07-09": "Independence Day",
    "1967-08-15": "Assumption Day",
    "1967-08-17": "Pass to the Immortality of General Don José de San Martín",
    "1967-10-12": "Columbus Day",
    "1967-11-01": "All Saints' Day",
    "1967-12-08": "Immaculate Conception",
    "1967-12-25": "Christmas Day",
    "1968-01-01": "New Year's Day",
    "1968-01-06": "Epiphany",
    "1968-02-26": "Carnival Monday",
    "1968-02-27": "Carnival Tuesday",
    "1968-04-11": "Maundy Thursday",
    "1968-05-01": "Labor Day",
    "1968-05-25": "May Revolution Day",
    "1968-06-13": "Corpus Christi",
    "1968-06-20": "Pass to the Immortality of General Don Manuel Belgrano",
    "1968-07-09": "Independence Day",
    "1968-08-15": "Assumption Day",
    "1968-08-17": "Pass to the Immortality of General Don José de San Martín",
    "1968-10-12": "Columbus Day",
    "1968-11-01": "All Saints' Day",
    "1968-12-08": "Immaculate Conception",
    "1968-12-25": "Christmas Day",
    "1969-01-01": "New Year's Day",
    "1969-01-06": "Epiphany",
    "1969-02-17": "Carnival Monday",
    "1969-02-18": "Carnival Tuesday",
    "1969-04-03": "Maundy Thursday",
    "1969-05-01": "Labor Day",
    "1969-05-25": "May Revolution Day",
    "1969-06-05": "Corpus Christi",
    "1969-06-20": "Pass to the Immortality of General Don Manuel Belgrano",
    "1969-07-09": "Independence Day",
    "1969-08-15": "Assumption Day",
    "1969-08-17": "Pass to the Immortality of General Don José de San Martín",
    "1969-10-12": "Columbus Day",
    "1969-11-01": "All Saints' Day",
    "1969-12-08": "Immaculate Conception",
    "1969-12-25": "Christmas Day",
    "1970-01-01": "New Year's Day",
    "1970-01-06": "Epiphany",
    "1970-02-09": "Carnival Monday",
    "1970-02-10": "Carnival Tuesday",
    "1970-03-26": "Maundy Thursday",
    "1970-05-01": "Labor Day",
    "1970-05-25": "May Revolution Day",
    "1970-05-28": "Corpus Christi",
    "1970-06-20": "Pass to the Immortality of General Don Manuel Belgrano",
    "1970-07-09": "Independence Day",
    "1970-08-15": "Assumption Day",
    "1970-08-17": "Pass to the Immortality of General Don José de San Martín",
    "1970-10-12": "Columbus Day",
    "1970-11-01": "All Saints' Day",
    "1970-12-08": "Immaculate Conception",
    "1970-12-25": "Christmas Day",
    "1971-01-01": "New Year's Day",
    "1971-01-06": "Epiphany",
    "1971-02-22": "Carnival Monday",
    "1971-02-23": "Carnival Tuesday",
    "1971-04-08": "Maundy Thursday",
    "1971-05-01": "Labor Day",
    "1971-05-25": "May Revolution Day",
    "1971-06-10": "Corpus Christi",
    "1971-06-20": "Pass to the Immortality of General Don Manuel Belgrano",
    "1971-07-09": "Independence Day",
    "1971-08-15": "Assumption Day",
    "1971-08-17": "Pass to the Immortality of General Don José de San Martín",
    "1971-10-12": "Columbus Day",
    "1971-11-01": "All Saints' Day",
    "1971-12-08": "Immaculate Conception",
    "1971-12-25": "Christmas Day",
    "1972-01-01": "New Year's Day",
    "1972-01-06": "Epiphany",
    "1972-02-14": "Carnival Monday",
    "1972-02-15": "Carnival Tuesday",
    "1972-03-30": "Maundy Thursday",
    "1972-05-01": "Labor Day",
    "1972-05-25": "May Revolution Day",
    "1972-06-01": "Corpus Christi",
    "1972-06-20": "Pass to the Immortality of General Don Manuel Belgrano",
    "1972-07-09": "Independence Day",
    "1972-08-15": "Assumption Day",
    "1972-08-17": "Pass to the Immortality of General Don José de San Martín",
    "1972-10-12": "Columbus Day",
    "1972-11-01": "All Saints' Day",
    "1972-12-08": "Immaculate Conception",
    "1972-12-25": "Christmas Day",
    "1973-01-01": "New Year's Day",
    "1973-01-06": "Epiphany",
    "1973-03-05": "Carnival Monday",
    "1973-03-06": "Carnival Tuesday",
    "1973-04-19": "Maundy Thursday",
    "1973-05-01": "Labor Day",
    "1973-05-25": "May Revolution Day",
    "1973-06-20": "Pass to the Immortality of General Don Manuel Belgrano",
    "1973-06-21": "Corpus Christi",
    "1973-07-09": "Independence Day",
    "1973-08-15": "Assumption Day",
    "1973-08-17": "Pass to the Immortality of General Don José de San Martín",
    "1973-10-12": "Columbus Day",
    "1973-11-01": "All Saints' Day",
    "1973-12-08": "Immaculate Conception",
    "1973-12-25": "Christmas Day",
    "1974-01-01": "New Year's Day",
    "1974-01-06": "Epiphany",
    "1974-02-25": "Carnival Monday",
    "1974-02-26": "Carnival Tuesday",
    "1974-04-11": "Maundy Thursday",
    "1974-05-01": "Labor Day",
    "1974-05-25": "May Revolution Day",
    "1974-06-13": "Corpus Christi",
    "1974-06-20": "Pass to the Immortality of General Don Manuel Belgrano",
    "1974-07-09": "Independence Day",
    "1974-08-15": "Assumption Day",
    "1974-08-17": "Pass to the Immortality of General Don José de San Martín",
    "1974-10-12": "Columbus Day",
    "1974-11-01": "All Saints' Day",
    "1974-12-08": "Immaculate Conception",
    "1974-12-25": "Christmas Day",
    "1975-01-01": "New Year's Day",
    "1975-01-06": "Epiphany",
    "1975-02-10": "Carnival Monday",
    "1975-02-11": "Carnival Tuesday",
    "1975-03-27": "Maundy Thursday",
    "1975-05-01": "Labor Day",
    "1975-05-25": "May Revolution Day",
    "1975-05-29": "Corpus Christi",
    "1975-06-20": "Pass to the Immortality of General Don Manuel Belgrano",
    "1975-07-09": "Independence Day",
    "1975-08-15": "Assumption Day",
    "1975-08-17": "Pass to the Immortality of General Don José de San Martín",
    "1975-10-12": "Columbus Day",
    "1975-11-01": "All Saints' Day",
    "1975-11-06": "Bankers' Day",
    "1975-12-08": "Immaculate Conception",
    "1975-12-25": "Christmas Day",
    "1976-01-01": "New Year's Day",
    "1976-01-06": "Epiphany",
    "1976-03-01": "Carnival Monday",
    "1976-03-02": "Carnival Tuesday",
    "1976-04-15": "Maundy Thursday",
    "1976-05-01": "Labor Day",
    "1976-05-25": "May Revolution Day",
    "1976-06-20": "Pass to the Immortality of General Don Manuel Belgrano",
    "1976-07-09": "Independence Day",
    "1976-08-17": "Pass to the Immortality of General Don José de San Martín",
    "1976-11-06": "Bankers' Day",
    "1976-12-25": "Christmas Day",
    "1977-01-01": "New Year's Day",
    "1977-04-08": "Good Friday",
    "1977-05-01": "Labor Day",
    "1977-05-25": "May Revolution Day",
    "1977-06-20": "Pass to the Immortality of General Don Manuel Belgrano",
    "1977-07-09": "Independence Day",
    "1977-08-17": "Pass to the Immortality of General Don José de San Martín",
    "1977-11-06": "Bankers' Day",
    "1977-12-25": "Christmas Day",
    "1978-01-01": "New Year's Day",
    "1978-03-24": "Good Friday",
    "1978-05-01": "Labor Day",
    "1978-05-25": "May Revolution Day",
    "1978-06-20": "Pass to the Immortality of General Don Manuel Belgrano",
    "1978-07-09": "Independence Day",
    "1978-08-17": "Pass to the Immortality of General Don José de San Martín",
    "1978-11-06": "Bankers' Day",
    "1978-12-25": "Christmas Day",
    "1979-01-01": "New Year's Day",
    "1979-04-13": "Good Friday",
    "1979-05-01": "Labor Day",
    "1979-05-25": "May Revolution Day",
    "1979-06-20": "Pass to the Immortality of General Don Manuel Belgrano",
    "1979-07-09": "Independence Day",
    "1979-08-17": "Pass to the Immortality of General Don José de San Martín",
    "1979-11-06": "Bankers' Day",
    "1979-12-25": "Christmas Day",
    "1980-01-01": "New Year's Day",
    "1980-04-04": "Good Friday",
    "1980-05-01": "Labor Day",
    "1980-05-25": "May Revolution Day",
    "1980-06-20": "Pass to the Immortality of General Don Manuel Belgrano",
    "1980-07-09": "Independence Day",
    "1980-08-17": "Pass to the Immortality of General Don José de San Martín",
    "1980-11-06": "Bankers' Day",
    "1980-12-25": "Christmas Day",
    "1981-01-01": "New Year's Day",
    "1981-04-17": "Good Friday",
    "1981-05-01": "Labor Day",
    "1981-05-25": "May Revolution Day",
    "1981-06-20": "Pass to the Immortality of General Don Manuel Belgrano",
    "1981-07-09": "Independence Day",
    "1981-08-17": "Pass to the Immortality of General Don José de San Martín",
    "1981-11-06": "Bankers' Day",
    "1981-12-25": "Christmas Day",
    "1982-01-01": "New Year's Day",
    "1982-04-09": "Good Friday",
    "1982-05-01": "Labor Day",
    "1982-05-25": "May Revolution Day",
    "1982-06-20": "Pass to the Immortality of General Don Manuel Belgrano",
    "1982-07-09": "Independence Day",
    "1982-08-17": "Pass to the Immortality of General Don José de San Martín",
    "1982-10-12": "Columbus Day",
    "1982-11-06": "Bankers' Day",
    "1982-12-25": "Christmas Day",
    "1983-01-01": "New Year's Day",
    "1983-04-01": "Good Friday",
    "1983-04-02": "Day of Affirmation of Argentine Rights over the Malvinas, Islands and Antarctic Sector",
    "1983-05-01": "Labor Day",
    "1983-05-25": "May Revolution Day",
    "1983-06-20": "Pass to the Immortality of General Don Manuel Belgrano",
    "1983-07-09": "Independence Day",
    "1983-08-17": "Pass to the Immortality of General Don José de San Martín",
    "1983-10-12": "Columbus Day",
    "1983-11-06": "Bankers' Day",
    "1983-12-25": "Christmas Day",
    "1984-01-01": "New Year's Day",
    "1984-04-20": "Good Friday",
    "1984-05-01": "Labor Day",
    "1984-05-25": "May Revolution Day",
    "1984-06-10": "Day of Affirmation of Argentine Rights over the Malvinas, Islands and Antarctic Sector",
    "1984-06-20": "Pass to the Immortality of General Don Manuel Belgrano",
    "1984-07-09": "Independence Day",
    "1984-08-17": "Pass to the Immortality of General Don José de San Martín",
    "1984-10-12": "Columbus Day",
    "1984-11-06": "Bankers' Day",
    "1984-12-25": "Christmas Day",
    "1985-01-01": "New Year's Day",
    "1985-04-05": "Good Friday",
    "1985-05-01": "Labor Day",
    "1985-05-25": "May Revolution Day",
    "1985-06-10": "Day of Affirmation of Argentine Rights over the Malvinas, Islands and Antarctic Sector",
    "1985-06-20": "Pass to the Immortality of General Don Manuel Belgrano",
    "1985-07-09": "Independence Day",
    "1985-08-17": "Pass to the Immortality of General Don José de San Martín",
    "1985-10-12": "Columbus Day",
    "1985-11-06": "Bankers' Day",
    "1985-12-25": "Christmas Day",
    "1986-01-01": "New Year's Day",
    "1986-03-28": "Good Friday",
    "1986-05-01": "Labor Day",
    "1986-05-25": "May Revolution Day",
    "1986-06-10": "Day of Affirmation of Argentine Rights over the Malvinas, Islands and Antarctic Sector",
    "1986-06-20": "Pass to the Immortality of General Don Manuel Belgrano",
    "1986-07-09": "Independence Day",
    "1986-08-17": "Pass to the Immortality of General Don José de San Martín",
    "1986-10-12": "Columbus Day",
    "1986-11-06": "Bankers' Day",
    "1986-12-25": "Christmas Day",
    "1987-01-01": "New Year's Day",
    "1987-04-17": "Good Friday",
    "1987-05-01": "Labor Day",
    "1987-05-25": "May Revolution Day",
    "1987-06-10": "Day of Affirmation of Argentine Rights over the Malvinas, Islands and Antarctic Sector",
    "1987-06-20": "Pass to the Immortality of General Don Manuel Belgrano",
    "1987-07-09": "Independence Day",
    "1987-08-17": "Pass to the Immortality of General Don José de San Martín",
    "1987-10-12": "Columbus Day",
    "1987-11-06": "Bankers' Day",
    "1987-12-25": "Christmas Day",
    "1988-01-01": "New Year's Day",
    "1988-04-01": "Good Friday",
    "1988-05-01": "Labor Day",
    "1988-05-25": "May Revolution Day",
    "1988-06-13": "Day of Affirmation of Argentine Rights over the Malvinas, Islands and Antarctic Sector",
    "1988-06-20": "Pass to the Immortality of General Don Manuel Belgrano",
    "1988-07-09": "Independence Day",
    "1988-08-15": "Pass to the Immortality of General Don José de San Martín",
    "1988-10-10": "Columbus Day",
    "1988-11-06": "Bankers' Day",
    "1988-12-25": "Christmas Day",
    "1989-01-01": "New Year's Day",
    "1989-03-24": "Good Friday",
    "1989-05-01": "Labor Day",
    "1989-05-25": "May Revolution Day",
    "1989-06-10": "Day of Affirmation of Argentine Rights over the Malvinas, Islands and Antarctic Sector",
    "1989-06-19": "Pass to the Immortality of General Don Manuel Belgrano",
    "1989-07-09": "Independence Day",
    "1989-08-21": "Pass to the Immortality of General Don José de San Martín",
    "1989-10-16": "Columbus Day",
    "1989-11-06": "Bankers' Day",
    "1989-12-25": "Christmas Day",
    "1990-01-01": "New Year's Day",
    "1990-04-13": "Good Friday",
    "1990-05-01": "Labor Day",
    "1990-05-25": "May Revolution Day",
    "1990-06-10": "Day of Affirmation of Argentine Rights over the Malvinas, Islands and Antarctic Sector",
    "1990-06-18": "Pass to the Immortality of General Don Manuel Belgrano",
    "1990-07-09": "Independence Day",
    "1990-08-20": "Pass to the Immortality of General Don José de San Martín",
    "1990-10-15": "Columbus Day",
    "1990-11-06": "Bankers' Day",
    "1990-12-25": "Christmas Day",
    "1991-01-01": "New Year's Day",
    "1991-03-29": "Good Friday",
    "1991-05-01": "Labor Day",
    "1991-05-25": "May Revolution Day",
    "1991-06-10": "Day of Affirmation of Argentine Rights over the Malvinas, Islands and Antarctic Sector",
    "1991-06-24": "Pass to the Immortality of General Don Manuel Belgrano",
    "1991-07-09": "Independence Day",
    "1991-08-17": "Pass to the Immortality of General Don José de San Martín",
    "1991-10-12": "Columbus Day",
    "1991-11-06": "Bankers' Day",
    "1991-12-25": "Christmas Day",
    "1992-01-01": "New Year's Day",
    "1992-04-17": "Good Friday",
    "1992-05-01": "Labor Day",
    "1992-05-25": "May Revolution Day",
    "1992-06-08": "Day of Affirmation of Argentine Rights over the Malvinas, Islands and Antarctic Sector",
    "1992-06-20": "Pass to the Immortality of General Don Manuel Belgrano",
    "1992-07-09": "Independence Day",
    "1992-08-17": "Pass to the Immortality of General Don José de San Martín",
    "1992-10-12": "Columbus Day",
    "1992-11-06": "Bankers' Day",
    "1992-12-25": "Christmas Day",
    "1993-01-01": "New Year's Day",
    "1993-04-05": "War Veteran's Day",
    "1993-04-09": "Good Friday",
    "1993-05-01": "Labor Day",
    "1993-05-25": "May Revolution Day",
    "1993-06-14": "Day of Affirmation of Argentine Rights over the Malvinas, Islands and Antarctic Sector",
    "1993-06-20": "Pass to the Immortality of General Don Manuel Belgrano",
    "1993-07-09": "Independence Day",
    "1993-08-16": "Pass to the Immortality of General Don José de San Martín",
    "1993-10-11": "Columbus Day",
    "1993-11-06": "Bankers' Day",
    "1993-12-25": "Christmas Day",
    "1994-01-01": "New Year's Day",
    "1994-04-01": "Good Friday",
    "1994-04-02": "War Veteran's Day",
    "1994-05-01": "Labor Day",
    "1994-05-25": "May Revolution Day",
    "1994-06-13": "Day of Affirmation of Argentine Rights over the Malvinas, Islands and Antarctic Sector",
    "1994-06-20": "Pass to the Immortality of General Don Manuel Belgrano",
    "1994-07-09": "Independence Day",
    "1994-08-15": "Pass to the Immortality of General Don José de San Martín",
    "1994-10-10": "Columbus Day",
    "1994-11-06": "Bankers' Day",
    "1994-12-25": "Christmas Day",
    "1995-01-01": "New Year's Day",
    "1995-04-02": "War Veteran's Day",
    "1995-04-14": "Good Friday",
    "1995-05-01": "Labor Day",
    "1995-05-25": "May Revolution Day",
    "1995-06-10": "Day of Affirmation of Argentine Rights over the Malvinas, Islands and Antarctic Sector",
    "1995-06-19": "Pass to the Immortality of General Don Manuel Belgrano",
    "1995-07-09": "Independence Day",
    "1995-08-21": "Pass to the Immortality of General Don José de San Martín",
    "1995-10-16": "Columbus Day",
    "1995-11-06": "Bankers' Day",
    "1995-12-08": "Immaculate Conception",
    "1995-12-25": "Christmas Day",
    "1996-01-01": "New Year's Day",
    "1996-04-01": "War Veteran's Day",
    "1996-04-05": "Good Friday",
    "1996-05-01": "Labor Day",
    "1996-05-25": "May Revolution Day",
    "1996-06-10": "Day of Affirmation of Argentine Rights over the Malvinas, Islands and Antarctic Sector",
    "1996-06-17": "Pass to the Immortality of General Don Manuel Belgrano",
    "1996-07-09": "Independence Day",
    "1996-08-19": "Pass to the Immortality of General Don José de San Martín",
    "1996-09-14": "Rosh Hashanah",
    "1996-09-15": "Rosh Hashanah",
    "1996-09-23": "Yom Kippur",
    "1996-10-12": "Columbus Day",
    "1996-11-06": "Bankers' Day",
    "1996-12-08": "Immaculate Conception",
    "1996-12-25": "Christmas Day",
    "1997-01-01": "New Year's Day",
    "1997-02-08": "Eid al-Fitr (estimated)",
    "1997-03-28": "Good Friday",
    "1997-03-31": "War Veteran's Day",
    "1997-04-17": "Eid al-Adha (estimated)",
    "1997-05-01": "Labor Day",
    "1997-05-07": "Islamic New Year (estimated)",
    "1997-05-25": "May Revolution Day",
    "1997-06-09": "Day of Affirmation of Argentine Rights over the Malvinas, Islands and Antarctic Sector",
    "1997-06-16": "Pass to the Immortality of General Don Manuel Belgrano",
    "1997-07-09": "Independence Day",
    "1997-08-18": "Pass to the Immortality of General Don José de San Martín",
    "1997-10-02": "Rosh Hashanah",
    "1997-10-03": "Rosh Hashanah",
    "1997-10-11": "Yom Kippur",
    "1997-10-12": "Columbus Day",
    "1997-11-06": "Bankers' Day",
    "1997-12-08": "Immaculate Conception",
    "1997-12-25": "Christmas Day",
    "1998-01-01": "New Year's Day",
    "1998-01-29": "Eid al-Fitr (estimated)",
    "1998-04-06": "War Veteran's Day",
    "1998-04-07": "Eid al-Adha (estimated)",
    "1998-04-10": "Good Friday",
    "1998-04-27": "Islamic New Year (estimated)",
    "1998-05-01": "Labor Day",
    "1998-05-25": "May Revolution Day",
    "1998-06-08": "Day of Affirmation of Argentine Rights over the Malvinas, Islands and Antarctic Sector",
    "1998-06-15": "Pass to the Immortality of General Don Manuel Belgrano",
    "1998-07-09": "Independence Day",
    "1998-08-17": "Pass to the Immortality of General Don José de San Martín",
    "1998-09-21": "Rosh Hashanah",
    "1998-09-22": "Rosh Hashanah",
    "1998-09-30": "Yom Kippur",
    "1998-10-12": "Columbus Day",
    "1998-11-06": "Bankers' Day",
    "1998-12-08": "Immaculate Conception",
    "1998-12-25": "Christmas Day",
    "1999-01-01": "New Year's Day",
    "1999-01-18": "Eid al-Fitr (estimated)",
    "1999-03-27": "Eid al-Adha (estimated)",
    "1999-04-02": "Good Friday",
    "1999-04-05": "War Veteran's Day",
    "1999-04-17": "Islamic New Year (estimated)",
    "1999-05-01": "Labor Day",
    "1999-05-25": "May Revolution Day",
    "1999-06-14": "Day of Affirmation of Argentine Rights over the Malvinas, Islands and Antarctic Sector",
    "1999-06-21": "Pass to the Immortality of General Don Manuel Belgrano",
    "1999-07-09": "Independence Day",
    "1999-08-16": "Pass to the Immortality of General Don José de San Martín",
    "1999-09-11": "Rosh Hashanah",
    "1999-09-12": "Rosh Hashanah",
    "1999-09-20": "Yom Kippur",
    "1999-10-11": "Columbus Day",
    "1999-11-06": "Bankers' Day",
    "1999-12-08": "Immaculate Conception",
    "1999-12-25": "Christmas Day",
    "2000-01-01": "New Year's Day",
    "2000-01-08": "Eid al-Fitr (estimated)",
    "2000-03-16": "Eid al-Adha (estimated)",
    "2000-04-02": "War Veteran's Day",
    "2000-04-06": "Islamic New Year (estimated)",
    "2000-04-21": "Good Friday",
    "2000-05-01": "Labor Day",
    "2000-05-25": "May Revolution Day",
    "2000-06-10": "Day of Affirmation of Argentine Rights over the Malvinas, Islands and Antarctic Sector",
    "2000-06-19": "Pass to the Immortality of General Don Manuel Belgrano",
    "2000-07-09": "Independence Day",
    "2000-08-21": "Pass to the Immortality of General Don José de San Martín",
    "2000-09-30": "Rosh Hashanah",
    "2000-10-01": "Rosh Hashanah",
    "2000-10-09": "Yom Kippur",
    "2000-10-16": "Columbus Day",
    "2000-11-06": "Bankers' Day",
    "2000-12-08": "Immaculate Conception",
    "2000-12-25": "Christmas Day",
    "2000-12-27": "Eid al-Fitr (estimated)",
    "2001-01-01": "New Year's Day",
    "2001-03-05": "Eid al-Adha (estimated)",
    "2001-03-26": "Islamic New Year (estimated)",
    "2001-04-02": "Veteran's Day and the Fallen in the Malvinas War",
    "2001-04-13": "Good Friday",
    "2001-05-01": "Labor Day",
    "2001-05-25": "May Revolution Day",
    "2001-06-18": "Pass to the Immortality of General Don Manuel Belgrano",
    "2001-07-09": "Independence Day",
    "2001-08-20": "Pass to the Immortality of General Don José de San Martín",
    "2001-09-18": "Rosh Hashanah",
    "2001-09-19": "Rosh Hashanah",
    "2001-09-27": "Yom Kippur",
    "2001-10-08": "Columbus Day",
    "2001-11-06": "Bankers' Day",
    "2001-12-08": "Immaculate Conception",
    "2001-12-16": "Eid al-Fitr (estimated)",
    "2001-12-25": "Christmas Day",
    "2002-01-01": "New Year's Day",
    "2002-02-22": "Eid al-Adha (estimated)",
    "2002-03-15": "Islamic New Year (estimated)",
    "2002-03-29": "Good Friday",
    "2002-04-01": "Veteran's Day and the Fallen in the Malvinas War",
    "2002-05-01": "Labor Day",
    "2002-05-25": "May Revolution Day",
    "2002-06-17": "Pass to the Immortality of General Don Manuel Belgrano",
    "2002-07-09": "Independence Day",
    "2002-08-19": "Pass to the Immortality of General Don José de San Martín",
    "2002-09-07": "Rosh Hashanah",
    "2002-09-08": "Rosh Hashanah",
    "2002-09-16": "Yom Kippur",
    "2002-10-14": "Columbus Day",
    "2002-11-06": "Bankers' Day",
    "2002-12-05": "Eid al-Fitr (estimated)",
    "2002-12-08": "Immaculate Conception",
    "2002-12-25": "Christmas Day",
    "2003-01-01": "New Year's Day",
    "2003-02-11": "Eid al-Adha (estimated)",
    "2003-03-04": "Islamic New Year (estimated)",
    "2003-03-31": "Veteran's Day and the Fallen in the Malvinas War",
    "2003-04-18": "Good Friday",
    "2003-05-01": "Labor Day",
    "2003-05-25": "May Revolution Day",
    "2003-06-16": "Pass to the Immortality of General Don Manuel Belgrano",
    "2003-07-09": "Independence Day",
    "2003-08-18": "Pass to the Immortality of General Don José de San Martín",
    "2003-09-27": "Rosh Hashanah",
    "2003-09-28": "Rosh Hashanah",
    "2003-10-06": "Yom Kippur",
    "2003-10-12": "Columbus Day",
    "2003-11-06": "Bankers' Day",
    "2003-11-25": "Eid al-Fitr (estimated)",
    "2003-12-08": "Immaculate Conception",
    "2003-12-25": "Christmas Day",
    "2004-01-01": "New Year's Day",
    "2004-02-01": "Eid al-Adha (estimated)",
    "2004-02-21": "Islamic New Year (estimated)",
    "2004-04-05": "Veteran's Day and the Fallen in the Malvinas War",
    "2004-04-09": "Good Friday",
    "2004-05-01": "Labor Day",
    "2004-05-25": "May Revolution Day",
    "2004-06-21": "Pass to the Immortality of General Don Manuel Belgrano",
    "2004-07-09": "Independence Day",
    "2004-08-16": "Pass to the Immortality of General Don José de San Martín",
    "2004-09-16": "Rosh Hashanah",
    "2004-09-17": "Rosh Hashanah",
    "2004-09-25": "Yom Kippur",
    "2004-10-11": "Columbus Day",
    "2004-11-06": "Bankers' Day",
    "2004-11-14": "Eid al-Fitr (estimated)",
    "2004-12-08": "Immaculate Conception",
    "2004-12-25": "Christmas Day",
    "2005-01-01": "New Year's Day",
    "2005-01-21": "Eid al-Adha (estimated)",
    "2005-02-10": "Islamic New Year (estimated)",
    "2005-03-25": "Good Friday",
    "2005-04-02": "Veteran's Day and the Fallen in the Malvinas War",
    "2005-05-01": "Labor Day",
    "2005-05-25": "May Revolution Day",
    "2005-06-20": "Pass to the Immortality of General Don Manuel Belgrano",
    "2005-07-09": "Independence Day",
    "2005-08-15": "Pass to the Immortality of General Don José de San Martín",
    "2005-10-04": "Rosh Hashanah",
    "2005-10-05": "Rosh Hashanah",
    "2005-10-10": "Columbus Day",
    "2005-10-13": "Yom Kippur",
    "2005-11-03": "Eid al-Fitr (estimated)",
    "2005-11-06": "Bankers' Day",
    "2005-12-08": "Immaculate Conception",
    "2005-12-25": "Christmas Day",
    "2006-01-01": "New Year's Day",
    "2006-01-10": "Eid al-Adha (estimated)",
    "2006-01-31": "Islamic New Year (estimated)",
    "2006-03-24": "National Day of Remembrance for Truth and Justice",
    "2006-04-02": "Veteran's Day and the Fallen in the Malvinas War",
    "2006-04-14": "Good Friday",
    "2006-05-01": "Labor Day",
    "2006-05-25": "May Revolution Day",
    "2006-06-19": "Pass to the Immortality of General Don Manuel Belgrano",
    "2006-07-09": "Independence Day",
    "2006-08-21": "Pass to the Immortality of General Don José de San Martín",
    "2006-09-23": "Rosh Hashanah",
    "2006-09-24": "Rosh Hashanah",
    "2006-10-02": "Yom Kippur",
    "2006-10-16": "Columbus Day",
    "2006-10-23": "Eid al-Fitr (estimated)",
    "2006-11-06": "Bankers' Day",
    "2006-12-08": "Immaculate Conception",
    "2006-12-25": "Christmas Day",
    "2006-12-31": "Eid al-Adha (estimated)",
    "2007-01-01": "New Year's Day",
    "2007-01-20": "Islamic New Year (estimated)",
    "2007-01-31": "Saint John Bosco's Day",
    "2007-03-24": "National Day of Remembrance for Truth and Justice",
    "2007-04-02": "Veteran's Day and the Fallen in the Malvinas War",
    "2007-04-03": "Pesach",
    "2007-04-04": "Pesach",
    "2007-04-06": "Good Friday",
    "2007-04-09": "Pesach",
    "2007-04-10": "Pesach",
    "2007-04-24": "Day of Action for Tolerance and Respect among Peoples",
    "2007-05-01": "Labor Day",
    "2007-05-25": "May Revolution Day",
    "2007-06-18": "Pass to the Immortality of General Don Manuel Belgrano",
    "2007-07-09": "Independence Day",
    "2007-08-20": "Pass to the Immortality of General Don José de San Martín",
    "2007-09-13": "Rosh Hashanah",
    "2007-09-14": "Rosh Hashanah",
    "2007-09-22": "Yom Kippur",
    "2007-10-13": "Eid al-Fitr (estimated)",
    "2007-10-15": "Columbus Day",
    "2007-11-06": "Bankers' Day",
    "2007-12-08": "Immaculate Conception",
    "2007-12-20": "Eid al-Adha (estimated)",
    "2007-12-25": "Christmas Day",
    "2008-01-01": "New Year's Day",
    "2008-01-10": "Islamic New Year (estimated)",
    "2008-01-31": "Saint John Bosco's Day",
    "2008-03-21": "Good Friday",
    "2008-03-24": "National Day of Remembrance for Truth and Justice",
    "2008-04-02": "Veteran's Day and the Fallen in the Malvinas War",
    "2008-04-20": "Pesach",
    "2008-04-21": "Pesach",
    "2008-04-24": "Day of Action for Tolerance and Respect among Peoples",
    "2008-04-26": "Pesach",
    "2008-04-27": "Pesach",
    "2008-05-01": "Labor Day",
    "2008-05-25": "May Revolution Day",
    "2008-06-16": "Pass to the Immortality of General Don Manuel Belgrano",
    "2008-07-09": "Independence Day",
    "2008-08-18": "Pass to the Immortality of General Don José de San Martín",
    "2008-09-30": "Rosh Hashanah",
    "2008-10-01": "Eid al-Fitr (estimated); Rosh Hashanah",
    "2008-10-09": "Yom Kippur",
    "2008-10-13": "Columbus Day",
    "2008-11-06": "Bankers' Day",
    "2008-12-08": "Eid al-Adha (estimated); Immaculate Conception",
    "2008-12-25": "Christmas Day",
    "2008-12-29": "Islamic New Year (estimated)",
    "2009-01-01": "New Year's Day",
    "2009-01-31": "Saint John Bosco's Day",
    "2009-03-24": "National Day of Remembrance for Truth and Justice",
    "2009-04-02": "Veteran's Day and the Fallen in the Malvinas War",
    "2009-04-09": "Pesach",
    "2009-04-10": "Good Friday; Pesach",
    "2009-04-15": "Pesach",
    "2009-04-16": "Pesach",
    "2009-04-24": "Day of Action for Tolerance and Respect among Peoples",
    "2009-05-01": "Labor Day",
    "2009-05-25": "May Revolution Day",
    "2009-06-15": "Pass to the Immortality of General Don Manuel Belgrano",
    "2009-07-09": "Independence Day",
    "2009-08-17": "Pass to the Immortality of General Don José de San Martín",
    "2009-09-19": "Rosh Hashanah",
    "2009-09-20": "Eid al-Fitr (estimated); Rosh Hashanah",
    "2009-09-28": "Yom Kippur",
    "2009-10-12": "Columbus Day",
    "2009-11-06": "Bankers' Day",
    "2009-11-27": "Eid al-Adha (estimated)",
    "2009-12-08": "Immaculate Conception",
    "2009-12-18": "Islamic New Year (estimated)",
    "2009-12-25": "Christmas Day",
    "2010-01-01": "New Year's Day",
    "2010-01-31": "Saint John Bosco's Day",
    "2010-03-24": "National Day of Remembrance for Truth and Justice",
    "2010-03-30": "Pesach",
    "2010-03-31": "Pesach",
    "2010-04-02": "Good Friday; Veteran's Day and the Fallen in the Malvinas War",
    "2010-04-05": "Pesach",
    "2010-04-06": "Pesach",
    "2010-04-24": "Day of Action for Tolerance and Respect among Peoples",
    "2010-05-01": "Labor Day",
    "2010-05-24": "Bicentenary of the May Revolution",
    "2010-05-25": "May Revolution Day",
    "2010-06-21": "Pass to the Immortality of General Don Manuel Belgrano",
    "2010-07-09": "Independence Day",
    "2010-08-16": "Pass to the Immortality of General Don José de San Martín",
    "2010-09-09": "Rosh Hashanah",
    "2010-09-10": "Eid al-Fitr (estimated); Rosh Hashanah",
    "2010-09-18": "Yom Kippur",
    "2010-10-11": "Respect for Cultural Diversity Day",
    "2010-10-27": "National Census Day 2010",
    "2010-11-06": "Bankers' Day",
    "2010-11-16": "Eid al-Adha (estimated)",
    "2010-11-22": "National Sovereignty Day",
    "2010-12-07": "Islamic New Year (estimated)",
    "2010-12-08": "Immaculate Conception",
    "2010-12-25": "Christmas Day",
    "2011-01-01": "New Year's Day",
    "2011-01-31": "Saint John Bosco's Day",
    "2011-03-07": "Carnival Monday",
    "2011-03-08": "Carnival Tuesday",
    "2011-03-24": "National Day of Remembrance for Truth and Justice",
    "2011-03-25": "Bridge Public Holiday",
    "2011-04-02": "Veteran's Day and the Fallen in the Malvinas War",
    "2011-04-19": "Pesach",
    "2011-04-20": "Pesach",
    "2011-04-21": "Maundy Thursday",
    "2011-04-22": "Good Friday",
    "2011-04-24": "Day of Action for Tolerance and Respect among Peoples",
    "2011-04-25": "Pesach",
    "2011-04-26": "Pesach",
    "2011-05-01": "Labor Day",
    "2011-05-25": "May Revolution Day",
    "2011-06-20": "Pass to the Immortality of General Don Manuel Belgrano",
    "2011-07-09": "Independence Day",
    "2011-08-22": "Pass to the Immortality of General Don José de San Martín",
    "2011-08-30": "Eid al-Fitr (estimated)",
    "2011-09-29": "Rosh Hashanah",
    "2011-09-30": "Rosh Hashanah",
    "2011-10-08": "Yom Kippur",
    "2011-10-10": "Respect for Cultural Diversity Day",
    "2011-11-06": "Bankers' Day; Eid al-Adha (estimated)",
    "2011-11-26": "Islamic New Year (estimated)",
    "2011-11-28": "National Sovereignty Day",
    "2011-12-08": "Immaculate Conception",
    "2011-12-09": "Bridge Public Holiday",
    "2011-12-25": "Christmas Day",
    "2012-01-01": "New Year's Day",
    "2012-01-31": "Saint John Bosco's Day",
    "2012-02-20": "Carnival Monday",
    "2012-02-21": "Carnival Tuesday",
    "2012-02-27": "Bicentenary of the creation and first oath of the national flag",
    "2012-03-24": "National Day of Remembrance for Truth and Justice",
    "2012-04-02": "Veteran's Day and the Fallen in the Malvinas War",
    "2012-04-05": "Maundy Thursday",
    "2012-04-06": "Good Friday",
    "2012-04-07": "Pesach",
    "2012-04-08": "Pesach",
    "2012-04-13": "Pesach",
    "2012-04-14": "Pesach",
    "2012-04-24": "Day of Action for Tolerance and Respect among Peoples",
    "2012-04-30": "Bridge Public Holiday",
    "2012-05-01": "Labor Day",
    "2012-05-25": "May Revolution Day",
    "2012-06-20": "Pass to the Immortality of General Don Manuel Belgrano",
    "2012-07-09": "Independence Day",
    "2012-08-19": "Eid al-Fitr (estimated)",
    "2012-08-20": "Pass to the Immortality of General Don José de San Martín",
    "2012-09-17": "Rosh Hashanah",
    "2012-09-18": "Rosh Hashanah",
    "2012-09-24": "Bicentenary of the Battle of Tucumán",
    "2012-09-26": "Yom Kippur",
    "2012-10-08": "Respect for Cultural Diversity Day",
    "2012-10-26": "Eid al-Adha (estimated)",
    "2012-11-06": "Bankers' Day",
    "2012-11-15": "Islamic New Year (estimated)",
    "2012-11-26": "National Sovereignty Day",
    "2012-12-08": "Immaculate Conception",
    "2012-12-24": "Bridge Public Holiday",
    "2012-12-25": "Christmas Day",
    "2013-01-01": "New Year's Day",
    "2013-01-31": "Bicentenary of the inaugural session of the National Constituent Assembly of the year 1813; Saint John Bosco's Day",
    "2013-02-11": "Carnival Monday",
    "2013-02-12": "Carnival Tuesday",
    "2013-02-20": "Bicentenary of the Battle of Salta",
    "2013-03-24": "National Day of Remembrance for Truth and Justice",
    "2013-03-26": "Pesach",
    "2013-03-27": "Pesach",
    "2013-03-28": "Maundy Thursday",
    "2013-03-29": "Good Friday",
    "2013-04-01": "Bridge Public Holiday; Pesach",
    "2013-04-02": "Pesach; Veteran's Day and the Fallen in the Malvinas War",
    "2013-04-24": "Day of Action for Tolerance and Respect among Peoples",
    "2013-05-01": "Labor Day",
    "2013-05-25": "May Revolution Day",
    "2013-06-20": "Pass to the Immortality of General Don Manuel Belgrano",
    "2013-06-21": "Bridge Public Holiday",
    "2013-07-09": "Independence Day",
    "2013-08-08": "Eid al-Fitr (estimated)",
    "2013-08-19": "Pass to the Immortality of General Don José de San Martín",
    "2013-09-05": "Rosh Hashanah",
    "2013-09-06": "Rosh Hashanah",
    "2013-09-14": "Yom Kippur",
    "2013-10-14": "Respect for Cultural Diversity Day",
    "2013-10-15": "Eid al-Adha (estimated)",
    "2013-11-04": "Islamic New Year (estimated)",
    "2013-11-06": "Bankers' Day",
    "2013-11-25": "National Sovereignty Day",
    "2013-12-08": "Immaculate Conception",
    "2013-12-25": "Christmas Day",
    "2014-01-01": "New Year's Day",
    "2014-01-31": "Saint John Bosco's Day",
    "2014-03-03": "Carnival Monday",
    "2014-03-04": "Carnival Tuesday",
    "2014-03-24": "National Day of Remembrance for Truth and Justice",
    "2014-04-02": "Veteran's Day and the Fallen in the Malvinas War",
    "2014-04-15": "Pesach",
    "2014-04-16": "Pesach",
    "2014-04-17": "Maundy Thursday",
    "2014-04-18": "Good Friday",
    "2014-04-21": "Pesach",
    "2014-04-22": "Pesach",
    "2014-04-24": "Day of Action for Tolerance and Respect among Peoples",
    "2014-05-01": "Labor Day",
    "2014-05-02": "Bridge Public Holiday",
    "2014-05-25": "May Revolution Day",
    "2014-06-20": "Pass to the Immortality of General Don Manuel Belgrano",
    "2014-06-27": "State Worker's Day",
    "2014-07-09": "Independence Day",
    "2014-07-28": "Eid al-Fitr (estimated)",
    "2014-08-18": "Pass to the Immortality of General Don José de San Martín",
    "2014-09-25": "Rosh Hashanah",
    "2014-09-26": "Rosh Hashanah",
    "2014-10-04": "Eid al-Adha (estimated); Yom Kippur",
    "2014-10-13": "Respect for Cultural Diversity Day",
    "2014-10-25": "Islamic New Year (estimated)",
    "2014-10-27": "Anniversary of the Death of Néstor Carlos Kirchner",
    "2014-11-06": "Bankers' Day",
    "2014-11-24": "National Sovereignty Day",
    "2014-12-08": "Immaculate Conception",
    "2014-12-25": "Christmas Day",
    "2014-12-26": "Bridge Public Holiday",
    "2015-01-01": "New Year's Day",
    "2015-02-16": "Carnival Monday",
    "2015-02-17": "Carnival Tuesday",
    "2015-03-23": "Bridge Public Holiday",
    "2015-03-24": "National Day of Remembrance for Truth and Justice",
    "2015-04-02": "Maundy Thursday; Veteran's Day and the Fallen in the Malvinas War",
    "2015-04-03": "Good Friday",
    "2015-04-04": "Pesach",
    "2015-04-05": "Pesach",
    "2015-04-10": "Pesach",
    "2015-04-11": "Pesach",
    "2015-04-24": "Day of Action for Tolerance and Respect among Peoples",
    "2015-05-01": "Labor Day",
    "2015-05-25": "May Revolution Day",
    "2015-06-20": "Pass to the Immortality of General Don Manuel Belgrano",
    "2015-06-27": "State Worker's Day",
    "2015-07-09": "Independence Day",
    "2015-07-17": "Eid al-Fitr (estimated)",
    "2015-08-16": "Saint John Bosco's Day",
    "2015-08-17": "Pass to the Immortality of General Don José de San Martín",
    "2015-09-14": "Rosh Hashanah",
    "2015-09-15": "Rosh Hashanah",
    "2015-09-23": "Eid al-Adha (estimated); Yom Kippur",
    "2015-10-12": "Respect for Cultural Diversity Day",
    "2015-10-14": "Islamic New Year (estimated)",
    "2015-10-27": "Anniversary of the Death of Néstor Carlos Kirchner",
    "2015-11-06": "Bankers' Day",
    "2015-11-27": "National Sovereignty Day",
    "2015-12-07": "Bridge Public Holiday",
    "2015-12-08": "Immaculate Conception",
    "2015-12-25": "Christmas Day",
    "2016-01-01": "New Year's Day",
    "2016-02-08": "Carnival Monday",
    "2016-02-09": "Carnival Tuesday",
    "2016-03-24": "Maundy Thursday; National Day of Remembrance for Truth and Justice",
    "2016-03-25": "Good Friday",
    "2016-04-02": "Veteran's Day and the Fallen in the Malvinas War",
    "2016-04-23": "Pesach",
    "2016-04-24": "Day of Action for Tolerance and Respect among Peoples; Pesach",
    "2016-04-29": "Pesach",
    "2016-04-30": "Pesach",
    "2016-05-01": "Labor Day",
    "2016-05-25": "May Revolution Day",
    "2016-06-17": "Pass to the Immortality of General Don Martín Miguel de Güemes",
    "2016-06-20": "Pass to the Immortality of General Don Manuel Belgrano",
    "2016-06-27": "State Worker's Day",
    "2016-07-06": "Eid al-Fitr (estimated)",
    "2016-07-08": "Bridge Public Holiday",
    "2016-07-09": "Independence Day",
    "2016-08-15": "Pass to the Immortality of General Don José de San Martín",
    "2016-08-16": "Saint John Bosco's Day",
    "2016-09-11": "Eid al-Adha (estimated)",
    "2016-10-02": "Islamic New Year (estimated)",
    "2016-10-03": "Rosh Hashanah",
    "2016-10-04": "Rosh Hashanah",
    "2016-10-10": "Respect for Cultural Diversity Day",
    "2016-10-12": "Yom Kippur",
    "2016-10-27": "Anniversary of the Death of Néstor Carlos Kirchner",
    "2016-11-06": "Bankers' Day",
    "2016-11-28": "National Sovereignty Day",
    "2016-12-08": "Immaculate Conception",
    "2016-12-09": "Bridge Public Holiday",
    "2016-12-25": "Christmas Day",
    "2017-01-01": "New Year's Day",
    "2017-02-27": "Carnival Monday",
    "2017-02-28": "Carnival Tuesday",
    "2017-03-24": "National Day of Remembrance for Truth and Justice",
    "2017-04-02": "Veteran's Day and the Fallen in the Malvinas War",
    "2017-04-11": "Pesach",
    "2017-04-12": "Pesach",
    "2017-04-13": "Maundy Thursday",
    "2017-04-14": "Good Friday",
    "2017-04-17": "Pesach",
    "2017-04-18": "Pesach",
    "2017-04-24": "Day of Action for Tolerance and Respect among Peoples",
    "2017-05-01": "Labor Day",
    "2017-05-25": "May Revolution Day",
    "2017-06-17": "Pass to the Immortality of General Don Martín Miguel de Güemes",
    "2017-06-20": "Pass to the Immortality of General Don Manuel Belgrano",
    "2017-06-25": "Eid al-Fitr (estimated)",
    "2017-06-27": "State Worker's Day",
    "2017-07-09": "Independence Day",
    "2017-08-16": "Saint John Bosco's Day",
    "2017-08-21": "Pass to the Immortality of General Don José de San Martín",
    "2017-09-01": "Eid al-Adha (estimated)",
    "2017-09-21": "Islamic New Year (estimated); Rosh Hashanah",
    "2017-09-22": "Rosh Hashanah",
    "2017-09-30": "Yom Kippur",
    "2017-10-16": "Respect for Cultural Diversity Day",
    "2017-10-27": "Anniversary of the Death of Néstor Carlos Kirchner",
    "2017-11-06": "Bankers' Day",
    "2017-11-20": "National Sovereignty Day",
    "2017-12-08": "Immaculate Conception",
    "2017-12-25": "Christmas Day",
    "2018-01-01": "New Year's Day",
    "2018-02-12": "Carnival Monday",
    "2018-02-13": "Carnival Tuesday",
    "2018-03-24": "National Day of Remembrance for Truth and Justice",
    "2018-03-29": "Maundy Thursday",
    "2018-03-30": "Good Friday",
    "2018-03-31": "Pesach",
    "2018-04-01": "Pesach",
    "2018-04-02": "Veteran's Day and the Fallen in the Malvinas War",
    "2018-04-06": "Pesach",
    "2018-04-07": "Pesach",
    "2018-04-24": "Day of Action for Tolerance and Respect among Peoples",
    "2018-04-30": "Bridge Public Holiday",
    "2018-05-01": "Labor Day",
    "2018-05-25": "May Revolution Day",
    "2018-06-15": "Eid al-Fitr (estimated)",
    "2018-06-17": "Pass to the Immortality of General Don Martín Miguel de Güemes",
    "2018-06-20": "Pass to the Immortality of General Don Manuel Belgrano",
    "2018-06-27": "State Worker's Day",
    "2018-07-09": "Independence Day",
    "2018-08-16": "Saint John Bosco's Day",
    "2018-08-20": "Pass to the Immortality of General Don José de San Martín",
    "2018-08-21": "Eid al-Adha (estimated)",
    "2018-09-10": "Rosh Hashanah",
    "2018-09-11": "Islamic New Year (estimated); Rosh Hashanah",
    "2018-09-19": "Yom Kippur",
    "2018-10-15": "Respect for Cultural Diversity Day",
    "2018-10-27": "Anniversary of the Death of Néstor Carlos Kirchner",
    "2018-11-06": "Bankers' Day",
    "2018-11-19": "National Sovereignty Day",
    "2018-12-08": "Immaculate Conception",
    "2018-12-24": "Bridge Public Holiday",
    "2018-12-25": "Christmas Day",
    "2018-12-31": "Bridge Public Holiday",
    "2019-01-01": "New Year's Day",
    "2019-03-04": "Carnival Monday",
    "2019-03-05": "Carnival Tuesday",
    "2019-03-24": "National Day of Remembrance for Truth and Justice",
    "2019-04-02": "Veteran's Day and the Fallen in the Malvinas War",
    "2019-04-18": "Maundy Thursday",
    "2019-04-19": "Good Friday",
    "2019-04-20": "Pesach",
    "2019-04-21": "Pesach",
    "2019-04-24": "Day of Action for Tolerance and Respect among Peoples",
    "2019-04-26": "Pesach",
    "2019-04-27": "Pesach",
    "2019-05-01": "Labor Day",
    "2019-05-25": "May Revolution Day",
    "2019-06-04": "Eid al-Fitr",
    "2019-06-17": "Pass to the Immortality of General Don Martín Miguel de Güemes",
    "2019-06-20": "Pass to the Immortality of General Don Manuel Belgrano",
    "2019-06-27": "State Worker's Day",
    "2019-07-08": "Bridge Public Holiday",
    "2019-07-09": "Independence Day",
    "2019-08-11": "Eid al-Adha",
    "2019-08-16": "Saint John Bosco's Day",
    "2019-08-17": "Pass to the Immortality of General Don José de San Martín",
    "2019-08-19": "Bridge Public Holiday",
    "2019-08-31": "Islamic New Year",
    "2019-09-30": "Rosh Hashanah",
    "2019-10-01": "Rosh Hashanah",
    "2019-10-09": "Yom Kippur",
    "2019-10-12": "Respect for Cultural Diversity Day",
    "2019-10-14": "Bridge Public Holiday",
    "2019-10-27": "Anniversary of the Death of Néstor Carlos Kirchner",
    "2019-11-06": "Bankers' Day",
    "2019-11-18": "National Sovereignty Day",
    "2019-12-07": "Commemoration of the workers shot in the Patagonian Strikes",
    "2019-12-08": "Immaculate Conception",
    "2019-12-24": "Bank Holiday",
    "2019-12-25": "Christmas Day",
    "2019-12-31": "Bank Holiday",
    "2020-01-01": "New Year's Day",
    "2020-02-24": "Carnival Monday",
    "2020-02-25": "Carnival Tuesday",
    "2020-03-23": "Bridge Public Holiday",
    "2020-03-24": "National Day of Remembrance for Truth and Justice",
    "2020-03-31": "Veteran's Day and the Fallen in the Malvinas War",
    "2020-04-09": "Maundy Thursday; Pesach",
    "2020-04-10": "Good Friday; Pesach",
    "2020-04-15": "Pesach",
    "2020-04-16": "Pesach",
    "2020-04-24": "Day of Action for Tolerance and Respect among Peoples",
    "2020-05-01": "Labor Day",
    "2020-05-24": "Eid al-Fitr",
    "2020-05-25": "May Revolution Day",
    "2020-06-15": "Pass to the Immortality of General Don Martín Miguel de Güemes",
    "2020-06-20": "Pass to the Immortality of General Don Manuel Belgrano",
    "2020-06-27": "State Worker's Day",
    "2020-07-09": "Independence Day",
    "2020-07-10": "Bridge Public Holiday",
    "2020-07-31": "Eid al-Adha",
    "2020-08-16": "Saint John Bosco's Day",
    "2020-08-17": "Pass to the Immortality of General Don José de San Martín",
    "2020-08-20": "Islamic New Year",
    "2020-09-19": "Rosh Hashanah",
    "2020-09-20": "Rosh Hashanah",
    "2020-09-28": "Yom Kippur",
    "2020-10-12": "Respect for Cultural Diversity Day",
    "2020-10-27": "Anniversary of the Death of Néstor Carlos Kirchner",
    "2020-11-06": "Bankers' Day",
    "2020-11-23": "National Sovereignty Day",
    "2020-12-07": "Bridge Public Holiday; Commemoration of the workers shot in the Patagonian Strikes",
    "2020-12-08": "Immaculate Conception",
    "2020-12-24": "Bank Holiday",
    "2020-12-25": "Christmas Day",
    "2020-12-31": "Bank Holiday",
    "2021-01-01": "New Year's Day",
    "2021-02-15": "Carnival Monday",
    "2021-02-16": "Carnival Tuesday",
    "2021-03-24": "National Day of Remembrance for Truth and Justice",
    "2021-03-28": "Pesach",
    "2021-03-29": "Pesach",
    "2021-04-01": "Maundy Thursday",
    "2021-04-02": "Good Friday; Veteran's Day and the Fallen in the Malvinas War",
    "2021-04-03": "Pesach",
    "2021-04-04": "Pesach",
    "2021-04-24": "Day of Action for Tolerance and Respect among Peoples",
    "2021-05-01": "Labor Day",
    "2021-05-13": "Eid al-Fitr",
    "2021-05-24": "Bridge Public Holiday",
    "2021-05-25": "May Revolution Day",
    "2021-06-20": "Pass to the Immortality of General Don Manuel Belgrano",
    "2021-06-21": "Pass to the Immortality of General Don Martín Miguel de Güemes",
    "2021-06-27": "State Worker's Day",
    "2021-07-09": "Independence Day",
    "2021-07-20": "Eid al-Adha",
    "2021-08-08": "Islamic New Year",
    "2021-08-16": "Pass to the Immortality of General Don José de San Martín; Saint John Bosco's Day",
    "2021-09-07": "Rosh Hashanah",
    "2021-09-08": "Rosh Hashanah",
    "2021-09-16": "Yom Kippur",
    "2021-10-08": "Bridge Public Holiday",
    "2021-10-11": "Respect for Cultural Diversity Day",
    "2021-10-27": "Anniversary of the Death of Néstor Carlos Kirchner",
    "2021-11-06": "Bankers' Day",
    "2021-11-20": "National Sovereignty Day",
    "2021-11-22": "Bridge Public Holiday",
    "2021-12-07": "Commemoration of the workers shot in the Patagonian Strikes",
    "2021-12-08": "Immaculate Conception",
    "2021-12-24": "Bank Holiday",
    "2021-12-25": "Christmas Day",
    "2021-12-31": "Bank Holiday",
    "2022-01-01": "New Year's Day",
    "2022-02-28": "Carnival Monday",
    "2022-03-01": "Carnival Tuesday",
    "2022-03-24": "National Day of Remembrance for Truth and Justice",
    "2022-04-02": "Veteran's Day and the Fallen in the Malvinas War",
    "2022-04-14": "Maundy Thursday",
    "2022-04-15": "Good Friday",
    "2022-04-16": "Pesach",
    "2022-04-17": "Pesach",
    "2022-04-22": "Pesach",
    "2022-04-23": "Pesach",
    "2022-04-24": "Day of Action for Tolerance and Respect among Peoples",
    "2022-05-01": "Labor Day",
    "2022-05-02": "Eid al-Fitr",
    "2022-05-18": "National Census Day 2022",
    "2022-05-25": "May Revolution Day",
    "2022-06-17": "Pass to the Immortality of General Don Martín Miguel de Güemes",
    "2022-06-20": "Pass to the Immortality of General Don Manuel Belgrano",
    "2022-06-27": "State Worker's Day",
    "2022-07-09": "Eid al-Adha; Independence Day",
    "2022-07-30": "Islamic New Year",
    "2022-08-15": "Pass to the Immortality of General Don José de San Martín",
    "2022-08-16": "Saint John Bosco's Day",
    "2022-09-26": "Rosh Hashanah",
    "2022-09-27": "Rosh Hashanah",
    "2022-10-05": "Yom Kippur",
    "2022-10-07": "Bridge Public Holiday",
    "2022-10-10": "Respect for Cultural Diversity Day",
    "2022-10-27": "Anniversary of the Death of Néstor Carlos Kirchner",
    "2022-11-06": "Bankers' Day",
    "2022-11-20": "National Sovereignty Day",
    "2022-11-21": "Bridge Public Holiday",
    "2022-12-07": "Commemoration of the workers shot in the Patagonian Strikes",
    "2022-12-08": "Immaculate Conception",
    "2022-12-09": "Bridge Public Holiday",
    "2022-12-20": "FIFA World Cup 2022 Victory Day",
    "2022-12-25": "Christmas Day",
    "2023-01-01": "New Year's Day",
    "2023-02-20": "Carnival Monday",
    "2023-02-21": "Carnival Tuesday",
    "2023-03-24": "National Day of Remembrance for Truth and Justice",
    "2023-04-02": "Veteran's Day and the Fallen in the Malvinas War",
    "2023-04-06": "Maundy Thursday; Pesach",
    "2023-04-07": "Good Friday; Pesach",
    "2023-04-12": "Pesach",
    "2023-04-13": "Pesach",
    "2023-04-21": "Eid al-Fitr",
    "2023-04-24": "Day of Action for Tolerance and Respect among Peoples",
    "2023-05-01": "Labor Day",
    "2023-05-25": "May Revolution Day",
    "2023-05-26": "Bridge Public Holiday",
    "2023-06-17": "Pass to the Immortality of General Don Martín Miguel de Güemes",
    "2023-06-19": "Bridge Public Holiday",
    "2023-06-20": "Pass to the Immortality of General Don Manuel Belgrano",
    "2023-06-27": "State Worker's Day",
    "2023-06-28": "Eid al-Adha",
    "2023-07-09": "Independence Day",
    "2023-07-19": "Islamic New Year",
    "2023-08-16": "Saint John Bosco's Day",
    "2023-08-21": "Pass to the Immortality of General Don José de San Martín",
    "2023-09-16": "Rosh Hashanah",
    "2023-09-17": "Rosh Hashanah",
    "2023-09-25": "Yom Kippur",
    "2023-10-13": "Bridge Public Holiday",
    "2023-10-16": "Respect for Cultural Diversity Day",
    "2023-10-27": "Anniversary of the Death of Néstor Carlos Kirchner",
    "2023-11-06": "Bankers' Day",
    "2023-11-20": "National Sovereignty Day",
    "2023-12-07": "Commemoration of the workers shot in the Patagonian Strikes",
    "2023-12-08": "Immaculate Conception",
    "2023-12-25": "Christmas Day",
    "2024-01-01": "New Year's Day",
    "2024-02-12": "Carnival Monday",
    "2024-02-13": "Carnival Tuesday",
    "2024-03-24": "National Day of Remembrance for Truth and Justice",
    "2024-03-28": "Maundy Thursday",
    "2024-03-29": "Good Friday",
    "2024-04-01": "Bridge Public Holiday",
    "2024-04-02": "Veteran's Day and the Fallen in the Malvinas War",
    "2024-04-10": "Eid al-Fitr",
    "2024-04-23": "Pesach",
    "2024-04-24": "Day of Action for Tolerance and Respect among Peoples; Pesach",
    "2024-04-29": "Pesach",
    "2024-04-30": "Pesach",
    "2024-05-01": "Labor Day",
    "2024-05-25": "May Revolution Day",
    "2024-06-16": "Eid al-Adha",
    "2024-06-17": "Pass to the Immortality of General Don Martín Miguel de Güemes",
    "2024-06-20": "Pass to the Immortality of General Don Manuel Belgrano",
    "2024-06-21": "Bridge Public Holiday",
    "2024-06-27": "State Worker's Day",
    "2024-07-07": "Islamic New Year",
    "2024-07-09": "Independence Day",
    "2024-08-16": "Saint John Bosco's Day",
    "2024-08-17": "Pass to the Immortality of General Don José de San Martín",
    "2024-10-03": "Rosh Hashanah",
    "2024-10-04": "Rosh Hashanah",
    "2024-10-11": "Bridge Public Holiday",
    "2024-10-12": "Respect for Cultural Diversity Day; Yom Kippur",
    "2024-10-27": "Anniversary of the Death of Néstor Carlos Kirchner",
    "2024-11-06": "Bankers' Day",
    "2024-11-18": "National Sovereignty Day",
    "2024-12-07": "Commemoration of the workers shot in the Patagonian Strikes",
    "2024-12-08": "Immaculate Conception",
    "2024-12-24": "Bank Holiday",
    "2024-12-25": "Christmas Day",
    "2024-12-31": "Bank Holiday",
    "2025-01-01": "New Year's Day",
    "2025-03-03": "Carnival Monday",
    "2025-03-04": "Carnival Tuesday",
    "2025-03-24": "National Day of Remembrance for Truth and Justice",
    "2025-03-31": "Eid al-Fitr",
    "2025-04-02": "Veteran's Day and the Fallen in the Malvinas War",
    "2025-04-13": "Pesach",
    "2025-04-14": "Pesach",
    "2025-04-17": "Maundy Thursday",
    "2025-04-18": "Good Friday",
    "2025-04-19": "Pesach",
    "2025-04-20": "Pesach",
    "2025-04-24": "Day of Action for Tolerance and Respect among Peoples",
    "2025-05-01": "Labor Day",
    "2025-05-02": "Bridge Public Holiday",
    "2025-05-25": "May Revolution Day",
    "2025-06-10": "Eid al-Adha",
    "2025-06-16": "Pass to the Immortality of General Don Martín Miguel de Güemes",
    "2025-06-20": "Pass to the Immortality of General Don Manuel Belgrano",
    "2025-06-26": "Islamic New Year",
    "2025-06-27": "State Worker's Day",
    "2025-07-09": "Independence Day",
    "2025-08-15": "Bridge Public Holiday",
    "2025-08-16": "Saint John Bosco's Day",
    "2025-08-17": "Pass to the Immortality of General Don José de San Martín",
    "2025-09-23": "Rosh Hashanah",
    "2025-09-24": "Rosh Hashanah",
    "2025-10-02": "Yom Kippur",
    "2025-10-12": "Respect for Cultural Diversity Day",
    "2025-10-27": "Anniversary of the Death of Néstor Carlos Kirchner",
    "2025-11-06": "Bankers' Day",
    "2025-11-21": "Bridge Public Holiday",
    "2025-11-24": "National Sovereignty Day",
    "2025-12-07": "Commemoration of the workers shot in the Patagonian Strikes",
    "2025-12-08": "Immaculate Conception",
    "2025-12-25": "Christmas Day",
    "2026-01-01": "New Year's Day",
    "2026-02-16": "Carnival Monday",
    "2026-02-17": "Carnival Tuesday",
    "2026-03-20": "Eid al-Fitr (estimated)",
    "2026-03-24": "National Day of Remembrance for Truth and Justice",
    "2026-04-02": "Maundy Thursday; Pesach; Veteran's Day and the Fallen in the Malvinas War",
    "2026-04-03": "Good Friday; Pesach",
    "2026-04-08": "Pesach",
    "2026-04-09": "Pesach",
    "2026-04-24": "Day of Action for Tolerance and Respect among Peoples",
    "2026-05-01": "Labor Day",
    "2026-05-25": "May Revolution Day",
    "2026-05-27": "Eid al-Adha (estimated)",
    "2026-06-15": "Pass to the Immortality of General Don Martín Miguel de Güemes",
    "2026-06-16": "Islamic New Year (estimated)",
    "2026-06-20": "Pass to the Immortality of General Don Manuel Belgrano",
    "2026-06-27": "State Worker's Day",
    "2026-07-09": "Independence Day",
    "2026-08-16": "Saint John Bosco's Day",
    "2026-08-17": "Pass to the Immortality of General Don José de San Martín",
    "2026-09-12": "Rosh Hashanah",
    "2026-09-13": "Rosh Hashanah",
    "2026-09-21": "Yom Kippur",
    "2026-10-12": "Respect for Cultural Diversity Day",
    "2026-10-27": "Anniversary of the Death of Néstor Carlos Kirchner",
    "2026-11-06": "Bankers' Day",
    "2026-11-23": "National Sovereignty Day",
    "2026-12-07": "Commemoration of the workers shot in the Patagonian Strikes",
    "2026-12-08": "Immaculate Conception",
    "2026-12-25": "Christmas Day",
    "2027-01-01": "New Year's Day",
    "2027-02-08": "Carnival Monday",
    "2027-02-09": "Carnival Tuesday",
    "2027-03-09": "Eid al-Fitr (estimated)",
    "2027-03-24": "National Day of Remembrance for Truth and Justice",
    "2027-03-25": "Maundy Thursday",
    "2027-03-26": "Good Friday",
    "2027-04-02": "Veteran's Day and the Fallen in the Malvinas War",
    "2027-04-22": "Pesach",
    "2027-04-23": "Pesach",
    "2027-04-24": "Day of Action for Tolerance and Respect among Peoples",
    "2027-04-28": "Pesach",
    "2027-04-29": "Pesach",
    "2027-05-01": "Labor Day",
    "2027-05-16": "Eid al-Adha (estimated)",
    "2027-05-25": "May Revolution Day",
    "2027-06-06": "Islamic New Year (estimated)",
    "2027-06-20": "Pass to the Immortality of General Don Manuel Belgrano",
    "2027-06-21": "Pass to the Immortality of General Don Martín Miguel de Güemes",
    "2027-06-27": "State Worker's Day",
    "2027-07-09": "Independence Day",
    "2027-08-16": "Pass to the Immortality of General Don José de San Martín; Saint John Bosco's Day",
    "2027-10-02": "Rosh Hashanah",
    "2027-10-03": "Rosh Hashanah",
    "2027-10-11": "Respect for Cultural Diversity Day; Yom Kippur",
    "2027-10-27": "Anniversary of the Death of Néstor Carlos Kirchner",
    "2027-11-06": "Bankers' Day",
    "2027-11-20": "National Sovereignty Day",
    "2027-12-07": "Commemoration of the workers shot in the Patagonian Strikes",
    "2027-12-08": "Immaculate Conception",
    "2027-12-25": "Christmas Day",
    "2028-01-01": "New Year's Day",
    "2028-02-26": "Eid al-Fitr (estimated)",
    "2028-02-28": "Carnival Monday",
    "2028-02-29": "Carnival Tuesday",
    "2028-03-24": "National Day of Remembrance for Truth and Justice",
    "2028-04-02": "Veteran's Day and the Fallen in the Malvinas War",
    "2028-04-11": "Pesach",
    "2028-04-12": "Pesach",
    "2028-04-13": "Maundy Thursday",
    "2028-04-14": "Good Friday",
    "2028-04-17": "Pesach",
    "2028-04-18": "Pesach",
    "2028-04-24": "Day of Action for Tolerance and Respect among Peoples",
    "2028-05-01": "Labor Day",
    "2028-05-05": "Eid al-Adha (estimated)",
    "2028-05-25": "Islamic New Year (estimated); May Revolution Day",
    "2028-06-17": "Pass to the Immortality of General Don Martín Miguel de Güemes",
    "2028-06-20": "Pass to the Immortality of General Don Manuel Belgrano",
    "2028-06-27": "State Worker's Day",
    "2028-07-09": "Independence Day",
    "2028-08-16": "Saint John Bosco's Day",
    "2028-08-21": "Pass to the Immortality of General Don José de San Martín",
    "2028-09-21": "Rosh Hashanah",
    "2028-09-22": "Rosh Hashanah",
    "2028-09-30": "Yom Kippur",
    "2028-10-16": "Respect for Cultural Diversity Day",
    "2028-10-27": "Anniversary of the Death of Néstor Carlos Kirchner",
    "2028-11-06": "Bankers' Day",
    "2028-11-20": "National Sovereignty Day",
    "2028-12-07": "Commemoration of the workers shot in the Patagonian Strikes",
    "2028-12-08": "Immaculate Conception",
    "2028-12-25": "Christmas Day",
    "2029-01-01": "New Year's Day",
    "2029-02-12": "Carnival Monday",
    "2029-02-13": "Carnival Tuesday",
    "2029-02-14": "Eid al-Fitr (estimated)",
    "2029-03-24": "National Day of Remembrance for Truth and Justice",
    "2029-03-29": "Maundy Thursday",
    "2029-03-30": "Good Friday",
    "2029-03-31": "Pesach",
    "2029-04-01": "Pesach",
    "2029-04-02": "Veteran's Day and the Fallen in the Malvinas War",
    "2029-04-06": "Pesach",
    "2029-04-07": "Pesach",
    "2029-04-24": "Day of Action for Tolerance and Respect among Peoples; Eid al-Adha (estimated)",
    "2029-05-01": "Labor Day",
    "2029-05-14": "Islamic New Year (estimated)",
    "2029-05-25": "May Revolution Day",
    "2029-06-17": "Pass to the Immortality of General Don Martín Miguel de Güemes",
    "2029-06-20": "Pass to the Immortality of General Don Manuel Belgrano",
    "2029-06-27": "State Worker's Day",
    "2029-07-09": "Independence Day",
    "2029-08-16": "Saint John Bosco's Day",
    "2029-08-20": "Pass to the Immortality of General Don José de San Martín",
    "2029-09-10": "Rosh Hashanah",
    "2029-09-11": "Rosh Hashanah",
    "2029-09-19": "Yom Kippur",
    "2029-10-15": "Respect for Cultural Diversity Day",
    "2029-10-27": "Anniversary of the Death of Néstor Carlos Kirchner",
    "2029-11-06": "Bankers' Day",
    "2029-11-19": "National Sovereignty Day",
    "2029-12-07": "Commemoration of the workers shot in the Patagonian Strikes",
    "2029-12-08": "Immaculate Conception",
    "2029-12-25": "Christmas Day",
    "2030-01-01": "New Year's Day",
    "2030-02-04": "Eid al-Fitr (estimated)",
    "2030-03-04": "Carnival Monday",
    "2030-03-05": "Carnival Tuesday",
    "2030-03-24": "National Day of Remembrance for Truth and Justice",
    "2030-04-02": "Veteran's Day and the Fallen in the Malvinas War",
    "2030-04-13": "Eid al-Adha (estimated)",
    "2030-04-18": "Maundy Thursday; Pesach",
    "2030-04-19": "Good Friday; Pesach",
    "2030-04-24": "Day of Action for Tolerance and Respect among Peoples; Pesach",
    "2030-04-25": "Pesach",
    "2030-05-01": "Labor Day",
    "2030-05-03": "Islamic New Year (estimated)",
    "2030-05-25": "May Revolution Day",
    "2030-06-17": "Pass to the Immortality of General Don Martín Miguel de Güemes",
    "2030-06-20": "Pass to the Immortality of General Don Manuel Belgrano",
    "2030-06-27": "State Worker's Day",
    "2030-07-09": "Independence Day",
    "2030-08-16": "Saint John Bosco's Day",
    "2030-08-17": "Pass to the Immortality of General Don José de San Martín",
    "2030-09-28": "Rosh Hashanah",
    "2030-09-29": "Rosh Hashanah",
    "2030-10-07": "Yom Kippur",
    "2030-10-12": "Respect for Cultural Diversity Day",
    "2030-10-27": "Anniversary of the Death of Néstor Carlos Kirchner",
    "2030-11-06": "Bankers' Day",
    "2030-11-18": "National Sovereignty Day",
    "2030-12-07": "Commemoration of the workers shot in the Patagonian Strikes",
    "2030-12-08": "Immaculate Conception",
    "2030-12-25": "Christmas Day",
    "2031-01-01": "New Year's Day",
    "2031-01-24": "Eid al-Fitr (estimated)",
    "2031-02-24": "Carnival Monday",
    "2031-02-25": "Carnival Tuesday",
    "2031-03-24": "National Day of Remembrance for Truth and Justice",
    "2031-04-02": "Eid al-Adha (estimated); Veteran's Day and the Fallen in the Malvinas War",
    "2031-04-08": "Pesach",
    "2031-04-09": "Pesach",
    "2031-04-10": "Maundy Thursday",
    "2031-04-11": "Good Friday",
    "2031-04-14": "Pesach",
    "2031-04-15": "Pesach",
    "2031-04-23": "Islamic New Year (estimated)",
    "2031-04-24": "Day of Action for Tolerance and Respect among Peoples",
    "2031-05-01": "Labor Day",
    "2031-05-25": "May Revolution Day",
    "2031-06-16": "Pass to the Immortality of General Don Martín Miguel de Güemes",
    "2031-06-20": "Pass to the Immortality of General Don Manuel Belgrano",
    "2031-06-27": "State Worker's Day",
    "2031-07-09": "Independence Day",
    "2031-08-16": "Saint John Bosco's Day",
    "2031-08-17": "Pass to the Immortality of General Don José de San Martín",
    "2031-09-18": "Rosh Hashanah",
    "2031-09-19": "Rosh Hashanah",
    "2031-09-27": "Yom Kippur",
    "2031-10-12": "Respect for Cultural Diversity Day",
    "2031-10-27": "Anniversary of the Death of Néstor Carlos Kirchner",
    "2031-11-06": "Bankers' Day",
    "2031-11-24": "National Sovereignty Day",
    "2031-12-07": "Commemoration of the workers shot in the Patagonian Strikes",
    "2031-12-08": "Immaculate Conception",
    "2031-12-25": "Christmas Day",
    "2032-01-01": "New Year's Day",
    "2032-01-14": "Eid al-Fitr (estimated)",
    "2032-02-09": "Carnival Monday",
    "2032-02-10": "Carnival Tuesday",
    "2032-03-22": "Eid al-Adha (estimated)",
    "2032-03-24": "National Day of Remembrance for Truth and Justice",
    "2032-03-25": "Maundy Thursday",
    "2032-03-26": "Good Friday",
    "2032-03-27": "Pesach",
    "2032-03-28": "Pesach",
    "2032-04-02": "Pesach; Veteran's Day and the Fallen in the Malvinas War",
    "2032-04-03": "Pesach",
    "2032-04-11": "Islamic New Year (estimated)",
    "2032-04-24": "Day of Action for Tolerance and Respect among Peoples",
    "2032-05-01": "Labor Day",
    "2032-05-25": "May Revolution Day",
    "2032-06-20": "Pass to the Immortality of General Don Manuel Belgrano",
    "2032-06-21": "Pass to the Immortality of General Don Martín Miguel de Güemes",
    "2032-06-27": "State Worker's Day",
    "2032-07-09": "Independence Day",
    "2032-08-16": "Pass to the Immortality of General Don José de San Martín; Saint John Bosco's Day",
    "2032-09-06": "Rosh Hashanah",
    "2032-09-07": "Rosh Hashanah",
    "2032-09-15": "Yom Kippur",
    "2032-10-11": "Respect for Cultural Diversity Day",
    "2032-10-27": "Anniversary of the Death of Néstor Carlos Kirchner",
    "2032-11-06": "Bankers' Day",
    "2032-11-20": "National Sovereignty Day",
    "2032-12-07": "Commemoration of the workers shot in the Patagonian Strikes",
    "2032-12-08": "Immaculate Conception",
    "2032-12-25": "Christmas Day",
    "2033-01-01": "New Year's Day",
    "2033-01-02": "Eid al-Fitr (estimated)",
    "2033-02-28": "Carnival Monday",
    "2033-03-01": "Carnival Tuesday",
    "2033-03-11": "Eid al-Adha (estimated)",
    "2033-03-24": "National Day of Remembrance for Truth and Justice",
    "2033-04-01": "Islamic New Year (estimated)",
    "2033-04-02": "Veteran's Day and the Fallen in the Malvinas War",
    "2033-04-14": "Maundy Thursday; Pesach",
    "2033-04-15": "Good Friday; Pesach",
    "2033-04-20": "Pesach",
    "2033-04-21": "Pesach",
    "2033-04-24": "Day of Action for Tolerance and Respect among Peoples",
    "2033-05-01": "Labor Day",
    "2033-05-25": "May Revolution Day",
    "2033-06-17": "Pass to the Immortality of General Don Martín Miguel de Güemes",
    "2033-06-20": "Pass to the Immortality of General Don Manuel Belgrano",
    "2033-06-27": "State Worker's Day",
    "2033-07-09": "Independence Day",
    "2033-08-15": "Pass to the Immortality of General Don José de San Martín",
    "2033-08-16": "Saint John Bosco's Day",
    "2033-09-24": "Rosh Hashanah",
    "2033-09-25": "Rosh Hashanah",
    "2033-10-03": "Yom Kippur",
    "2033-10-10": "Respect for Cultural Diversity Day",
    "2033-10-27": "Anniversary of the Death of Néstor Carlos Kirchner",
    "2033-11-06": "Bankers' Day",
    "2033-11-20": "National Sovereignty Day",
    "2033-12-07": "Commemoration of the workers shot in the Patagonian Strikes",
    "2033-12-08": "Immaculate Conception",
    "2033-12-23": "Eid al-Fitr (estimated)",
    "2033-12-25": "Christmas Day",
    "2034-01-01": "New Year's Day",
    "2034-02-20": "Carnival Monday",
    "2034-02-21": "Carnival Tuesday",
    "2034-03-01": "Eid al-Adha (estimated)",
    "2034-03-21": "Islamic New Year (estimated)",
    "2034-03-24": "National Day of Remembrance for Truth and Justice",
    "2034-04-02": "Veteran's Day and the Fallen in the Malvinas War",
    "2034-04-04": "Pesach",
    "2034-04-05": "Pesach",
    "2034-04-06": "Maundy Thursday",
    "2034-04-07": "Good Friday",
    "2034-04-10": "Pesach",
    "2034-04-11": "Pesach",
    "2034-04-24": "Day of Action for Tolerance and Respect among Peoples",
    "2034-05-01": "Labor Day",
    "2034-05-25": "May Revolution Day",
    "2034-06-17": "Pass to the Immortality of General Don Martín Miguel de Güemes",
    "2034-06-20": "Pass to the Immortality of General Don Manuel Belgrano",
    "2034-06-27": "State Worker's Day",
    "2034-07-09": "Independence Day",
    "2034-08-16": "Saint John Bosco's Day",
    "2034-08-21": "Pass to the Immortality of General Don José de San Martín",
    "2034-09-14": "Rosh Hashanah",
    "2034-09-15": "Rosh Hashanah",
    "2034-09-23": "Yom Kippur",
    "2034-10-16": "Respect for Cultural Diversity Day",
    "2034-10-27": "Anniversary of the Death of Néstor Carlos Kirchner",
    "2034-11-06": "Bankers' Day",
    "2034-11-20": "National Sovereignty Day",
    "2034-12-07": "Commemoration of the workers shot in the Patagonian Strikes",
    "2034-12-08": "Immaculate Conception",
    "2034-12-12": "Eid al-Fitr (estimated)",
    "2034-12-25": "Christmas Day",
    "2035-01-01": "New Year's Day",
    "2035-02-05": "Carnival Monday",
    "2035-02-06": "Carnival Tuesday",
    "2035-02-18": "Eid al-Adha (estimated)",
    "2035-03-11": "Islamic New Year (estimated)",
    "2035-03-22": "Maundy Thursday",
    "2035-03-23": "Good Friday",
    "2035-03-24": "National Day of Remembrance for Truth and Justice",
    "2035-04-02": "Veteran's Day and the Fallen in the Malvinas War",
    "2035-04-24": "Day of Action for Tolerance and Respect among Peoples; Pesach",
    "2035-04-25": "Pesach",
    "2035-04-30": "Pesach",
    "2035-05-01": "Labor Day; Pesach",
    "2035-05-25": "May Revolution Day",
    "2035-06-17": "Pass to the Immortality of General Don Martín Miguel de Güemes",
    "2035-06-20": "Pass to the Immortality of General Don Manuel Belgrano",
    "2035-06-27": "State Worker's Day",
    "2035-07-09": "Independence Day",
    "2035-08-16": "Saint John Bosco's Day",
    "2035-08-20": "Pass to the Immortality of General Don José de San Martín",
    "2035-10-04": "Rosh Hashanah",
    "2035-10-05": "Rosh Hashanah",
    "2035-10-13": "Yom Kippur",
    "2035-10-15": "Respect for Cultural Diversity Day",
    "2035-10-27": "Anniversary of the Death of Néstor Carlos Kirchner",
    "2035-11-06": "Bankers' Day",
    "2035-11-19": "National Sovereignty Day",
    "2035-12-01": "Eid al-Fitr (estimated)",
    "2035-12-07": "Commemoration of the workers shot in the Patagonian Strikes",
    "2035-12-08": "Immaculate Conception",
    "2035-12-25": "Christmas Day",
    "2036-01-01": "New Year's Day",
    "2036-02-07": "Eid al-Adha (estimated)",
    "2036-02-25": "Carnival Monday",
    "2036-02-26": "Carnival Tuesday",
    "2036-02-28": "Islamic New Year (estimated)",
    "2036-03-24": "National Day of Remembrance for Truth and Justice",
    "2036-04-02": "Veteran's Day and the Fallen in the Malvinas War",
    "2036-04-10": "Maundy Thursday",
    "2036-04-11": "Good Friday",
    "2036-04-12": "Pesach",
    "2036-04-13": "Pesach",
    "2036-04-18": "Pesach",
    "2036-04-19": "Pesach",
    "2036-04-24": "Day of Action for Tolerance and Respect among Peoples",
    "2036-05-01": "Labor Day",
    "2036-05-25": "May Revolution Day",
    "2036-06-16": "Pass to the Immortality of General Don Martín Miguel de Güemes",
    "2036-06-20": "Pass to the Immortality of General Don Manuel Belgrano",
    "2036-06-27": "State Worker's Day",
    "2036-07-09": "Independence Day",
    "2036-08-16": "Saint John Bosco's Day",
    "2036-08-17": "Pass to the Immortality of General Don José de San Martín",
    "2036-09-22": "Rosh Hashanah",
    "2036-09-23": "Rosh Hashanah",
    "2036-10-01": "Yom Kippur",
    "2036-10-12": "Respect for Cultural Diversity Day",
    "2036-10-27": "Anniversary of the Death of Néstor Carlos Kirchner",
    "2036-11-06": "Bankers' Day",
    "2036-11-19": "Eid al-Fitr (estimated)",
    "2036-11-24": "National Sovereignty Day",
    "2036-12-07": "Commemoration of the workers shot in the Patagonian Strikes",
    "2036-12-08": "Immaculate Conception",
    "2036-12-25": "Christmas Day",
    "2037-01-01": "New Year's Day",
    "2037-01-26": "Eid al-Adha (estimated)",
    "2037-02-16": "Carnival Monday; Islamic New Year (estimated)",
    "2037-02-17": "Carnival Tuesday",
    "2037-03-24": "National Day of Remembrance for Truth and Justice",
    "2037-03-31": "Pesach",
    "2037-04-01": "Pesach",
    "2037-04-02": "Maundy Thursday; Veteran's Day and the Fallen in the Malvinas War",
    "2037-04-03": "Good Friday",
    "2037-04-06": "Pesach",
    "2037-04-07": "Pesach",
    "2037-04-24": "Day of Action for Tolerance and Respect among Peoples",
    "2037-05-01": "Labor Day",
    "2037-05-25": "May Revolution Day",
    "2037-06-15": "Pass to the Immortality of General Don Martín Miguel de Güemes",
    "2037-06-20": "Pass to the Immortality of General Don Manuel Belgrano",
    "2037-06-27": "State Worker's Day",
    "2037-07-09": "Independence Day",
    "2037-08-16": "Saint John Bosco's Day",
    "2037-08-17": "Pass to the Immortality of General Don José de San Martín",
    "2037-09-10": "Rosh Hashanah",
    "2037-09-11": "Rosh Hashanah",
    "2037-09-19": "Yom Kippur",
    "2037-10-12": "Respect for Cultural Diversity Day",
    "2037-10-27": "Anniversary of the Death of Néstor Carlos Kirchner",
    "2037-11-06": "Bankers' Day",
    "2037-11-08": "Eid al-Fitr (estimated)",
    "2037-11-23": "National Sovereignty Day",
    "2037-12-07": "Commemoration of the workers shot in the Patagonian Strikes",
    "2037-12-08": "Immaculate Conception",
    "2037-12-25": "Christmas Day",
    "2038-01-01": "New Year's Day",
    "2038-01-16": "Eid al-Adha (estimated)",
    "2038-02-05": "Islamic New Year (estimated)",
    "2038-03-08": "Carnival Monday",
    "2038-03-09": "Carnival Tuesday",
    "2038-03-24": "National Day of Remembrance for Truth and Justice",
    "2038-04-02": "Veteran's Day and the Fallen in the Malvinas War",
    "2038-04-20": "Pesach",
    "2038-04-21": "Pesach",
    "2038-04-22": "Maundy Thursday",
    "2038-04-23": "Good Friday",
    "2038-04-24": "Day of Action for Tolerance and Respect among Peoples",
    "2038-04-26": "Pesach",
    "2038-04-27": "Pesach",
    "2038-05-01": "Labor Day",
    "2038-05-25": "May Revolution Day",
    "2038-06-20": "Pass to the Immortality of General Don Manuel Belgrano",
    "2038-06-21": "Pass to the Immortality of General Don Martín Miguel de Güemes",
    "2038-06-27": "State Worker's Day",
    "2038-07-09": "Independence Day",
    "2038-08-16": "Pass to the Immortality of General Don José de San Martín; Saint John Bosco's Day",
    "2038-09-30": "Rosh Hashanah",
    "2038-10-01": "Rosh Hashanah",
    "2038-10-09": "Yom Kippur",
    "2038-10-11": "Respect for Cultural Diversity Day",
    "2038-10-27": "Anniversary of the Death of Néstor Carlos Kirchner",
    "2038-10-29": "Eid al-Fitr (estimated)",
    "2038-11-06": "Bankers' Day",
    "2038-11-20": "National Sovereignty Day",
    "2038-12-07": "Commemoration of the workers shot in the Patagonian Strikes",
    "2038-12-08": "Immaculate Conception",
    "2038-12-25": "Christmas Day",
    "2039-01-01": "New Year's Day",
    "2039-01-05": "Eid al-Adha (estimated)",
    "2039-01-26": "Islamic New Year (estimated)",
    "2039-02-21": "Carnival Monday",
    "2039-02-22": "Carnival Tuesday",
    "2039-03-24": "National Day of Remembrance for Truth and Justice",
    "2039-04-02": "Veteran's Day and the Fallen in the Malvinas War",
    "2039-04-07": "Maundy Thursday",
    "2039-04-08": "Good Friday",
    "2039-04-09": "Pesach",
    "2039-04-10": "Pesach",
    "2039-04-15": "Pesach",
    "2039-04-16": "Pesach",
    "2039-04-24": "Day of Action for Tolerance and Respect among Peoples",
    "2039-05-01": "Labor Day",
    "2039-05-25": "May Revolution Day",
    "2039-06-17": "Pass to the Immortality of General Don Martín Miguel de Güemes",
    "2039-06-20": "Pass to the Immortality of General Don Manuel Belgrano",
    "2039-06-27": "State Worker's Day",
    "2039-07-09": "Independence Day",
    "2039-08-15": "Pass to the Immortality of General Don José de San Martín",
    "2039-08-16": "Saint John Bosco's Day",
    "2039-09-19": "Rosh Hashanah",
    "2039-09-20": "Rosh Hashanah",
    "2039-09-28": "Yom Kippur",
    "2039-10-10": "Respect for Cultural Diversity Day",
    "2039-10-19": "Eid al-Fitr (estimated)",
    "2039-10-27": "Anniversary of the Death of Néstor Carlos Kirchner",
    "2039-11-06": "Bankers' Day",
    "2039-11-20": "National Sovereignty Day",
    "2039-12-07": "Commemoration of the workers shot in the Patagonian Strikes",
    "2039-12-08": "Immaculate Conception",
    "2039-12-25": "Christmas Day",
    "2039-12-26": "Eid al-Adha (estimated)",
    "2040-01-01": "New Year's Day",
    "2040-01-15": "Islamic New Year (estimated)",
    "2040-02-13": "Carnival Monday",
    "2040-02-14": "Carnival Tuesday",
    "2040-03-24": "National Day of Remembrance for Truth and Justice",
    "2040-03-29": "Maundy Thursday; Pesach",
    "2040-03-30": "Good Friday; Pesach",
    "2040-04-02": "Veteran's Day and the Fallen in the Malvinas War",
    "2040-04-04": "Pesach",
    "2040-04-05": "Pesach",
    "2040-04-24": "Day of Action for Tolerance and Respect among Peoples",
    "2040-05-01": "Labor Day",
    "2040-05-25": "May Revolution Day",
    "2040-06-17": "Pass to the Immortality of General Don Martín Miguel de Güemes",
    "2040-06-20": "Pass to the Immortality of General Don Manuel Belgrano",
    "2040-06-27": "State Worker's Day",
    "2040-07-09": "Independence Day",
    "2040-08-16": "Saint John Bosco's Day",
    "2040-08-20": "Pass to the Immortality of General Don José de San Martín",
    "2040-09-08": "Rosh Hashanah",
    "2040-09-09": "Rosh Hashanah",
    "2040-09-17": "Yom Kippur",
    "2040-10-07": "Eid al-Fitr (estimated)",
    "2040-10-15": "Respect for Cultural Diversity Day",
    "2040-10-27": "Anniversary of the Death of Néstor Carlos Kirchner",
    "2040-11-06": "Bankers' Day",
    "2040-11-19": "National Sovereignty Day",
    "2040-12-07": "Commemoration of the workers shot in the Patagonian Strikes",
    "2040-12-08": "Immaculate Conception",
    "2040-12-14": "Eid al-Adha (estimated)",
    "2040-12-25": "Christmas Day",
    "2041-01-01": "New Year's Day",
    "2041-01-04": "Islamic New Year (estimated)",
    "2041-03-04": "Carnival Monday",
    "2041-03-05": "Carnival Tuesday",
    "2041-03-24": "National Day of Remembrance for Truth and Justice",
    "2041-04-02": "Veteran's Day and the Fallen in the Malvinas War",
    "2041-04-16": "Pesach",
    "2041-04-17": "Pesach",
    "2041-04-18": "Maundy Thursday",
    "2041-04-19": "Good Friday",
    "2041-04-22": "Pesach",
    "2041-04-23": "Pesach",
    "2041-04-24": "Day of Action for Tolerance and Respect among Peoples",
    "2041-05-01": "Labor Day",
    "2041-05-25": "May Revolution Day",
    "2041-06-17": "Pass to the Immortality of General Don Martín Miguel de Güemes",
    "2041-06-20": "Pass to the Immortality of General Don Manuel Belgrano",
    "2041-06-27": "State Worker's Day",
    "2041-07-09": "Independence Day",
    "2041-08-16": "Saint John Bosco's Day",
    "2041-08-17": "Pass to the Immortality of General Don José de San Martín",
    "2041-09-26": "Eid al-Fitr (estimated); Rosh Hashanah",
    "2041-09-27": "Rosh Hashanah",
    "2041-10-05": "Yom Kippur",
    "2041-10-12": "Respect for Cultural Diversity Day",
    "2041-10-27": "Anniversary of the Death of Néstor Carlos Kirchner",
    "2041-11-06": "Bankers' Day",
    "2041-11-18": "National Sovereignty Day",
    "2041-12-04": "Eid al-Adha (estimated)",
    "2041-12-07": "Commemoration of the workers shot in the Patagonian Strikes",
    "2041-12-08": "Immaculate Conception",
    "2041-12-24": "Islamic New Year (estimated)",
    "2041-12-25": "Christmas Day",
    "2042-01-01": "New Year's Day",
    "2042-02-17": "Carnival Monday",
    "2042-02-18": "Carnival Tuesday",
    "2042-03-24": "National Day of Remembrance for Truth and Justice",
    "2042-04-02": "Veteran's Day and the Fallen in the Malvinas War",
    "2042-04-03": "Maundy Thursday",
    "2042-04-04": "Good Friday",
    "2042-04-05": "Pesach",
    "2042-04-06": "Pesach",
    "2042-04-11": "Pesach",
    "2042-04-12": "Pesach",
    "2042-04-24": "Day of Action for Tolerance and Respect among Peoples",
    "2042-05-01": "Labor Day",
    "2042-05-25": "May Revolution Day",
    "2042-06-16": "Pass to the Immortality of General Don Martín Miguel de Güemes",
    "2042-06-20": "Pass to the Immortality of General Don Manuel Belgrano",
    "2042-06-27": "State Worker's Day",
    "2042-07-09": "Independence Day",
    "2042-08-16": "Saint John Bosco's Day",
    "2042-08-17": "Pass to the Immortality of General Don José de San Martín",
    "2042-09-15": "Eid al-Fitr (estimated); Rosh Hashanah",
    "2042-09-16": "Rosh Hashanah",
    "2042-09-24": "Yom Kippur",
    "2042-10-12": "Respect for Cultural Diversity Day",
    "2042-10-27": "Anniversary of the Death of Néstor Carlos Kirchner",
    "2042-11-06": "Bankers' Day",
    "2042-11-23": "Eid al-Adha (estimated)",
    "2042-11-24": "National Sovereignty Day",
    "2042-12-07": "Commemoration of the workers shot in the Patagonian Strikes",
    "2042-12-08": "Immaculate Conception",
    "2042-12-14": "Islamic New Year (estimated)",
    "2042-12-25": "Christmas Day",
    "2043-01-01": "New Year's Day",
    "2043-02-09": "Carnival Monday",
    "2043-02-10": "Carnival Tuesday",
    "2043-03-24": "National Day of Remembrance for Truth and Justice",
    "2043-03-26": "Maundy Thursday",
    "2043-03-27": "Good Friday",
    "2043-04-02": "Veteran's Day and the Fallen in the Malvinas War",
    "2043-04-24": "Day of Action for Tolerance and Respect among Peoples",
    "2043-04-25": "Pesach",
    "2043-04-26": "Pesach",
    "2043-05-01": "Labor Day; Pesach",
    "2043-05-02": "Pesach",
    "2043-05-25": "May Revolution Day",
    "2043-06-15": "Pass to the Immortality of General Don Martín Miguel de Güemes",
    "2043-06-20": "Pass to the Immortality of General Don Manuel Belgrano",
    "2043-06-27": "State Worker's Day",
    "2043-07-09": "Independence Day",
    "2043-08-16": "Saint John Bosco's Day",
    "2043-08-17": "Pass to the Immortality of General Don José de San Martín",
    "2043-09-04": "Eid al-Fitr (estimated)",
    "2043-10-05": "Rosh Hashanah",
    "2043-10-06": "Rosh Hashanah",
    "2043-10-12": "Respect for Cultural Diversity Day",
    "2043-10-14": "Yom Kippur",
    "2043-10-27": "Anniversary of the Death of Néstor Carlos Kirchner",
    "2043-11-06": "Bankers' Day",
    "2043-11-12": "Eid al-Adha (estimated)",
    "2043-11-23": "National Sovereignty Day",
    "2043-12-03": "Islamic New Year (estimated)",
    "2043-12-07": "Commemoration of the workers shot in the Patagonian Strikes",
    "2043-12-08": "Immaculate Conception",
    "2043-12-25": "Christmas Day",
    "2044-01-01": "New Year's Day",
    "2044-02-29": "Carnival Monday",
    "2044-03-01": "Carnival Tuesday",
    "2044-03-24": "National Day of Remembrance for Truth and Justice",
    "2044-04-02": "Veteran's Day and the Fallen in the Malvinas War",
    "2044-04-12": "Pesach",
    "2044-04-13": "Pesach",
    "2044-04-14": "Maundy Thursday",
    "2044-04-15": "Good Friday",
    "2044-04-18": "Pesach",
    "2044-04-19": "Pesach",
    "2044-04-24": "Day of Action for Tolerance and Respect among Peoples",
    "2044-05-01": "Labor Day",
    "2044-05-25": "May Revolution Day",
    "2044-06-17": "Pass to the Immortality of General Don Martín Miguel de Güemes",
    "2044-06-20": "Pass to the Immortality of General Don Manuel Belgrano",
    "2044-06-27": "State Worker's Day",
    "2044-07-09": "Independence Day",
    "2044-08-15": "Pass to the Immortality of General Don José de San Martín",
    "2044-08-16": "Saint John Bosco's Day",
    "2044-08-24": "Eid al-Fitr (estimated)",
    "2044-09-22": "Rosh Hashanah",
    "2044-09-23": "Rosh Hashanah",
    "2044-10-01": "Yom Kippur",
    "2044-10-10": "Respect for Cultural Diversity Day",
    "2044-10-27": "Anniversary of the Death of Néstor Carlos Kirchner",
    "2044-10-31": "Eid al-Adha (estimated)",
    "2044-11-06": "Bankers' Day",
    "2044-11-20": "National Sovereignty Day",
    "2044-11-21": "Islamic New Year (estimated)",
    "2044-12-07": "Commemoration of the workers shot in the Patagonian Strikes",
    "2044-12-08": "Immaculate Conception",
    "2044-12-25": "Christmas Day",
    "2045-01-01": "New Year's Day",
    "2045-02-20": "Carnival Monday",
    "2045-02-21": "Carnival Tuesday",
    "2045-03-24": "National Day of Remembrance for Truth and Justice",
    "2045-04-02": "Pesach; Veteran's Day and the Fallen in the Malvinas War",
    "2045-04-03": "Pesach",
    "2045-04-06": "Maundy Thursday",
    "2045-04-07": "Good Friday",
    "2045-04-08": "Pesach",
    "2045-04-09": "Pesach",
    "2045-04-24": "Day of Action for Tolerance and Respect among Peoples",
    "2045-05-01": "Labor Day",
    "2045-05-25": "May Revolution Day",
    "2045-06-17": "Pass to the Immortality of General Don Martín Miguel de Güemes",
    "2045-06-20": "Pass to the Immortality of General Don Manuel Belgrano",
    "2045-06-27": "State Worker's Day",
    "2045-07-09": "Independence Day",
    "2045-08-14": "Eid al-Fitr (estimated)",
    "2045-08-16": "Saint John Bosco's Day",
    "2045-08-21": "Pass to the Immortality of General Don José de San Martín",
    "2045-09-12": "Rosh Hashanah",
    "2045-09-13": "Rosh Hashanah",
    "2045-09-21": "Yom Kippur",
    "2045-10-16": "Respect for Cultural Diversity Day",
    "2045-10-21": "Eid al-Adha (estimated)",
    "2045-10-27": "Anniversary of the Death of Néstor Carlos Kirchner",
    "2045-11-06": "Bankers' Day",
    "2045-11-10": "Islamic New Year (estimated)",
    "2045-11-20": "National Sovereignty Day",
    "2045-12-07": "Commemoration of the workers shot in the Patagonian Strikes",
    "2045-12-08": "Immaculate Conception",
    "2045-12-25": "Christmas Day",
    "2046-01-01": "New Year's Day",
    "2046-02-05": "Carnival Monday",
    "2046-02-06": "Carnival Tuesday",
    "2046-03-22": "Maundy Thursday",
    "2046-03-23": "Good Friday",
    "2046-03-24": "National Day of Remembrance for Truth and Justice",
    "2046-04-02": "Veteran's Day and the Fallen in the Malvinas War",
    "2046-04-21": "Pesach",
    "2046-04-22": "Pesach",
    "2046-04-24": "Day of Action for Tolerance and Respect among Peoples",
    "2046-04-27": "Pesach",
    "2046-04-28": "Pesach",
    "2046-05-01": "Labor Day",
    "2046-05-25": "May Revolution Day",
    "2046-06-17": "Pass to the Immortality of General Don Martín Miguel de Güemes",
    "2046-06-20": "Pass to the Immortality of General Don Manuel Belgrano",
    "2046-06-27": "State Worker's Day",
    "2046-07-09": "Independence Day",
    "2046-08-03": "Eid al-Fitr (estimated)",
    "2046-08-16": "Saint John Bosco's Day",
    "2046-08-20": "Pass to the Immortality of General Don José de San Martín",
    "2046-10-01": "Rosh Hashanah",
    "2046-10-02": "Rosh Hashanah",
    "2046-10-10": "Eid al-Adha (estimated); Yom Kippur",
    "2046-10-15": "Respect for Cultural Diversity Day",
    "2046-10-27": "Anniversary of the Death of Néstor Carlos Kirchner",
    "2046-10-31": "Islamic New Year (estimated)",
    "2046-11-06": "Bankers' Day",
    "2046-11-19": "National Sovereignty Day",
    "2046-12-07": "Commemoration of the workers shot in the Patagonian Strikes",
    "2046-12-08": "Immaculate Conception",
    "2046-12-25": "Christmas Day",
    "2047-01-01": "New Year's Day",
    "2047-02-25": "Carnival Monday",
    "2047-02-26": "Carnival Tuesday",
    "2047-03-24": "National Day of Remembrance for Truth and Justice",
    "2047-04-02": "Veteran's Day and the Fallen in the Malvinas War",
    "2047-04-11": "Maundy Thursday; Pesach",
    "2047-04-12": "Good Friday; Pesach",
    "2047-04-17": "Pesach",
    "2047-04-18": "Pesach",
    "2047-04-24": "Day of Action for Tolerance and Respect among Peoples",
    "2047-05-01": "Labor Day",
    "2047-05-25": "May Revolution Day",
    "2047-06-17": "Pass to the Immortality of General Don Martín Miguel de Güemes",
    "2047-06-20": "Pass to the Immortality of General Don Manuel Belgrano",
    "2047-06-27": "State Worker's Day",
    "2047-07-09": "Independence Day",
    "2047-07-24": "Eid al-Fitr (estimated)",
    "2047-08-16": "Saint John Bosco's Day",
    "2047-08-17": "Pass to the Immortality of General Don José de San Martín",
    "2047-09-21": "Rosh Hashanah",
    "2047-09-22": "Rosh Hashanah",
    "2047-09-30": "Eid al-Adha (estimated); Yom Kippur",
    "2047-10-12": "Respect for Cultural Diversity Day",
    "2047-10-20": "Islamic New Year (estimated)",
    "2047-10-27": "Anniversary of the Death of Néstor Carlos Kirchner",
    "2047-11-06": "Bankers' Day",
    "2047-11-18": "National Sovereignty Day",
    "2047-12-07": "Commemoration of the workers shot in the Patagonian Strikes",
    "2047-12-08": "Immaculate Conception",
    "2047-12-25": "Christmas Day",
    "2048-01-01": "New Year's Day",
    "2048-02-17": "Carnival Monday",
    "2048-02-18": "Carnival Tuesday",
    "2048-03-24": "National Day of Remembrance for Truth and Justice",
    "2048-03-29": "Pesach",
    "2048-03-30": "Pesach",
    "2048-04-02": "Maundy Thursday; Veteran's Day and the Fallen in the Malvinas War",
    "2048-04-03": "Good Friday",
    "2048-04-04": "Pesach",
    "2048-04-05": "Pesach",
    "2048-04-24": "Day of Action for Tolerance and Respect among Peoples",
    "2048-05-01": "Labor Day",
    "2048-05-25": "May Revolution Day",
    "2048-06-15": "Pass to the Immortality of General Don Martín Miguel de Güemes",
    "2048-06-20": "Pass to the Immortality of General Don Manuel Belgrano",
    "2048-06-27": "State Worker's Day",
    "2048-07-09": "Independence Day",
    "2048-07-12": "Eid al-Fitr (estimated)",
    "2048-08-16": "Saint John Bosco's Day",
    "2048-08-17": "Pass to the Immortality of General Don José de San Martín",
    "2048-09-08": "Rosh Hashanah",
    "2048-09-09": "Rosh Hashanah",
    "2048-09-17": "Yom Kippur",
    "2048-09-19": "Eid al-Adha (estimated)",
    "2048-10-09": "Islamic New Year (estimated)",
    "2048-10-12": "Respect for Cultural Diversity Day",
    "2048-10-27": "Anniversary of the Death of Néstor Carlos Kirchner",
    "2048-11-06": "Bankers' Day",
    "2048-11-23": "National Sovereignty Day",
    "2048-12-07": "Commemoration of the workers shot in the Patagonian Strikes",
    "2048-12-08": "Immaculate Conception",
    "2048-12-25": "Christmas Day",
    "2049-01-01": "New Year's Day",
    "2049-03-01": "Carnival Monday",
    "2049-03-02": "Carnival Tuesday",
    "2049-03-24": "National Day of Remembrance for Truth and Justice",
    "2049-04-02": "Veteran's Day and the Fallen in the Malvinas War",
    "2049-04-15": "Maundy Thursday",
    "2049-04-16": "Good Friday",
    "2049-04-17": "Pesach",
    "2049-04-18": "Pesach",
    "2049-04-23": "Pesach",
    "2049-04-24": "Day of Action for Tolerance and Respect among Peoples; Pesach",
    "2049-05-01": "Labor Day",
    "2049-05-25": "May Revolution Day",
    "2049-06-20": "Pass to the Immortality of General Don Manuel Belgrano",
    "2049-06-21": "Pass to the Immortality of General Don Martín Miguel de Güemes",
    "2049-06-27": "State Worker's Day",
    "2049-07-01": "Eid al-Fitr (estimated)",
    "2049-07-09": "Independence Day",
    "2049-08-16": "Pass to the Immortality of General Don José de San Martín; Saint John Bosco's Day",
    "2049-09-08": "Eid al-Adha (estimated)",
    "2049-09-27": "Rosh Hashanah",
    "2049-09-28": "Islamic New Year (estimated); Rosh Hashanah",
    "2049-10-06": "Yom Kippur",
    "2049-10-11": "Respect for Cultural Diversity Day",
    "2049-10-27": "Anniversary of the Death of Néstor Carlos Kirchner",
    "2049-11-06": "Bankers' Day",
    "2049-11-20": "National Sovereignty Day",
    "2049-12-07": "Commemoration of the workers shot in the Patagonian Strikes",
    "2049-12-08": "Immaculate Conception",
    "2049-12-25": "Christmas Day",
    "2050-01-01": "New Year's Day",
    "2050-02-21": "Carnival Monday",
    "2050-02-22": "Carnival Tuesday",
    "2050-03-24": "National Day of Remembrance for Truth and Justice",
    "2050-04-02": "Veteran's Day and the Fallen in the Malvinas War",
    "2050-04-07": "Maundy Thursday; Pesach",
    "2050-04-08": "Good Friday; Pesach",
    "2050-04-13": "Pesach",
    "2050-04-14": "Pesach",
    "2050-04-24": "Day of Action for Tolerance and Respect among Peoples",
    "2050-05-01": "Labor Day",
    "2050-05-25": "May Revolution Day",
    "2050-06-17": "Pass to the Immortality of General Don Martín Miguel de Güemes",
    "2050-06-20": "Eid al-Fitr (estimated); Pass to the Immortality of General Don Manuel Belgrano",
    "2050-06-27": "State Worker's Day",
    "2050-07-09": "Independence Day",
    "2050-08-15": "Pass to the Immortality of General Don José de San Martín",
    "2050-08-16": "Saint John Bosco's Day",
    "2050-08-28": "Eid al-Adha (estimated)",
    "2050-09-17": "Islamic New Year (estimated); Rosh Hashanah",
    "2050-09-18": "Rosh Hashanah",
    "2050-09-26": "Yom Kippur",
    "2050-10-10": "Respect for Cultural Diversity Day",
    "2050-10-27": "Anniversary of the Death of Néstor Carlos Kirchner",
    "2050-11-06": "Bankers' Day",
    "2050-11-20": "National Sovereignty Day",
    "2050-12-07": "Commemoration of the workers shot in the Patagonian Strikes",
    "2050-12-08": "Immaculate Conception",
    "2050-12-25": "Christmas Day"
}
