{
    "1950-01-01": "New Year's Day",
    "1950-01-02": "New Year's Day",
    "1950-01-03": "New Year's Day (observed)",
    "1950-01-06": "Orthodox Christmas Eve",
    "1950-01-07": "Orthodox Christmas Day",
    "1950-03-01": "Independence Day",
    "1950-04-07": "Catholic Good Friday; Orthodox Good Friday",
    "1950-04-09": "Catholic Easter Sunday; Orthodox Easter Sunday",
    "1950-04-10": "Catholic Easter Monday; Orthodox Easter Monday",
    "1950-05-01": "International Labor Day",
    "1950-05-02": "International Labor Day",
    "1950-05-09": "Victory Day",
    "1950-07-16": "Eid al-Fitr (estimated)",
    "1950-07-17": "Eid al-Fitr (estimated)",
    "1950-09-23": "Eid al-Adha (estimated)",
    "1950-09-24": "Eid al-Adha (estimated)",
    "1950-11-25": "Statehood Day",
    "1950-12-24": "Catholic Christmas Eve",
    "1950-12-25": "Catholic Christmas Day",
    "1951-01-01": "New Year's Day",
    "1951-01-02": "New Year's Day",
    "1951-01-06": "Orthodox Christmas Eve",
    "1951-01-07": "Orthodox Christmas Day",
    "1951-03-01": "Independence Day",
    "1951-03-23": "Catholic Good Friday",
    "1951-03-25": "Catholic Easter Sunday",
    "1951-03-26": "Catholic Easter Monday",
    "1951-04-27": "Orthodox Good Friday",
    "1951-04-29": "Orthodox Easter Sunday",
    "1951-04-30": "Orthodox Easter Monday",
    "1951-05-01": "International Labor Day",
    "1951-05-02": "International Labor Day",
    "1951-05-09": "Victory Day",
    "1951-07-06": "Eid al-Fitr (estimated)",
    "1951-07-07": "Eid al-Fitr (estimated)",
    "1951-09-12": "Eid al-Adha (estimated)",
    "1951-09-13": "Eid al-Adha (estimated)",
    "1951-11-25": "Statehood Day",
    "1951-12-24": "Catholic Christmas Eve",
    "1951-12-25": "Catholic Christmas Day",
    "1952-01-01": "New Year's Day",
    "1952-01-02": "New Year's Day",
    "1952-01-06": "Orthodox Christmas Eve",
    "1952-01-07": "Orthodox Christmas Day",
    "1952-03-01": "Independence Day",
    "1952-04-11": "Catholic Good Friday",
    "1952-04-13": "Catholic Easter Sunday",
    "1952-04-14": "Catholic Easter Monday",
    "1952-04-18": "Orthodox Good Friday",
    "1952-04-20": "Orthodox Easter Sunday",
    "1952-04-21": "Orthodox Easter Monday",
    "1952-05-01": "International Labor Day",
    "1952-05-02": "International Labor Day",
    "1952-05-09": "Victory Day",
    "1952-06-23": "Eid al-Fitr (estimated)",
    "1952-06-24": "Eid al-Fitr (estimated)",
    "1952-08-31": "Eid al-Adha (estimated)",
    "1952-09-01": "Eid al-Adha (estimated)",
    "1952-11-25": "Statehood Day",
    "1952-12-24": "Catholic Christmas Eve",
    "1952-12-25": "Catholic Christmas Day",
    "1953-01-01": "New Year's Day",
    "1953-01-02": "New Year's Day",
    "1953-01-06": "Orthodox Christmas Eve",
    "1953-01-07": "Orthodox Christmas Day",
    "1953-03-01": "Independence Day",
    "1953-04-03": "Catholic Good Friday; Orthodox Good Friday",
    "1953-04-05": "Catholic Easter Sunday; Orthodox Easter Sunday",
    "1953-04-06": "Catholic Easter Monday; Orthodox Easter Monday",
    "1953-05-01": "International Labor Day",
    "1953-05-02": "International Labor Day",
    "1953-05-09": "Victory Day",
    "1953-06-13": "Eid al-Fitr (estimated)",
    "1953-06-14": "Eid al-Fitr (estimated)",
    "1953-08-20": "Eid al-Adha (estimated)",
    "1953-08-21": "Eid al-Adha (estimated)",
    "1953-11-25": "Statehood Day",
    "1953-12-24": "Catholic Christmas Eve",
    "1953-12-25": "Catholic Christmas Day",
    "1954-01-01": "New Year's Day",
    "1954-01-02": "New Year's Day",
    "1954-01-06": "Orthodox Christmas Eve",
    "1954-01-07": "Orthodox Christmas Day",
    "1954-03-01": "Independence Day",
    "1954-04-16": "Catholic Good Friday",
    "1954-04-18": "Catholic Easter Sunday",
    "1954-04-19": "Catholic Easter Monday",
    "1954-04-23": "Orthodox Good Friday",
    "1954-04-25": "Orthodox Easter Sunday",
    "1954-04-26": "Orthodox Easter Monday",
    "1954-05-01": "International Labor Day",
    "1954-05-02": "International Labor Day",
    "1954-05-09": "Victory Day",
    "1954-06-02": "Eid al-Fitr (estimated)",
    "1954-06-03": "Eid al-Fitr (estimated)",
    "1954-08-09": "Eid al-Adha (estimated)",
    "1954-08-10": "Eid al-Adha (estimated)",
    "1954-11-25": "Statehood Day",
    "1954-12-24": "Catholic Christmas Eve",
    "1954-12-25": "Catholic Christmas Day",
    "1955-01-01": "New Year's Day",
    "1955-01-02": "New Year's Day",
    "1955-01-06": "Orthodox Christmas Eve",
    "1955-01-07": "Orthodox Christmas Day",
    "1955-03-01": "Independence Day",
    "1955-04-08": "Catholic Good Friday",
    "1955-04-10": "Catholic Easter Sunday",
    "1955-04-11": "Catholic Easter Monday",
    "1955-04-15": "Orthodox Good Friday",
    "1955-04-17": "Orthodox Easter Sunday",
    "1955-04-18": "Orthodox Easter Monday",
    "1955-05-01": "International Labor Day",
    "1955-05-02": "International Labor Day",
    "1955-05-03": "International Labor Day (observed)",
    "1955-05-09": "Victory Day",
    "1955-05-23": "Eid al-Fitr (estimated)",
    "1955-05-24": "Eid al-Fitr (estimated)",
    "1955-07-30": "Eid al-Adha (estimated)",
    "1955-07-31": "Eid al-Adha (estimated)",
    "1955-11-25": "Statehood Day",
    "1955-12-24": "Catholic Christmas Eve",
    "1955-12-25": "Catholic Christmas Day",
    "1956-01-01": "New Year's Day",
    "1956-01-02": "New Year's Day",
    "1956-01-03": "New Year's Day (observed)",
    "1956-01-06": "Orthodox Christmas Eve",
    "1956-01-07": "Orthodox Christmas Day",
    "1956-03-01": "Independence Day",
    "1956-03-30": "Catholic Good Friday",
    "1956-04-01": "Catholic Easter Sunday",
    "1956-04-02": "Catholic Easter Monday",
    "1956-05-01": "International Labor Day",
    "1956-05-02": "International Labor Day",
    "1956-05-04": "Orthodox Good Friday",
    "1956-05-06": "Orthodox Easter Sunday",
    "1956-05-07": "Orthodox Easter Monday",
    "1956-05-09": "Victory Day",
    "1956-05-11": "Eid al-Fitr (estimated)",
    "1956-05-12": "Eid al-Fitr (estimated)",
    "1956-07-19": "Eid al-Adha (estimated)",
    "1956-07-20": "Eid al-Adha (estimated)",
    "1956-11-25": "Statehood Day",
    "1956-12-24": "Catholic Christmas Eve",
    "1956-12-25": "Catholic Christmas Day",
    "1957-01-01": "New Year's Day",
    "1957-01-02": "New Year's Day",
    "1957-01-06": "Orthodox Christmas Eve",
    "1957-01-07": "Orthodox Christmas Day",
    "1957-03-01": "Independence Day",
    "1957-04-19": "Catholic Good Friday; Orthodox Good Friday",
    "1957-04-21": "Catholic Easter Sunday; Orthodox Easter Sunday",
    "1957-04-22": "Catholic Easter Monday; Orthodox Easter Monday",
    "1957-05-01": "Eid al-Fitr (estimated); International Labor Day",
    "1957-05-02": "Eid al-Fitr (estimated); International Labor Day",
    "1957-05-09": "Victory Day",
    "1957-07-08": "Eid al-Adha (estimated)",
    "1957-07-09": "Eid al-Adha (estimated)",
    "1957-11-25": "Statehood Day",
    "1957-12-24": "Catholic Christmas Eve",
    "1957-12-25": "Catholic Christmas Day",
    "1958-01-01": "New Year's Day",
    "1958-01-02": "New Year's Day",
    "1958-01-06": "Orthodox Christmas Eve",
    "1958-01-07": "Orthodox Christmas Day",
    "1958-03-01": "Independence Day",
    "1958-04-04": "Catholic Good Friday",
    "1958-04-06": "Catholic Easter Sunday",
    "1958-04-07": "Catholic Easter Monday",
    "1958-04-11": "Orthodox Good Friday",
    "1958-04-13": "Orthodox Easter Sunday",
    "1958-04-14": "Orthodox Easter Monday",
    "1958-04-20": "Eid al-Fitr (estimated)",
    "1958-04-21": "Eid al-Fitr (estimated)",
    "1958-05-01": "International Labor Day",
    "1958-05-02": "International Labor Day",
    "1958-05-09": "Victory Day",
    "1958-06-27": "Eid al-Adha (estimated)",
    "1958-06-28": "Eid al-Adha (estimated)",
    "1958-11-25": "Statehood Day",
    "1958-12-24": "Catholic Christmas Eve",
    "1958-12-25": "Catholic Christmas Day",
    "1959-01-01": "New Year's Day",
    "1959-01-02": "New Year's Day",
    "1959-01-06": "Orthodox Christmas Eve",
    "1959-01-07": "Orthodox Christmas Day",
    "1959-03-01": "Independence Day",
    "1959-03-27": "Catholic Good Friday",
    "1959-03-29": "Catholic Easter Sunday",
    "1959-03-30": "Catholic Easter Monday",
    "1959-04-10": "Eid al-Fitr (estimated)",
    "1959-04-11": "Eid al-Fitr (estimated)",
    "1959-05-01": "International Labor Day; Orthodox Good Friday",
    "1959-05-02": "International Labor Day",
    "1959-05-03": "Orthodox Easter Sunday",
    "1959-05-04": "Orthodox Easter Monday",
    "1959-05-09": "Victory Day",
    "1959-06-17": "Eid al-Adha (estimated)",
    "1959-06-18": "Eid al-Adha (estimated)",
    "1959-11-25": "Statehood Day",
    "1959-12-24": "Catholic Christmas Eve",
    "1959-12-25": "Catholic Christmas Day",
    "1960-01-01": "New Year's Day",
    "1960-01-02": "New Year's Day",
    "1960-01-06": "Orthodox Christmas Eve",
    "1960-01-07": "Orthodox Christmas Day",
    "1960-03-01": "Independence Day",
    "1960-03-28": "Eid al-Fitr (estimated)",
    "1960-03-29": "Eid al-Fitr (estimated)",
    "1960-04-15": "Catholic Good Friday; Orthodox Good Friday",
    "1960-04-17": "Catholic Easter Sunday; Orthodox Easter Sunday",
    "1960-04-18": "Catholic Easter Monday; Orthodox Easter Monday",
    "1960-05-01": "International Labor Day",
    "1960-05-02": "International Labor Day",
    "1960-05-03": "International Labor Day (observed)",
    "1960-05-09": "Victory Day",
    "1960-06-04": "Eid al-Adha (estimated)",
    "1960-06-05": "Eid al-Adha (estimated)",
    "1960-11-25": "Statehood Day",
    "1960-12-24": "Catholic Christmas Eve",
    "1960-12-25": "Catholic Christmas Day",
    "1961-01-01": "New Year's Day",
    "1961-01-02": "New Year's Day",
    "1961-01-03": "New Year's Day (observed)",
    "1961-01-06": "Orthodox Christmas Eve",
    "1961-01-07": "Orthodox Christmas Day",
    "1961-03-01": "Independence Day",
    "1961-03-18": "Eid al-Fitr (estimated)",
    "1961-03-19": "Eid al-Fitr (estimated)",
    "1961-03-31": "Catholic Good Friday",
    "1961-04-02": "Catholic Easter Sunday",
    "1961-04-03": "Catholic Easter Monday",
    "1961-04-07": "Orthodox Good Friday",
    "1961-04-09": "Orthodox Easter Sunday",
    "1961-04-10": "Orthodox Easter Monday",
    "1961-05-01": "International Labor Day",
    "1961-05-02": "International Labor Day",
    "1961-05-09": "Victory Day",
    "1961-05-25": "Eid al-Adha (estimated)",
    "1961-05-26": "Eid al-Adha (estimated)",
    "1961-11-25": "Statehood Day",
    "1961-12-24": "Catholic Christmas Eve",
    "1961-12-25": "Catholic Christmas Day",
    "1962-01-01": "New Year's Day",
    "1962-01-02": "New Year's Day",
    "1962-01-06": "Orthodox Christmas Eve",
    "1962-01-07": "Orthodox Christmas Day",
    "1962-03-01": "Independence Day",
    "1962-03-07": "Eid al-Fitr (estimated)",
    "1962-03-08": "Eid al-Fitr (estimated)",
    "1962-04-20": "Catholic Good Friday",
    "1962-04-22": "Catholic Easter Sunday",
    "1962-04-23": "Catholic Easter Monday",
    "1962-04-27": "Orthodox Good Friday",
    "1962-04-29": "Orthodox Easter Sunday",
    "1962-04-30": "Orthodox Easter Monday",
    "1962-05-01": "International Labor Day",
    "1962-05-02": "International Labor Day",
    "1962-05-09": "Victory Day",
    "1962-05-14": "Eid al-Adha (estimated)",
    "1962-05-15": "Eid al-Adha (estimated)",
    "1962-11-25": "Statehood Day",
    "1962-12-24": "Catholic Christmas Eve",
    "1962-12-25": "Catholic Christmas Day",
    "1963-01-01": "New Year's Day",
    "1963-01-02": "New Year's Day",
    "1963-01-06": "Orthodox Christmas Eve",
    "1963-01-07": "Orthodox Christmas Day",
    "1963-02-24": "Eid al-Fitr (estimated)",
    "1963-02-25": "Eid al-Fitr (estimated)",
    "1963-03-01": "Independence Day",
    "1963-04-12": "Catholic Good Friday; Orthodox Good Friday",
    "1963-04-14": "Catholic Easter Sunday; Orthodox Easter Sunday",
    "1963-04-15": "Catholic Easter Monday; Orthodox Easter Monday",
    "1963-05-01": "International Labor Day",
    "1963-05-02": "International Labor Day",
    "1963-05-03": "Eid al-Adha (estimated)",
    "1963-05-04": "Eid al-Adha (estimated)",
    "1963-05-09": "Victory Day",
    "1963-11-25": "Statehood Day",
    "1963-12-24": "Catholic Christmas Eve",
    "1963-12-25": "Catholic Christmas Day",
    "1964-01-01": "New Year's Day",
    "1964-01-02": "New Year's Day",
    "1964-01-06": "Orthodox Christmas Eve",
    "1964-01-07": "Orthodox Christmas Day",
    "1964-02-14": "Eid al-Fitr (estimated)",
    "1964-02-15": "Eid al-Fitr (estimated)",
    "1964-03-01": "Independence Day",
    "1964-03-27": "Catholic Good Friday",
    "1964-03-29": "Catholic Easter Sunday",
    "1964-03-30": "Catholic Easter Monday",
    "1964-04-22": "Eid al-Adha (estimated)",
    "1964-04-23": "Eid al-Adha (estimated)",
    "1964-05-01": "International Labor Day; Orthodox Good Friday",
    "1964-05-02": "International Labor Day",
    "1964-05-03": "Orthodox Easter Sunday",
    "1964-05-04": "Orthodox Easter Monday",
    "1964-05-09": "Victory Day",
    "1964-11-25": "Statehood Day",
    "1964-12-24": "Catholic Christmas Eve",
    "1964-12-25": "Catholic Christmas Day",
    "1965-01-01": "New Year's Day",
    "1965-01-02": "New Year's Day",
    "1965-01-06": "Orthodox Christmas Eve",
    "1965-01-07": "Orthodox Christmas Day",
    "1965-02-02": "Eid al-Fitr (estimated)",
    "1965-02-03": "Eid al-Fitr (estimated)",
    "1965-03-01": "Independence Day",
    "1965-04-11": "Eid al-Adha (estimated)",
    "1965-04-12": "Eid al-Adha (estimated)",
    "1965-04-16": "Catholic Good Friday",
    "1965-04-18": "Catholic Easter Sunday",
    "1965-04-19": "Catholic Easter Monday",
    "1965-04-23": "Orthodox Good Friday",
    "1965-04-25": "Orthodox Easter Sunday",
    "1965-04-26": "Orthodox Easter Monday",
    "1965-05-01": "International Labor Day",
    "1965-05-02": "International Labor Day",
    "1965-05-09": "Victory Day",
    "1965-11-25": "Statehood Day",
    "1965-12-24": "Catholic Christmas Eve",
    "1965-12-25": "Catholic Christmas Day",
    "1966-01-01": "New Year's Day",
    "1966-01-02": "New Year's Day",
    "1966-01-06": "Orthodox Christmas Eve",
    "1966-01-07": "Orthodox Christmas Day",
    "1966-01-22": "Eid al-Fitr (estimated)",
    "1966-01-23": "Eid al-Fitr (estimated)",
    "1966-03-01": "Independence Day",
    "1966-04-01": "Eid al-Adha (estimated)",
    "1966-04-02": "Eid al-Adha (estimated)",
    "1966-04-08": "Catholic Good Friday; Orthodox Good Friday",
    "1966-04-10": "Catholic Easter Sunday; Orthodox Easter Sunday",
    "1966-04-11": "Catholic Easter Monday; Orthodox Easter Monday",
    "1966-05-01": "International Labor Day",
    "1966-05-02": "International Labor Day",
    "1966-05-03": "International Labor Day (observed)",
    "1966-05-09": "Victory Day",
    "1966-11-25": "Statehood Day",
    "1966-12-24": "Catholic Christmas Eve",
    "1966-12-25": "Catholic Christmas Day",
    "1967-01-01": "New Year's Day",
    "1967-01-02": "New Year's Day",
    "1967-01-03": "New Year's Day (observed)",
    "1967-01-06": "Orthodox Christmas Eve",
    "1967-01-07": "Orthodox Christmas Day",
    "1967-01-12": "Eid al-Fitr (estimated)",
    "1967-01-13": "Eid al-Fitr (estimated)",
    "1967-03-01": "Independence Day",
    "1967-03-21": "Eid al-Adha (estimated)",
    "1967-03-22": "Eid al-Adha (estimated)",
    "1967-03-24": "Catholic Good Friday",
    "1967-03-26": "Catholic Easter Sunday",
    "1967-03-27": "Catholic Easter Monday",
    "1967-04-28": "Orthodox Good Friday",
    "1967-04-30": "Orthodox Easter Sunday",
    "1967-05-01": "International Labor Day; Orthodox Easter Monday",
    "1967-05-02": "International Labor Day",
    "1967-05-09": "Victory Day",
    "1967-11-25": "Statehood Day",
    "1967-12-24": "Catholic Christmas Eve",
    "1967-12-25": "Catholic Christmas Day",
    "1968-01-01": "Eid al-Fitr (estimated); New Year's Day",
    "1968-01-02": "Eid al-Fitr (estimated); New Year's Day",
    "1968-01-06": "Orthodox Christmas Eve",
    "1968-01-07": "Orthodox Christmas Day",
    "1968-03-01": "Independence Day",
    "1968-03-09": "Eid al-Adha (estimated)",
    "1968-03-10": "Eid al-Adha (estimated)",
    "1968-04-12": "Catholic Good Friday",
    "1968-04-14": "Catholic Easter Sunday",
    "1968-04-15": "Catholic Easter Monday",
    "1968-04-19": "Orthodox Good Friday",
    "1968-04-21": "Orthodox Easter Sunday",
    "1968-04-22": "Orthodox Easter Monday",
    "1968-05-01": "International Labor Day",
    "1968-05-02": "International Labor Day",
    "1968-05-09": "Victory Day",
    "1968-11-25": "Statehood Day",
    "1968-12-21": "Eid al-Fitr (estimated)",
    "1968-12-22": "Eid al-Fitr (estimated)",
    "1968-12-24": "Catholic Christmas Eve",
    "1968-12-25": "Catholic Christmas Day",
    "1969-01-01": "New Year's Day",
    "1969-01-02": "New Year's Day",
    "1969-01-06": "Orthodox Christmas Eve",
    "1969-01-07": "Orthodox Christmas Day",
    "1969-02-27": "Eid al-Adha (estimated)",
    "1969-02-28": "Eid al-Adha (estimated)",
    "1969-03-01": "Independence Day",
    "1969-04-04": "Catholic Good Friday",
    "1969-04-06": "Catholic Easter Sunday",
    "1969-04-07": "Catholic Easter Monday",
    "1969-04-11": "Orthodox Good Friday",
    "1969-04-13": "Orthodox Easter Sunday",
    "1969-04-14": "Orthodox Easter Monday",
    "1969-05-01": "International Labor Day",
    "1969-05-02": "International Labor Day",
    "1969-05-09": "Victory Day",
    "1969-11-25": "Statehood Day",
    "1969-12-10": "Eid al-Fitr (estimated)",
    "1969-12-11": "Eid al-Fitr (estimated)",
    "1969-12-24": "Catholic Christmas Eve",
    "1969-12-25": "Catholic Christmas Day",
    "1970-01-01": "New Year's Day",
    "1970-01-02": "New Year's Day",
    "1970-01-06": "Orthodox Christmas Eve",
    "1970-01-07": "Orthodox Christmas Day",
    "1970-02-16": "Eid al-Adha (estimated)",
    "1970-02-17": "Eid al-Adha (estimated)",
    "1970-03-01": "Independence Day",
    "1970-03-27": "Catholic Good Friday",
    "1970-03-29": "Catholic Easter Sunday",
    "1970-03-30": "Catholic Easter Monday",
    "1970-04-24": "Orthodox Good Friday",
    "1970-04-26": "Orthodox Easter Sunday",
    "1970-04-27": "Orthodox Easter Monday",
    "1970-05-01": "International Labor Day",
    "1970-05-02": "International Labor Day",
    "1970-05-09": "Victory Day",
    "1970-11-25": "Statehood Day",
    "1970-11-30": "Eid al-Fitr (estimated)",
    "1970-12-01": "Eid al-Fitr (estimated)",
    "1970-12-24": "Catholic Christmas Eve",
    "1970-12-25": "Catholic Christmas Day",
    "1971-01-01": "New Year's Day",
    "1971-01-02": "New Year's Day",
    "1971-01-06": "Orthodox Christmas Eve",
    "1971-01-07": "Orthodox Christmas Day",
    "1971-02-06": "Eid al-Adha (estimated)",
    "1971-02-07": "Eid al-Adha (estimated)",
    "1971-03-01": "Independence Day",
    "1971-04-09": "Catholic Good Friday",
    "1971-04-11": "Catholic Easter Sunday",
    "1971-04-12": "Catholic Easter Monday",
    "1971-04-16": "Orthodox Good Friday",
    "1971-04-18": "Orthodox Easter Sunday",
    "1971-04-19": "Orthodox Easter Monday",
    "1971-05-01": "International Labor Day",
    "1971-05-02": "International Labor Day",
    "1971-05-09": "Victory Day",
    "1971-11-19": "Eid al-Fitr (estimated)",
    "1971-11-20": "Eid al-Fitr (estimated)",
    "1971-11-25": "Statehood Day",
    "1971-12-24": "Catholic Christmas Eve",
    "1971-12-25": "Catholic Christmas Day",
    "1972-01-01": "New Year's Day",
    "1972-01-02": "New Year's Day",
    "1972-01-06": "Orthodox Christmas Eve",
    "1972-01-07": "Orthodox Christmas Day",
    "1972-01-26": "Eid al-Adha (estimated)",
    "1972-01-27": "Eid al-Adha (estimated)",
    "1972-03-01": "Independence Day",
    "1972-03-31": "Catholic Good Friday",
    "1972-04-02": "Catholic Easter Sunday",
    "1972-04-03": "Catholic Easter Monday",
    "1972-04-07": "Orthodox Good Friday",
    "1972-04-09": "Orthodox Easter Sunday",
    "1972-04-10": "Orthodox Easter Monday",
    "1972-05-01": "International Labor Day",
    "1972-05-02": "International Labor Day",
    "1972-05-09": "Victory Day",
    "1972-11-07": "Eid al-Fitr (estimated)",
    "1972-11-08": "Eid al-Fitr (estimated)",
    "1972-11-25": "Statehood Day",
    "1972-12-24": "Catholic Christmas Eve",
    "1972-12-25": "Catholic Christmas Day",
    "1973-01-01": "New Year's Day",
    "1973-01-02": "New Year's Day",
    "1973-01-06": "Orthodox Christmas Eve",
    "1973-01-07": "Orthodox Christmas Day",
    "1973-01-14": "Eid al-Adha (estimated)",
    "1973-01-15": "Eid al-Adha (estimated)",
    "1973-03-01": "Independence Day",
    "1973-04-20": "Catholic Good Friday",
    "1973-04-22": "Catholic Easter Sunday",
    "1973-04-23": "Catholic Easter Monday",
    "1973-04-27": "Orthodox Good Friday",
    "1973-04-29": "Orthodox Easter Sunday",
    "1973-04-30": "Orthodox Easter Monday",
    "1973-05-01": "International Labor Day",
    "1973-05-02": "International Labor Day",
    "1973-05-09": "Victory Day",
    "1973-10-27": "Eid al-Fitr (estimated)",
    "1973-10-28": "Eid al-Fitr (estimated)",
    "1973-11-25": "Statehood Day",
    "1973-12-24": "Catholic Christmas Eve",
    "1973-12-25": "Catholic Christmas Day",
    "1974-01-01": "New Year's Day",
    "1974-01-02": "New Year's Day",
    "1974-01-03": "Eid al-Adha (estimated)",
    "1974-01-04": "Eid al-Adha (estimated)",
    "1974-01-06": "Orthodox Christmas Eve",
    "1974-01-07": "Orthodox Christmas Day",
    "1974-03-01": "Independence Day",
    "1974-04-12": "Catholic Good Friday; Orthodox Good Friday",
    "1974-04-14": "Catholic Easter Sunday; Orthodox Easter Sunday",
    "1974-04-15": "Catholic Easter Monday; Orthodox Easter Monday",
    "1974-05-01": "International Labor Day",
    "1974-05-02": "International Labor Day",
    "1974-05-09": "Victory Day",
    "1974-10-16": "Eid al-Fitr (estimated)",
    "1974-10-17": "Eid al-Fitr (estimated)",
    "1974-11-25": "Statehood Day",
    "1974-12-24": "Catholic Christmas Eve; Eid al-Adha (estimated)",
    "1974-12-25": "Catholic Christmas Day; Eid al-Adha (estimated)",
    "1975-01-01": "New Year's Day",
    "1975-01-02": "New Year's Day",
    "1975-01-06": "Orthodox Christmas Eve",
    "1975-01-07": "Orthodox Christmas Day",
    "1975-03-01": "Independence Day",
    "1975-03-28": "Catholic Good Friday",
    "1975-03-30": "Catholic Easter Sunday",
    "1975-03-31": "Catholic Easter Monday",
    "1975-05-01": "International Labor Day",
    "1975-05-02": "International Labor Day; Orthodox Good Friday",
    "1975-05-04": "Orthodox Easter Sunday",
    "1975-05-05": "Orthodox Easter Monday",
    "1975-05-09": "Victory Day",
    "1975-10-06": "Eid al-Fitr (estimated)",
    "1975-10-07": "Eid al-Fitr (estimated)",
    "1975-11-25": "Statehood Day",
    "1975-12-13": "Eid al-Adha (estimated)",
    "1975-12-14": "Eid al-Adha (estimated)",
    "1975-12-24": "Catholic Christmas Eve",
    "1975-12-25": "Catholic Christmas Day",
    "1976-01-01": "New Year's Day",
    "1976-01-02": "New Year's Day",
    "1976-01-06": "Orthodox Christmas Eve",
    "1976-01-07": "Orthodox Christmas Day",
    "1976-03-01": "Independence Day",
    "1976-04-16": "Catholic Good Friday",
    "1976-04-18": "Catholic Easter Sunday",
    "1976-04-19": "Catholic Easter Monday",
    "1976-04-23": "Orthodox Good Friday",
    "1976-04-25": "Orthodox Easter Sunday",
    "1976-04-26": "Orthodox Easter Monday",
    "1976-05-01": "International Labor Day",
    "1976-05-02": "International Labor Day",
    "1976-05-09": "Victory Day",
    "1976-09-24": "Eid al-Fitr (estimated)",
    "1976-09-25": "Eid al-Fitr (estimated)",
    "1976-11-25": "Statehood Day",
    "1976-12-01": "Eid al-Adha (estimated)",
    "1976-12-02": "Eid al-Adha (estimated)",
    "1976-12-24": "Catholic Christmas Eve",
    "1976-12-25": "Catholic Christmas Day",
    "1977-01-01": "New Year's Day",
    "1977-01-02": "New Year's Day",
    "1977-01-06": "Orthodox Christmas Eve",
    "1977-01-07": "Orthodox Christmas Day",
    "1977-03-01": "Independence Day",
    "1977-04-08": "Catholic Good Friday; Orthodox Good Friday",
    "1977-04-10": "Catholic Easter Sunday; Orthodox Easter Sunday",
    "1977-04-11": "Catholic Easter Monday; Orthodox Easter Monday",
    "1977-05-01": "International Labor Day",
    "1977-05-02": "International Labor Day",
    "1977-05-03": "International Labor Day (observed)",
    "1977-05-09": "Victory Day",
    "1977-09-14": "Eid al-Fitr (estimated)",
    "1977-09-15": "Eid al-Fitr (estimated)",
    "1977-11-21": "Eid al-Adha (estimated)",
    "1977-11-22": "Eid al-Adha (estimated)",
    "1977-11-25": "Statehood Day",
    "1977-12-24": "Catholic Christmas Eve",
    "1977-12-25": "Catholic Christmas Day",
    "1978-01-01": "New Year's Day",
    "1978-01-02": "New Year's Day",
    "1978-01-03": "New Year's Day (observed)",
    "1978-01-06": "Orthodox Christmas Eve",
    "1978-01-07": "Orthodox Christmas Day",
    "1978-03-01": "Independence Day",
    "1978-03-24": "Catholic Good Friday",
    "1978-03-26": "Catholic Easter Sunday",
    "1978-03-27": "Catholic Easter Monday",
    "1978-04-28": "Orthodox Good Friday",
    "1978-04-30": "Orthodox Easter Sunday",
    "1978-05-01": "International Labor Day; Orthodox Easter Monday",
    "1978-05-02": "International Labor Day",
    "1978-05-09": "Victory Day",
    "1978-09-03": "Eid al-Fitr (estimated)",
    "1978-09-04": "Eid al-Fitr (estimated)",
    "1978-11-10": "Eid al-Adha (estimated)",
    "1978-11-11": "Eid al-Adha (estimated)",
    "1978-11-25": "Statehood Day",
    "1978-12-24": "Catholic Christmas Eve",
    "1978-12-25": "Catholic Christmas Day",
    "1979-01-01": "New Year's Day",
    "1979-01-02": "New Year's Day",
    "1979-01-06": "Orthodox Christmas Eve",
    "1979-01-07": "Orthodox Christmas Day",
    "1979-03-01": "Independence Day",
    "1979-04-13": "Catholic Good Friday",
    "1979-04-15": "Catholic Easter Sunday",
    "1979-04-16": "Catholic Easter Monday",
    "1979-04-20": "Orthodox Good Friday",
    "1979-04-22": "Orthodox Easter Sunday",
    "1979-04-23": "Orthodox Easter Monday",
    "1979-05-01": "International Labor Day",
    "1979-05-02": "International Labor Day",
    "1979-05-09": "Victory Day",
    "1979-08-23": "Eid al-Fitr (estimated)",
    "1979-08-24": "Eid al-Fitr (estimated)",
    "1979-10-31": "Eid al-Adha (estimated)",
    "1979-11-01": "Eid al-Adha (estimated)",
    "1979-11-25": "Statehood Day",
    "1979-12-24": "Catholic Christmas Eve",
    "1979-12-25": "Catholic Christmas Day",
    "1980-01-01": "New Year's Day",
    "1980-01-02": "New Year's Day",
    "1980-01-06": "Orthodox Christmas Eve",
    "1980-01-07": "Orthodox Christmas Day",
    "1980-03-01": "Independence Day",
    "1980-04-04": "Catholic Good Friday; Orthodox Good Friday",
    "1980-04-06": "Catholic Easter Sunday; Orthodox Easter Sunday",
    "1980-04-07": "Catholic Easter Monday; Orthodox Easter Monday",
    "1980-05-01": "International Labor Day",
    "1980-05-02": "International Labor Day",
    "1980-05-09": "Victory Day",
    "1980-08-12": "Eid al-Fitr (estimated)",
    "1980-08-13": "Eid al-Fitr (estimated)",
    "1980-10-19": "Eid al-Adha (estimated)",
    "1980-10-20": "Eid al-Adha (estimated)",
    "1980-11-25": "Statehood Day",
    "1980-12-24": "Catholic Christmas Eve",
    "1980-12-25": "Catholic Christmas Day",
    "1981-01-01": "New Year's Day",
    "1981-01-02": "New Year's Day",
    "1981-01-06": "Orthodox Christmas Eve",
    "1981-01-07": "Orthodox Christmas Day",
    "1981-03-01": "Independence Day",
    "1981-04-17": "Catholic Good Friday",
    "1981-04-19": "Catholic Easter Sunday",
    "1981-04-20": "Catholic Easter Monday",
    "1981-04-24": "Orthodox Good Friday",
    "1981-04-26": "Orthodox Easter Sunday",
    "1981-04-27": "Orthodox Easter Monday",
    "1981-05-01": "International Labor Day",
    "1981-05-02": "International Labor Day",
    "1981-05-09": "Victory Day",
    "1981-08-01": "Eid al-Fitr (estimated)",
    "1981-08-02": "Eid al-Fitr (estimated)",
    "1981-10-08": "Eid al-Adha (estimated)",
    "1981-10-09": "Eid al-Adha (estimated)",
    "1981-11-25": "Statehood Day",
    "1981-12-24": "Catholic Christmas Eve",
    "1981-12-25": "Catholic Christmas Day",
    "1982-01-01": "New Year's Day",
    "1982-01-02": "New Year's Day",
    "1982-01-06": "Orthodox Christmas Eve",
    "1982-01-07": "Orthodox Christmas Day",
    "1982-03-01": "Independence Day",
    "1982-04-09": "Catholic Good Friday",
    "1982-04-11": "Catholic Easter Sunday",
    "1982-04-12": "Catholic Easter Monday",
    "1982-04-16": "Orthodox Good Friday",
    "1982-04-18": "Orthodox Easter Sunday",
    "1982-04-19": "Orthodox Easter Monday",
    "1982-05-01": "International Labor Day",
    "1982-05-02": "International Labor Day",
    "1982-05-09": "Victory Day",
    "1982-07-21": "Eid al-Fitr (estimated)",
    "1982-07-22": "Eid al-Fitr (estimated)",
    "1982-09-27": "Eid al-Adha (estimated)",
    "1982-09-28": "Eid al-Adha (estimated)",
    "1982-11-25": "Statehood Day",
    "1982-12-24": "Catholic Christmas Eve",
    "1982-12-25": "Catholic Christmas Day",
    "1983-01-01": "New Year's Day",
    "1983-01-02": "New Year's Day",
    "1983-01-06": "Orthodox Christmas Eve",
    "1983-01-07": "Orthodox Christmas Day",
    "1983-03-01": "Independence Day",
    "1983-04-01": "Catholic Good Friday",
    "1983-04-03": "Catholic Easter Sunday",
    "1983-04-04": "Catholic Easter Monday",
    "1983-05-01": "International Labor Day",
    "1983-05-02": "International Labor Day",
    "1983-05-03": "International Labor Day (observed)",
    "1983-05-06": "Orthodox Good Friday",
    "1983-05-08": "Orthodox Easter Sunday",
    "1983-05-09": "Orthodox Easter Monday; Victory Day",
    "1983-07-11": "Eid al-Fitr (estimated)",
    "1983-07-12": "Eid al-Fitr (estimated)",
    "1983-09-17": "Eid al-Adha (estimated)",
    "1983-09-18": "Eid al-Adha (estimated)",
    "1983-11-25": "Statehood Day",
    "1983-12-24": "Catholic Christmas Eve",
    "1983-12-25": "Catholic Christmas Day",
    "1984-01-01": "New Year's Day",
    "1984-01-02": "New Year's Day",
    "1984-01-03": "New Year's Day (observed)",
    "1984-01-06": "Orthodox Christmas Eve",
    "1984-01-07": "Orthodox Christmas Day",
    "1984-03-01": "Independence Day",
    "1984-04-20": "Catholic Good Friday; Orthodox Good Friday",
    "1984-04-22": "Catholic Easter Sunday; Orthodox Easter Sunday",
    "1984-04-23": "Catholic Easter Monday; Orthodox Easter Monday",
    "1984-05-01": "International Labor Day",
    "1984-05-02": "International Labor Day",
    "1984-05-09": "Victory Day",
    "1984-06-30": "Eid al-Fitr (estimated)",
    "1984-07-01": "Eid al-Fitr (estimated)",
    "1984-09-05": "Eid al-Adha (estimated)",
    "1984-09-06": "Eid al-Adha (estimated)",
    "1984-11-25": "Statehood Day",
    "1984-12-24": "Catholic Christmas Eve",
    "1984-12-25": "Catholic Christmas Day",
    "1985-01-01": "New Year's Day",
    "1985-01-02": "New Year's Day",
    "1985-01-06": "Orthodox Christmas Eve",
    "1985-01-07": "Orthodox Christmas Day",
    "1985-03-01": "Independence Day",
    "1985-04-05": "Catholic Good Friday",
    "1985-04-07": "Catholic Easter Sunday",
    "1985-04-08": "Catholic Easter Monday",
    "1985-04-12": "Orthodox Good Friday",
    "1985-04-14": "Orthodox Easter Sunday",
    "1985-04-15": "Orthodox Easter Monday",
    "1985-05-01": "International Labor Day",
    "1985-05-02": "International Labor Day",
    "1985-05-09": "Victory Day",
    "1985-06-19": "Eid al-Fitr (estimated)",
    "1985-06-20": "Eid al-Fitr (estimated)",
    "1985-08-26": "Eid al-Adha (estimated)",
    "1985-08-27": "Eid al-Adha (estimated)",
    "1985-11-25": "Statehood Day",
    "1985-12-24": "Catholic Christmas Eve",
    "1985-12-25": "Catholic Christmas Day",
    "1986-01-01": "New Year's Day",
    "1986-01-02": "New Year's Day",
    "1986-01-06": "Orthodox Christmas Eve",
    "1986-01-07": "Orthodox Christmas Day",
    "1986-03-01": "Independence Day",
    "1986-03-28": "Catholic Good Friday",
    "1986-03-30": "Catholic Easter Sunday",
    "1986-03-31": "Catholic Easter Monday",
    "1986-05-01": "International Labor Day",
    "1986-05-02": "International Labor Day; Orthodox Good Friday",
    "1986-05-04": "Orthodox Easter Sunday",
    "1986-05-05": "Orthodox Easter Monday",
    "1986-05-09": "Victory Day",
    "1986-06-08": "Eid al-Fitr (estimated)",
    "1986-06-09": "Eid al-Fitr (estimated)",
    "1986-08-15": "Eid al-Adha (estimated)",
    "1986-08-16": "Eid al-Adha (estimated)",
    "1986-11-25": "Statehood Day",
    "1986-12-24": "Catholic Christmas Eve",
    "1986-12-25": "Catholic Christmas Day",
    "1987-01-01": "New Year's Day",
    "1987-01-02": "New Year's Day",
    "1987-01-06": "Orthodox Christmas Eve",
    "1987-01-07": "Orthodox Christmas Day",
    "1987-03-01": "Independence Day",
    "1987-04-17": "Catholic Good Friday; Orthodox Good Friday",
    "1987-04-19": "Catholic Easter Sunday; Orthodox Easter Sunday",
    "1987-04-20": "Catholic Easter Monday; Orthodox Easter Monday",
    "1987-05-01": "International Labor Day",
    "1987-05-02": "International Labor Day",
    "1987-05-09": "Victory Day",
    "1987-05-28": "Eid al-Fitr (estimated)",
    "1987-05-29": "Eid al-Fitr (estimated)",
    "1987-08-04": "Eid al-Adha (estimated)",
    "1987-08-05": "Eid al-Adha (estimated)",
    "1987-11-25": "Statehood Day",
    "1987-12-24": "Catholic Christmas Eve",
    "1987-12-25": "Catholic Christmas Day",
    "1988-01-01": "New Year's Day",
    "1988-01-02": "New Year's Day",
    "1988-01-06": "Orthodox Christmas Eve",
    "1988-01-07": "Orthodox Christmas Day",
    "1988-03-01": "Independence Day",
    "1988-04-01": "Catholic Good Friday",
    "1988-04-03": "Catholic Easter Sunday",
    "1988-04-04": "Catholic Easter Monday",
    "1988-04-08": "Orthodox Good Friday",
    "1988-04-10": "Orthodox Easter Sunday",
    "1988-04-11": "Orthodox Easter Monday",
    "1988-05-01": "International Labor Day",
    "1988-05-02": "International Labor Day",
    "1988-05-03": "International Labor Day (observed)",
    "1988-05-09": "Victory Day",
    "1988-05-16": "Eid al-Fitr (estimated)",
    "1988-05-17": "Eid al-Fitr (estimated)",
    "1988-07-23": "Eid al-Adha (estimated)",
    "1988-07-24": "Eid al-Adha (estimated)",
    "1988-11-25": "Statehood Day",
    "1988-12-24": "Catholic Christmas Eve",
    "1988-12-25": "Catholic Christmas Day",
    "1989-01-01": "New Year's Day",
    "1989-01-02": "New Year's Day",
    "1989-01-03": "New Year's Day (observed)",
    "1989-01-06": "Orthodox Christmas Eve",
    "1989-01-07": "Orthodox Christmas Day",
    "1989-03-01": "Independence Day",
    "1989-03-24": "Catholic Good Friday",
    "1989-03-26": "Catholic Easter Sunday",
    "1989-03-27": "Catholic Easter Monday",
    "1989-04-28": "Orthodox Good Friday",
    "1989-04-30": "Orthodox Easter Sunday",
    "1989-05-01": "International Labor Day; Orthodox Easter Monday",
    "1989-05-02": "International Labor Day",
    "1989-05-06": "Eid al-Fitr (estimated)",
    "1989-05-07": "Eid al-Fitr (estimated)",
    "1989-05-09": "Victory Day",
    "1989-07-13": "Eid al-Adha (estimated)",
    "1989-07-14": "Eid al-Adha (estimated)",
    "1989-11-25": "Statehood Day",
    "1989-12-24": "Catholic Christmas Eve",
    "1989-12-25": "Catholic Christmas Day",
    "1990-01-01": "New Year's Day",
    "1990-01-02": "New Year's Day",
    "1990-01-06": "Orthodox Christmas Eve",
    "1990-01-07": "Orthodox Christmas Day",
    "1990-03-01": "Independence Day",
    "1990-04-13": "Catholic Good Friday; Orthodox Good Friday",
    "1990-04-15": "Catholic Easter Sunday; Orthodox Easter Sunday",
    "1990-04-16": "Catholic Easter Monday; Orthodox Easter Monday",
    "1990-04-26": "Eid al-Fitr (estimated)",
    "1990-04-27": "Eid al-Fitr (estimated)",
    "1990-05-01": "International Labor Day",
    "1990-05-02": "International Labor Day",
    "1990-05-09": "Victory Day",
    "1990-07-02": "Eid al-Adha (estimated)",
    "1990-07-03": "Eid al-Adha (estimated)",
    "1990-11-25": "Statehood Day",
    "1990-12-24": "Catholic Christmas Eve",
    "1990-12-25": "Catholic Christmas Day",
    "1991-01-01": "New Year's Day",
    "1991-01-02": "New Year's Day",
    "1991-01-06": "Orthodox Christmas Eve",
    "1991-01-07": "Orthodox Christmas Day",
    "1991-03-01": "Independence Day",
    "1991-03-29": "Catholic Good Friday",
    "1991-03-31": "Catholic Easter Sunday",
    "1991-04-01": "Catholic Easter Monday",
    "1991-04-05": "Orthodox Good Friday",
    "1991-04-07": "Orthodox Easter Sunday",
    "1991-04-08": "Orthodox Easter Monday",
    "1991-04-15": "Eid al-Fitr (estimated)",
    "1991-04-16": "Eid al-Fitr (estimated)",
    "1991-05-01": "International Labor Day",
    "1991-05-02": "International Labor Day",
    "1991-05-09": "Victory Day",
    "1991-06-22": "Eid al-Adha (estimated)",
    "1991-06-23": "Eid al-Adha (estimated)",
    "1991-11-25": "Statehood Day",
    "1991-12-24": "Catholic Christmas Eve",
    "1991-12-25": "Catholic Christmas Day",
    "1992-01-01": "New Year's Day",
    "1992-01-02": "New Year's Day",
    "1992-01-06": "Orthodox Christmas Eve",
    "1992-01-07": "Orthodox Christmas Day",
    "1992-03-01": "Independence Day",
    "1992-04-04": "Eid al-Fitr (estimated)",
    "1992-04-05": "Eid al-Fitr (estimated)",
    "1992-04-17": "Catholic Good Friday",
    "1992-04-19": "Catholic Easter Sunday",
    "1992-04-20": "Catholic Easter Monday",
    "1992-04-24": "Orthodox Good Friday",
    "1992-04-26": "Orthodox Easter Sunday",
    "1992-04-27": "Orthodox Easter Monday",
    "1992-05-01": "International Labor Day",
    "1992-05-02": "International Labor Day",
    "1992-05-09": "Victory Day",
    "1992-06-11": "Eid al-Adha (estimated)",
    "1992-06-12": "Eid al-Adha (estimated)",
    "1992-11-25": "Statehood Day",
    "1992-12-24": "Catholic Christmas Eve",
    "1992-12-25": "Catholic Christmas Day",
    "1993-01-01": "New Year's Day",
    "1993-01-02": "New Year's Day",
    "1993-01-06": "Orthodox Christmas Eve",
    "1993-01-07": "Orthodox Christmas Day",
    "1993-03-01": "Independence Day",
    "1993-03-24": "Eid al-Fitr (estimated)",
    "1993-03-25": "Eid al-Fitr (estimated)",
    "1993-04-09": "Catholic Good Friday",
    "1993-04-11": "Catholic Easter Sunday",
    "1993-04-12": "Catholic Easter Monday",
    "1993-04-16": "Orthodox Good Friday",
    "1993-04-18": "Orthodox Easter Sunday",
    "1993-04-19": "Orthodox Easter Monday",
    "1993-05-01": "International Labor Day",
    "1993-05-02": "International Labor Day",
    "1993-05-09": "Victory Day",
    "1993-05-31": "Eid al-Adha (estimated)",
    "1993-06-01": "Eid al-Adha (estimated)",
    "1993-11-25": "Statehood Day",
    "1993-12-24": "Catholic Christmas Eve",
    "1993-12-25": "Catholic Christmas Day",
    "1994-01-01": "New Year's Day",
    "1994-01-02": "New Year's Day",
    "1994-01-06": "Orthodox Christmas Eve",
    "1994-01-07": "Orthodox Christmas Day",
    "1994-03-01": "Independence Day",
    "1994-03-13": "Eid al-Fitr (estimated)",
    "1994-03-14": "Eid al-Fitr (estimated)",
    "1994-04-01": "Catholic Good Friday",
    "1994-04-03": "Catholic Easter Sunday",
    "1994-04-04": "Catholic Easter Monday",
    "1994-04-29": "Orthodox Good Friday",
    "1994-05-01": "International Labor Day; Orthodox Easter Sunday",
    "1994-05-02": "International Labor Day; Orthodox Easter Monday",
    "1994-05-03": "International Labor Day (observed); Orthodox Easter Sunday (observed)",
    "1994-05-09": "Victory Day",
    "1994-05-20": "Eid al-Adha (estimated)",
    "1994-05-21": "Eid al-Adha (estimated)",
    "1994-11-25": "Statehood Day",
    "1994-12-24": "Catholic Christmas Eve",
    "1994-12-25": "Catholic Christmas Day",
    "1995-01-01": "New Year's Day",
    "1995-01-02": "New Year's Day",
    "1995-01-03": "New Year's Day (observed)",
    "1995-01-06": "Orthodox Christmas Eve",
    "1995-01-07": "Orthodox Christmas Day",
    "1995-03-01": "Independence Day",
    "1995-03-02": "Eid al-Fitr (estimated)",
    "1995-03-03": "Eid al-Fitr (estimated)",
    "1995-04-14": "Catholic Good Friday",
    "1995-04-16": "Catholic Easter Sunday",
    "1995-04-17": "Catholic Easter Monday",
    "1995-04-21": "Orthodox Good Friday",
    "1995-04-23": "Orthodox Easter Sunday",
    "1995-04-24": "Orthodox Easter Monday",
    "1995-05-01": "International Labor Day",
    "1995-05-02": "International Labor Day",
    "1995-05-09": "Eid al-Adha (estimated); Victory Day",
    "1995-05-10": "Eid al-Adha (estimated)",
    "1995-11-25": "Statehood Day",
    "1995-12-24": "Catholic Christmas Eve",
    "1995-12-25": "Catholic Christmas Day",
    "1996-01-01": "New Year's Day",
    "1996-01-02": "New Year's Day",
    "1996-01-06": "Orthodox Christmas Eve",
    "1996-01-07": "Orthodox Christmas Day",
    "1996-02-19": "Eid al-Fitr (estimated)",
    "1996-02-20": "Eid al-Fitr (estimated)",
    "1996-03-01": "Independence Day",
    "1996-04-05": "Catholic Good Friday",
    "1996-04-07": "Catholic Easter Sunday",
    "1996-04-08": "Catholic Easter Monday",
    "1996-04-12": "Orthodox Good Friday",
    "1996-04-14": "Orthodox Easter Sunday",
    "1996-04-15": "Orthodox Easter Monday",
    "1996-04-27": "Eid al-Adha (estimated)",
    "1996-04-28": "Eid al-Adha (estimated)",
    "1996-05-01": "International Labor Day",
    "1996-05-02": "International Labor Day",
    "1996-05-09": "Victory Day",
    "1996-11-25": "Statehood Day",
    "1996-12-24": "Catholic Christmas Eve",
    "1996-12-25": "Catholic Christmas Day",
    "1997-01-01": "New Year's Day",
    "1997-01-02": "New Year's Day",
    "1997-01-06": "Orthodox Christmas Eve",
    "1997-01-07": "Orthodox Christmas Day",
    "1997-02-08": "Eid al-Fitr (estimated)",
    "1997-02-09": "Eid al-Fitr (estimated)",
    "1997-03-01": "Independence Day",
    "1997-03-28": "Catholic Good Friday",
    "1997-03-30": "Catholic Easter Sunday",
    "1997-03-31": "Catholic Easter Monday",
    "1997-04-17": "Eid al-Adha (estimated)",
    "1997-04-18": "Eid al-Adha (estimated)",
    "1997-04-25": "Orthodox Good Friday",
    "1997-04-27": "Orthodox Easter Sunday",
    "1997-04-28": "Orthodox Easter Monday",
    "1997-05-01": "International Labor Day",
    "1997-05-02": "International Labor Day",
    "1997-05-09": "Victory Day",
    "1997-11-25": "Statehood Day",
    "1997-12-24": "Catholic Christmas Eve",
    "1997-12-25": "Catholic Christmas Day",
    "1998-01-01": "New Year's Day",
    "1998-01-02": "New Year's Day",
    "1998-01-06": "Orthodox Christmas Eve",
    "1998-01-07": "Orthodox Christmas Day",
    "1998-01-29": "Eid al-Fitr (estimated)",
    "1998-01-30": "Eid al-Fitr (estimated)",
    "1998-03-01": "Independence Day",
    "1998-04-07": "Eid al-Adha (estimated)",
    "1998-04-08": "Eid al-Adha (estimated)",
    "1998-04-10": "Catholic Good Friday",
    "1998-04-12": "Catholic Easter Sunday",
    "1998-04-13": "Catholic Easter Monday",
    "1998-04-17": "Orthodox Good Friday",
    "1998-04-19": "Orthodox Easter Sunday",
    "1998-04-20": "Orthodox Easter Monday",
    "1998-05-01": "International Labor Day",
    "1998-05-02": "International Labor Day",
    "1998-05-09": "Victory Day",
    "1998-11-25": "Statehood Day",
    "1998-12-24": "Catholic Christmas Eve",
    "1998-12-25": "Catholic Christmas Day",
    "1999-01-01": "New Year's Day",
    "1999-01-02": "New Year's Day",
    "1999-01-06": "Orthodox Christmas Eve",
    "1999-01-07": "Orthodox Christmas Day",
    "1999-01-18": "Eid al-Fitr (estimated)",
    "1999-01-19": "Eid al-Fitr (estimated)",
    "1999-03-01": "Independence Day",
    "1999-03-27": "Eid al-Adha (estimated)",
    "1999-03-28": "Eid al-Adha (estimated)",
    "1999-04-02": "Catholic Good Friday",
    "1999-04-04": "Catholic Easter Sunday",
    "1999-04-05": "Catholic Easter Monday",
    "1999-04-09": "Orthodox Good Friday",
    "1999-04-11": "Orthodox Easter Sunday",
    "1999-04-12": "Orthodox Easter Monday",
    "1999-05-01": "International Labor Day",
    "1999-05-02": "International Labor Day",
    "1999-05-09": "Victory Day",
    "1999-11-25": "Statehood Day",
    "1999-12-24": "Catholic Christmas Eve",
    "1999-12-25": "Catholic Christmas Day",
    "2000-01-01": "New Year's Day",
    "2000-01-02": "New Year's Day",
    "2000-01-06": "Orthodox Christmas Eve",
    "2000-01-07": "Orthodox Christmas Day",
    "2000-01-08": "Eid al-Fitr (estimated)",
    "2000-01-09": "Eid al-Fitr (estimated)",
    "2000-03-01": "Independence Day",
    "2000-03-16": "Eid al-Adha (estimated)",
    "2000-03-17": "Eid al-Adha (estimated)",
    "2000-04-21": "Catholic Good Friday",
    "2000-04-23": "Catholic Easter Sunday",
    "2000-04-24": "Catholic Easter Monday",
    "2000-04-28": "Orthodox Good Friday",
    "2000-04-30": "Orthodox Easter Sunday",
    "2000-05-01": "International Labor Day; Orthodox Easter Monday",
    "2000-05-02": "International Labor Day",
    "2000-05-09": "Victory Day",
    "2000-11-25": "Statehood Day",
    "2000-12-24": "Catholic Christmas Eve",
    "2000-12-25": "Catholic Christmas Day",
    "2000-12-27": "Eid al-Fitr (estimated)",
    "2000-12-28": "Eid al-Fitr (estimated)",
    "2001-01-01": "New Year's Day",
    "2001-01-02": "New Year's Day",
    "2001-01-06": "Orthodox Christmas Eve",
    "2001-01-07": "Orthodox Christmas Day",
    "2001-03-01": "Independence Day",
    "2001-03-06": "Eid al-Adha",
    "2001-03-07": "Eid al-Adha",
    "2001-04-13": "Catholic Good Friday; Orthodox Good Friday",
    "2001-04-15": "Catholic Easter Sunday; Orthodox Easter Sunday",
    "2001-04-16": "Catholic Easter Monday; Orthodox Easter Monday",
    "2001-05-01": "International Labor Day",
    "2001-05-02": "International Labor Day",
    "2001-05-09": "Victory Day",
    "2001-11-25": "Statehood Day",
    "2001-12-17": "Eid al-Fitr",
    "2001-12-18": "Eid al-Fitr",
    "2001-12-24": "Catholic Christmas Eve",
    "2001-12-25": "Catholic Christmas Day",
    "2002-01-01": "New Year's Day",
    "2002-01-02": "New Year's Day",
    "2002-01-06": "Orthodox Christmas Eve",
    "2002-01-07": "Orthodox Christmas Day",
    "2002-02-23": "Eid al-Adha",
    "2002-02-24": "Eid al-Adha",
    "2002-03-01": "Independence Day",
    "2002-03-29": "Catholic Good Friday",
    "2002-03-31": "Catholic Easter Sunday",
    "2002-04-01": "Catholic Easter Monday",
    "2002-05-01": "International Labor Day",
    "2002-05-02": "International Labor Day",
    "2002-05-03": "Orthodox Good Friday",
    "2002-05-05": "Orthodox Easter Sunday",
    "2002-05-06": "Orthodox Easter Monday",
    "2002-05-09": "Victory Day",
    "2002-11-25": "Statehood Day",
    "2002-12-06": "Eid al-Fitr",
    "2002-12-07": "Eid al-Fitr",
    "2002-12-24": "Catholic Christmas Eve",
    "2002-12-25": "Catholic Christmas Day",
    "2003-01-01": "New Year's Day",
    "2003-01-02": "New Year's Day",
    "2003-01-06": "Orthodox Christmas Eve",
    "2003-01-07": "Orthodox Christmas Day",
    "2003-02-12": "Eid al-Adha",
    "2003-02-13": "Eid al-Adha",
    "2003-03-01": "Independence Day",
    "2003-04-18": "Catholic Good Friday",
    "2003-04-20": "Catholic Easter Sunday",
    "2003-04-21": "Catholic Easter Monday",
    "2003-04-25": "Orthodox Good Friday",
    "2003-04-27": "Orthodox Easter Sunday",
    "2003-04-28": "Orthodox Easter Monday",
    "2003-05-01": "International Labor Day",
    "2003-05-02": "International Labor Day",
    "2003-05-09": "Victory Day",
    "2003-11-25": "Statehood Day",
    "2003-11-26": "Eid al-Fitr",
    "2003-11-27": "Eid al-Fitr",
    "2003-12-24": "Catholic Christmas Eve",
    "2003-12-25": "Catholic Christmas Day",
    "2004-01-01": "New Year's Day",
    "2004-01-02": "New Year's Day",
    "2004-01-06": "Orthodox Christmas Eve",
    "2004-01-07": "Orthodox Christmas Day",
    "2004-02-02": "Eid al-Adha",
    "2004-02-03": "Eid al-Adha",
    "2004-03-01": "Independence Day",
    "2004-04-09": "Catholic Good Friday; Orthodox Good Friday",
    "2004-04-11": "Catholic Easter Sunday; Orthodox Easter Sunday",
    "2004-04-12": "Catholic Easter Monday; Orthodox Easter Monday",
    "2004-05-01": "International Labor Day",
    "2004-05-02": "International Labor Day",
    "2004-05-09": "Victory Day",
    "2004-11-14": "Eid al-Fitr",
    "2004-11-15": "Eid al-Fitr",
    "2004-11-25": "Statehood Day",
    "2004-12-24": "Catholic Christmas Eve",
    "2004-12-25": "Catholic Christmas Day",
    "2005-01-01": "New Year's Day",
    "2005-01-02": "New Year's Day",
    "2005-01-06": "Orthodox Christmas Eve",
    "2005-01-07": "Orthodox Christmas Day",
    "2005-01-21": "Eid al-Adha",
    "2005-01-22": "Eid al-Adha",
    "2005-03-01": "Independence Day",
    "2005-03-25": "Catholic Good Friday",
    "2005-03-27": "Catholic Easter Sunday",
    "2005-03-28": "Catholic Easter Monday",
    "2005-04-29": "Orthodox Good Friday",
    "2005-05-01": "International Labor Day; Orthodox Easter Sunday",
    "2005-05-02": "International Labor Day; Orthodox Easter Monday",
    "2005-05-03": "International Labor Day (observed); Orthodox Easter Sunday (observed)",
    "2005-05-09": "Victory Day",
    "2005-11-04": "Eid al-Fitr",
    "2005-11-05": "Eid al-Fitr",
    "2005-11-25": "Statehood Day",
    "2005-12-24": "Catholic Christmas Eve",
    "2005-12-25": "Catholic Christmas Day",
    "2006-01-01": "New Year's Day",
    "2006-01-02": "New Year's Day",
    "2006-01-03": "New Year's Day (observed)",
    "2006-01-06": "Orthodox Christmas Eve",
    "2006-01-07": "Orthodox Christmas Day",
    "2006-01-10": "Eid al-Adha",
    "2006-01-11": "Eid al-Adha",
    "2006-03-01": "Independence Day",
    "2006-04-14": "Catholic Good Friday",
    "2006-04-16": "Catholic Easter Sunday",
    "2006-04-17": "Catholic Easter Monday",
    "2006-04-21": "Orthodox Good Friday",
    "2006-04-23": "Orthodox Easter Sunday",
    "2006-04-24": "Orthodox Easter Monday",
    "2006-05-01": "International Labor Day",
    "2006-05-02": "International Labor Day",
    "2006-05-09": "Victory Day",
    "2006-10-24": "Eid al-Fitr",
    "2006-10-25": "Eid al-Fitr",
    "2006-11-25": "Statehood Day",
    "2006-12-24": "Catholic Christmas Eve",
    "2006-12-25": "Catholic Christmas Day",
    "2006-12-31": "Eid al-Adha",
    "2007-01-01": "Eid al-Adha; New Year's Day",
    "2007-01-02": "New Year's Day",
    "2007-01-06": "Orthodox Christmas Eve",
    "2007-01-07": "Orthodox Christmas Day",
    "2007-03-01": "Independence Day",
    "2007-04-06": "Catholic Good Friday; Orthodox Good Friday",
    "2007-04-08": "Catholic Easter Sunday; Orthodox Easter Sunday",
    "2007-04-09": "Catholic Easter Monday; Orthodox Easter Monday",
    "2007-05-01": "International Labor Day",
    "2007-05-02": "International Labor Day",
    "2007-05-09": "Victory Day",
    "2007-10-13": "Eid al-Fitr",
    "2007-10-14": "Eid al-Fitr",
    "2007-11-25": "Statehood Day",
    "2007-12-20": "Eid al-Adha",
    "2007-12-21": "Eid al-Adha",
    "2007-12-24": "Catholic Christmas Eve",
    "2007-12-25": "Catholic Christmas Day",
    "2008-01-01": "New Year's Day",
    "2008-01-02": "New Year's Day",
    "2008-01-06": "Orthodox Christmas Eve",
    "2008-01-07": "Orthodox Christmas Day",
    "2008-03-01": "Independence Day",
    "2008-03-21": "Catholic Good Friday",
    "2008-03-23": "Catholic Easter Sunday",
    "2008-03-24": "Catholic Easter Monday",
    "2008-04-25": "Orthodox Good Friday",
    "2008-04-27": "Orthodox Easter Sunday",
    "2008-04-28": "Orthodox Easter Monday",
    "2008-05-01": "International Labor Day",
    "2008-05-02": "International Labor Day",
    "2008-05-09": "Victory Day",
    "2008-10-02": "Eid al-Fitr",
    "2008-10-03": "Eid al-Fitr",
    "2008-11-25": "Statehood Day",
    "2008-12-09": "Eid al-Adha",
    "2008-12-10": "Eid al-Adha",
    "2008-12-24": "Catholic Christmas Eve",
    "2008-12-25": "Catholic Christmas Day",
    "2009-01-01": "New Year's Day",
    "2009-01-02": "New Year's Day",
    "2009-01-06": "Orthodox Christmas Eve",
    "2009-01-07": "Orthodox Christmas Day",
    "2009-03-01": "Independence Day",
    "2009-04-10": "Catholic Good Friday",
    "2009-04-12": "Catholic Easter Sunday",
    "2009-04-13": "Catholic Easter Monday",
    "2009-04-17": "Orthodox Good Friday",
    "2009-04-19": "Orthodox Easter Sunday",
    "2009-04-20": "Orthodox Easter Monday",
    "2009-05-01": "International Labor Day",
    "2009-05-02": "International Labor Day",
    "2009-05-09": "Victory Day",
    "2009-09-21": "Eid al-Fitr",
    "2009-09-22": "Eid al-Fitr",
    "2009-11-25": "Statehood Day",
    "2009-11-28": "Eid al-Adha",
    "2009-11-29": "Eid al-Adha",
    "2009-12-24": "Catholic Christmas Eve",
    "2009-12-25": "Catholic Christmas Day",
    "2010-01-01": "New Year's Day",
    "2010-01-02": "New Year's Day",
    "2010-01-06": "Orthodox Christmas Eve",
    "2010-01-07": "Orthodox Christmas Day",
    "2010-03-01": "Independence Day",
    "2010-04-02": "Catholic Good Friday; Orthodox Good Friday",
    "2010-04-04": "Catholic Easter Sunday; Orthodox Easter Sunday",
    "2010-04-05": "Catholic Easter Monday; Orthodox Easter Monday",
    "2010-05-01": "International Labor Day",
    "2010-05-02": "International Labor Day",
    "2010-05-09": "Victory Day",
    "2010-09-10": "Eid al-Fitr",
    "2010-09-11": "Eid al-Fitr",
    "2010-11-17": "Eid al-Adha",
    "2010-11-18": "Eid al-Adha",
    "2010-11-25": "Statehood Day",
    "2010-12-24": "Catholic Christmas Eve",
    "2010-12-25": "Catholic Christmas Day",
    "2011-01-01": "New Year's Day",
    "2011-01-02": "New Year's Day",
    "2011-01-06": "Orthodox Christmas Eve",
    "2011-01-07": "Orthodox Christmas Day",
    "2011-03-01": "Independence Day",
    "2011-04-22": "Catholic Good Friday; Orthodox Good Friday",
    "2011-04-24": "Catholic Easter Sunday; Orthodox Easter Sunday",
    "2011-04-25": "Catholic Easter Monday; Orthodox Easter Monday",
    "2011-05-01": "International Labor Day",
    "2011-05-02": "International Labor Day",
    "2011-05-03": "International Labor Day (observed)",
    "2011-05-09": "Victory Day",
    "2011-08-31": "Eid al-Fitr",
    "2011-09-01": "Eid al-Fitr",
    "2011-11-07": "Eid al-Adha",
    "2011-11-08": "Eid al-Adha",
    "2011-11-25": "Statehood Day",
    "2011-12-24": "Catholic Christmas Eve",
    "2011-12-25": "Catholic Christmas Day",
    "2012-01-01": "New Year's Day",
    "2012-01-02": "New Year's Day",
    "2012-01-03": "New Year's Day (observed)",
    "2012-01-06": "Orthodox Christmas Eve",
    "2012-01-07": "Orthodox Christmas Day",
    "2012-03-01": "Independence Day",
    "2012-04-06": "Catholic Good Friday",
    "2012-04-08": "Catholic Easter Sunday",
    "2012-04-09": "Catholic Easter Monday",
    "2012-04-13": "Orthodox Good Friday",
    "2012-04-15": "Orthodox Easter Sunday",
    "2012-04-16": "Orthodox Easter Monday",
    "2012-05-01": "International Labor Day",
    "2012-05-02": "International Labor Day",
    "2012-05-09": "Victory Day",
    "2012-08-19": "Eid al-Fitr",
    "2012-08-20": "Eid al-Fitr",
    "2012-10-26": "Eid al-Adha",
    "2012-10-27": "Eid al-Adha",
    "2012-11-25": "Statehood Day",
    "2012-12-24": "Catholic Christmas Eve",
    "2012-12-25": "Catholic Christmas Day",
    "2013-01-01": "New Year's Day",
    "2013-01-02": "New Year's Day",
    "2013-01-06": "Orthodox Christmas Eve",
    "2013-01-07": "Orthodox Christmas Day",
    "2013-03-01": "Independence Day",
    "2013-03-29": "Catholic Good Friday",
    "2013-03-31": "Catholic Easter Sunday",
    "2013-04-01": "Catholic Easter Monday",
    "2013-05-01": "International Labor Day",
    "2013-05-02": "International Labor Day",
    "2013-05-03": "Orthodox Good Friday",
    "2013-05-05": "Orthodox Easter Sunday",
    "2013-05-06": "Orthodox Easter Monday",
    "2013-05-09": "Victory Day",
    "2013-08-08": "Eid al-Fitr",
    "2013-08-09": "Eid al-Fitr",
    "2013-10-15": "Eid al-Adha",
    "2013-10-16": "Eid al-Adha",
    "2013-11-25": "Statehood Day",
    "2013-12-24": "Catholic Christmas Eve",
    "2013-12-25": "Catholic Christmas Day",
    "2014-01-01": "New Year's Day",
    "2014-01-02": "New Year's Day",
    "2014-01-06": "Orthodox Christmas Eve",
    "2014-01-07": "Orthodox Christmas Day",
    "2014-03-01": "Independence Day",
    "2014-04-18": "Catholic Good Friday; Orthodox Good Friday",
    "2014-04-20": "Catholic Easter Sunday; Orthodox Easter Sunday",
    "2014-04-21": "Catholic Easter Monday; Orthodox Easter Monday",
    "2014-05-01": "International Labor Day",
    "2014-05-02": "International Labor Day",
    "2014-05-09": "Victory Day",
    "2014-07-28": "Eid al-Fitr",
    "2014-07-29": "Eid al-Fitr",
    "2014-10-04": "Eid al-Adha",
    "2014-10-05": "Eid al-Adha",
    "2014-11-25": "Statehood Day",
    "2014-12-24": "Catholic Christmas Eve",
    "2014-12-25": "Catholic Christmas Day",
    "2015-01-01": "New Year's Day",
    "2015-01-02": "New Year's Day",
    "2015-01-06": "Orthodox Christmas Eve",
    "2015-01-07": "Orthodox Christmas Day",
    "2015-03-01": "Independence Day",
    "2015-04-03": "Catholic Good Friday",
    "2015-04-05": "Catholic Easter Sunday",
    "2015-04-06": "Catholic Easter Monday",
    "2015-04-10": "Orthodox Good Friday",
    "2015-04-12": "Orthodox Easter Sunday",
    "2015-04-13": "Orthodox Easter Monday",
    "2015-05-01": "International Labor Day",
    "2015-05-02": "International Labor Day",
    "2015-05-09": "Victory Day",
    "2015-07-18": "Eid al-Fitr",
    "2015-07-19": "Eid al-Fitr",
    "2015-09-24": "Eid al-Adha",
    "2015-09-25": "Eid al-Adha",
    "2015-11-25": "Statehood Day",
    "2015-12-24": "Catholic Christmas Eve",
    "2015-12-25": "Catholic Christmas Day",
    "2016-01-01": "New Year's Day",
    "2016-01-02": "New Year's Day",
    "2016-01-06": "Orthodox Christmas Eve",
    "2016-01-07": "Orthodox Christmas Day",
    "2016-03-01": "Independence Day",
    "2016-03-25": "Catholic Good Friday",
    "2016-03-27": "Catholic Easter Sunday",
    "2016-03-28": "Catholic Easter Monday",
    "2016-04-29": "Orthodox Good Friday",
    "2016-05-01": "International Labor Day; Orthodox Easter Sunday",
    "2016-05-02": "International Labor Day; Orthodox Easter Monday",
    "2016-05-03": "International Labor Day (observed); Orthodox Easter Sunday (observed)",
    "2016-05-09": "Victory Day",
    "2016-07-07": "Eid al-Fitr",
    "2016-07-08": "Eid al-Fitr",
    "2016-09-13": "Eid al-Adha",
    "2016-09-14": "Eid al-Adha",
    "2016-11-25": "Statehood Day",
    "2016-12-24": "Catholic Christmas Eve",
    "2016-12-25": "Catholic Christmas Day",
    "2017-01-01": "New Year's Day",
    "2017-01-02": "New Year's Day",
    "2017-01-03": "New Year's Day (observed)",
    "2017-01-06": "Orthodox Christmas Eve",
    "2017-01-07": "Orthodox Christmas Day",
    "2017-03-01": "Independence Day",
    "2017-04-14": "Catholic Good Friday; Orthodox Good Friday",
    "2017-04-16": "Catholic Easter Sunday; Orthodox Easter Sunday",
    "2017-04-17": "Catholic Easter Monday; Orthodox Easter Monday",
    "2017-05-01": "International Labor Day",
    "2017-05-02": "International Labor Day",
    "2017-05-09": "Victory Day",
    "2017-06-26": "Eid al-Fitr",
    "2017-06-27": "Eid al-Fitr",
    "2017-09-02": "Eid al-Adha",
    "2017-09-03": "Eid al-Adha",
    "2017-11-25": "Statehood Day",
    "2017-12-24": "Catholic Christmas Eve",
    "2017-12-25": "Catholic Christmas Day",
    "2018-01-01": "New Year's Day",
    "2018-01-02": "New Year's Day",
    "2018-01-06": "Orthodox Christmas Eve",
    "2018-01-07": "Orthodox Christmas Day",
    "2018-03-01": "Independence Day",
    "2018-03-30": "Catholic Good Friday",
    "2018-04-01": "Catholic Easter Sunday",
    "2018-04-02": "Catholic Easter Monday",
    "2018-04-06": "Orthodox Good Friday",
    "2018-04-08": "Orthodox Easter Sunday",
    "2018-04-09": "Orthodox Easter Monday",
    "2018-05-01": "International Labor Day",
    "2018-05-02": "International Labor Day",
    "2018-05-09": "Victory Day",
    "2018-06-15": "Eid al-Fitr",
    "2018-06-16": "Eid al-Fitr",
    "2018-08-22": "Eid al-Adha",
    "2018-08-23": "Eid al-Adha",
    "2018-11-25": "Statehood Day",
    "2018-12-24": "Catholic Christmas Eve",
    "2018-12-25": "Catholic Christmas Day",
    "2019-01-01": "New Year's Day",
    "2019-01-02": "New Year's Day",
    "2019-01-06": "Orthodox Christmas Eve",
    "2019-01-07": "Orthodox Christmas Day",
    "2019-03-01": "Independence Day",
    "2019-04-19": "Catholic Good Friday",
    "2019-04-21": "Catholic Easter Sunday",
    "2019-04-22": "Catholic Easter Monday",
    "2019-04-26": "Orthodox Good Friday",
    "2019-04-28": "Orthodox Easter Sunday",
    "2019-04-29": "Orthodox Easter Monday",
    "2019-05-01": "International Labor Day",
    "2019-05-02": "International Labor Day",
    "2019-05-09": "Victory Day",
    "2019-06-04": "Eid al-Fitr",
    "2019-06-05": "Eid al-Fitr",
    "2019-08-11": "Eid al-Adha",
    "2019-08-12": "Eid al-Adha",
    "2019-11-25": "Statehood Day",
    "2019-12-24": "Catholic Christmas Eve",
    "2019-12-25": "Catholic Christmas Day",
    "2020-01-01": "New Year's Day",
    "2020-01-02": "New Year's Day",
    "2020-01-06": "Orthodox Christmas Eve",
    "2020-01-07": "Orthodox Christmas Day",
    "2020-03-01": "Independence Day",
    "2020-04-10": "Catholic Good Friday",
    "2020-04-12": "Catholic Easter Sunday",
    "2020-04-13": "Catholic Easter Monday",
    "2020-04-17": "Orthodox Good Friday",
    "2020-04-19": "Orthodox Easter Sunday",
    "2020-04-20": "Orthodox Easter Monday",
    "2020-05-01": "International Labor Day",
    "2020-05-02": "International Labor Day",
    "2020-05-09": "Victory Day",
    "2020-05-24": "Eid al-Fitr",
    "2020-05-25": "Eid al-Fitr",
    "2020-07-31": "Eid al-Adha",
    "2020-08-01": "Eid al-Adha",
    "2020-11-25": "Statehood Day",
    "2020-12-24": "Catholic Christmas Eve",
    "2020-12-25": "Catholic Christmas Day",
    "2021-01-01": "New Year's Day",
    "2021-01-02": "New Year's Day",
    "2021-01-06": "Orthodox Christmas Eve",
    "2021-01-07": "Orthodox Christmas Day",
    "2021-03-01": "Independence Day",
    "2021-04-02": "Catholic Good Friday",
    "2021-04-04": "Catholic Easter Sunday",
    "2021-04-05": "Catholic Easter Monday",
    "2021-04-30": "Orthodox Good Friday",
    "2021-05-01": "International Labor Day",
    "2021-05-02": "International Labor Day; Orthodox Easter Sunday",
    "2021-05-03": "Orthodox Easter Monday",
    "2021-05-09": "Victory Day",
    "2021-05-13": "Eid al-Fitr",
    "2021-05-14": "Eid al-Fitr",
    "2021-07-20": "Eid al-Adha",
    "2021-07-21": "Eid al-Adha",
    "2021-11-25": "Statehood Day",
    "2021-12-24": "Catholic Christmas Eve",
    "2021-12-25": "Catholic Christmas Day",
    "2022-01-01": "New Year's Day",
    "2022-01-02": "New Year's Day",
    "2022-01-06": "Orthodox Christmas Eve",
    "2022-01-07": "Orthodox Christmas Day",
    "2022-03-01": "Independence Day",
    "2022-04-15": "Catholic Good Friday",
    "2022-04-17": "Catholic Easter Sunday",
    "2022-04-18": "Catholic Easter Monday",
    "2022-04-22": "Orthodox Good Friday",
    "2022-04-24": "Orthodox Easter Sunday",
    "2022-04-25": "Orthodox Easter Monday",
    "2022-05-01": "International Labor Day",
    "2022-05-02": "Eid al-Fitr; International Labor Day",
    "2022-05-03": "Eid al-Fitr; International Labor Day (observed)",
    "2022-05-09": "Victory Day",
    "2022-07-09": "Eid al-Adha",
    "2022-07-10": "Eid al-Adha",
    "2022-11-25": "Statehood Day",
    "2022-12-24": "Catholic Christmas Eve",
    "2022-12-25": "Catholic Christmas Day",
    "2023-01-01": "New Year's Day",
    "2023-01-02": "New Year's Day",
    "2023-01-03": "New Year's Day (observed)",
    "2023-01-06": "Orthodox Christmas Eve",
    "2023-01-07": "Orthodox Christmas Day",
    "2023-03-01": "Independence Day",
    "2023-04-07": "Catholic Good Friday",
    "2023-04-09": "Catholic Easter Sunday",
    "2023-04-10": "Catholic Easter Monday",
    "2023-04-14": "Orthodox Good Friday",
    "2023-04-16": "Orthodox Easter Sunday",
    "2023-04-17": "Orthodox Easter Monday",
    "2023-04-21": "Eid al-Fitr",
    "2023-04-22": "Eid al-Fitr",
    "2023-05-01": "International Labor Day",
    "2023-05-02": "International Labor Day",
    "2023-05-09": "Victory Day",
    "2023-06-28": "Eid al-Adha",
    "2023-06-29": "Eid al-Adha",
    "2023-11-25": "Statehood Day",
    "2023-12-24": "Catholic Christmas Eve",
    "2023-12-25": "Catholic Christmas Day",
    "2024-01-01": "New Year's Day",
    "2024-01-02": "New Year's Day",
    "2024-01-06": "Orthodox Christmas Eve",
    "2024-01-07": "Orthodox Christmas Day",
    "2024-03-01": "Independence Day",
    "2024-03-29": "Catholic Good Friday",
    "2024-03-31": "Catholic Easter Sunday",
    "2024-04-01": "Catholic Easter Monday",
    "2024-04-10": "Eid al-Fitr",
    "2024-04-11": "Eid al-Fitr",
    "2024-05-01": "International Labor Day",
    "2024-05-02": "International Labor Day",
    "2024-05-03": "Orthodox Good Friday",
    "2024-05-05": "Orthodox Easter Sunday",
    "2024-05-06": "Orthodox Easter Monday",
    "2024-05-09": "Victory Day",
    "2024-06-16": "Eid al-Adha (estimated)",
    "2024-06-17": "Eid al-Adha (estimated)",
    "2024-11-25": "Statehood Day",
    "2024-12-24": "Catholic Christmas Eve",
    "2024-12-25": "Catholic Christmas Day",
    "2025-01-01": "New Year's Day",
    "2025-01-02": "New Year's Day",
    "2025-01-06": "Orthodox Christmas Eve",
    "2025-01-07": "Orthodox Christmas Day",
    "2025-03-01": "Independence Day",
    "2025-03-30": "Eid al-Fitr (estimated)",
    "2025-03-31": "Eid al-Fitr (estimated)",
    "2025-04-18": "Catholic Good Friday; Orthodox Good Friday",
    "2025-04-20": "Catholic Easter Sunday; Orthodox Easter Sunday",
    "2025-04-21": "Catholic Easter Monday; Orthodox Easter Monday",
    "2025-05-01": "International Labor Day",
    "2025-05-02": "International Labor Day",
    "2025-05-09": "Victory Day",
    "2025-06-06": "Eid al-Adha (estimated)",
    "2025-06-07": "Eid al-Adha (estimated)",
    "2025-11-25": "Statehood Day",
    "2025-12-24": "Catholic Christmas Eve",
    "2025-12-25": "Catholic Christmas Day",
    "2026-01-01": "New Year's Day",
    "2026-01-02": "New Year's Day",
    "2026-01-06": "Orthodox Christmas Eve",
    "2026-01-07": "Orthodox Christmas Day",
    "2026-03-01": "Independence Day",
    "2026-03-20": "Eid al-Fitr (estimated)",
    "2026-03-21": "Eid al-Fitr (estimated)",
    "2026-04-03": "Catholic Good Friday",
    "2026-04-05": "Catholic Easter Sunday",
    "2026-04-06": "Catholic Easter Monday",
    "2026-04-10": "Orthodox Good Friday",
    "2026-04-12": "Orthodox Easter Sunday",
    "2026-04-13": "Orthodox Easter Monday",
    "2026-05-01": "International Labor Day",
    "2026-05-02": "International Labor Day",
    "2026-05-09": "Victory Day",
    "2026-05-27": "Eid al-Adha (estimated)",
    "2026-05-28": "Eid al-Adha (estimated)",
    "2026-11-25": "Statehood Day",
    "2026-12-24": "Catholic Christmas Eve",
    "2026-12-25": "Catholic Christmas Day",
    "2027-01-01": "New Year's Day",
    "2027-01-02": "New Year's Day",
    "2027-01-06": "Orthodox Christmas Eve",
    "2027-01-07": "Orthodox Christmas Day",
    "2027-03-01": "Independence Day",
    "2027-03-09": "Eid al-Fitr (estimated)",
    "2027-03-10": "Eid al-Fitr (estimated)",
    "2027-03-26": "Catholic Good Friday",
    "2027-03-28": "Catholic Easter Sunday",
    "2027-03-29": "Catholic Easter Monday",
    "2027-04-30": "Orthodox Good Friday",
    "2027-05-01": "International Labor Day",
    "2027-05-02": "International Labor Day; Orthodox Easter Sunday",
    "2027-05-03": "Orthodox Easter Monday",
    "2027-05-09": "Victory Day",
    "2027-05-16": "Eid al-Adha (estimated)",
    "2027-05-17": "Eid al-Adha (estimated)",
    "2027-11-25": "Statehood Day",
    "2027-12-24": "Catholic Christmas Eve",
    "2027-12-25": "Catholic Christmas Day",
    "2028-01-01": "New Year's Day",
    "2028-01-02": "New Year's Day",
    "2028-01-06": "Orthodox Christmas Eve",
    "2028-01-07": "Orthodox Christmas Day",
    "2028-02-26": "Eid al-Fitr (estimated)",
    "2028-02-27": "Eid al-Fitr (estimated)",
    "2028-03-01": "Independence Day",
    "2028-04-14": "Catholic Good Friday; Orthodox Good Friday",
    "2028-04-16": "Catholic Easter Sunday; Orthodox Easter Sunday",
    "2028-04-17": "Catholic Easter Monday; Orthodox Easter Monday",
    "2028-05-01": "International Labor Day",
    "2028-05-02": "International Labor Day",
    "2028-05-05": "Eid al-Adha (estimated)",
    "2028-05-06": "Eid al-Adha (estimated)",
    "2028-05-09": "Victory Day",
    "2028-11-25": "Statehood Day",
    "2028-12-24": "Catholic Christmas Eve",
    "2028-12-25": "Catholic Christmas Day",
    "2029-01-01": "New Year's Day",
    "2029-01-02": "New Year's Day",
    "2029-01-06": "Orthodox Christmas Eve",
    "2029-01-07": "Orthodox Christmas Day",
    "2029-02-14": "Eid al-Fitr (estimated)",
    "2029-02-15": "Eid al-Fitr (estimated)",
    "2029-03-01": "Independence Day",
    "2029-03-30": "Catholic Good Friday",
    "2029-04-01": "Catholic Easter Sunday",
    "2029-04-02": "Catholic Easter Monday",
    "2029-04-06": "Orthodox Good Friday",
    "2029-04-08": "Orthodox Easter Sunday",
    "2029-04-09": "Orthodox Easter Monday",
    "2029-04-24": "Eid al-Adha (estimated)",
    "2029-04-25": "Eid al-Adha (estimated)",
    "2029-05-01": "International Labor Day",
    "2029-05-02": "International Labor Day",
    "2029-05-09": "Victory Day",
    "2029-11-25": "Statehood Day",
    "2029-12-24": "Catholic Christmas Eve",
    "2029-12-25": "Catholic Christmas Day",
    "2030-01-01": "New Year's Day",
    "2030-01-02": "New Year's Day",
    "2030-01-06": "Orthodox Christmas Eve",
    "2030-01-07": "Orthodox Christmas Day",
    "2030-02-04": "Eid al-Fitr (estimated)",
    "2030-02-05": "Eid al-Fitr (estimated)",
    "2030-03-01": "Independence Day",
    "2030-04-13": "Eid al-Adha (estimated)",
    "2030-04-14": "Eid al-Adha (estimated)",
    "2030-04-19": "Catholic Good Friday",
    "2030-04-21": "Catholic Easter Sunday",
    "2030-04-22": "Catholic Easter Monday",
    "2030-04-26": "Orthodox Good Friday",
    "2030-04-28": "Orthodox Easter Sunday",
    "2030-04-29": "Orthodox Easter Monday",
    "2030-05-01": "International Labor Day",
    "2030-05-02": "International Labor Day",
    "2030-05-09": "Victory Day",
    "2030-11-25": "Statehood Day",
    "2030-12-24": "Catholic Christmas Eve",
    "2030-12-25": "Catholic Christmas Day",
    "2031-01-01": "New Year's Day",
    "2031-01-02": "New Year's Day",
    "2031-01-06": "Orthodox Christmas Eve",
    "2031-01-07": "Orthodox Christmas Day",
    "2031-01-24": "Eid al-Fitr (estimated)",
    "2031-01-25": "Eid al-Fitr (estimated)",
    "2031-03-01": "Independence Day",
    "2031-04-02": "Eid al-Adha (estimated)",
    "2031-04-03": "Eid al-Adha (estimated)",
    "2031-04-11": "Catholic Good Friday; Orthodox Good Friday",
    "2031-04-13": "Catholic Easter Sunday; Orthodox Easter Sunday",
    "2031-04-14": "Catholic Easter Monday; Orthodox Easter Monday",
    "2031-05-01": "International Labor Day",
    "2031-05-02": "International Labor Day",
    "2031-05-09": "Victory Day",
    "2031-11-25": "Statehood Day",
    "2031-12-24": "Catholic Christmas Eve",
    "2031-12-25": "Catholic Christmas Day",
    "2032-01-01": "New Year's Day",
    "2032-01-02": "New Year's Day",
    "2032-01-06": "Orthodox Christmas Eve",
    "2032-01-07": "Orthodox Christmas Day",
    "2032-01-14": "Eid al-Fitr (estimated)",
    "2032-01-15": "Eid al-Fitr (estimated)",
    "2032-03-01": "Independence Day",
    "2032-03-22": "Eid al-Adha (estimated)",
    "2032-03-23": "Eid al-Adha (estimated)",
    "2032-03-26": "Catholic Good Friday",
    "2032-03-28": "Catholic Easter Sunday",
    "2032-03-29": "Catholic Easter Monday",
    "2032-04-30": "Orthodox Good Friday",
    "2032-05-01": "International Labor Day",
    "2032-05-02": "International Labor Day; Orthodox Easter Sunday",
    "2032-05-03": "Orthodox Easter Monday",
    "2032-05-09": "Victory Day",
    "2032-11-25": "Statehood Day",
    "2032-12-24": "Catholic Christmas Eve",
    "2032-12-25": "Catholic Christmas Day",
    "2033-01-01": "New Year's Day",
    "2033-01-02": "Eid al-Fitr (estimated); New Year's Day",
    "2033-01-03": "Eid al-Fitr (estimated)",
    "2033-01-06": "Orthodox Christmas Eve",
    "2033-01-07": "Orthodox Christmas Day",
    "2033-03-01": "Independence Day",
    "2033-03-11": "Eid al-Adha (estimated)",
    "2033-03-12": "Eid al-Adha (estimated)",
    "2033-04-15": "Catholic Good Friday",
    "2033-04-17": "Catholic Easter Sunday",
    "2033-04-18": "Catholic Easter Monday",
    "2033-04-22": "Orthodox Good Friday",
    "2033-04-24": "Orthodox Easter Sunday",
    "2033-04-25": "Orthodox Easter Monday",
    "2033-05-01": "International Labor Day",
    "2033-05-02": "International Labor Day",
    "2033-05-03": "International Labor Day (observed)",
    "2033-05-09": "Victory Day",
    "2033-11-25": "Statehood Day",
    "2033-12-23": "Eid al-Fitr (estimated)",
    "2033-12-24": "Catholic Christmas Eve; Eid al-Fitr (estimated)",
    "2033-12-25": "Catholic Christmas Day",
    "2034-01-01": "New Year's Day",
    "2034-01-02": "New Year's Day",
    "2034-01-03": "New Year's Day (observed)",
    "2034-01-06": "Orthodox Christmas Eve",
    "2034-01-07": "Orthodox Christmas Day",
    "2034-03-01": "Eid al-Adha (estimated); Independence Day",
    "2034-03-02": "Eid al-Adha (estimated)",
    "2034-04-07": "Catholic Good Friday; Orthodox Good Friday",
    "2034-04-09": "Catholic Easter Sunday; Orthodox Easter Sunday",
    "2034-04-10": "Catholic Easter Monday; Orthodox Easter Monday",
    "2034-05-01": "International Labor Day",
    "2034-05-02": "International Labor Day",
    "2034-05-09": "Victory Day",
    "2034-11-25": "Statehood Day",
    "2034-12-12": "Eid al-Fitr (estimated)",
    "2034-12-13": "Eid al-Fitr (estimated)",
    "2034-12-24": "Catholic Christmas Eve",
    "2034-12-25": "Catholic Christmas Day",
    "2035-01-01": "New Year's Day",
    "2035-01-02": "New Year's Day",
    "2035-01-06": "Orthodox Christmas Eve",
    "2035-01-07": "Orthodox Christmas Day",
    "2035-02-18": "Eid al-Adha (estimated)",
    "2035-02-19": "Eid al-Adha (estimated)",
    "2035-03-01": "Independence Day",
    "2035-03-23": "Catholic Good Friday",
    "2035-03-25": "Catholic Easter Sunday",
    "2035-03-26": "Catholic Easter Monday",
    "2035-04-27": "Orthodox Good Friday",
    "2035-04-29": "Orthodox Easter Sunday",
    "2035-04-30": "Orthodox Easter Monday",
    "2035-05-01": "International Labor Day",
    "2035-05-02": "International Labor Day",
    "2035-05-09": "Victory Day",
    "2035-11-25": "Statehood Day",
    "2035-12-01": "Eid al-Fitr (estimated)",
    "2035-12-02": "Eid al-Fitr (estimated)",
    "2035-12-24": "Catholic Christmas Eve",
    "2035-12-25": "Catholic Christmas Day",
    "2036-01-01": "New Year's Day",
    "2036-01-02": "New Year's Day",
    "2036-01-06": "Orthodox Christmas Eve",
    "2036-01-07": "Orthodox Christmas Day",
    "2036-02-07": "Eid al-Adha (estimated)",
    "2036-02-08": "Eid al-Adha (estimated)",
    "2036-03-01": "Independence Day",
    "2036-04-11": "Catholic Good Friday",
    "2036-04-13": "Catholic Easter Sunday",
    "2036-04-14": "Catholic Easter Monday",
    "2036-04-18": "Orthodox Good Friday",
    "2036-04-20": "Orthodox Easter Sunday",
    "2036-04-21": "Orthodox Easter Monday",
    "2036-05-01": "International Labor Day",
    "2036-05-02": "International Labor Day",
    "2036-05-09": "Victory Day",
    "2036-11-19": "Eid al-Fitr (estimated)",
    "2036-11-20": "Eid al-Fitr (estimated)",
    "2036-11-25": "Statehood Day",
    "2036-12-24": "Catholic Christmas Eve",
    "2036-12-25": "Catholic Christmas Day",
    "2037-01-01": "New Year's Day",
    "2037-01-02": "New Year's Day",
    "2037-01-06": "Orthodox Christmas Eve",
    "2037-01-07": "Orthodox Christmas Day",
    "2037-01-26": "Eid al-Adha (estimated)",
    "2037-01-27": "Eid al-Adha (estimated)",
    "2037-03-01": "Independence Day",
    "2037-04-03": "Catholic Good Friday; Orthodox Good Friday",
    "2037-04-05": "Catholic Easter Sunday; Orthodox Easter Sunday",
    "2037-04-06": "Catholic Easter Monday; Orthodox Easter Monday",
    "2037-05-01": "International Labor Day",
    "2037-05-02": "International Labor Day",
    "2037-05-09": "Victory Day",
    "2037-11-08": "Eid al-Fitr (estimated)",
    "2037-11-09": "Eid al-Fitr (estimated)",
    "2037-11-25": "Statehood Day",
    "2037-12-24": "Catholic Christmas Eve",
    "2037-12-25": "Catholic Christmas Day",
    "2038-01-01": "New Year's Day",
    "2038-01-02": "New Year's Day",
    "2038-01-06": "Orthodox Christmas Eve",
    "2038-01-07": "Orthodox Christmas Day",
    "2038-01-16": "Eid al-Adha (estimated)",
    "2038-01-17": "Eid al-Adha (estimated)",
    "2038-03-01": "Independence Day",
    "2038-04-23": "Catholic Good Friday; Orthodox Good Friday",
    "2038-04-25": "Catholic Easter Sunday; Orthodox Easter Sunday",
    "2038-04-26": "Catholic Easter Monday; Orthodox Easter Monday",
    "2038-05-01": "International Labor Day",
    "2038-05-02": "International Labor Day",
    "2038-05-09": "Victory Day",
    "2038-10-29": "Eid al-Fitr (estimated)",
    "2038-10-30": "Eid al-Fitr (estimated)",
    "2038-11-25": "Statehood Day",
    "2038-12-24": "Catholic Christmas Eve",
    "2038-12-25": "Catholic Christmas Day",
    "2039-01-01": "New Year's Day",
    "2039-01-02": "New Year's Day",
    "2039-01-05": "Eid al-Adha (estimated)",
    "2039-01-06": "Eid al-Adha (estimated); Orthodox Christmas Eve",
    "2039-01-07": "Orthodox Christmas Day",
    "2039-03-01": "Independence Day",
    "2039-04-08": "Catholic Good Friday",
    "2039-04-10": "Catholic Easter Sunday",
    "2039-04-11": "Catholic Easter Monday",
    "2039-04-15": "Orthodox Good Friday",
    "2039-04-17": "Orthodox Easter Sunday",
    "2039-04-18": "Orthodox Easter Monday",
    "2039-05-01": "International Labor Day",
    "2039-05-02": "International Labor Day",
    "2039-05-03": "International Labor Day (observed)",
    "2039-05-09": "Victory Day",
    "2039-10-19": "Eid al-Fitr (estimated)",
    "2039-10-20": "Eid al-Fitr (estimated)",
    "2039-11-25": "Statehood Day",
    "2039-12-24": "Catholic Christmas Eve",
    "2039-12-25": "Catholic Christmas Day",
    "2039-12-26": "Eid al-Adha (estimated)",
    "2039-12-27": "Eid al-Adha (estimated)",
    "2040-01-01": "New Year's Day",
    "2040-01-02": "New Year's Day",
    "2040-01-03": "New Year's Day (observed)",
    "2040-01-06": "Orthodox Christmas Eve",
    "2040-01-07": "Orthodox Christmas Day",
    "2040-03-01": "Independence Day",
    "2040-03-30": "Catholic Good Friday",
    "2040-04-01": "Catholic Easter Sunday",
    "2040-04-02": "Catholic Easter Monday",
    "2040-05-01": "International Labor Day",
    "2040-05-02": "International Labor Day",
    "2040-05-04": "Orthodox Good Friday",
    "2040-05-06": "Orthodox Easter Sunday",
    "2040-05-07": "Orthodox Easter Monday",
    "2040-05-09": "Victory Day",
    "2040-10-07": "Eid al-Fitr (estimated)",
    "2040-10-08": "Eid al-Fitr (estimated)",
    "2040-11-25": "Statehood Day",
    "2040-12-14": "Eid al-Adha (estimated)",
    "2040-12-15": "Eid al-Adha (estimated)",
    "2040-12-24": "Catholic Christmas Eve",
    "2040-12-25": "Catholic Christmas Day",
    "2041-01-01": "New Year's Day",
    "2041-01-02": "New Year's Day",
    "2041-01-06": "Orthodox Christmas Eve",
    "2041-01-07": "Orthodox Christmas Day",
    "2041-03-01": "Independence Day",
    "2041-04-19": "Catholic Good Friday; Orthodox Good Friday",
    "2041-04-21": "Catholic Easter Sunday; Orthodox Easter Sunday",
    "2041-04-22": "Catholic Easter Monday; Orthodox Easter Monday",
    "2041-05-01": "International Labor Day",
    "2041-05-02": "International Labor Day",
    "2041-05-09": "Victory Day",
    "2041-09-26": "Eid al-Fitr (estimated)",
    "2041-09-27": "Eid al-Fitr (estimated)",
    "2041-11-25": "Statehood Day",
    "2041-12-04": "Eid al-Adha (estimated)",
    "2041-12-05": "Eid al-Adha (estimated)",
    "2041-12-24": "Catholic Christmas Eve",
    "2041-12-25": "Catholic Christmas Day",
    "2042-01-01": "New Year's Day",
    "2042-01-02": "New Year's Day",
    "2042-01-06": "Orthodox Christmas Eve",
    "2042-01-07": "Orthodox Christmas Day",
    "2042-03-01": "Independence Day",
    "2042-04-04": "Catholic Good Friday",
    "2042-04-06": "Catholic Easter Sunday",
    "2042-04-07": "Catholic Easter Monday",
    "2042-04-11": "Orthodox Good Friday",
    "2042-04-13": "Orthodox Easter Sunday",
    "2042-04-14": "Orthodox Easter Monday",
    "2042-05-01": "International Labor Day",
    "2042-05-02": "International Labor Day",
    "2042-05-09": "Victory Day",
    "2042-09-15": "Eid al-Fitr (estimated)",
    "2042-09-16": "Eid al-Fitr (estimated)",
    "2042-11-23": "Eid al-Adha (estimated)",
    "2042-11-24": "Eid al-Adha (estimated)",
    "2042-11-25": "Statehood Day",
    "2042-12-24": "Catholic Christmas Eve",
    "2042-12-25": "Catholic Christmas Day",
    "2043-01-01": "New Year's Day",
    "2043-01-02": "New Year's Day",
    "2043-01-06": "Orthodox Christmas Eve",
    "2043-01-07": "Orthodox Christmas Day",
    "2043-03-01": "Independence Day",
    "2043-03-27": "Catholic Good Friday",
    "2043-03-29": "Catholic Easter Sunday",
    "2043-03-30": "Catholic Easter Monday",
    "2043-05-01": "International Labor Day; Orthodox Good Friday",
    "2043-05-02": "International Labor Day",
    "2043-05-03": "Orthodox Easter Sunday",
    "2043-05-04": "Orthodox Easter Monday",
    "2043-05-09": "Victory Day",
    "2043-09-04": "Eid al-Fitr (estimated)",
    "2043-09-05": "Eid al-Fitr (estimated)",
    "2043-11-12": "Eid al-Adha (estimated)",
    "2043-11-13": "Eid al-Adha (estimated)",
    "2043-11-25": "Statehood Day",
    "2043-12-24": "Catholic Christmas Eve",
    "2043-12-25": "Catholic Christmas Day",
    "2044-01-01": "New Year's Day",
    "2044-01-02": "New Year's Day",
    "2044-01-06": "Orthodox Christmas Eve",
    "2044-01-07": "Orthodox Christmas Day",
    "2044-03-01": "Independence Day",
    "2044-04-15": "Catholic Good Friday",
    "2044-04-17": "Catholic Easter Sunday",
    "2044-04-18": "Catholic Easter Monday",
    "2044-04-22": "Orthodox Good Friday",
    "2044-04-24": "Orthodox Easter Sunday",
    "2044-04-25": "Orthodox Easter Monday",
    "2044-05-01": "International Labor Day",
    "2044-05-02": "International Labor Day",
    "2044-05-03": "International Labor Day (observed)",
    "2044-05-09": "Victory Day",
    "2044-08-24": "Eid al-Fitr (estimated)",
    "2044-08-25": "Eid al-Fitr (estimated)",
    "2044-10-31": "Eid al-Adha (estimated)",
    "2044-11-01": "Eid al-Adha (estimated)",
    "2044-11-25": "Statehood Day",
    "2044-12-24": "Catholic Christmas Eve",
    "2044-12-25": "Catholic Christmas Day",
    "2045-01-01": "New Year's Day",
    "2045-01-02": "New Year's Day",
    "2045-01-03": "New Year's Day (observed)",
    "2045-01-06": "Orthodox Christmas Eve",
    "2045-01-07": "Orthodox Christmas Day",
    "2045-03-01": "Independence Day",
    "2045-04-07": "Catholic Good Friday; Orthodox Good Friday",
    "2045-04-09": "Catholic Easter Sunday; Orthodox Easter Sunday",
    "2045-04-10": "Catholic Easter Monday; Orthodox Easter Monday",
    "2045-05-01": "International Labor Day",
    "2045-05-02": "International Labor Day",
    "2045-05-09": "Victory Day",
    "2045-08-14": "Eid al-Fitr (estimated)",
    "2045-08-15": "Eid al-Fitr (estimated)",
    "2045-10-21": "Eid al-Adha (estimated)",
    "2045-10-22": "Eid al-Adha (estimated)",
    "2045-11-25": "Statehood Day",
    "2045-12-24": "Catholic Christmas Eve",
    "2045-12-25": "Catholic Christmas Day",
    "2046-01-01": "New Year's Day",
    "2046-01-02": "New Year's Day",
    "2046-01-06": "Orthodox Christmas Eve",
    "2046-01-07": "Orthodox Christmas Day",
    "2046-03-01": "Independence Day",
    "2046-03-23": "Catholic Good Friday",
    "2046-03-25": "Catholic Easter Sunday",
    "2046-03-26": "Catholic Easter Monday",
    "2046-04-27": "Orthodox Good Friday",
    "2046-04-29": "Orthodox Easter Sunday",
    "2046-04-30": "Orthodox Easter Monday",
    "2046-05-01": "International Labor Day",
    "2046-05-02": "International Labor Day",
    "2046-05-09": "Victory Day",
    "2046-08-03": "Eid al-Fitr (estimated)",
    "2046-08-04": "Eid al-Fitr (estimated)",
    "2046-10-10": "Eid al-Adha (estimated)",
    "2046-10-11": "Eid al-Adha (estimated)",
    "2046-11-25": "Statehood Day",
    "2046-12-24": "Catholic Christmas Eve",
    "2046-12-25": "Catholic Christmas Day",
    "2047-01-01": "New Year's Day",
    "2047-01-02": "New Year's Day",
    "2047-01-06": "Orthodox Christmas Eve",
    "2047-01-07": "Orthodox Christmas Day",
    "2047-03-01": "Independence Day",
    "2047-04-12": "Catholic Good Friday",
    "2047-04-14": "Catholic Easter Sunday",
    "2047-04-15": "Catholic Easter Monday",
    "2047-04-19": "Orthodox Good Friday",
    "2047-04-21": "Orthodox Easter Sunday",
    "2047-04-22": "Orthodox Easter Monday",
    "2047-05-01": "International Labor Day",
    "2047-05-02": "International Labor Day",
    "2047-05-09": "Victory Day",
    "2047-07-24": "Eid al-Fitr (estimated)",
    "2047-07-25": "Eid al-Fitr (estimated)",
    "2047-09-30": "Eid al-Adha (estimated)",
    "2047-10-01": "Eid al-Adha (estimated)",
    "2047-11-25": "Statehood Day",
    "2047-12-24": "Catholic Christmas Eve",
    "2047-12-25": "Catholic Christmas Day",
    "2048-01-01": "New Year's Day",
    "2048-01-02": "New Year's Day",
    "2048-01-06": "Orthodox Christmas Eve",
    "2048-01-07": "Orthodox Christmas Day",
    "2048-03-01": "Independence Day",
    "2048-04-03": "Catholic Good Friday; Orthodox Good Friday",
    "2048-04-05": "Catholic Easter Sunday; Orthodox Easter Sunday",
    "2048-04-06": "Catholic Easter Monday; Orthodox Easter Monday",
    "2048-05-01": "International Labor Day",
    "2048-05-02": "International Labor Day",
    "2048-05-09": "Victory Day",
    "2048-07-12": "Eid al-Fitr (estimated)",
    "2048-07-13": "Eid al-Fitr (estimated)",
    "2048-09-19": "Eid al-Adha (estimated)",
    "2048-09-20": "Eid al-Adha (estimated)",
    "2048-11-25": "Statehood Day",
    "2048-12-24": "Catholic Christmas Eve",
    "2048-12-25": "Catholic Christmas Day",
    "2049-01-01": "New Year's Day",
    "2049-01-02": "New Year's Day",
    "2049-01-06": "Orthodox Christmas Eve",
    "2049-01-07": "Orthodox Christmas Day",
    "2049-03-01": "Independence Day",
    "2049-04-16": "Catholic Good Friday",
    "2049-04-18": "Catholic Easter Sunday",
    "2049-04-19": "Catholic Easter Monday",
    "2049-04-23": "Orthodox Good Friday",
    "2049-04-25": "Orthodox Easter Sunday",
    "2049-04-26": "Orthodox Easter Monday",
    "2049-05-01": "International Labor Day",
    "2049-05-02": "International Labor Day",
    "2049-05-09": "Victory Day",
    "2049-07-01": "Eid al-Fitr (estimated)",
    "2049-07-02": "Eid al-Fitr (estimated)",
    "2049-09-08": "Eid al-Adha (estimated)",
    "2049-09-09": "Eid al-Adha (estimated)",
    "2049-11-25": "Statehood Day",
    "2049-12-24": "Catholic Christmas Eve",
    "2049-12-25": "Catholic Christmas Day",
    "2050-01-01": "New Year's Day",
    "2050-01-02": "New Year's Day",
    "2050-01-06": "Orthodox Christmas Eve",
    "2050-01-07": "Orthodox Christmas Day",
    "2050-03-01": "Independence Day",
    "2050-04-08": "Catholic Good Friday",
    "2050-04-10": "Catholic Easter Sunday",
    "2050-04-11": "Catholic Easter Monday",
    "2050-04-15": "Orthodox Good Friday",
    "2050-04-17": "Orthodox Easter Sunday",
    "2050-04-18": "Orthodox Easter Monday",
    "2050-05-01": "International Labor Day",
    "2050-05-02": "International Labor Day",
    "2050-05-03": "International Labor Day (observed)",
    "2050-05-09": "Victory Day",
    "2050-06-20": "Eid al-Fitr (estimated)",
    "2050-06-21": "Eid al-Fitr (estimated)",
    "2050-08-28": "Eid al-Adha (estimated)",
    "2050-08-29": "Eid al-Adha (estimated)",
    "2050-11-25": "Statehood Day",
    "2050-12-24": "Catholic Christmas Eve",
    "2050-12-25": "Catholic Christmas Day"
}
