{
    "1950-01-01": "New Year's Day",
    "1950-02-20": "Carnival",
    "1950-02-21": "Carnival",
    "1950-04-07": "Good Friday",
    "1950-05-01": "Labor Day",
    "1950-06-08": "Corpus Christi",
    "1950-08-06": "Independence Day",
    "1950-12-25": "Christmas Day",
    "1951-01-01": "New Year's Day",
    "1951-02-05": "Carnival",
    "1951-02-06": "Carnival",
    "1951-03-23": "Good Friday",
    "1951-05-01": "Labor Day",
    "1951-05-24": "Corpus Christi",
    "1951-08-06": "Independence Day",
    "1951-12-25": "Christmas Day",
    "1952-01-01": "New Year's Day",
    "1952-02-25": "Carnival",
    "1952-02-26": "Carnival",
    "1952-04-11": "Good Friday",
    "1952-05-01": "Labor Day",
    "1952-06-12": "Corpus Christi",
    "1952-08-06": "Independence Day",
    "1952-12-25": "Christmas Day",
    "1953-01-01": "New Year's Day",
    "1953-02-16": "Carnival",
    "1953-02-17": "Carnival",
    "1953-04-03": "Good Friday",
    "1953-05-01": "Labor Day",
    "1953-06-04": "Corpus Christi",
    "1953-08-06": "Independence Day",
    "1953-12-25": "Christmas Day",
    "1954-01-01": "New Year's Day",
    "1954-03-01": "Carnival",
    "1954-03-02": "Carnival",
    "1954-04-16": "Good Friday",
    "1954-05-01": "Labor Day",
    "1954-06-17": "Corpus Christi",
    "1954-08-06": "Independence Day",
    "1954-12-25": "Christmas Day",
    "1955-01-01": "New Year's Day",
    "1955-02-21": "Carnival",
    "1955-02-22": "Carnival",
    "1955-04-08": "Good Friday",
    "1955-05-01": "Labor Day",
    "1955-06-09": "Corpus Christi",
    "1955-08-06": "Independence Day",
    "1955-12-25": "Christmas Day",
    "1956-01-01": "New Year's Day",
    "1956-02-13": "Carnival",
    "1956-02-14": "Carnival",
    "1956-03-30": "Good Friday",
    "1956-05-01": "Labor Day",
    "1956-05-31": "Corpus Christi",
    "1956-08-06": "Independence Day",
    "1956-12-25": "Christmas Day",
    "1957-01-01": "New Year's Day",
    "1957-03-04": "Carnival",
    "1957-03-05": "Carnival",
    "1957-04-19": "Good Friday",
    "1957-05-01": "Labor Day",
    "1957-06-20": "Corpus Christi",
    "1957-08-06": "Independence Day",
    "1957-12-25": "Christmas Day",
    "1958-01-01": "New Year's Day",
    "1958-02-17": "Carnival",
    "1958-02-18": "Carnival",
    "1958-04-04": "Good Friday",
    "1958-05-01": "Labor Day",
    "1958-06-05": "Corpus Christi",
    "1958-08-06": "Independence Day",
    "1958-12-25": "Christmas Day",
    "1959-01-01": "New Year's Day",
    "1959-02-09": "Carnival",
    "1959-02-10": "Carnival",
    "1959-03-27": "Good Friday",
    "1959-05-01": "Labor Day",
    "1959-05-28": "Corpus Christi",
    "1959-08-06": "Independence Day",
    "1959-12-25": "Christmas Day",
    "1960-01-01": "New Year's Day",
    "1960-02-29": "Carnival",
    "1960-03-01": "Carnival",
    "1960-04-15": "Good Friday",
    "1960-05-01": "Labor Day",
    "1960-06-16": "Corpus Christi",
    "1960-08-06": "Independence Day",
    "1960-12-25": "Christmas Day",
    "1961-01-01": "New Year's Day",
    "1961-02-13": "Carnival",
    "1961-02-14": "Carnival",
    "1961-03-31": "Good Friday",
    "1961-05-01": "Labor Day",
    "1961-06-01": "Corpus Christi",
    "1961-08-06": "Independence Day",
    "1961-12-25": "Christmas Day",
    "1962-01-01": "New Year's Day",
    "1962-03-05": "Carnival",
    "1962-03-06": "Carnival",
    "1962-04-20": "Good Friday",
    "1962-05-01": "Labor Day",
    "1962-06-21": "Corpus Christi",
    "1962-08-06": "Independence Day",
    "1962-12-25": "Christmas Day",
    "1963-01-01": "New Year's Day",
    "1963-02-25": "Carnival",
    "1963-02-26": "Carnival",
    "1963-04-12": "Good Friday",
    "1963-05-01": "Labor Day",
    "1963-06-13": "Corpus Christi",
    "1963-08-06": "Independence Day",
    "1963-12-25": "Christmas Day",
    "1964-01-01": "New Year's Day",
    "1964-02-10": "Carnival",
    "1964-02-11": "Carnival",
    "1964-03-27": "Good Friday",
    "1964-05-01": "Labor Day",
    "1964-05-28": "Corpus Christi",
    "1964-08-06": "Independence Day",
    "1964-12-25": "Christmas Day",
    "1965-01-01": "New Year's Day",
    "1965-03-01": "Carnival",
    "1965-03-02": "Carnival",
    "1965-04-16": "Good Friday",
    "1965-05-01": "Labor Day",
    "1965-06-17": "Corpus Christi",
    "1965-08-06": "Independence Day",
    "1965-12-25": "Christmas Day",
    "1966-01-01": "New Year's Day",
    "1966-02-21": "Carnival",
    "1966-02-22": "Carnival",
    "1966-04-08": "Good Friday",
    "1966-05-01": "Labor Day",
    "1966-06-09": "Corpus Christi",
    "1966-08-06": "Independence Day",
    "1966-12-25": "Christmas Day",
    "1967-01-01": "New Year's Day",
    "1967-02-06": "Carnival",
    "1967-02-07": "Carnival",
    "1967-03-24": "Good Friday",
    "1967-05-01": "Labor Day",
    "1967-05-25": "Corpus Christi",
    "1967-08-06": "Independence Day",
    "1967-12-25": "Christmas Day",
    "1968-01-01": "New Year's Day",
    "1968-02-26": "Carnival",
    "1968-02-27": "Carnival",
    "1968-04-12": "Good Friday",
    "1968-05-01": "Labor Day",
    "1968-06-13": "Corpus Christi",
    "1968-08-06": "Independence Day",
    "1968-12-25": "Christmas Day",
    "1969-01-01": "New Year's Day",
    "1969-02-17": "Carnival",
    "1969-02-18": "Carnival",
    "1969-04-04": "Good Friday",
    "1969-05-01": "Labor Day",
    "1969-06-05": "Corpus Christi",
    "1969-08-06": "Independence Day",
    "1969-12-25": "Christmas Day",
    "1970-01-01": "New Year's Day",
    "1970-02-09": "Carnival",
    "1970-02-10": "Carnival",
    "1970-03-27": "Good Friday",
    "1970-05-01": "Labor Day",
    "1970-05-28": "Corpus Christi",
    "1970-08-06": "Independence Day",
    "1970-12-25": "Christmas Day",
    "1971-01-01": "New Year's Day",
    "1971-02-22": "Carnival",
    "1971-02-23": "Carnival",
    "1971-04-09": "Good Friday",
    "1971-05-01": "Labor Day",
    "1971-06-10": "Corpus Christi",
    "1971-08-06": "Independence Day",
    "1971-12-25": "Christmas Day",
    "1972-01-01": "New Year's Day",
    "1972-02-14": "Carnival",
    "1972-02-15": "Carnival",
    "1972-03-31": "Good Friday",
    "1972-05-01": "Labor Day",
    "1972-06-01": "Corpus Christi",
    "1972-08-06": "Independence Day",
    "1972-12-25": "Christmas Day",
    "1973-01-01": "New Year's Day",
    "1973-03-05": "Carnival",
    "1973-03-06": "Carnival",
    "1973-04-20": "Good Friday",
    "1973-05-01": "Labor Day",
    "1973-06-21": "Corpus Christi",
    "1973-08-06": "Independence Day",
    "1973-12-25": "Christmas Day",
    "1974-01-01": "New Year's Day",
    "1974-02-25": "Carnival",
    "1974-02-26": "Carnival",
    "1974-04-12": "Good Friday",
    "1974-05-01": "Labor Day",
    "1974-06-13": "Corpus Christi",
    "1974-08-06": "Independence Day",
    "1974-12-25": "Christmas Day",
    "1975-01-01": "New Year's Day",
    "1975-02-10": "Carnival",
    "1975-02-11": "Carnival",
    "1975-03-28": "Good Friday",
    "1975-05-01": "Labor Day",
    "1975-05-29": "Corpus Christi",
    "1975-08-06": "Independence Day",
    "1975-12-25": "Christmas Day",
    "1976-01-01": "New Year's Day",
    "1976-03-01": "Carnival",
    "1976-03-02": "Carnival",
    "1976-04-16": "Good Friday",
    "1976-05-01": "Labor Day",
    "1976-06-17": "Corpus Christi",
    "1976-08-06": "Independence Day",
    "1976-12-25": "Christmas Day",
    "1977-01-01": "New Year's Day",
    "1977-02-21": "Carnival",
    "1977-02-22": "Carnival",
    "1977-04-08": "Good Friday",
    "1977-05-01": "Labor Day",
    "1977-05-02": "Labor Day (observed)",
    "1977-06-09": "Corpus Christi",
    "1977-08-06": "Independence Day",
    "1977-12-25": "Christmas Day",
    "1977-12-26": "Christmas Day (observed)",
    "1978-01-01": "New Year's Day",
    "1978-01-02": "New Year's Day (observed)",
    "1978-02-06": "Carnival",
    "1978-02-07": "Carnival",
    "1978-03-24": "Good Friday",
    "1978-05-01": "Labor Day",
    "1978-05-25": "Corpus Christi",
    "1978-08-06": "Independence Day",
    "1978-08-07": "Independence Day (observed)",
    "1978-12-25": "Christmas Day",
    "1979-01-01": "New Year's Day",
    "1979-02-26": "Carnival",
    "1979-02-27": "Carnival",
    "1979-04-13": "Good Friday",
    "1979-05-01": "Labor Day",
    "1979-06-14": "Corpus Christi",
    "1979-08-06": "Independence Day",
    "1979-12-25": "Christmas Day",
    "1980-01-01": "New Year's Day",
    "1980-02-18": "Carnival",
    "1980-02-19": "Carnival",
    "1980-04-04": "Good Friday",
    "1980-05-01": "Labor Day",
    "1980-06-05": "Corpus Christi",
    "1980-08-06": "Independence Day",
    "1980-12-25": "Christmas Day",
    "1981-01-01": "New Year's Day",
    "1981-03-02": "Carnival",
    "1981-03-03": "Carnival",
    "1981-04-17": "Good Friday",
    "1981-05-01": "Labor Day",
    "1981-06-18": "Corpus Christi",
    "1981-08-06": "Independence Day",
    "1981-12-25": "Christmas Day",
    "1982-01-01": "New Year's Day",
    "1982-02-22": "Carnival",
    "1982-02-23": "Carnival",
    "1982-04-09": "Good Friday",
    "1982-05-01": "Labor Day",
    "1982-06-10": "Corpus Christi",
    "1982-08-06": "Independence Day",
    "1982-12-25": "Christmas Day",
    "1983-01-01": "New Year's Day",
    "1983-02-14": "Carnival",
    "1983-02-15": "Carnival",
    "1983-04-01": "Good Friday",
    "1983-05-01": "Labor Day",
    "1983-05-02": "Labor Day (observed)",
    "1983-06-02": "Corpus Christi",
    "1983-08-06": "Independence Day",
    "1983-12-25": "Christmas Day",
    "1983-12-26": "Christmas Day (observed)",
    "1984-01-01": "New Year's Day",
    "1984-01-02": "New Year's Day (observed)",
    "1984-03-05": "Carnival",
    "1984-03-06": "Carnival",
    "1984-04-20": "Good Friday",
    "1984-05-01": "Labor Day",
    "1984-06-21": "Corpus Christi",
    "1984-08-06": "Independence Day",
    "1984-12-25": "Christmas Day",
    "1985-01-01": "New Year's Day",
    "1985-02-18": "Carnival",
    "1985-02-19": "Carnival",
    "1985-04-05": "Good Friday",
    "1985-05-01": "Labor Day",
    "1985-06-06": "Corpus Christi",
    "1985-08-06": "Independence Day",
    "1985-11-01": "All Saints' Day",
    "1985-12-25": "Christmas Day",
    "1986-01-01": "New Year's Day",
    "1986-02-10": "Carnival",
    "1986-02-11": "Carnival",
    "1986-03-28": "Good Friday",
    "1986-05-01": "Labor Day",
    "1986-05-29": "Corpus Christi",
    "1986-08-06": "Independence Day",
    "1986-11-01": "All Saints' Day",
    "1986-12-25": "Christmas Day",
    "1987-01-01": "New Year's Day",
    "1987-03-02": "Carnival",
    "1987-03-03": "Carnival",
    "1987-04-17": "Good Friday",
    "1987-05-01": "Labor Day",
    "1987-06-18": "Corpus Christi",
    "1987-08-06": "Independence Day",
    "1987-11-01": "All Saints' Day",
    "1987-12-25": "Christmas Day",
    "1988-01-01": "New Year's Day",
    "1988-02-15": "Carnival",
    "1988-02-16": "Carnival",
    "1988-04-01": "Good Friday",
    "1988-05-01": "Labor Day",
    "1988-05-02": "Labor Day (observed)",
    "1988-06-02": "Corpus Christi",
    "1988-08-06": "Independence Day",
    "1988-11-01": "All Saints' Day",
    "1988-12-25": "Christmas Day",
    "1988-12-26": "Christmas Day (observed)",
    "1989-01-01": "New Year's Day",
    "1989-01-02": "New Year's Day (observed)",
    "1989-02-06": "Carnival",
    "1989-02-07": "Carnival",
    "1989-03-24": "Good Friday",
    "1989-05-01": "Labor Day",
    "1989-05-25": "Corpus Christi",
    "1989-08-06": "Independence Day",
    "1989-08-07": "Independence Day (observed)",
    "1989-11-02": "All Souls' Day",
    "1989-12-25": "Christmas Day",
    "1990-01-01": "New Year's Day",
    "1990-02-26": "Carnival",
    "1990-02-27": "Carnival",
    "1990-04-13": "Good Friday",
    "1990-05-01": "Labor Day",
    "1990-06-14": "Corpus Christi",
    "1990-08-06": "Independence Day",
    "1990-11-02": "All Souls' Day",
    "1990-12-25": "Christmas Day",
    "1991-01-01": "New Year's Day",
    "1991-02-11": "Carnival",
    "1991-02-12": "Carnival",
    "1991-03-29": "Good Friday",
    "1991-05-01": "Labor Day",
    "1991-05-30": "Corpus Christi",
    "1991-08-06": "Independence Day",
    "1991-11-02": "All Souls' Day",
    "1991-12-25": "Christmas Day",
    "1992-01-01": "New Year's Day",
    "1992-03-02": "Carnival",
    "1992-03-03": "Carnival",
    "1992-04-17": "Good Friday",
    "1992-05-01": "Labor Day",
    "1992-06-18": "Corpus Christi",
    "1992-08-06": "Independence Day",
    "1992-11-02": "All Souls' Day",
    "1992-12-25": "Christmas Day",
    "1993-01-01": "New Year's Day",
    "1993-02-22": "Carnival",
    "1993-02-23": "Carnival",
    "1993-04-09": "Good Friday",
    "1993-05-01": "Labor Day",
    "1993-06-10": "Corpus Christi",
    "1993-08-06": "Independence Day",
    "1993-11-02": "All Souls' Day",
    "1993-12-25": "Christmas Day",
    "1994-01-01": "New Year's Day",
    "1994-02-14": "Carnival",
    "1994-02-15": "Carnival",
    "1994-04-01": "Good Friday",
    "1994-05-01": "Labor Day",
    "1994-05-02": "Labor Day (observed)",
    "1994-06-02": "Corpus Christi",
    "1994-08-06": "Independence Day",
    "1994-11-02": "All Souls' Day",
    "1994-12-25": "Christmas Day",
    "1994-12-26": "Christmas Day (observed)",
    "1995-01-01": "New Year's Day",
    "1995-01-02": "New Year's Day (observed)",
    "1995-02-27": "Carnival",
    "1995-02-28": "Carnival",
    "1995-04-14": "Good Friday",
    "1995-05-01": "Labor Day",
    "1995-06-15": "Corpus Christi",
    "1995-08-06": "Independence Day",
    "1995-08-07": "Independence Day (observed)",
    "1995-11-02": "All Souls' Day",
    "1995-12-25": "Christmas Day",
    "1996-01-01": "New Year's Day",
    "1996-02-19": "Carnival",
    "1996-02-20": "Carnival",
    "1996-04-05": "Good Friday",
    "1996-05-01": "Labor Day",
    "1996-06-06": "Corpus Christi",
    "1996-08-06": "Independence Day",
    "1996-11-02": "All Souls' Day",
    "1996-12-25": "Christmas Day",
    "1997-01-01": "New Year's Day",
    "1997-02-10": "Carnival",
    "1997-02-11": "Carnival",
    "1997-03-28": "Good Friday",
    "1997-05-01": "Labor Day",
    "1997-05-29": "Corpus Christi",
    "1997-08-06": "Independence Day",
    "1997-11-02": "All Souls' Day",
    "1997-11-03": "All Souls' Day (observed)",
    "1997-12-25": "Christmas Day",
    "1998-01-01": "New Year's Day",
    "1998-02-23": "Carnival",
    "1998-02-24": "Carnival",
    "1998-04-10": "Good Friday",
    "1998-05-01": "Labor Day",
    "1998-06-11": "Corpus Christi",
    "1998-08-06": "Independence Day",
    "1998-11-02": "All Souls' Day",
    "1998-12-25": "Christmas Day",
    "1999-01-01": "New Year's Day",
    "1999-02-15": "Carnival",
    "1999-02-16": "Carnival",
    "1999-04-02": "Good Friday",
    "1999-05-01": "Labor Day",
    "1999-06-03": "Corpus Christi",
    "1999-08-06": "Independence Day",
    "1999-11-02": "All Souls' Day",
    "1999-12-25": "Christmas Day",
    "2000-01-01": "New Year's Day",
    "2000-03-06": "Carnival",
    "2000-03-07": "Carnival",
    "2000-04-21": "Good Friday",
    "2000-05-01": "Labor Day",
    "2000-06-22": "Corpus Christi",
    "2000-08-06": "Independence Day",
    "2000-08-07": "Independence Day (observed)",
    "2000-11-02": "All Souls' Day",
    "2000-12-25": "Christmas Day",
    "2001-01-01": "New Year's Day",
    "2001-02-26": "Carnival",
    "2001-02-27": "Carnival",
    "2001-04-13": "Good Friday",
    "2001-05-01": "Labor Day",
    "2001-06-14": "Corpus Christi",
    "2001-08-06": "Independence Day",
    "2001-11-02": "All Souls' Day",
    "2001-12-25": "Christmas Day",
    "2002-01-01": "New Year's Day",
    "2002-02-11": "Carnival",
    "2002-02-12": "Carnival",
    "2002-03-29": "Good Friday",
    "2002-05-01": "Labor Day",
    "2002-05-30": "Corpus Christi",
    "2002-08-06": "Independence Day",
    "2002-11-02": "All Souls' Day",
    "2002-12-25": "Christmas Day",
    "2003-01-01": "New Year's Day",
    "2003-03-03": "Carnival",
    "2003-03-04": "Carnival",
    "2003-04-18": "Good Friday",
    "2003-05-01": "Labor Day",
    "2003-06-19": "Corpus Christi",
    "2003-08-06": "Independence Day",
    "2003-11-02": "All Souls' Day",
    "2003-11-03": "All Souls' Day (observed)",
    "2003-12-25": "Christmas Day",
    "2004-01-01": "New Year's Day",
    "2004-02-23": "Carnival",
    "2004-02-24": "Carnival",
    "2004-04-09": "Good Friday",
    "2004-05-01": "Labor Day",
    "2004-06-10": "Corpus Christi",
    "2004-08-06": "Independence Day",
    "2004-11-02": "All Souls' Day",
    "2004-12-25": "Christmas Day",
    "2005-01-01": "New Year's Day",
    "2005-02-07": "Carnival",
    "2005-02-08": "Carnival",
    "2005-03-25": "Good Friday",
    "2005-05-01": "Labor Day",
    "2005-05-02": "Labor Day (observed)",
    "2005-05-26": "Corpus Christi",
    "2005-08-06": "Independence Day",
    "2005-11-02": "All Souls' Day",
    "2005-12-25": "Christmas Day",
    "2005-12-26": "Christmas Day (observed)",
    "2006-01-01": "New Year's Day",
    "2006-01-02": "New Year's Day (observed)",
    "2006-02-27": "Carnival",
    "2006-02-28": "Carnival",
    "2006-04-14": "Good Friday",
    "2006-05-01": "Labor Day",
    "2006-06-15": "Corpus Christi",
    "2006-08-06": "Independence Day",
    "2006-08-07": "Independence Day (observed)",
    "2006-11-02": "All Souls' Day",
    "2006-12-25": "Christmas Day",
    "2007-01-01": "New Year's Day",
    "2007-02-19": "Carnival",
    "2007-02-20": "Carnival",
    "2007-04-06": "Good Friday",
    "2007-05-01": "Labor Day",
    "2007-06-07": "Corpus Christi",
    "2007-08-06": "Independence Day",
    "2007-11-02": "All Souls' Day",
    "2007-12-25": "Christmas Day",
    "2008-01-01": "New Year's Day",
    "2008-02-04": "Carnival",
    "2008-02-05": "Carnival",
    "2008-03-21": "Good Friday",
    "2008-05-01": "Labor Day",
    "2008-05-22": "Corpus Christi",
    "2008-08-06": "Independence Day",
    "2008-11-02": "All Souls' Day",
    "2008-11-03": "All Souls' Day (observed)",
    "2008-12-25": "Christmas Day",
    "2009-01-01": "New Year's Day",
    "2009-02-23": "Carnival",
    "2009-02-24": "Carnival",
    "2009-04-10": "Good Friday",
    "2009-05-01": "Labor Day",
    "2009-06-11": "Corpus Christi",
    "2009-06-21": "Aymara New Year",
    "2009-06-22": "Aymara New Year (observed)",
    "2009-08-06": "Independence Day",
    "2009-11-02": "All Souls' Day",
    "2009-12-25": "Christmas Day",
    "2010-01-01": "New Year's Day",
    "2010-01-22": "Plurinational State Foundation Day",
    "2010-02-15": "Carnival",
    "2010-02-16": "Carnival",
    "2010-04-02": "Good Friday",
    "2010-05-01": "Labor Day",
    "2010-06-03": "Corpus Christi",
    "2010-06-21": "Aymara New Year",
    "2010-08-06": "Independence Day",
    "2010-11-02": "All Souls' Day",
    "2010-12-25": "Christmas Day",
    "2011-01-01": "New Year's Day",
    "2011-01-22": "Plurinational State Foundation Day",
    "2011-03-07": "Carnival",
    "2011-03-08": "Carnival",
    "2011-04-22": "Good Friday",
    "2011-05-01": "Labor Day",
    "2011-05-02": "Labor Day (observed)",
    "2011-06-21": "Aymara New Year",
    "2011-06-23": "Corpus Christi",
    "2011-08-06": "Independence Day",
    "2011-11-02": "All Souls' Day",
    "2011-12-25": "Christmas Day",
    "2011-12-26": "Christmas Day (observed)",
    "2012-01-01": "New Year's Day",
    "2012-01-02": "New Year's Day (observed)",
    "2012-01-22": "Plurinational State Foundation Day",
    "2012-01-23": "Plurinational State Foundation Day (observed)",
    "2012-02-20": "Carnival",
    "2012-02-21": "Carnival",
    "2012-04-06": "Good Friday",
    "2012-04-30": "Labor Day (observed)",
    "2012-05-01": "Labor Day",
    "2012-06-07": "Corpus Christi",
    "2012-06-21": "Aymara New Year",
    "2012-08-06": "Independence Day",
    "2012-11-02": "All Souls' Day",
    "2012-12-25": "Christmas Day",
    "2013-01-01": "New Year's Day",
    "2013-01-22": "Plurinational State Foundation Day",
    "2013-02-11": "Carnival",
    "2013-02-12": "Carnival",
    "2013-03-29": "Good Friday",
    "2013-05-01": "Labor Day",
    "2013-05-30": "Corpus Christi",
    "2013-06-21": "Aymara New Year",
    "2013-08-06": "Independence Day",
    "2013-11-02": "All Souls' Day",
    "2013-12-25": "Christmas Day",
    "2014-01-01": "New Year's Day",
    "2014-01-22": "Plurinational State Foundation Day",
    "2014-03-03": "Carnival",
    "2014-03-04": "Carnival",
    "2014-04-18": "Good Friday",
    "2014-05-01": "Labor Day",
    "2014-05-02": "Labor Day (observed)",
    "2014-06-19": "Corpus Christi",
    "2014-06-21": "Aymara New Year",
    "2014-08-06": "Independence Day",
    "2014-11-02": "All Souls' Day",
    "2014-11-03": "All Souls' Day (observed)",
    "2014-12-25": "Christmas Day",
    "2015-01-01": "New Year's Day",
    "2015-01-22": "Plurinational State Foundation Day",
    "2015-02-16": "Carnival",
    "2015-02-17": "Carnival",
    "2015-04-03": "Good Friday",
    "2015-05-01": "Labor Day",
    "2015-06-04": "Corpus Christi",
    "2015-06-21": "Aymara New Year",
    "2015-06-22": "Aymara New Year (observed)",
    "2015-08-06": "Independence Day",
    "2015-11-02": "All Souls' Day",
    "2015-12-25": "Christmas Day",
    "2016-01-01": "New Year's Day",
    "2016-01-22": "Plurinational State Foundation Day",
    "2016-02-08": "Carnival",
    "2016-02-09": "Carnival",
    "2016-03-25": "Good Friday",
    "2016-05-01": "Labor Day",
    "2016-05-02": "Labor Day (observed)",
    "2016-05-26": "Corpus Christi",
    "2016-06-21": "Aymara New Year",
    "2016-08-06": "Independence Day",
    "2016-11-02": "All Souls' Day",
    "2016-12-25": "Christmas Day",
    "2016-12-26": "Christmas Day (observed)",
    "2017-01-01": "New Year's Day",
    "2017-01-02": "New Year's Day (observed)",
    "2017-01-22": "Plurinational State Foundation Day",
    "2017-01-23": "Plurinational State Foundation Day (observed)",
    "2017-02-27": "Carnival",
    "2017-02-28": "Carnival",
    "2017-04-14": "Good Friday",
    "2017-05-01": "Labor Day",
    "2017-06-15": "Corpus Christi",
    "2017-06-21": "Aymara New Year",
    "2017-08-06": "Independence Day",
    "2017-08-07": "Independence Day (observed)",
    "2017-11-02": "All Souls' Day",
    "2017-12-25": "Christmas Day",
    "2018-01-01": "New Year's Day",
    "2018-01-22": "Plurinational State Foundation Day",
    "2018-02-12": "Carnival",
    "2018-02-13": "Carnival",
    "2018-03-30": "Good Friday",
    "2018-05-01": "Labor Day",
    "2018-05-31": "Corpus Christi",
    "2018-06-21": "Aymara New Year",
    "2018-08-06": "Independence Day",
    "2018-11-02": "All Souls' Day",
    "2018-12-25": "Christmas Day",
    "2019-01-01": "New Year's Day",
    "2019-01-22": "Plurinational State Foundation Day",
    "2019-03-04": "Carnival",
    "2019-03-05": "Carnival",
    "2019-04-19": "Good Friday",
    "2019-05-01": "Labor Day",
    "2019-06-20": "Corpus Christi",
    "2019-06-21": "Aymara New Year",
    "2019-08-06": "Independence Day",
    "2019-11-02": "All Souls' Day",
    "2019-12-25": "Christmas Day",
    "2020-01-01": "New Year's Day",
    "2020-01-22": "Plurinational State Foundation Day",
    "2020-02-24": "Carnival",
    "2020-02-25": "Carnival",
    "2020-04-10": "Good Friday",
    "2020-05-01": "Labor Day",
    "2020-06-11": "Corpus Christi",
    "2020-06-21": "Aymara New Year",
    "2020-06-22": "Aymara New Year (observed)",
    "2020-08-06": "Independence Day",
    "2020-10-17": "National Dignity Day",
    "2020-11-02": "All Souls' Day",
    "2020-12-25": "Christmas Day",
    "2021-01-01": "New Year's Day",
    "2021-01-22": "Plurinational State Foundation Day",
    "2021-02-15": "Carnival",
    "2021-02-16": "Carnival",
    "2021-04-02": "Good Friday",
    "2021-05-01": "Labor Day",
    "2021-06-03": "Corpus Christi",
    "2021-06-21": "Aymara New Year",
    "2021-08-06": "Independence Day",
    "2021-10-17": "National Dignity Day",
    "2021-11-02": "All Souls' Day",
    "2021-12-25": "Christmas Day",
    "2022-01-01": "New Year's Day",
    "2022-01-22": "Plurinational State Foundation Day",
    "2022-02-28": "Carnival",
    "2022-03-01": "Carnival",
    "2022-04-15": "Good Friday",
    "2022-05-01": "Labor Day",
    "2022-05-02": "Labor Day (observed)",
    "2022-06-16": "Corpus Christi",
    "2022-06-21": "Aymara New Year",
    "2022-08-06": "Independence Day",
    "2022-10-17": "National Dignity Day",
    "2022-11-02": "All Souls' Day",
    "2022-12-25": "Christmas Day",
    "2022-12-26": "Christmas Day (observed)",
    "2023-01-01": "New Year's Day",
    "2023-01-02": "New Year's Day (observed)",
    "2023-01-22": "Plurinational State Foundation Day",
    "2023-01-23": "Plurinational State Foundation Day (observed)",
    "2023-02-20": "Carnival",
    "2023-02-21": "Carnival",
    "2023-04-07": "Good Friday",
    "2023-05-01": "Labor Day",
    "2023-06-08": "Corpus Christi",
    "2023-06-21": "Aymara New Year",
    "2023-08-06": "Independence Day",
    "2023-08-07": "Independence Day (observed)",
    "2023-10-17": "National Dignity Day",
    "2023-11-02": "All Souls' Day",
    "2023-12-25": "Christmas Day",
    "2024-01-01": "New Year's Day",
    "2024-01-22": "Plurinational State Foundation Day",
    "2024-02-12": "Carnival",
    "2024-02-13": "Carnival",
    "2024-03-29": "Good Friday",
    "2024-05-01": "Labor Day",
    "2024-05-30": "Corpus Christi",
    "2024-06-21": "Aymara New Year",
    "2024-08-06": "Independence Day",
    "2024-10-17": "National Dignity Day",
    "2024-11-02": "All Souls' Day",
    "2024-12-25": "Christmas Day",
    "2025-01-01": "New Year's Day",
    "2025-01-22": "Plurinational State Foundation Day",
    "2025-03-03": "Carnival",
    "2025-03-04": "Carnival",
    "2025-04-18": "Good Friday",
    "2025-05-01": "Labor Day",
    "2025-06-19": "Corpus Christi",
    "2025-06-21": "Aymara New Year",
    "2025-08-06": "Independence Day",
    "2025-10-17": "National Dignity Day",
    "2025-11-02": "All Souls' Day",
    "2025-12-25": "Christmas Day",
    "2026-01-01": "New Year's Day",
    "2026-01-22": "Plurinational State Foundation Day",
    "2026-02-16": "Carnival",
    "2026-02-17": "Carnival",
    "2026-04-03": "Good Friday",
    "2026-05-01": "Labor Day",
    "2026-06-04": "Corpus Christi",
    "2026-06-21": "Aymara New Year",
    "2026-06-22": "Aymara New Year (observed)",
    "2026-08-06": "Independence Day",
    "2026-10-17": "National Dignity Day",
    "2026-11-02": "All Souls' Day",
    "2026-12-25": "Christmas Day",
    "2027-01-01": "New Year's Day",
    "2027-01-22": "Plurinational State Foundation Day",
    "2027-02-08": "Carnival",
    "2027-02-09": "Carnival",
    "2027-03-26": "Good Friday",
    "2027-05-01": "Labor Day",
    "2027-05-27": "Corpus Christi",
    "2027-06-21": "Aymara New Year",
    "2027-08-06": "Independence Day",
    "2027-10-17": "National Dignity Day",
    "2027-11-02": "All Souls' Day",
    "2027-12-25": "Christmas Day",
    "2028-01-01": "New Year's Day",
    "2028-01-22": "Plurinational State Foundation Day",
    "2028-02-28": "Carnival",
    "2028-02-29": "Carnival",
    "2028-04-14": "Good Friday",
    "2028-05-01": "Labor Day",
    "2028-06-15": "Corpus Christi",
    "2028-06-21": "Aymara New Year",
    "2028-08-06": "Independence Day",
    "2028-08-07": "Independence Day (observed)",
    "2028-10-17": "National Dignity Day",
    "2028-11-02": "All Souls' Day",
    "2028-12-25": "Christmas Day",
    "2029-01-01": "New Year's Day",
    "2029-01-22": "Plurinational State Foundation Day",
    "2029-02-12": "Carnival",
    "2029-02-13": "Carnival",
    "2029-03-30": "Good Friday",
    "2029-05-01": "Labor Day",
    "2029-05-31": "Corpus Christi",
    "2029-06-21": "Aymara New Year",
    "2029-08-06": "Independence Day",
    "2029-10-17": "National Dignity Day",
    "2029-11-02": "All Souls' Day",
    "2029-12-25": "Christmas Day",
    "2030-01-01": "New Year's Day",
    "2030-01-22": "Plurinational State Foundation Day",
    "2030-03-04": "Carnival",
    "2030-03-05": "Carnival",
    "2030-04-19": "Good Friday",
    "2030-05-01": "Labor Day",
    "2030-06-20": "Corpus Christi",
    "2030-06-21": "Aymara New Year",
    "2030-08-06": "Independence Day",
    "2030-10-17": "National Dignity Day",
    "2030-11-02": "All Souls' Day",
    "2030-12-25": "Christmas Day",
    "2031-01-01": "New Year's Day",
    "2031-01-22": "Plurinational State Foundation Day",
    "2031-02-24": "Carnival",
    "2031-02-25": "Carnival",
    "2031-04-11": "Good Friday",
    "2031-05-01": "Labor Day",
    "2031-06-12": "Corpus Christi",
    "2031-06-21": "Aymara New Year",
    "2031-08-06": "Independence Day",
    "2031-10-17": "National Dignity Day",
    "2031-11-02": "All Souls' Day",
    "2031-12-25": "Christmas Day",
    "2032-01-01": "New Year's Day",
    "2032-01-22": "Plurinational State Foundation Day",
    "2032-02-09": "Carnival",
    "2032-02-10": "Carnival",
    "2032-03-26": "Good Friday",
    "2032-05-01": "Labor Day",
    "2032-05-27": "Corpus Christi",
    "2032-06-21": "Aymara New Year",
    "2032-08-06": "Independence Day",
    "2032-10-17": "National Dignity Day",
    "2032-11-02": "All Souls' Day",
    "2032-12-25": "Christmas Day",
    "2033-01-01": "New Year's Day",
    "2033-01-22": "Plurinational State Foundation Day",
    "2033-02-28": "Carnival",
    "2033-03-01": "Carnival",
    "2033-04-15": "Good Friday",
    "2033-05-01": "Labor Day",
    "2033-05-02": "Labor Day (observed)",
    "2033-06-16": "Corpus Christi",
    "2033-06-21": "Aymara New Year",
    "2033-08-06": "Independence Day",
    "2033-10-17": "National Dignity Day",
    "2033-11-02": "All Souls' Day",
    "2033-12-25": "Christmas Day",
    "2033-12-26": "Christmas Day (observed)",
    "2034-01-01": "New Year's Day",
    "2034-01-02": "New Year's Day (observed)",
    "2034-01-22": "Plurinational State Foundation Day",
    "2034-01-23": "Plurinational State Foundation Day (observed)",
    "2034-02-20": "Carnival",
    "2034-02-21": "Carnival",
    "2034-04-07": "Good Friday",
    "2034-05-01": "Labor Day",
    "2034-06-08": "Corpus Christi",
    "2034-06-21": "Aymara New Year",
    "2034-08-06": "Independence Day",
    "2034-08-07": "Independence Day (observed)",
    "2034-10-17": "National Dignity Day",
    "2034-11-02": "All Souls' Day",
    "2034-12-25": "Christmas Day",
    "2035-01-01": "New Year's Day",
    "2035-01-22": "Plurinational State Foundation Day",
    "2035-02-05": "Carnival",
    "2035-02-06": "Carnival",
    "2035-03-23": "Good Friday",
    "2035-05-01": "Labor Day",
    "2035-05-24": "Corpus Christi",
    "2035-06-21": "Aymara New Year",
    "2035-08-06": "Independence Day",
    "2035-10-17": "National Dignity Day",
    "2035-11-02": "All Souls' Day",
    "2035-12-25": "Christmas Day",
    "2036-01-01": "New Year's Day",
    "2036-01-22": "Plurinational State Foundation Day",
    "2036-02-25": "Carnival",
    "2036-02-26": "Carnival",
    "2036-04-11": "Good Friday",
    "2036-05-01": "Labor Day",
    "2036-06-12": "Corpus Christi",
    "2036-06-21": "Aymara New Year",
    "2036-08-06": "Independence Day",
    "2036-10-17": "National Dignity Day",
    "2036-11-02": "All Souls' Day",
    "2036-12-25": "Christmas Day",
    "2037-01-01": "New Year's Day",
    "2037-01-22": "Plurinational State Foundation Day",
    "2037-02-16": "Carnival",
    "2037-02-17": "Carnival",
    "2037-04-03": "Good Friday",
    "2037-05-01": "Labor Day",
    "2037-06-04": "Corpus Christi",
    "2037-06-21": "Aymara New Year",
    "2037-06-22": "Aymara New Year (observed)",
    "2037-08-06": "Independence Day",
    "2037-10-17": "National Dignity Day",
    "2037-11-02": "All Souls' Day",
    "2037-12-25": "Christmas Day",
    "2038-01-01": "New Year's Day",
    "2038-01-22": "Plurinational State Foundation Day",
    "2038-03-08": "Carnival",
    "2038-03-09": "Carnival",
    "2038-04-23": "Good Friday",
    "2038-05-01": "Labor Day",
    "2038-06-21": "Aymara New Year",
    "2038-06-24": "Corpus Christi",
    "2038-08-06": "Independence Day",
    "2038-10-17": "National Dignity Day",
    "2038-11-02": "All Souls' Day",
    "2038-12-25": "Christmas Day",
    "2039-01-01": "New Year's Day",
    "2039-01-22": "Plurinational State Foundation Day",
    "2039-02-21": "Carnival",
    "2039-02-22": "Carnival",
    "2039-04-08": "Good Friday",
    "2039-05-01": "Labor Day",
    "2039-05-02": "Labor Day (observed)",
    "2039-06-09": "Corpus Christi",
    "2039-06-21": "Aymara New Year",
    "2039-08-06": "Independence Day",
    "2039-10-17": "National Dignity Day",
    "2039-11-02": "All Souls' Day",
    "2039-12-25": "Christmas Day",
    "2039-12-26": "Christmas Day (observed)",
    "2040-01-01": "New Year's Day",
    "2040-01-02": "New Year's Day (observed)",
    "2040-01-22": "Plurinational State Foundation Day",
    "2040-01-23": "Plurinational State Foundation Day (observed)",
    "2040-02-13": "Carnival",
    "2040-02-14": "Carnival",
    "2040-03-30": "Good Friday",
    "2040-05-01": "Labor Day",
    "2040-05-31": "Corpus Christi",
    "2040-06-21": "Aymara New Year",
    "2040-08-06": "Independence Day",
    "2040-10-17": "National Dignity Day",
    "2040-11-02": "All Souls' Day",
    "2040-12-25": "Christmas Day",
    "2041-01-01": "New Year's Day",
    "2041-01-22": "Plurinational State Foundation Day",
    "2041-03-04": "Carnival",
    "2041-03-05": "Carnival",
    "2041-04-19": "Good Friday",
    "2041-05-01": "Labor Day",
    "2041-06-20": "Corpus Christi",
    "2041-06-21": "Aymara New Year",
    "2041-08-06": "Independence Day",
    "2041-10-17": "National Dignity Day",
    "2041-11-02": "All Souls' Day",
    "2041-12-25": "Christmas Day",
    "2042-01-01": "New Year's Day",
    "2042-01-22": "Plurinational State Foundation Day",
    "2042-02-17": "Carnival",
    "2042-02-18": "Carnival",
    "2042-04-04": "Good Friday",
    "2042-05-01": "Labor Day",
    "2042-06-05": "Corpus Christi",
    "2042-06-21": "Aymara New Year",
    "2042-08-06": "Independence Day",
    "2042-10-17": "National Dignity Day",
    "2042-11-02": "All Souls' Day",
    "2042-12-25": "Christmas Day",
    "2043-01-01": "New Year's Day",
    "2043-01-22": "Plurinational State Foundation Day",
    "2043-02-09": "Carnival",
    "2043-02-10": "Carnival",
    "2043-03-27": "Good Friday",
    "2043-05-01": "Labor Day",
    "2043-05-28": "Corpus Christi",
    "2043-06-21": "Aymara New Year",
    "2043-06-22": "Aymara New Year (observed)",
    "2043-08-06": "Independence Day",
    "2043-10-17": "National Dignity Day",
    "2043-11-02": "All Souls' Day",
    "2043-12-25": "Christmas Day",
    "2044-01-01": "New Year's Day",
    "2044-01-22": "Plurinational State Foundation Day",
    "2044-02-29": "Carnival",
    "2044-03-01": "Carnival",
    "2044-04-15": "Good Friday",
    "2044-05-01": "Labor Day",
    "2044-05-02": "Labor Day (observed)",
    "2044-06-16": "Corpus Christi",
    "2044-06-21": "Aymara New Year",
    "2044-08-06": "Independence Day",
    "2044-10-17": "National Dignity Day",
    "2044-11-02": "All Souls' Day",
    "2044-12-25": "Christmas Day",
    "2044-12-26": "Christmas Day (observed)",
    "2045-01-01": "New Year's Day",
    "2045-01-02": "New Year's Day (observed)",
    "2045-01-22": "Plurinational State Foundation Day",
    "2045-01-23": "Plurinational State Foundation Day (observed)",
    "2045-02-20": "Carnival",
    "2045-02-21": "Carnival",
    "2045-04-07": "Good Friday",
    "2045-05-01": "Labor Day",
    "2045-06-08": "Corpus Christi",
    "2045-06-21": "Aymara New Year",
    "2045-08-06": "Independence Day",
    "2045-08-07": "Independence Day (observed)",
    "2045-10-17": "National Dignity Day",
    "2045-11-02": "All Souls' Day",
    "2045-12-25": "Christmas Day",
    "2046-01-01": "New Year's Day",
    "2046-01-22": "Plurinational State Foundation Day",
    "2046-02-05": "Carnival",
    "2046-02-06": "Carnival",
    "2046-03-23": "Good Friday",
    "2046-05-01": "Labor Day",
    "2046-05-24": "Corpus Christi",
    "2046-06-21": "Aymara New Year",
    "2046-08-06": "Independence Day",
    "2046-10-17": "National Dignity Day",
    "2046-11-02": "All Souls' Day",
    "2046-12-25": "Christmas Day",
    "2047-01-01": "New Year's Day",
    "2047-01-22": "Plurinational State Foundation Day",
    "2047-02-25": "Carnival",
    "2047-02-26": "Carnival",
    "2047-04-12": "Good Friday",
    "2047-05-01": "Labor Day",
    "2047-06-13": "Corpus Christi",
    "2047-06-21": "Aymara New Year",
    "2047-08-06": "Independence Day",
    "2047-10-17": "National Dignity Day",
    "2047-11-02": "All Souls' Day",
    "2047-12-25": "Christmas Day",
    "2048-01-01": "New Year's Day",
    "2048-01-22": "Plurinational State Foundation Day",
    "2048-02-17": "Carnival",
    "2048-02-18": "Carnival",
    "2048-04-03": "Good Friday",
    "2048-05-01": "Labor Day",
    "2048-06-04": "Corpus Christi",
    "2048-06-21": "Aymara New Year",
    "2048-06-22": "Aymara New Year (observed)",
    "2048-08-06": "Independence Day",
    "2048-10-17": "National Dignity Day",
    "2048-11-02": "All Souls' Day",
    "2048-12-25": "Christmas Day",
    "2049-01-01": "New Year's Day",
    "2049-01-22": "Plurinational State Foundation Day",
    "2049-03-01": "Carnival",
    "2049-03-02": "Carnival",
    "2049-04-16": "Good Friday",
    "2049-05-01": "Labor Day",
    "2049-06-17": "Corpus Christi",
    "2049-06-21": "Aymara New Year",
    "2049-08-06": "Independence Day",
    "2049-10-17": "National Dignity Day",
    "2049-11-02": "All Souls' Day",
    "2049-12-25": "Christmas Day",
    "2050-01-01": "New Year's Day",
    "2050-01-22": "Plurinational State Foundation Day",
    "2050-02-21": "Carnival",
    "2050-02-22": "Carnival",
    "2050-04-08": "Good Friday",
    "2050-05-01": "Labor Day",
    "2050-05-02": "Labor Day (observed)",
    "2050-06-09": "Corpus Christi",
    "2050-06-21": "Aymara New Year",
    "2050-08-06": "Independence Day",
    "2050-10-17": "National Dignity Day",
    "2050-11-02": "All Souls' Day",
    "2050-12-25": "Christmas Day",
    "2050-12-26": "Christmas Day (observed)"
}
