{
    "1950-01-01": "Universal Fraternization Day",
    "1950-02-20": "Carnival",
    "1950-02-21": "Carnival",
    "1950-02-22": "Ash Wednesday",
    "1950-04-07": "Good Friday",
    "1950-04-21": "Tiradentes' Day",
    "1950-05-01": "Worker's Day",
    "1950-06-08": "Corpus Christi",
    "1950-09-07": "Independence Day",
    "1950-10-28": "Public Servant's Day",
    "1950-11-02": "All Souls' Day",
    "1950-11-15": "Republic Proclamation Day",
    "1950-12-24": "Christmas Eve",
    "1950-12-25": "Christmas Day",
    "1950-12-31": "New Year's Eve",
    "1951-01-01": "Universal Fraternization Day",
    "1951-02-05": "Carnival",
    "1951-02-06": "Carnival",
    "1951-02-07": "Ash Wednesday",
    "1951-03-23": "Good Friday",
    "1951-04-21": "Tiradentes' Day",
    "1951-05-01": "Worker's Day",
    "1951-05-24": "Corpus Christi",
    "1951-09-07": "Independence Day",
    "1951-10-28": "Public Servant's Day",
    "1951-11-02": "All Souls' Day",
    "1951-11-15": "Republic Proclamation Day",
    "1951-12-24": "Christmas Eve",
    "1951-12-25": "Christmas Day",
    "1951-12-31": "New Year's Eve",
    "1952-01-01": "Universal Fraternization Day",
    "1952-02-25": "Carnival",
    "1952-02-26": "Carnival",
    "1952-02-27": "Ash Wednesday",
    "1952-04-11": "Good Friday",
    "1952-04-21": "Tiradentes' Day",
    "1952-05-01": "Worker's Day",
    "1952-06-12": "Corpus Christi",
    "1952-09-07": "Independence Day",
    "1952-10-28": "Public Servant's Day",
    "1952-11-02": "All Souls' Day",
    "1952-11-15": "Republic Proclamation Day",
    "1952-12-24": "Christmas Eve",
    "1952-12-25": "Christmas Day",
    "1952-12-31": "New Year's Eve",
    "1953-01-01": "Universal Fraternization Day",
    "1953-02-16": "Carnival",
    "1953-02-17": "Carnival",
    "1953-02-18": "Ash Wednesday",
    "1953-04-03": "Good Friday",
    "1953-04-21": "Tiradentes' Day",
    "1953-05-01": "Worker's Day",
    "1953-06-04": "Corpus Christi",
    "1953-09-07": "Independence Day",
    "1953-10-28": "Public Servant's Day",
    "1953-11-02": "All Souls' Day",
    "1953-11-15": "Republic Proclamation Day",
    "1953-12-24": "Christmas Eve",
    "1953-12-25": "Christmas Day",
    "1953-12-31": "New Year's Eve",
    "1954-01-01": "Universal Fraternization Day",
    "1954-03-01": "Carnival",
    "1954-03-02": "Carnival",
    "1954-03-03": "Ash Wednesday",
    "1954-04-16": "Good Friday",
    "1954-04-21": "Tiradentes' Day",
    "1954-05-01": "Worker's Day",
    "1954-06-17": "Corpus Christi",
    "1954-09-07": "Independence Day",
    "1954-10-28": "Public Servant's Day",
    "1954-11-02": "All Souls' Day",
    "1954-11-15": "Republic Proclamation Day",
    "1954-12-24": "Christmas Eve",
    "1954-12-25": "Christmas Day",
    "1954-12-31": "New Year's Eve",
    "1955-01-01": "Universal Fraternization Day",
    "1955-02-21": "Carnival",
    "1955-02-22": "Carnival",
    "1955-02-23": "Ash Wednesday",
    "1955-04-08": "Good Friday",
    "1955-04-21": "Tiradentes' Day",
    "1955-05-01": "Worker's Day",
    "1955-06-09": "Corpus Christi",
    "1955-09-07": "Independence Day",
    "1955-10-28": "Public Servant's Day",
    "1955-11-02": "All Souls' Day",
    "1955-11-15": "Republic Proclamation Day",
    "1955-12-24": "Christmas Eve",
    "1955-12-25": "Christmas Day",
    "1955-12-31": "New Year's Eve",
    "1956-01-01": "Universal Fraternization Day",
    "1956-02-13": "Carnival",
    "1956-02-14": "Carnival",
    "1956-02-15": "Ash Wednesday",
    "1956-03-30": "Good Friday",
    "1956-04-21": "Tiradentes' Day",
    "1956-05-01": "Worker's Day",
    "1956-05-31": "Corpus Christi",
    "1956-09-07": "Independence Day",
    "1956-10-28": "Public Servant's Day",
    "1956-11-02": "All Souls' Day",
    "1956-11-15": "Republic Proclamation Day",
    "1956-12-24": "Christmas Eve",
    "1956-12-25": "Christmas Day",
    "1956-12-31": "New Year's Eve",
    "1957-01-01": "Universal Fraternization Day",
    "1957-03-04": "Carnival",
    "1957-03-05": "Carnival",
    "1957-03-06": "Ash Wednesday",
    "1957-04-19": "Good Friday",
    "1957-04-21": "Tiradentes' Day",
    "1957-05-01": "Worker's Day",
    "1957-06-20": "Corpus Christi",
    "1957-09-07": "Independence Day",
    "1957-10-28": "Public Servant's Day",
    "1957-11-02": "All Souls' Day",
    "1957-11-15": "Republic Proclamation Day",
    "1957-12-24": "Christmas Eve",
    "1957-12-25": "Christmas Day",
    "1957-12-31": "New Year's Eve",
    "1958-01-01": "Universal Fraternization Day",
    "1958-02-17": "Carnival",
    "1958-02-18": "Carnival",
    "1958-02-19": "Ash Wednesday",
    "1958-04-04": "Good Friday",
    "1958-04-21": "Tiradentes' Day",
    "1958-05-01": "Worker's Day",
    "1958-06-05": "Corpus Christi",
    "1958-09-07": "Independence Day",
    "1958-10-28": "Public Servant's Day",
    "1958-11-02": "All Souls' Day",
    "1958-11-15": "Republic Proclamation Day",
    "1958-12-24": "Christmas Eve",
    "1958-12-25": "Christmas Day",
    "1958-12-31": "New Year's Eve",
    "1959-01-01": "Universal Fraternization Day",
    "1959-02-09": "Carnival",
    "1959-02-10": "Carnival",
    "1959-02-11": "Ash Wednesday",
    "1959-03-27": "Good Friday",
    "1959-04-21": "Tiradentes' Day",
    "1959-05-01": "Worker's Day",
    "1959-05-28": "Corpus Christi",
    "1959-09-07": "Independence Day",
    "1959-10-28": "Public Servant's Day",
    "1959-11-02": "All Souls' Day",
    "1959-11-15": "Republic Proclamation Day",
    "1959-12-24": "Christmas Eve",
    "1959-12-25": "Christmas Day",
    "1959-12-31": "New Year's Eve",
    "1960-01-01": "Universal Fraternization Day",
    "1960-02-29": "Carnival",
    "1960-03-01": "Carnival",
    "1960-03-02": "Ash Wednesday",
    "1960-04-15": "Good Friday",
    "1960-04-21": "Tiradentes' Day",
    "1960-05-01": "Worker's Day",
    "1960-06-16": "Corpus Christi",
    "1960-09-07": "Independence Day",
    "1960-10-28": "Public Servant's Day",
    "1960-11-02": "All Souls' Day",
    "1960-11-15": "Republic Proclamation Day",
    "1960-12-24": "Christmas Eve",
    "1960-12-25": "Christmas Day",
    "1960-12-31": "New Year's Eve",
    "1961-01-01": "Universal Fraternization Day",
    "1961-02-13": "Carnival",
    "1961-02-14": "Carnival",
    "1961-02-15": "Ash Wednesday",
    "1961-03-31": "Good Friday",
    "1961-04-21": "Tiradentes' Day",
    "1961-05-01": "Worker's Day",
    "1961-06-01": "Corpus Christi",
    "1961-09-07": "Independence Day",
    "1961-10-28": "Public Servant's Day",
    "1961-11-02": "All Souls' Day",
    "1961-11-15": "Republic Proclamation Day",
    "1961-12-24": "Christmas Eve",
    "1961-12-25": "Christmas Day",
    "1961-12-31": "New Year's Eve",
    "1962-01-01": "Universal Fraternization Day",
    "1962-03-05": "Carnival",
    "1962-03-06": "Carnival",
    "1962-03-07": "Ash Wednesday",
    "1962-04-20": "Good Friday",
    "1962-04-21": "Tiradentes' Day",
    "1962-05-01": "Worker's Day",
    "1962-06-21": "Corpus Christi",
    "1962-09-07": "Independence Day",
    "1962-10-28": "Public Servant's Day",
    "1962-11-02": "All Souls' Day",
    "1962-11-15": "Republic Proclamation Day",
    "1962-12-24": "Christmas Eve",
    "1962-12-25": "Christmas Day",
    "1962-12-31": "New Year's Eve",
    "1963-01-01": "Universal Fraternization Day",
    "1963-02-25": "Carnival",
    "1963-02-26": "Carnival",
    "1963-02-27": "Ash Wednesday",
    "1963-04-12": "Good Friday",
    "1963-04-21": "Tiradentes' Day",
    "1963-05-01": "Worker's Day",
    "1963-06-13": "Corpus Christi",
    "1963-09-07": "Independence Day",
    "1963-10-28": "Public Servant's Day",
    "1963-11-02": "All Souls' Day",
    "1963-11-15": "Republic Proclamation Day",
    "1963-12-24": "Christmas Eve",
    "1963-12-25": "Christmas Day",
    "1963-12-31": "New Year's Eve",
    "1964-01-01": "Universal Fraternization Day",
    "1964-02-10": "Carnival",
    "1964-02-11": "Carnival",
    "1964-02-12": "Ash Wednesday",
    "1964-03-27": "Good Friday",
    "1964-04-21": "Tiradentes' Day",
    "1964-05-01": "Worker's Day",
    "1964-05-28": "Corpus Christi",
    "1964-09-07": "Independence Day",
    "1964-10-28": "Public Servant's Day",
    "1964-11-02": "All Souls' Day",
    "1964-11-15": "Republic Proclamation Day",
    "1964-12-24": "Christmas Eve",
    "1964-12-25": "Christmas Day",
    "1964-12-31": "New Year's Eve",
    "1965-01-01": "Universal Fraternization Day",
    "1965-03-01": "Carnival",
    "1965-03-02": "Carnival",
    "1965-03-03": "Ash Wednesday",
    "1965-04-16": "Good Friday",
    "1965-04-21": "Tiradentes' Day",
    "1965-05-01": "Worker's Day",
    "1965-06-17": "Corpus Christi",
    "1965-09-07": "Independence Day",
    "1965-10-28": "Public Servant's Day",
    "1965-11-02": "All Souls' Day",
    "1965-11-15": "Republic Proclamation Day",
    "1965-12-24": "Christmas Eve",
    "1965-12-25": "Christmas Day",
    "1965-12-31": "New Year's Eve",
    "1966-01-01": "Universal Fraternization Day",
    "1966-02-21": "Carnival",
    "1966-02-22": "Carnival",
    "1966-02-23": "Ash Wednesday",
    "1966-04-08": "Good Friday",
    "1966-04-21": "Tiradentes' Day",
    "1966-05-01": "Worker's Day",
    "1966-06-09": "Corpus Christi",
    "1966-09-07": "Independence Day",
    "1966-10-28": "Public Servant's Day",
    "1966-11-02": "All Souls' Day",
    "1966-11-15": "Republic Proclamation Day",
    "1966-12-24": "Christmas Eve",
    "1966-12-25": "Christmas Day",
    "1966-12-31": "New Year's Eve",
    "1967-01-01": "Universal Fraternization Day",
    "1967-02-06": "Carnival",
    "1967-02-07": "Carnival",
    "1967-02-08": "Ash Wednesday",
    "1967-03-24": "Good Friday",
    "1967-04-21": "Tiradentes' Day",
    "1967-05-01": "Worker's Day",
    "1967-05-25": "Corpus Christi",
    "1967-09-07": "Independence Day",
    "1967-10-28": "Public Servant's Day",
    "1967-11-02": "All Souls' Day",
    "1967-11-15": "Republic Proclamation Day",
    "1967-12-24": "Christmas Eve",
    "1967-12-25": "Christmas Day",
    "1967-12-31": "New Year's Eve",
    "1968-01-01": "Universal Fraternization Day",
    "1968-02-26": "Carnival",
    "1968-02-27": "Carnival",
    "1968-02-28": "Ash Wednesday",
    "1968-04-12": "Good Friday",
    "1968-04-21": "Tiradentes' Day",
    "1968-05-01": "Worker's Day",
    "1968-06-13": "Corpus Christi",
    "1968-09-07": "Independence Day",
    "1968-10-28": "Public Servant's Day",
    "1968-11-02": "All Souls' Day",
    "1968-11-15": "Republic Proclamation Day",
    "1968-12-24": "Christmas Eve",
    "1968-12-25": "Christmas Day",
    "1968-12-31": "New Year's Eve",
    "1969-01-01": "Universal Fraternization Day",
    "1969-02-17": "Carnival",
    "1969-02-18": "Carnival",
    "1969-02-19": "Ash Wednesday",
    "1969-04-04": "Good Friday",
    "1969-04-21": "Tiradentes' Day",
    "1969-05-01": "Worker's Day",
    "1969-06-05": "Corpus Christi",
    "1969-09-07": "Independence Day",
    "1969-10-28": "Public Servant's Day",
    "1969-11-02": "All Souls' Day",
    "1969-11-15": "Republic Proclamation Day",
    "1969-12-24": "Christmas Eve",
    "1969-12-25": "Christmas Day",
    "1969-12-31": "New Year's Eve",
    "1970-01-01": "Universal Fraternization Day",
    "1970-02-09": "Carnival",
    "1970-02-10": "Carnival",
    "1970-02-11": "Ash Wednesday",
    "1970-03-27": "Good Friday",
    "1970-04-21": "Tiradentes' Day",
    "1970-05-01": "Worker's Day",
    "1970-05-28": "Corpus Christi",
    "1970-09-07": "Independence Day",
    "1970-10-28": "Public Servant's Day",
    "1970-11-02": "All Souls' Day",
    "1970-11-15": "Republic Proclamation Day",
    "1970-12-24": "Christmas Eve",
    "1970-12-25": "Christmas Day",
    "1970-12-31": "New Year's Eve",
    "1971-01-01": "Universal Fraternization Day",
    "1971-02-22": "Carnival",
    "1971-02-23": "Carnival",
    "1971-02-24": "Ash Wednesday",
    "1971-04-09": "Good Friday",
    "1971-04-21": "Tiradentes' Day",
    "1971-05-01": "Worker's Day",
    "1971-06-10": "Corpus Christi",
    "1971-09-07": "Independence Day",
    "1971-10-28": "Public Servant's Day",
    "1971-11-02": "All Souls' Day",
    "1971-11-15": "Republic Proclamation Day",
    "1971-12-24": "Christmas Eve",
    "1971-12-25": "Christmas Day",
    "1971-12-31": "New Year's Eve",
    "1972-01-01": "Universal Fraternization Day",
    "1972-02-14": "Carnival",
    "1972-02-15": "Carnival",
    "1972-02-16": "Ash Wednesday",
    "1972-03-31": "Good Friday",
    "1972-04-21": "Tiradentes' Day",
    "1972-05-01": "Worker's Day",
    "1972-06-01": "Corpus Christi",
    "1972-09-07": "Independence Day",
    "1972-10-28": "Public Servant's Day",
    "1972-11-02": "All Souls' Day",
    "1972-11-15": "Republic Proclamation Day",
    "1972-12-24": "Christmas Eve",
    "1972-12-25": "Christmas Day",
    "1972-12-31": "New Year's Eve",
    "1973-01-01": "Universal Fraternization Day",
    "1973-03-05": "Carnival",
    "1973-03-06": "Carnival",
    "1973-03-07": "Ash Wednesday",
    "1973-04-20": "Good Friday",
    "1973-04-21": "Tiradentes' Day",
    "1973-05-01": "Worker's Day",
    "1973-06-21": "Corpus Christi",
    "1973-09-07": "Independence Day",
    "1973-10-28": "Public Servant's Day",
    "1973-11-02": "All Souls' Day",
    "1973-11-15": "Republic Proclamation Day",
    "1973-12-24": "Christmas Eve",
    "1973-12-25": "Christmas Day",
    "1973-12-31": "New Year's Eve",
    "1974-01-01": "Universal Fraternization Day",
    "1974-02-25": "Carnival",
    "1974-02-26": "Carnival",
    "1974-02-27": "Ash Wednesday",
    "1974-04-12": "Good Friday",
    "1974-04-21": "Tiradentes' Day",
    "1974-05-01": "Worker's Day",
    "1974-06-13": "Corpus Christi",
    "1974-09-07": "Independence Day",
    "1974-10-28": "Public Servant's Day",
    "1974-11-02": "All Souls' Day",
    "1974-11-15": "Republic Proclamation Day",
    "1974-12-24": "Christmas Eve",
    "1974-12-25": "Christmas Day",
    "1974-12-31": "New Year's Eve",
    "1975-01-01": "Universal Fraternization Day",
    "1975-02-10": "Carnival",
    "1975-02-11": "Carnival",
    "1975-02-12": "Ash Wednesday",
    "1975-03-28": "Good Friday",
    "1975-04-21": "Tiradentes' Day",
    "1975-05-01": "Worker's Day",
    "1975-05-29": "Corpus Christi",
    "1975-09-07": "Independence Day",
    "1975-10-28": "Public Servant's Day",
    "1975-11-02": "All Souls' Day",
    "1975-11-15": "Republic Proclamation Day",
    "1975-12-24": "Christmas Eve",
    "1975-12-25": "Christmas Day",
    "1975-12-31": "New Year's Eve",
    "1976-01-01": "Universal Fraternization Day",
    "1976-03-01": "Carnival",
    "1976-03-02": "Carnival",
    "1976-03-03": "Ash Wednesday",
    "1976-04-16": "Good Friday",
    "1976-04-21": "Tiradentes' Day",
    "1976-05-01": "Worker's Day",
    "1976-06-17": "Corpus Christi",
    "1976-09-07": "Independence Day",
    "1976-10-28": "Public Servant's Day",
    "1976-11-02": "All Souls' Day",
    "1976-11-15": "Republic Proclamation Day",
    "1976-12-24": "Christmas Eve",
    "1976-12-25": "Christmas Day",
    "1976-12-31": "New Year's Eve",
    "1977-01-01": "Universal Fraternization Day",
    "1977-02-21": "Carnival",
    "1977-02-22": "Carnival",
    "1977-02-23": "Ash Wednesday",
    "1977-04-08": "Good Friday",
    "1977-04-21": "Tiradentes' Day",
    "1977-05-01": "Worker's Day",
    "1977-06-09": "Corpus Christi",
    "1977-09-07": "Independence Day",
    "1977-10-28": "Public Servant's Day",
    "1977-11-02": "All Souls' Day",
    "1977-11-15": "Republic Proclamation Day",
    "1977-12-24": "Christmas Eve",
    "1977-12-25": "Christmas Day",
    "1977-12-31": "New Year's Eve",
    "1978-01-01": "Universal Fraternization Day",
    "1978-02-06": "Carnival",
    "1978-02-07": "Carnival",
    "1978-02-08": "Ash Wednesday",
    "1978-03-24": "Good Friday",
    "1978-04-21": "Tiradentes' Day",
    "1978-05-01": "Worker's Day",
    "1978-05-25": "Corpus Christi",
    "1978-09-07": "Independence Day",
    "1978-10-28": "Public Servant's Day",
    "1978-11-02": "All Souls' Day",
    "1978-11-15": "Republic Proclamation Day",
    "1978-12-24": "Christmas Eve",
    "1978-12-25": "Christmas Day",
    "1978-12-31": "New Year's Eve",
    "1979-01-01": "Universal Fraternization Day",
    "1979-02-26": "Carnival",
    "1979-02-27": "Carnival",
    "1979-02-28": "Ash Wednesday",
    "1979-04-13": "Good Friday",
    "1979-04-21": "Tiradentes' Day",
    "1979-05-01": "Worker's Day",
    "1979-06-14": "Corpus Christi",
    "1979-09-07": "Independence Day",
    "1979-10-28": "Public Servant's Day",
    "1979-11-02": "All Souls' Day",
    "1979-11-15": "Republic Proclamation Day",
    "1979-12-24": "Christmas Eve",
    "1979-12-25": "Christmas Day",
    "1979-12-31": "New Year's Eve",
    "1980-01-01": "Universal Fraternization Day",
    "1980-02-18": "Carnival",
    "1980-02-19": "Carnival",
    "1980-02-20": "Ash Wednesday",
    "1980-04-04": "Good Friday",
    "1980-04-21": "Tiradentes' Day",
    "1980-05-01": "Worker's Day",
    "1980-06-05": "Corpus Christi",
    "1980-09-07": "Independence Day",
    "1980-10-12": "Our Lady of Aparecida",
    "1980-10-28": "Public Servant's Day",
    "1980-11-02": "All Souls' Day",
    "1980-11-15": "Republic Proclamation Day",
    "1980-12-24": "Christmas Eve",
    "1980-12-25": "Christmas Day",
    "1980-12-31": "New Year's Eve",
    "1981-01-01": "Universal Fraternization Day",
    "1981-03-02": "Carnival",
    "1981-03-03": "Carnival",
    "1981-03-04": "Ash Wednesday",
    "1981-04-17": "Good Friday",
    "1981-04-21": "Tiradentes' Day",
    "1981-05-01": "Worker's Day",
    "1981-06-18": "Corpus Christi",
    "1981-09-07": "Independence Day",
    "1981-10-12": "Our Lady of Aparecida",
    "1981-10-28": "Public Servant's Day",
    "1981-11-02": "All Souls' Day",
    "1981-11-15": "Republic Proclamation Day",
    "1981-12-24": "Christmas Eve",
    "1981-12-25": "Christmas Day",
    "1981-12-31": "New Year's Eve",
    "1982-01-01": "Universal Fraternization Day",
    "1982-02-22": "Carnival",
    "1982-02-23": "Carnival",
    "1982-02-24": "Ash Wednesday",
    "1982-04-09": "Good Friday",
    "1982-04-21": "Tiradentes' Day",
    "1982-05-01": "Worker's Day",
    "1982-06-10": "Corpus Christi",
    "1982-09-07": "Independence Day",
    "1982-10-12": "Our Lady of Aparecida",
    "1982-10-28": "Public Servant's Day",
    "1982-11-02": "All Souls' Day",
    "1982-11-15": "Republic Proclamation Day",
    "1982-12-24": "Christmas Eve",
    "1982-12-25": "Christmas Day",
    "1982-12-31": "New Year's Eve",
    "1983-01-01": "Universal Fraternization Day",
    "1983-02-14": "Carnival",
    "1983-02-15": "Carnival",
    "1983-02-16": "Ash Wednesday",
    "1983-04-01": "Good Friday",
    "1983-04-21": "Tiradentes' Day",
    "1983-05-01": "Worker's Day",
    "1983-06-02": "Corpus Christi",
    "1983-09-07": "Independence Day",
    "1983-10-12": "Our Lady of Aparecida",
    "1983-10-28": "Public Servant's Day",
    "1983-11-02": "All Souls' Day",
    "1983-11-15": "Republic Proclamation Day",
    "1983-12-24": "Christmas Eve",
    "1983-12-25": "Christmas Day",
    "1983-12-31": "New Year's Eve",
    "1984-01-01": "Universal Fraternization Day",
    "1984-03-05": "Carnival",
    "1984-03-06": "Carnival",
    "1984-03-07": "Ash Wednesday",
    "1984-04-20": "Good Friday",
    "1984-04-21": "Tiradentes' Day",
    "1984-05-01": "Worker's Day",
    "1984-06-21": "Corpus Christi",
    "1984-09-07": "Independence Day",
    "1984-10-12": "Our Lady of Aparecida",
    "1984-10-28": "Public Servant's Day",
    "1984-11-02": "All Souls' Day",
    "1984-11-15": "Republic Proclamation Day",
    "1984-12-24": "Christmas Eve",
    "1984-12-25": "Christmas Day",
    "1984-12-31": "New Year's Eve",
    "1985-01-01": "Universal Fraternization Day",
    "1985-02-18": "Carnival",
    "1985-02-19": "Carnival",
    "1985-02-20": "Ash Wednesday",
    "1985-04-05": "Good Friday",
    "1985-04-21": "Tiradentes' Day",
    "1985-05-01": "Worker's Day",
    "1985-06-06": "Corpus Christi",
    "1985-09-07": "Independence Day",
    "1985-10-12": "Our Lady of Aparecida",
    "1985-10-28": "Public Servant's Day",
    "1985-11-02": "All Souls' Day",
    "1985-11-15": "Republic Proclamation Day",
    "1985-12-24": "Christmas Eve",
    "1985-12-25": "Christmas Day",
    "1985-12-31": "New Year's Eve",
    "1986-01-01": "Universal Fraternization Day",
    "1986-02-10": "Carnival",
    "1986-02-11": "Carnival",
    "1986-02-12": "Ash Wednesday",
    "1986-03-28": "Good Friday",
    "1986-04-21": "Tiradentes' Day",
    "1986-05-01": "Worker's Day",
    "1986-05-29": "Corpus Christi",
    "1986-09-07": "Independence Day",
    "1986-10-12": "Our Lady of Aparecida",
    "1986-10-28": "Public Servant's Day",
    "1986-11-02": "All Souls' Day",
    "1986-11-15": "Republic Proclamation Day",
    "1986-12-24": "Christmas Eve",
    "1986-12-25": "Christmas Day",
    "1986-12-31": "New Year's Eve",
    "1987-01-01": "Universal Fraternization Day",
    "1987-03-02": "Carnival",
    "1987-03-03": "Carnival",
    "1987-03-04": "Ash Wednesday",
    "1987-04-17": "Good Friday",
    "1987-04-21": "Tiradentes' Day",
    "1987-05-01": "Worker's Day",
    "1987-06-18": "Corpus Christi",
    "1987-09-07": "Independence Day",
    "1987-10-12": "Our Lady of Aparecida",
    "1987-10-28": "Public Servant's Day",
    "1987-11-02": "All Souls' Day",
    "1987-11-15": "Republic Proclamation Day",
    "1987-12-24": "Christmas Eve",
    "1987-12-25": "Christmas Day",
    "1987-12-31": "New Year's Eve",
    "1988-01-01": "Universal Fraternization Day",
    "1988-02-15": "Carnival",
    "1988-02-16": "Carnival",
    "1988-02-17": "Ash Wednesday",
    "1988-04-01": "Good Friday",
    "1988-04-21": "Tiradentes' Day",
    "1988-05-01": "Worker's Day",
    "1988-06-02": "Corpus Christi",
    "1988-09-07": "Independence Day",
    "1988-10-12": "Our Lady of Aparecida",
    "1988-10-28": "Public Servant's Day",
    "1988-11-02": "All Souls' Day",
    "1988-11-15": "Republic Proclamation Day",
    "1988-12-24": "Christmas Eve",
    "1988-12-25": "Christmas Day",
    "1988-12-31": "New Year's Eve",
    "1989-01-01": "Universal Fraternization Day",
    "1989-02-06": "Carnival",
    "1989-02-07": "Carnival",
    "1989-02-08": "Ash Wednesday",
    "1989-03-24": "Good Friday",
    "1989-04-21": "Tiradentes' Day",
    "1989-05-01": "Worker's Day",
    "1989-05-25": "Corpus Christi",
    "1989-09-07": "Independence Day",
    "1989-10-12": "Our Lady of Aparecida",
    "1989-10-28": "Public Servant's Day",
    "1989-11-02": "All Souls' Day",
    "1989-11-15": "Republic Proclamation Day",
    "1989-12-24": "Christmas Eve",
    "1989-12-25": "Christmas Day",
    "1989-12-31": "New Year's Eve",
    "1990-01-01": "Universal Fraternization Day",
    "1990-02-26": "Carnival",
    "1990-02-27": "Carnival",
    "1990-02-28": "Ash Wednesday",
    "1990-04-13": "Good Friday",
    "1990-04-21": "Tiradentes' Day",
    "1990-05-01": "Worker's Day",
    "1990-06-14": "Corpus Christi",
    "1990-09-07": "Independence Day",
    "1990-10-12": "Our Lady of Aparecida",
    "1990-10-28": "Public Servant's Day",
    "1990-11-02": "All Souls' Day",
    "1990-11-15": "Republic Proclamation Day",
    "1990-12-24": "Christmas Eve",
    "1990-12-25": "Christmas Day",
    "1990-12-31": "New Year's Eve",
    "1991-01-01": "Universal Fraternization Day",
    "1991-02-11": "Carnival",
    "1991-02-12": "Carnival",
    "1991-02-13": "Ash Wednesday",
    "1991-03-29": "Good Friday",
    "1991-04-21": "Tiradentes' Day",
    "1991-05-01": "Worker's Day",
    "1991-05-30": "Corpus Christi",
    "1991-09-07": "Independence Day",
    "1991-10-12": "Our Lady of Aparecida",
    "1991-10-28": "Public Servant's Day",
    "1991-11-02": "All Souls' Day",
    "1991-11-15": "Republic Proclamation Day",
    "1991-12-24": "Christmas Eve",
    "1991-12-25": "Christmas Day",
    "1991-12-31": "New Year's Eve",
    "1992-01-01": "Universal Fraternization Day",
    "1992-03-02": "Carnival",
    "1992-03-03": "Carnival",
    "1992-03-04": "Ash Wednesday",
    "1992-04-17": "Good Friday",
    "1992-04-21": "Tiradentes' Day",
    "1992-05-01": "Worker's Day",
    "1992-06-18": "Corpus Christi",
    "1992-09-07": "Independence Day",
    "1992-10-12": "Our Lady of Aparecida",
    "1992-10-28": "Public Servant's Day",
    "1992-11-02": "All Souls' Day",
    "1992-11-15": "Republic Proclamation Day",
    "1992-12-24": "Christmas Eve",
    "1992-12-25": "Christmas Day",
    "1992-12-31": "New Year's Eve",
    "1993-01-01": "Universal Fraternization Day",
    "1993-02-22": "Carnival",
    "1993-02-23": "Carnival",
    "1993-02-24": "Ash Wednesday",
    "1993-04-09": "Good Friday",
    "1993-04-21": "Tiradentes' Day",
    "1993-05-01": "Worker's Day",
    "1993-06-10": "Corpus Christi",
    "1993-09-07": "Independence Day",
    "1993-10-12": "Our Lady of Aparecida",
    "1993-10-28": "Public Servant's Day",
    "1993-11-02": "All Souls' Day",
    "1993-11-15": "Republic Proclamation Day",
    "1993-12-24": "Christmas Eve",
    "1993-12-25": "Christmas Day",
    "1993-12-31": "New Year's Eve",
    "1994-01-01": "Universal Fraternization Day",
    "1994-02-14": "Carnival",
    "1994-02-15": "Carnival",
    "1994-02-16": "Ash Wednesday",
    "1994-04-01": "Good Friday",
    "1994-04-21": "Tiradentes' Day",
    "1994-05-01": "Worker's Day",
    "1994-06-02": "Corpus Christi",
    "1994-09-07": "Independence Day",
    "1994-10-12": "Our Lady of Aparecida",
    "1994-10-28": "Public Servant's Day",
    "1994-11-02": "All Souls' Day",
    "1994-11-15": "Republic Proclamation Day",
    "1994-12-24": "Christmas Eve",
    "1994-12-25": "Christmas Day",
    "1994-12-31": "New Year's Eve",
    "1995-01-01": "Universal Fraternization Day",
    "1995-02-27": "Carnival",
    "1995-02-28": "Carnival",
    "1995-03-01": "Ash Wednesday",
    "1995-04-14": "Good Friday",
    "1995-04-21": "Tiradentes' Day",
    "1995-05-01": "Worker's Day",
    "1995-06-15": "Corpus Christi",
    "1995-09-07": "Independence Day",
    "1995-10-12": "Our Lady of Aparecida",
    "1995-10-28": "Public Servant's Day",
    "1995-11-02": "All Souls' Day",
    "1995-11-15": "Republic Proclamation Day",
    "1995-12-24": "Christmas Eve",
    "1995-12-25": "Christmas Day",
    "1995-12-31": "New Year's Eve",
    "1996-01-01": "Universal Fraternization Day",
    "1996-02-19": "Carnival",
    "1996-02-20": "Carnival",
    "1996-02-21": "Ash Wednesday",
    "1996-04-05": "Good Friday",
    "1996-04-21": "Tiradentes' Day",
    "1996-05-01": "Worker's Day",
    "1996-06-06": "Corpus Christi",
    "1996-09-05": "Elevation of Amazonas to province",
    "1996-09-07": "Independence Day",
    "1996-10-12": "Our Lady of Aparecida",
    "1996-10-28": "Public Servant's Day",
    "1996-11-02": "All Souls' Day",
    "1996-11-15": "Republic Proclamation Day",
    "1996-12-24": "Christmas Eve",
    "1996-12-25": "Christmas Day",
    "1996-12-31": "New Year's Eve",
    "1997-01-01": "Universal Fraternization Day",
    "1997-02-10": "Carnival",
    "1997-02-11": "Carnival",
    "1997-02-12": "Ash Wednesday",
    "1997-03-28": "Good Friday",
    "1997-04-21": "Tiradentes' Day",
    "1997-05-01": "Worker's Day",
    "1997-05-29": "Corpus Christi",
    "1997-09-05": "Elevation of Amazonas to province",
    "1997-09-07": "Independence Day",
    "1997-10-12": "Our Lady of Aparecida",
    "1997-10-28": "Public Servant's Day",
    "1997-11-02": "All Souls' Day",
    "1997-11-15": "Republic Proclamation Day",
    "1997-12-24": "Christmas Eve",
    "1997-12-25": "Christmas Day",
    "1997-12-31": "New Year's Eve",
    "1998-01-01": "Universal Fraternization Day",
    "1998-02-23": "Carnival",
    "1998-02-24": "Carnival",
    "1998-02-25": "Ash Wednesday",
    "1998-04-10": "Good Friday",
    "1998-04-21": "Tiradentes' Day",
    "1998-05-01": "Worker's Day",
    "1998-06-11": "Corpus Christi",
    "1998-09-05": "Elevation of Amazonas to province",
    "1998-09-07": "Independence Day",
    "1998-10-12": "Our Lady of Aparecida",
    "1998-10-28": "Public Servant's Day",
    "1998-11-02": "All Souls' Day",
    "1998-11-15": "Republic Proclamation Day",
    "1998-12-24": "Christmas Eve",
    "1998-12-25": "Christmas Day",
    "1998-12-31": "New Year's Eve",
    "1999-01-01": "Universal Fraternization Day",
    "1999-02-15": "Carnival",
    "1999-02-16": "Carnival",
    "1999-02-17": "Ash Wednesday",
    "1999-04-02": "Good Friday",
    "1999-04-21": "Tiradentes' Day",
    "1999-05-01": "Worker's Day",
    "1999-06-03": "Corpus Christi",
    "1999-09-05": "Elevation of Amazonas to province",
    "1999-09-07": "Independence Day",
    "1999-10-12": "Our Lady of Aparecida",
    "1999-10-28": "Public Servant's Day",
    "1999-11-02": "All Souls' Day",
    "1999-11-15": "Republic Proclamation Day",
    "1999-12-24": "Christmas Eve",
    "1999-12-25": "Christmas Day",
    "1999-12-31": "New Year's Eve",
    "2000-01-01": "Universal Fraternization Day",
    "2000-03-06": "Carnival",
    "2000-03-07": "Carnival",
    "2000-03-08": "Ash Wednesday",
    "2000-04-21": "Good Friday; Tiradentes' Day",
    "2000-05-01": "Worker's Day",
    "2000-06-22": "Corpus Christi",
    "2000-09-05": "Elevation of Amazonas to province",
    "2000-09-07": "Independence Day",
    "2000-10-12": "Our Lady of Aparecida",
    "2000-10-28": "Public Servant's Day",
    "2000-11-02": "All Souls' Day",
    "2000-11-15": "Republic Proclamation Day",
    "2000-12-24": "Christmas Eve",
    "2000-12-25": "Christmas Day",
    "2000-12-31": "New Year's Eve",
    "2001-01-01": "Universal Fraternization Day",
    "2001-02-26": "Carnival",
    "2001-02-27": "Carnival",
    "2001-02-28": "Ash Wednesday",
    "2001-04-13": "Good Friday",
    "2001-04-21": "Tiradentes' Day",
    "2001-05-01": "Worker's Day",
    "2001-06-14": "Corpus Christi",
    "2001-09-05": "Elevation of Amazonas to province",
    "2001-09-07": "Independence Day",
    "2001-10-12": "Our Lady of Aparecida",
    "2001-10-28": "Public Servant's Day",
    "2001-11-02": "All Souls' Day",
    "2001-11-15": "Republic Proclamation Day",
    "2001-12-24": "Christmas Eve",
    "2001-12-25": "Christmas Day",
    "2001-12-31": "New Year's Eve",
    "2002-01-01": "Universal Fraternization Day",
    "2002-02-11": "Carnival",
    "2002-02-12": "Carnival",
    "2002-02-13": "Ash Wednesday",
    "2002-03-29": "Good Friday",
    "2002-04-21": "Tiradentes' Day",
    "2002-05-01": "Worker's Day",
    "2002-05-30": "Corpus Christi",
    "2002-09-05": "Elevation of Amazonas to province",
    "2002-09-07": "Independence Day",
    "2002-10-12": "Our Lady of Aparecida",
    "2002-10-28": "Public Servant's Day",
    "2002-11-02": "All Souls' Day",
    "2002-11-15": "Republic Proclamation Day",
    "2002-12-24": "Christmas Eve",
    "2002-12-25": "Christmas Day",
    "2002-12-31": "New Year's Eve",
    "2003-01-01": "Universal Fraternization Day",
    "2003-03-03": "Carnival",
    "2003-03-04": "Carnival",
    "2003-03-05": "Ash Wednesday",
    "2003-04-18": "Good Friday",
    "2003-04-21": "Tiradentes' Day",
    "2003-05-01": "Worker's Day",
    "2003-06-19": "Corpus Christi",
    "2003-09-05": "Elevation of Amazonas to province",
    "2003-09-07": "Independence Day",
    "2003-10-12": "Our Lady of Aparecida",
    "2003-10-28": "Public Servant's Day",
    "2003-11-02": "All Souls' Day",
    "2003-11-15": "Republic Proclamation Day",
    "2003-12-24": "Christmas Eve",
    "2003-12-25": "Christmas Day",
    "2003-12-31": "New Year's Eve",
    "2004-01-01": "Universal Fraternization Day",
    "2004-02-23": "Carnival",
    "2004-02-24": "Carnival",
    "2004-02-25": "Ash Wednesday",
    "2004-04-09": "Good Friday",
    "2004-04-21": "Tiradentes' Day",
    "2004-05-01": "Worker's Day",
    "2004-06-10": "Corpus Christi",
    "2004-09-05": "Elevation of Amazonas to province",
    "2004-09-07": "Independence Day",
    "2004-10-12": "Our Lady of Aparecida",
    "2004-10-28": "Public Servant's Day",
    "2004-11-02": "All Souls' Day",
    "2004-11-15": "Republic Proclamation Day",
    "2004-12-24": "Christmas Eve",
    "2004-12-25": "Christmas Day",
    "2004-12-31": "New Year's Eve",
    "2005-01-01": "Universal Fraternization Day",
    "2005-02-07": "Carnival",
    "2005-02-08": "Carnival",
    "2005-02-09": "Ash Wednesday",
    "2005-03-25": "Good Friday",
    "2005-04-21": "Tiradentes' Day",
    "2005-05-01": "Worker's Day",
    "2005-05-26": "Corpus Christi",
    "2005-09-05": "Elevation of Amazonas to province",
    "2005-09-07": "Independence Day",
    "2005-10-12": "Our Lady of Aparecida",
    "2005-10-28": "Public Servant's Day",
    "2005-11-02": "All Souls' Day",
    "2005-11-15": "Republic Proclamation Day",
    "2005-12-24": "Christmas Eve",
    "2005-12-25": "Christmas Day",
    "2005-12-31": "New Year's Eve",
    "2006-01-01": "Universal Fraternization Day",
    "2006-02-27": "Carnival",
    "2006-02-28": "Carnival",
    "2006-03-01": "Ash Wednesday",
    "2006-04-14": "Good Friday",
    "2006-04-21": "Tiradentes' Day",
    "2006-05-01": "Worker's Day",
    "2006-06-15": "Corpus Christi",
    "2006-09-05": "Elevation of Amazonas to province",
    "2006-09-07": "Independence Day",
    "2006-10-12": "Our Lady of Aparecida",
    "2006-10-28": "Public Servant's Day",
    "2006-11-02": "All Souls' Day",
    "2006-11-15": "Republic Proclamation Day",
    "2006-12-24": "Christmas Eve",
    "2006-12-25": "Christmas Day",
    "2006-12-31": "New Year's Eve",
    "2007-01-01": "Universal Fraternization Day",
    "2007-02-19": "Carnival",
    "2007-02-20": "Carnival",
    "2007-02-21": "Ash Wednesday",
    "2007-04-06": "Good Friday",
    "2007-04-21": "Tiradentes' Day",
    "2007-05-01": "Worker's Day",
    "2007-06-07": "Corpus Christi",
    "2007-09-05": "Elevation of Amazonas to province",
    "2007-09-07": "Independence Day",
    "2007-10-12": "Our Lady of Aparecida",
    "2007-10-28": "Public Servant's Day",
    "2007-11-02": "All Souls' Day",
    "2007-11-15": "Republic Proclamation Day",
    "2007-12-24": "Christmas Eve",
    "2007-12-25": "Christmas Day",
    "2007-12-31": "New Year's Eve",
    "2008-01-01": "Universal Fraternization Day",
    "2008-02-04": "Carnival",
    "2008-02-05": "Carnival",
    "2008-02-06": "Ash Wednesday",
    "2008-03-21": "Good Friday",
    "2008-04-21": "Tiradentes' Day",
    "2008-05-01": "Worker's Day",
    "2008-05-22": "Corpus Christi",
    "2008-09-05": "Elevation of Amazonas to province",
    "2008-09-07": "Independence Day",
    "2008-10-12": "Our Lady of Aparecida",
    "2008-10-28": "Public Servant's Day",
    "2008-11-02": "All Souls' Day",
    "2008-11-15": "Republic Proclamation Day",
    "2008-12-24": "Christmas Eve",
    "2008-12-25": "Christmas Day",
    "2008-12-31": "New Year's Eve",
    "2009-01-01": "Universal Fraternization Day",
    "2009-02-23": "Carnival",
    "2009-02-24": "Carnival",
    "2009-02-25": "Ash Wednesday",
    "2009-04-10": "Good Friday",
    "2009-04-21": "Tiradentes' Day",
    "2009-05-01": "Worker's Day",
    "2009-06-11": "Corpus Christi",
    "2009-09-05": "Elevation of Amazonas to province",
    "2009-09-07": "Independence Day",
    "2009-10-12": "Our Lady of Aparecida",
    "2009-10-28": "Public Servant's Day",
    "2009-11-02": "All Souls' Day",
    "2009-11-15": "Republic Proclamation Day",
    "2009-12-24": "Christmas Eve",
    "2009-12-25": "Christmas Day",
    "2009-12-31": "New Year's Eve",
    "2010-01-01": "Universal Fraternization Day",
    "2010-02-15": "Carnival",
    "2010-02-16": "Carnival",
    "2010-02-17": "Ash Wednesday",
    "2010-04-02": "Good Friday",
    "2010-04-21": "Tiradentes' Day",
    "2010-05-01": "Worker's Day",
    "2010-06-03": "Corpus Christi",
    "2010-09-05": "Elevation of Amazonas to province",
    "2010-09-07": "Independence Day",
    "2010-10-12": "Our Lady of Aparecida",
    "2010-10-28": "Public Servant's Day",
    "2010-11-02": "All Souls' Day",
    "2010-11-15": "Republic Proclamation Day",
    "2010-11-20": "Black Awareness Day",
    "2010-12-24": "Christmas Eve",
    "2010-12-25": "Christmas Day",
    "2010-12-31": "New Year's Eve",
    "2011-01-01": "Universal Fraternization Day",
    "2011-03-07": "Carnival",
    "2011-03-08": "Carnival",
    "2011-03-09": "Ash Wednesday",
    "2011-04-21": "Tiradentes' Day",
    "2011-04-22": "Good Friday",
    "2011-05-01": "Worker's Day",
    "2011-06-23": "Corpus Christi",
    "2011-09-05": "Elevation of Amazonas to province",
    "2011-09-07": "Independence Day",
    "2011-10-12": "Our Lady of Aparecida",
    "2011-10-28": "Public Servant's Day",
    "2011-11-02": "All Souls' Day",
    "2011-11-15": "Republic Proclamation Day",
    "2011-11-20": "Black Awareness Day",
    "2011-12-24": "Christmas Eve",
    "2011-12-25": "Christmas Day",
    "2011-12-31": "New Year's Eve",
    "2012-01-01": "Universal Fraternization Day",
    "2012-02-20": "Carnival",
    "2012-02-21": "Carnival",
    "2012-02-22": "Ash Wednesday",
    "2012-04-06": "Good Friday",
    "2012-04-21": "Tiradentes' Day",
    "2012-05-01": "Worker's Day",
    "2012-06-07": "Corpus Christi",
    "2012-09-05": "Elevation of Amazonas to province",
    "2012-09-07": "Independence Day",
    "2012-10-12": "Our Lady of Aparecida",
    "2012-10-28": "Public Servant's Day",
    "2012-11-02": "All Souls' Day",
    "2012-11-15": "Republic Proclamation Day",
    "2012-11-20": "Black Awareness Day",
    "2012-12-24": "Christmas Eve",
    "2012-12-25": "Christmas Day",
    "2012-12-31": "New Year's Eve",
    "2013-01-01": "Universal Fraternization Day",
    "2013-02-11": "Carnival",
    "2013-02-12": "Carnival",
    "2013-02-13": "Ash Wednesday",
    "2013-03-29": "Good Friday",
    "2013-04-21": "Tiradentes' Day",
    "2013-05-01": "Worker's Day",
    "2013-05-30": "Corpus Christi",
    "2013-09-05": "Elevation of Amazonas to province",
    "2013-09-07": "Independence Day",
    "2013-10-12": "Our Lady of Aparecida",
    "2013-10-28": "Public Servant's Day",
    "2013-11-02": "All Souls' Day",
    "2013-11-15": "Republic Proclamation Day",
    "2013-11-20": "Black Awareness Day",
    "2013-12-24": "Christmas Eve",
    "2013-12-25": "Christmas Day",
    "2013-12-31": "New Year's Eve",
    "2014-01-01": "Universal Fraternization Day",
    "2014-03-03": "Carnival",
    "2014-03-04": "Carnival",
    "2014-03-05": "Ash Wednesday",
    "2014-04-18": "Good Friday",
    "2014-04-21": "Tiradentes' Day",
    "2014-05-01": "Worker's Day",
    "2014-06-19": "Corpus Christi",
    "2014-09-05": "Elevation of Amazonas to province",
    "2014-09-07": "Independence Day",
    "2014-10-12": "Our Lady of Aparecida",
    "2014-10-28": "Public Servant's Day",
    "2014-11-02": "All Souls' Day",
    "2014-11-15": "Republic Proclamation Day",
    "2014-11-20": "Black Awareness Day",
    "2014-12-24": "Christmas Eve",
    "2014-12-25": "Christmas Day",
    "2014-12-31": "New Year's Eve",
    "2015-01-01": "Universal Fraternization Day",
    "2015-02-16": "Carnival",
    "2015-02-17": "Carnival",
    "2015-02-18": "Ash Wednesday",
    "2015-04-03": "Good Friday",
    "2015-04-21": "Tiradentes' Day",
    "2015-05-01": "Worker's Day",
    "2015-06-04": "Corpus Christi",
    "2015-09-05": "Elevation of Amazonas to province",
    "2015-09-07": "Independence Day",
    "2015-10-12": "Our Lady of Aparecida",
    "2015-10-28": "Public Servant's Day",
    "2015-11-02": "All Souls' Day",
    "2015-11-15": "Republic Proclamation Day",
    "2015-11-20": "Black Awareness Day",
    "2015-12-24": "Christmas Eve",
    "2015-12-25": "Christmas Day",
    "2015-12-31": "New Year's Eve",
    "2016-01-01": "Universal Fraternization Day",
    "2016-02-08": "Carnival",
    "2016-02-09": "Carnival",
    "2016-02-10": "Ash Wednesday",
    "2016-03-25": "Good Friday",
    "2016-04-21": "Tiradentes' Day",
    "2016-05-01": "Worker's Day",
    "2016-05-26": "Corpus Christi",
    "2016-09-05": "Elevation of Amazonas to province",
    "2016-09-07": "Independence Day",
    "2016-10-12": "Our Lady of Aparecida",
    "2016-10-28": "Public Servant's Day",
    "2016-11-02": "All Souls' Day",
    "2016-11-15": "Republic Proclamation Day",
    "2016-11-20": "Black Awareness Day",
    "2016-12-24": "Christmas Eve",
    "2016-12-25": "Christmas Day",
    "2016-12-31": "New Year's Eve",
    "2017-01-01": "Universal Fraternization Day",
    "2017-02-27": "Carnival",
    "2017-02-28": "Carnival",
    "2017-03-01": "Ash Wednesday",
    "2017-04-14": "Good Friday",
    "2017-04-21": "Tiradentes' Day",
    "2017-05-01": "Worker's Day",
    "2017-06-15": "Corpus Christi",
    "2017-09-05": "Elevation of Amazonas to province",
    "2017-09-07": "Independence Day",
    "2017-10-12": "Our Lady of Aparecida",
    "2017-10-28": "Public Servant's Day",
    "2017-11-02": "All Souls' Day",
    "2017-11-15": "Republic Proclamation Day",
    "2017-11-20": "Black Awareness Day",
    "2017-12-24": "Christmas Eve",
    "2017-12-25": "Christmas Day",
    "2017-12-31": "New Year's Eve",
    "2018-01-01": "Universal Fraternization Day",
    "2018-02-12": "Carnival",
    "2018-02-13": "Carnival",
    "2018-02-14": "Ash Wednesday",
    "2018-03-30": "Good Friday",
    "2018-04-21": "Tiradentes' Day",
    "2018-05-01": "Worker's Day",
    "2018-05-31": "Corpus Christi",
    "2018-09-05": "Elevation of Amazonas to province",
    "2018-09-07": "Independence Day",
    "2018-10-12": "Our Lady of Aparecida",
    "2018-10-28": "Public Servant's Day",
    "2018-11-02": "All Souls' Day",
    "2018-11-15": "Republic Proclamation Day",
    "2018-11-20": "Black Awareness Day",
    "2018-12-24": "Christmas Eve",
    "2018-12-25": "Christmas Day",
    "2018-12-31": "New Year's Eve",
    "2019-01-01": "Universal Fraternization Day",
    "2019-03-04": "Carnival",
    "2019-03-05": "Carnival",
    "2019-03-06": "Ash Wednesday",
    "2019-04-19": "Good Friday",
    "2019-04-21": "Tiradentes' Day",
    "2019-05-01": "Worker's Day",
    "2019-06-20": "Corpus Christi",
    "2019-09-05": "Elevation of Amazonas to province",
    "2019-09-07": "Independence Day",
    "2019-10-12": "Our Lady of Aparecida",
    "2019-10-28": "Public Servant's Day",
    "2019-11-02": "All Souls' Day",
    "2019-11-15": "Republic Proclamation Day",
    "2019-11-20": "Black Awareness Day",
    "2019-12-24": "Christmas Eve",
    "2019-12-25": "Christmas Day",
    "2019-12-31": "New Year's Eve",
    "2020-01-01": "Universal Fraternization Day",
    "2020-02-24": "Carnival",
    "2020-02-25": "Carnival",
    "2020-02-26": "Ash Wednesday",
    "2020-04-10": "Good Friday",
    "2020-04-21": "Tiradentes' Day",
    "2020-05-01": "Worker's Day",
    "2020-06-11": "Corpus Christi",
    "2020-09-05": "Elevation of Amazonas to province",
    "2020-09-07": "Independence Day",
    "2020-10-12": "Our Lady of Aparecida",
    "2020-10-28": "Public Servant's Day",
    "2020-11-02": "All Souls' Day",
    "2020-11-15": "Republic Proclamation Day",
    "2020-11-20": "Black Awareness Day",
    "2020-12-24": "Christmas Eve",
    "2020-12-25": "Christmas Day",
    "2020-12-31": "New Year's Eve",
    "2021-01-01": "Universal Fraternization Day",
    "2021-02-15": "Carnival",
    "2021-02-16": "Carnival",
    "2021-02-17": "Ash Wednesday",
    "2021-04-02": "Good Friday",
    "2021-04-21": "Tiradentes' Day",
    "2021-05-01": "Worker's Day",
    "2021-06-03": "Corpus Christi",
    "2021-09-05": "Elevation of Amazonas to province",
    "2021-09-07": "Independence Day",
    "2021-10-12": "Our Lady of Aparecida",
    "2021-10-28": "Public Servant's Day",
    "2021-11-02": "All Souls' Day",
    "2021-11-15": "Republic Proclamation Day",
    "2021-11-20": "Black Awareness Day",
    "2021-12-24": "Christmas Eve",
    "2021-12-25": "Christmas Day",
    "2021-12-31": "New Year's Eve",
    "2022-01-01": "Universal Fraternization Day",
    "2022-02-28": "Carnival",
    "2022-03-01": "Carnival",
    "2022-03-02": "Ash Wednesday",
    "2022-04-15": "Good Friday",
    "2022-04-21": "Tiradentes' Day",
    "2022-05-01": "Worker's Day",
    "2022-06-16": "Corpus Christi",
    "2022-09-05": "Elevation of Amazonas to province",
    "2022-09-07": "Independence Day",
    "2022-10-12": "Our Lady of Aparecida",
    "2022-10-28": "Public Servant's Day",
    "2022-11-02": "All Souls' Day",
    "2022-11-15": "Republic Proclamation Day",
    "2022-11-20": "Black Awareness Day",
    "2022-12-24": "Christmas Eve",
    "2022-12-25": "Christmas Day",
    "2022-12-31": "New Year's Eve",
    "2023-01-01": "Universal Fraternization Day",
    "2023-02-20": "Carnival",
    "2023-02-21": "Carnival",
    "2023-02-22": "Ash Wednesday",
    "2023-04-07": "Good Friday",
    "2023-04-21": "Tiradentes' Day",
    "2023-05-01": "Worker's Day",
    "2023-06-08": "Corpus Christi",
    "2023-09-05": "Elevation of Amazonas to province",
    "2023-09-07": "Independence Day",
    "2023-10-12": "Our Lady of Aparecida",
    "2023-10-28": "Public Servant's Day",
    "2023-11-02": "All Souls' Day",
    "2023-11-15": "Republic Proclamation Day",
    "2023-11-20": "Black Awareness Day",
    "2023-12-24": "Christmas Eve",
    "2023-12-25": "Christmas Day",
    "2023-12-31": "New Year's Eve",
    "2024-01-01": "Universal Fraternization Day",
    "2024-02-12": "Carnival",
    "2024-02-13": "Carnival",
    "2024-02-14": "Ash Wednesday",
    "2024-03-29": "Good Friday",
    "2024-04-21": "Tiradentes' Day",
    "2024-05-01": "Worker's Day",
    "2024-05-30": "Corpus Christi",
    "2024-09-05": "Elevation of Amazonas to province",
    "2024-09-07": "Independence Day",
    "2024-10-12": "Our Lady of Aparecida",
    "2024-10-28": "Public Servant's Day",
    "2024-11-02": "All Souls' Day",
    "2024-11-15": "Republic Proclamation Day",
    "2024-11-20": "National Day of Zumbi and Black Awareness",
    "2024-12-24": "Christmas Eve",
    "2024-12-25": "Christmas Day",
    "2024-12-31": "New Year's Eve",
    "2025-01-01": "Universal Fraternization Day",
    "2025-03-03": "Carnival",
    "2025-03-04": "Carnival",
    "2025-03-05": "Ash Wednesday",
    "2025-04-18": "Good Friday",
    "2025-04-21": "Tiradentes' Day",
    "2025-05-01": "Worker's Day",
    "2025-06-19": "Corpus Christi",
    "2025-09-05": "Elevation of Amazonas to province",
    "2025-09-07": "Independence Day",
    "2025-10-12": "Our Lady of Aparecida",
    "2025-10-28": "Public Servant's Day",
    "2025-11-02": "All Souls' Day",
    "2025-11-15": "Republic Proclamation Day",
    "2025-11-20": "National Day of Zumbi and Black Awareness",
    "2025-12-24": "Christmas Eve",
    "2025-12-25": "Christmas Day",
    "2025-12-31": "New Year's Eve",
    "2026-01-01": "Universal Fraternization Day",
    "2026-02-16": "Carnival",
    "2026-02-17": "Carnival",
    "2026-02-18": "Ash Wednesday",
    "2026-04-03": "Good Friday",
    "2026-04-21": "Tiradentes' Day",
    "2026-05-01": "Worker's Day",
    "2026-06-04": "Corpus Christi",
    "2026-09-05": "Elevation of Amazonas to province",
    "2026-09-07": "Independence Day",
    "2026-10-12": "Our Lady of Aparecida",
    "2026-10-28": "Public Servant's Day",
    "2026-11-02": "All Souls' Day",
    "2026-11-15": "Republic Proclamation Day",
    "2026-11-20": "National Day of Zumbi and Black Awareness",
    "2026-12-24": "Christmas Eve",
    "2026-12-25": "Christmas Day",
    "2026-12-31": "New Year's Eve",
    "2027-01-01": "Universal Fraternization Day",
    "2027-02-08": "Carnival",
    "2027-02-09": "Carnival",
    "2027-02-10": "Ash Wednesday",
    "2027-03-26": "Good Friday",
    "2027-04-21": "Tiradentes' Day",
    "2027-05-01": "Worker's Day",
    "2027-05-27": "Corpus Christi",
    "2027-09-05": "Elevation of Amazonas to province",
    "2027-09-07": "Independence Day",
    "2027-10-12": "Our Lady of Aparecida",
    "2027-10-28": "Public Servant's Day",
    "2027-11-02": "All Souls' Day",
    "2027-11-15": "Republic Proclamation Day",
    "2027-11-20": "National Day of Zumbi and Black Awareness",
    "2027-12-24": "Christmas Eve",
    "2027-12-25": "Christmas Day",
    "2027-12-31": "New Year's Eve",
    "2028-01-01": "Universal Fraternization Day",
    "2028-02-28": "Carnival",
    "2028-02-29": "Carnival",
    "2028-03-01": "Ash Wednesday",
    "2028-04-14": "Good Friday",
    "2028-04-21": "Tiradentes' Day",
    "2028-05-01": "Worker's Day",
    "2028-06-15": "Corpus Christi",
    "2028-09-05": "Elevation of Amazonas to province",
    "2028-09-07": "Independence Day",
    "2028-10-12": "Our Lady of Aparecida",
    "2028-10-28": "Public Servant's Day",
    "2028-11-02": "All Souls' Day",
    "2028-11-15": "Republic Proclamation Day",
    "2028-11-20": "National Day of Zumbi and Black Awareness",
    "2028-12-24": "Christmas Eve",
    "2028-12-25": "Christmas Day",
    "2028-12-31": "New Year's Eve",
    "2029-01-01": "Universal Fraternization Day",
    "2029-02-12": "Carnival",
    "2029-02-13": "Carnival",
    "2029-02-14": "Ash Wednesday",
    "2029-03-30": "Good Friday",
    "2029-04-21": "Tiradentes' Day",
    "2029-05-01": "Worker's Day",
    "2029-05-31": "Corpus Christi",
    "2029-09-05": "Elevation of Amazonas to province",
    "2029-09-07": "Independence Day",
    "2029-10-12": "Our Lady of Aparecida",
    "2029-10-28": "Public Servant's Day",
    "2029-11-02": "All Souls' Day",
    "2029-11-15": "Republic Proclamation Day",
    "2029-11-20": "National Day of Zumbi and Black Awareness",
    "2029-12-24": "Christmas Eve",
    "2029-12-25": "Christmas Day",
    "2029-12-31": "New Year's Eve",
    "2030-01-01": "Universal Fraternization Day",
    "2030-03-04": "Carnival",
    "2030-03-05": "Carnival",
    "2030-03-06": "Ash Wednesday",
    "2030-04-19": "Good Friday",
    "2030-04-21": "Tiradentes' Day",
    "2030-05-01": "Worker's Day",
    "2030-06-20": "Corpus Christi",
    "2030-09-05": "Elevation of Amazonas to province",
    "2030-09-07": "Independence Day",
    "2030-10-12": "Our Lady of Aparecida",
    "2030-10-28": "Public Servant's Day",
    "2030-11-02": "All Souls' Day",
    "2030-11-15": "Republic Proclamation Day",
    "2030-11-20": "National Day of Zumbi and Black Awareness",
    "2030-12-24": "Christmas Eve",
    "2030-12-25": "Christmas Day",
    "2030-12-31": "New Year's Eve",
    "2031-01-01": "Universal Fraternization Day",
    "2031-02-24": "Carnival",
    "2031-02-25": "Carnival",
    "2031-02-26": "Ash Wednesday",
    "2031-04-11": "Good Friday",
    "2031-04-21": "Tiradentes' Day",
    "2031-05-01": "Worker's Day",
    "2031-06-12": "Corpus Christi",
    "2031-09-05": "Elevation of Amazonas to province",
    "2031-09-07": "Independence Day",
    "2031-10-12": "Our Lady of Aparecida",
    "2031-10-28": "Public Servant's Day",
    "2031-11-02": "All Souls' Day",
    "2031-11-15": "Republic Proclamation Day",
    "2031-11-20": "National Day of Zumbi and Black Awareness",
    "2031-12-24": "Christmas Eve",
    "2031-12-25": "Christmas Day",
    "2031-12-31": "New Year's Eve",
    "2032-01-01": "Universal Fraternization Day",
    "2032-02-09": "Carnival",
    "2032-02-10": "Carnival",
    "2032-02-11": "Ash Wednesday",
    "2032-03-26": "Good Friday",
    "2032-04-21": "Tiradentes' Day",
    "2032-05-01": "Worker's Day",
    "2032-05-27": "Corpus Christi",
    "2032-09-05": "Elevation of Amazonas to province",
    "2032-09-07": "Independence Day",
    "2032-10-12": "Our Lady of Aparecida",
    "2032-10-28": "Public Servant's Day",
    "2032-11-02": "All Souls' Day",
    "2032-11-15": "Republic Proclamation Day",
    "2032-11-20": "National Day of Zumbi and Black Awareness",
    "2032-12-24": "Christmas Eve",
    "2032-12-25": "Christmas Day",
    "2032-12-31": "New Year's Eve",
    "2033-01-01": "Universal Fraternization Day",
    "2033-02-28": "Carnival",
    "2033-03-01": "Carnival",
    "2033-03-02": "Ash Wednesday",
    "2033-04-15": "Good Friday",
    "2033-04-21": "Tiradentes' Day",
    "2033-05-01": "Worker's Day",
    "2033-06-16": "Corpus Christi",
    "2033-09-05": "Elevation of Amazonas to province",
    "2033-09-07": "Independence Day",
    "2033-10-12": "Our Lady of Aparecida",
    "2033-10-28": "Public Servant's Day",
    "2033-11-02": "All Souls' Day",
    "2033-11-15": "Republic Proclamation Day",
    "2033-11-20": "National Day of Zumbi and Black Awareness",
    "2033-12-24": "Christmas Eve",
    "2033-12-25": "Christmas Day",
    "2033-12-31": "New Year's Eve",
    "2034-01-01": "Universal Fraternization Day",
    "2034-02-20": "Carnival",
    "2034-02-21": "Carnival",
    "2034-02-22": "Ash Wednesday",
    "2034-04-07": "Good Friday",
    "2034-04-21": "Tiradentes' Day",
    "2034-05-01": "Worker's Day",
    "2034-06-08": "Corpus Christi",
    "2034-09-05": "Elevation of Amazonas to province",
    "2034-09-07": "Independence Day",
    "2034-10-12": "Our Lady of Aparecida",
    "2034-10-28": "Public Servant's Day",
    "2034-11-02": "All Souls' Day",
    "2034-11-15": "Republic Proclamation Day",
    "2034-11-20": "National Day of Zumbi and Black Awareness",
    "2034-12-24": "Christmas Eve",
    "2034-12-25": "Christmas Day",
    "2034-12-31": "New Year's Eve",
    "2035-01-01": "Universal Fraternization Day",
    "2035-02-05": "Carnival",
    "2035-02-06": "Carnival",
    "2035-02-07": "Ash Wednesday",
    "2035-03-23": "Good Friday",
    "2035-04-21": "Tiradentes' Day",
    "2035-05-01": "Worker's Day",
    "2035-05-24": "Corpus Christi",
    "2035-09-05": "Elevation of Amazonas to province",
    "2035-09-07": "Independence Day",
    "2035-10-12": "Our Lady of Aparecida",
    "2035-10-28": "Public Servant's Day",
    "2035-11-02": "All Souls' Day",
    "2035-11-15": "Republic Proclamation Day",
    "2035-11-20": "National Day of Zumbi and Black Awareness",
    "2035-12-24": "Christmas Eve",
    "2035-12-25": "Christmas Day",
    "2035-12-31": "New Year's Eve",
    "2036-01-01": "Universal Fraternization Day",
    "2036-02-25": "Carnival",
    "2036-02-26": "Carnival",
    "2036-02-27": "Ash Wednesday",
    "2036-04-11": "Good Friday",
    "2036-04-21": "Tiradentes' Day",
    "2036-05-01": "Worker's Day",
    "2036-06-12": "Corpus Christi",
    "2036-09-05": "Elevation of Amazonas to province",
    "2036-09-07": "Independence Day",
    "2036-10-12": "Our Lady of Aparecida",
    "2036-10-28": "Public Servant's Day",
    "2036-11-02": "All Souls' Day",
    "2036-11-15": "Republic Proclamation Day",
    "2036-11-20": "National Day of Zumbi and Black Awareness",
    "2036-12-24": "Christmas Eve",
    "2036-12-25": "Christmas Day",
    "2036-12-31": "New Year's Eve",
    "2037-01-01": "Universal Fraternization Day",
    "2037-02-16": "Carnival",
    "2037-02-17": "Carnival",
    "2037-02-18": "Ash Wednesday",
    "2037-04-03": "Good Friday",
    "2037-04-21": "Tiradentes' Day",
    "2037-05-01": "Worker's Day",
    "2037-06-04": "Corpus Christi",
    "2037-09-05": "Elevation of Amazonas to province",
    "2037-09-07": "Independence Day",
    "2037-10-12": "Our Lady of Aparecida",
    "2037-10-28": "Public Servant's Day",
    "2037-11-02": "All Souls' Day",
    "2037-11-15": "Republic Proclamation Day",
    "2037-11-20": "National Day of Zumbi and Black Awareness",
    "2037-12-24": "Christmas Eve",
    "2037-12-25": "Christmas Day",
    "2037-12-31": "New Year's Eve",
    "2038-01-01": "Universal Fraternization Day",
    "2038-03-08": "Carnival",
    "2038-03-09": "Carnival",
    "2038-03-10": "Ash Wednesday",
    "2038-04-21": "Tiradentes' Day",
    "2038-04-23": "Good Friday",
    "2038-05-01": "Worker's Day",
    "2038-06-24": "Corpus Christi",
    "2038-09-05": "Elevation of Amazonas to province",
    "2038-09-07": "Independence Day",
    "2038-10-12": "Our Lady of Aparecida",
    "2038-10-28": "Public Servant's Day",
    "2038-11-02": "All Souls' Day",
    "2038-11-15": "Republic Proclamation Day",
    "2038-11-20": "National Day of Zumbi and Black Awareness",
    "2038-12-24": "Christmas Eve",
    "2038-12-25": "Christmas Day",
    "2038-12-31": "New Year's Eve",
    "2039-01-01": "Universal Fraternization Day",
    "2039-02-21": "Carnival",
    "2039-02-22": "Carnival",
    "2039-02-23": "Ash Wednesday",
    "2039-04-08": "Good Friday",
    "2039-04-21": "Tiradentes' Day",
    "2039-05-01": "Worker's Day",
    "2039-06-09": "Corpus Christi",
    "2039-09-05": "Elevation of Amazonas to province",
    "2039-09-07": "Independence Day",
    "2039-10-12": "Our Lady of Aparecida",
    "2039-10-28": "Public Servant's Day",
    "2039-11-02": "All Souls' Day",
    "2039-11-15": "Republic Proclamation Day",
    "2039-11-20": "National Day of Zumbi and Black Awareness",
    "2039-12-24": "Christmas Eve",
    "2039-12-25": "Christmas Day",
    "2039-12-31": "New Year's Eve",
    "2040-01-01": "Universal Fraternization Day",
    "2040-02-13": "Carnival",
    "2040-02-14": "Carnival",
    "2040-02-15": "Ash Wednesday",
    "2040-03-30": "Good Friday",
    "2040-04-21": "Tiradentes' Day",
    "2040-05-01": "Worker's Day",
    "2040-05-31": "Corpus Christi",
    "2040-09-05": "Elevation of Amazonas to province",
    "2040-09-07": "Independence Day",
    "2040-10-12": "Our Lady of Aparecida",
    "2040-10-28": "Public Servant's Day",
    "2040-11-02": "All Souls' Day",
    "2040-11-15": "Republic Proclamation Day",
    "2040-11-20": "National Day of Zumbi and Black Awareness",
    "2040-12-24": "Christmas Eve",
    "2040-12-25": "Christmas Day",
    "2040-12-31": "New Year's Eve",
    "2041-01-01": "Universal Fraternization Day",
    "2041-03-04": "Carnival",
    "2041-03-05": "Carnival",
    "2041-03-06": "Ash Wednesday",
    "2041-04-19": "Good Friday",
    "2041-04-21": "Tiradentes' Day",
    "2041-05-01": "Worker's Day",
    "2041-06-20": "Corpus Christi",
    "2041-09-05": "Elevation of Amazonas to province",
    "2041-09-07": "Independence Day",
    "2041-10-12": "Our Lady of Aparecida",
    "2041-10-28": "Public Servant's Day",
    "2041-11-02": "All Souls' Day",
    "2041-11-15": "Republic Proclamation Day",
    "2041-11-20": "National Day of Zumbi and Black Awareness",
    "2041-12-24": "Christmas Eve",
    "2041-12-25": "Christmas Day",
    "2041-12-31": "New Year's Eve",
    "2042-01-01": "Universal Fraternization Day",
    "2042-02-17": "Carnival",
    "2042-02-18": "Carnival",
    "2042-02-19": "Ash Wednesday",
    "2042-04-04": "Good Friday",
    "2042-04-21": "Tiradentes' Day",
    "2042-05-01": "Worker's Day",
    "2042-06-05": "Corpus Christi",
    "2042-09-05": "Elevation of Amazonas to province",
    "2042-09-07": "Independence Day",
    "2042-10-12": "Our Lady of Aparecida",
    "2042-10-28": "Public Servant's Day",
    "2042-11-02": "All Souls' Day",
    "2042-11-15": "Republic Proclamation Day",
    "2042-11-20": "National Day of Zumbi and Black Awareness",
    "2042-12-24": "Christmas Eve",
    "2042-12-25": "Christmas Day",
    "2042-12-31": "New Year's Eve",
    "2043-01-01": "Universal Fraternization Day",
    "2043-02-09": "Carnival",
    "2043-02-10": "Carnival",
    "2043-02-11": "Ash Wednesday",
    "2043-03-27": "Good Friday",
    "2043-04-21": "Tiradentes' Day",
    "2043-05-01": "Worker's Day",
    "2043-05-28": "Corpus Christi",
    "2043-09-05": "Elevation of Amazonas to province",
    "2043-09-07": "Independence Day",
    "2043-10-12": "Our Lady of Aparecida",
    "2043-10-28": "Public Servant's Day",
    "2043-11-02": "All Souls' Day",
    "2043-11-15": "Republic Proclamation Day",
    "2043-11-20": "National Day of Zumbi and Black Awareness",
    "2043-12-24": "Christmas Eve",
    "2043-12-25": "Christmas Day",
    "2043-12-31": "New Year's Eve",
    "2044-01-01": "Universal Fraternization Day",
    "2044-02-29": "Carnival",
    "2044-03-01": "Carnival",
    "2044-03-02": "Ash Wednesday",
    "2044-04-15": "Good Friday",
    "2044-04-21": "Tiradentes' Day",
    "2044-05-01": "Worker's Day",
    "2044-06-16": "Corpus Christi",
    "2044-09-05": "Elevation of Amazonas to province",
    "2044-09-07": "Independence Day",
    "2044-10-12": "Our Lady of Aparecida",
    "2044-10-28": "Public Servant's Day",
    "2044-11-02": "All Souls' Day",
    "2044-11-15": "Republic Proclamation Day",
    "2044-11-20": "National Day of Zumbi and Black Awareness",
    "2044-12-24": "Christmas Eve",
    "2044-12-25": "Christmas Day",
    "2044-12-31": "New Year's Eve",
    "2045-01-01": "Universal Fraternization Day",
    "2045-02-20": "Carnival",
    "2045-02-21": "Carnival",
    "2045-02-22": "Ash Wednesday",
    "2045-04-07": "Good Friday",
    "2045-04-21": "Tiradentes' Day",
    "2045-05-01": "Worker's Day",
    "2045-06-08": "Corpus Christi",
    "2045-09-05": "Elevation of Amazonas to province",
    "2045-09-07": "Independence Day",
    "2045-10-12": "Our Lady of Aparecida",
    "2045-10-28": "Public Servant's Day",
    "2045-11-02": "All Souls' Day",
    "2045-11-15": "Republic Proclamation Day",
    "2045-11-20": "National Day of Zumbi and Black Awareness",
    "2045-12-24": "Christmas Eve",
    "2045-12-25": "Christmas Day",
    "2045-12-31": "New Year's Eve",
    "2046-01-01": "Universal Fraternization Day",
    "2046-02-05": "Carnival",
    "2046-02-06": "Carnival",
    "2046-02-07": "Ash Wednesday",
    "2046-03-23": "Good Friday",
    "2046-04-21": "Tiradentes' Day",
    "2046-05-01": "Worker's Day",
    "2046-05-24": "Corpus Christi",
    "2046-09-05": "Elevation of Amazonas to province",
    "2046-09-07": "Independence Day",
    "2046-10-12": "Our Lady of Aparecida",
    "2046-10-28": "Public Servant's Day",
    "2046-11-02": "All Souls' Day",
    "2046-11-15": "Republic Proclamation Day",
    "2046-11-20": "National Day of Zumbi and Black Awareness",
    "2046-12-24": "Christmas Eve",
    "2046-12-25": "Christmas Day",
    "2046-12-31": "New Year's Eve",
    "2047-01-01": "Universal Fraternization Day",
    "2047-02-25": "Carnival",
    "2047-02-26": "Carnival",
    "2047-02-27": "Ash Wednesday",
    "2047-04-12": "Good Friday",
    "2047-04-21": "Tiradentes' Day",
    "2047-05-01": "Worker's Day",
    "2047-06-13": "Corpus Christi",
    "2047-09-05": "Elevation of Amazonas to province",
    "2047-09-07": "Independence Day",
    "2047-10-12": "Our Lady of Aparecida",
    "2047-10-28": "Public Servant's Day",
    "2047-11-02": "All Souls' Day",
    "2047-11-15": "Republic Proclamation Day",
    "2047-11-20": "National Day of Zumbi and Black Awareness",
    "2047-12-24": "Christmas Eve",
    "2047-12-25": "Christmas Day",
    "2047-12-31": "New Year's Eve",
    "2048-01-01": "Universal Fraternization Day",
    "2048-02-17": "Carnival",
    "2048-02-18": "Carnival",
    "2048-02-19": "Ash Wednesday",
    "2048-04-03": "Good Friday",
    "2048-04-21": "Tiradentes' Day",
    "2048-05-01": "Worker's Day",
    "2048-06-04": "Corpus Christi",
    "2048-09-05": "Elevation of Amazonas to province",
    "2048-09-07": "Independence Day",
    "2048-10-12": "Our Lady of Aparecida",
    "2048-10-28": "Public Servant's Day",
    "2048-11-02": "All Souls' Day",
    "2048-11-15": "Republic Proclamation Day",
    "2048-11-20": "National Day of Zumbi and Black Awareness",
    "2048-12-24": "Christmas Eve",
    "2048-12-25": "Christmas Day",
    "2048-12-31": "New Year's Eve",
    "2049-01-01": "Universal Fraternization Day",
    "2049-03-01": "Carnival",
    "2049-03-02": "Carnival",
    "2049-03-03": "Ash Wednesday",
    "2049-04-16": "Good Friday",
    "2049-04-21": "Tiradentes' Day",
    "2049-05-01": "Worker's Day",
    "2049-06-17": "Corpus Christi",
    "2049-09-05": "Elevation of Amazonas to province",
    "2049-09-07": "Independence Day",
    "2049-10-12": "Our Lady of Aparecida",
    "2049-10-28": "Public Servant's Day",
    "2049-11-02": "All Souls' Day",
    "2049-11-15": "Republic Proclamation Day",
    "2049-11-20": "National Day of Zumbi and Black Awareness",
    "2049-12-24": "Christmas Eve",
    "2049-12-25": "Christmas Day",
    "2049-12-31": "New Year's Eve",
    "2050-01-01": "Universal Fraternization Day",
    "2050-02-21": "Carnival",
    "2050-02-22": "Carnival",
    "2050-02-23": "Ash Wednesday",
    "2050-04-08": "Good Friday",
    "2050-04-21": "Tiradentes' Day",
    "2050-05-01": "Worker's Day",
    "2050-06-09": "Corpus Christi",
    "2050-09-05": "Elevation of Amazonas to province",
    "2050-09-07": "Independence Day",
    "2050-10-12": "Our Lady of Aparecida",
    "2050-10-28": "Public Servant's Day",
    "2050-11-02": "All Souls' Day",
    "2050-11-15": "Republic Proclamation Day",
    "2050-11-20": "National Day of Zumbi and Black Awareness",
    "2050-12-24": "Christmas Eve",
    "2050-12-25": "Christmas Day",
    "2050-12-31": "New Year's Eve"
}
