{
    "1950-01-01": "New Year's Day",
    "1950-01-02": "New Year's Day (observed)",
    "1950-04-07": "Good Friday",
    "1950-07-01": "Dominion Day",
    "1950-07-03": "Dominion Day (observed)",
    "1950-08-07": "Civic Holiday",
    "1950-09-04": "Labor Day",
    "1950-10-09": "Thanksgiving Day",
    "1950-11-11": "Remembrance Day",
    "1950-11-13": "Remembrance Day (observed)",
    "1950-12-25": "Christmas Day",
    "1950-12-26": "Boxing Day",
    "1951-01-01": "New Year's Day",
    "1951-03-23": "Good Friday",
    "1951-07-01": "Dominion Day",
    "1951-07-02": "Dominion Day (observed)",
    "1951-08-06": "Civic Holiday",
    "1951-09-03": "Labor Day",
    "1951-10-08": "Thanksgiving Day",
    "1951-11-11": "Remembrance Day",
    "1951-11-12": "Remembrance Day (observed)",
    "1951-12-25": "Christmas Day",
    "1951-12-26": "Boxing Day",
    "1952-01-01": "New Year's Day",
    "1952-04-11": "Good Friday",
    "1952-07-01": "Dominion Day",
    "1952-08-04": "Civic Holiday",
    "1952-09-01": "Labor Day",
    "1952-10-13": "Thanksgiving Day",
    "1952-11-11": "Remembrance Day",
    "1952-12-25": "Christmas Day",
    "1952-12-26": "Boxing Day",
    "1953-01-01": "New Year's Day",
    "1953-04-03": "Good Friday",
    "1953-05-18": "Victoria Day",
    "1953-07-01": "Dominion Day",
    "1953-08-03": "Civic Holiday",
    "1953-09-07": "Labor Day",
    "1953-10-12": "Thanksgiving Day",
    "1953-11-11": "Remembrance Day",
    "1953-12-25": "Christmas Day",
    "1953-12-26": "Boxing Day",
    "1953-12-28": "Boxing Day (observed)",
    "1954-01-01": "New Year's Day",
    "1954-04-16": "Good Friday",
    "1954-05-24": "Victoria Day",
    "1954-07-01": "Dominion Day",
    "1954-08-02": "Civic Holiday",
    "1954-09-06": "Labor Day",
    "1954-10-11": "Thanksgiving Day",
    "1954-11-11": "Remembrance Day",
    "1954-12-25": "Christmas Day",
    "1954-12-26": "Boxing Day",
    "1954-12-27": "Christmas Day (observed)",
    "1954-12-28": "Boxing Day (observed)",
    "1955-01-01": "New Year's Day",
    "1955-01-03": "New Year's Day (observed)",
    "1955-04-08": "Good Friday",
    "1955-05-23": "Victoria Day",
    "1955-07-01": "Dominion Day",
    "1955-08-01": "Civic Holiday",
    "1955-09-05": "Labor Day",
    "1955-10-10": "Thanksgiving Day",
    "1955-11-11": "Remembrance Day",
    "1955-12-25": "Christmas Day",
    "1955-12-26": "Boxing Day; Christmas Day (observed)",
    "1955-12-27": "Christmas Day (observed)",
    "1956-01-01": "New Year's Day",
    "1956-01-02": "New Year's Day (observed)",
    "1956-03-30": "Good Friday",
    "1956-05-21": "Victoria Day",
    "1956-07-01": "Dominion Day",
    "1956-07-02": "Dominion Day (observed)",
    "1956-08-06": "Civic Holiday",
    "1956-09-03": "Labor Day",
    "1956-10-08": "Thanksgiving Day",
    "1956-11-11": "Remembrance Day",
    "1956-11-12": "Remembrance Day (observed)",
    "1956-12-25": "Christmas Day",
    "1956-12-26": "Boxing Day",
    "1957-01-01": "New Year's Day",
    "1957-04-19": "Good Friday",
    "1957-05-20": "Victoria Day",
    "1957-07-01": "Dominion Day",
    "1957-08-05": "Civic Holiday",
    "1957-09-02": "Labor Day",
    "1957-10-14": "Thanksgiving Day",
    "1957-11-11": "Remembrance Day",
    "1957-12-25": "Christmas Day",
    "1957-12-26": "Boxing Day",
    "1958-01-01": "New Year's Day",
    "1958-04-04": "Good Friday",
    "1958-05-19": "Victoria Day",
    "1958-07-01": "Dominion Day",
    "1958-08-04": "Civic Holiday",
    "1958-09-01": "Labor Day",
    "1958-10-13": "Thanksgiving Day",
    "1958-11-11": "Remembrance Day",
    "1958-12-25": "Christmas Day",
    "1958-12-26": "Boxing Day",
    "1959-01-01": "New Year's Day",
    "1959-03-27": "Good Friday",
    "1959-05-18": "Victoria Day",
    "1959-07-01": "Dominion Day",
    "1959-08-03": "Civic Holiday",
    "1959-09-07": "Labor Day",
    "1959-10-12": "Thanksgiving Day",
    "1959-11-11": "Remembrance Day",
    "1959-12-25": "Christmas Day",
    "1959-12-26": "Boxing Day",
    "1959-12-28": "Boxing Day (observed)",
    "1960-01-01": "New Year's Day",
    "1960-04-15": "Good Friday",
    "1960-05-23": "Victoria Day",
    "1960-07-01": "Dominion Day",
    "1960-08-01": "Civic Holiday",
    "1960-09-05": "Labor Day",
    "1960-10-10": "Thanksgiving Day",
    "1960-11-11": "Remembrance Day",
    "1960-12-25": "Christmas Day",
    "1960-12-26": "Boxing Day; Christmas Day (observed)",
    "1960-12-27": "Christmas Day (observed)",
    "1961-01-01": "New Year's Day",
    "1961-01-02": "New Year's Day (observed)",
    "1961-03-31": "Good Friday",
    "1961-05-22": "Victoria Day",
    "1961-07-01": "Dominion Day",
    "1961-07-03": "Dominion Day (observed)",
    "1961-08-07": "Civic Holiday",
    "1961-09-04": "Labor Day",
    "1961-10-09": "Thanksgiving Day",
    "1961-11-11": "Remembrance Day",
    "1961-11-13": "Remembrance Day (observed)",
    "1961-12-25": "Christmas Day",
    "1961-12-26": "Boxing Day",
    "1962-01-01": "New Year's Day",
    "1962-04-20": "Good Friday",
    "1962-05-21": "Victoria Day",
    "1962-07-01": "Dominion Day",
    "1962-07-02": "Dominion Day (observed)",
    "1962-08-06": "Civic Holiday",
    "1962-09-03": "Labor Day",
    "1962-10-08": "Thanksgiving Day",
    "1962-11-11": "Remembrance Day",
    "1962-11-12": "Remembrance Day (observed)",
    "1962-12-25": "Christmas Day",
    "1962-12-26": "Boxing Day",
    "1963-01-01": "New Year's Day",
    "1963-04-12": "Good Friday",
    "1963-05-20": "Victoria Day",
    "1963-07-01": "Dominion Day",
    "1963-08-05": "Civic Holiday",
    "1963-09-02": "Labor Day",
    "1963-10-14": "Thanksgiving Day",
    "1963-11-11": "Remembrance Day",
    "1963-12-25": "Christmas Day",
    "1963-12-26": "Boxing Day",
    "1964-01-01": "New Year's Day",
    "1964-03-27": "Good Friday",
    "1964-05-18": "Victoria Day",
    "1964-07-01": "Dominion Day",
    "1964-08-03": "Civic Holiday",
    "1964-09-07": "Labor Day",
    "1964-10-12": "Thanksgiving Day",
    "1964-11-11": "Remembrance Day",
    "1964-12-25": "Christmas Day",
    "1964-12-26": "Boxing Day",
    "1964-12-28": "Boxing Day (observed)",
    "1965-01-01": "New Year's Day",
    "1965-04-16": "Good Friday",
    "1965-05-24": "Victoria Day",
    "1965-07-01": "Dominion Day",
    "1965-08-02": "Civic Holiday",
    "1965-09-06": "Labor Day",
    "1965-10-11": "Thanksgiving Day",
    "1965-11-11": "Remembrance Day",
    "1965-12-25": "Christmas Day",
    "1965-12-26": "Boxing Day",
    "1965-12-27": "Christmas Day (observed)",
    "1965-12-28": "Boxing Day (observed)",
    "1966-01-01": "New Year's Day",
    "1966-01-03": "New Year's Day (observed)",
    "1966-04-08": "Good Friday",
    "1966-05-23": "Victoria Day",
    "1966-07-01": "Dominion Day",
    "1966-08-01": "Civic Holiday",
    "1966-09-05": "Labor Day",
    "1966-10-10": "Thanksgiving Day",
    "1966-11-11": "Remembrance Day",
    "1966-12-25": "Christmas Day",
    "1966-12-26": "Boxing Day; Christmas Day (observed)",
    "1966-12-27": "Christmas Day (observed)",
    "1967-01-01": "New Year's Day",
    "1967-01-02": "New Year's Day (observed)",
    "1967-03-24": "Good Friday",
    "1967-05-22": "Victoria Day",
    "1967-07-01": "Dominion Day",
    "1967-07-03": "Dominion Day (observed)",
    "1967-08-07": "Civic Holiday",
    "1967-09-04": "Labor Day",
    "1967-10-09": "Thanksgiving Day",
    "1967-11-11": "Remembrance Day",
    "1967-11-13": "Remembrance Day (observed)",
    "1967-12-25": "Christmas Day",
    "1967-12-26": "Boxing Day",
    "1968-01-01": "New Year's Day",
    "1968-04-12": "Good Friday",
    "1968-05-20": "Victoria Day",
    "1968-07-01": "Dominion Day",
    "1968-08-05": "Civic Holiday",
    "1968-09-02": "Labor Day",
    "1968-10-14": "Thanksgiving Day",
    "1968-11-11": "Remembrance Day",
    "1968-12-25": "Christmas Day",
    "1968-12-26": "Boxing Day",
    "1969-01-01": "New Year's Day",
    "1969-04-04": "Good Friday",
    "1969-05-19": "Victoria Day",
    "1969-07-01": "Dominion Day",
    "1969-08-04": "Civic Holiday",
    "1969-09-01": "Labor Day",
    "1969-10-13": "Thanksgiving Day",
    "1969-11-11": "Remembrance Day",
    "1969-12-25": "Christmas Day",
    "1969-12-26": "Boxing Day",
    "1970-01-01": "New Year's Day",
    "1970-03-27": "Good Friday",
    "1970-05-18": "Victoria Day",
    "1970-07-01": "Dominion Day",
    "1970-08-03": "Civic Holiday",
    "1970-09-07": "Labor Day",
    "1970-10-12": "Thanksgiving Day",
    "1970-11-11": "Remembrance Day",
    "1970-12-25": "Christmas Day",
    "1970-12-26": "Boxing Day",
    "1970-12-28": "Boxing Day (observed)",
    "1971-01-01": "New Year's Day",
    "1971-04-09": "Good Friday",
    "1971-05-24": "Victoria Day",
    "1971-07-01": "Dominion Day",
    "1971-08-02": "Civic Holiday",
    "1971-09-06": "Labor Day",
    "1971-10-11": "Thanksgiving Day",
    "1971-11-11": "Remembrance Day",
    "1971-12-25": "Christmas Day",
    "1971-12-26": "Boxing Day",
    "1971-12-27": "Christmas Day (observed)",
    "1971-12-28": "Boxing Day (observed)",
    "1972-01-01": "New Year's Day",
    "1972-01-03": "New Year's Day (observed)",
    "1972-03-31": "Good Friday",
    "1972-05-22": "Victoria Day",
    "1972-07-01": "Dominion Day",
    "1972-07-03": "Dominion Day (observed)",
    "1972-08-07": "Civic Holiday",
    "1972-09-04": "Labor Day",
    "1972-10-09": "Thanksgiving Day",
    "1972-11-11": "Remembrance Day",
    "1972-11-13": "Remembrance Day (observed)",
    "1972-12-25": "Christmas Day",
    "1972-12-26": "Boxing Day",
    "1973-01-01": "New Year's Day",
    "1973-04-20": "Good Friday",
    "1973-05-21": "Victoria Day",
    "1973-07-01": "Dominion Day",
    "1973-07-02": "Dominion Day (observed)",
    "1973-08-06": "Civic Holiday",
    "1973-09-03": "Labor Day",
    "1973-10-08": "Thanksgiving Day",
    "1973-11-11": "Remembrance Day",
    "1973-11-12": "Remembrance Day (observed)",
    "1973-12-25": "Christmas Day",
    "1973-12-26": "Boxing Day",
    "1974-01-01": "New Year's Day",
    "1974-04-12": "Good Friday",
    "1974-05-20": "Victoria Day",
    "1974-07-01": "Dominion Day",
    "1974-08-05": "Civic Holiday",
    "1974-09-02": "Labor Day",
    "1974-10-14": "Thanksgiving Day",
    "1974-11-11": "Remembrance Day",
    "1974-12-25": "Christmas Day",
    "1974-12-26": "Boxing Day",
    "1975-01-01": "New Year's Day",
    "1975-03-28": "Good Friday",
    "1975-05-19": "Victoria Day",
    "1975-07-01": "Dominion Day",
    "1975-08-04": "Civic Holiday",
    "1975-09-01": "Labor Day",
    "1975-10-13": "Thanksgiving Day",
    "1975-11-11": "Remembrance Day",
    "1975-12-25": "Christmas Day",
    "1975-12-26": "Boxing Day",
    "1976-01-01": "New Year's Day",
    "1976-04-16": "Good Friday",
    "1976-05-24": "Victoria Day",
    "1976-07-01": "Dominion Day",
    "1976-08-02": "Civic Holiday",
    "1976-09-06": "Labor Day",
    "1976-10-11": "Thanksgiving Day",
    "1976-11-11": "Remembrance Day",
    "1976-12-25": "Christmas Day",
    "1976-12-26": "Boxing Day",
    "1976-12-27": "Christmas Day (observed)",
    "1976-12-28": "Boxing Day (observed)",
    "1977-01-01": "New Year's Day",
    "1977-01-03": "New Year's Day (observed)",
    "1977-04-08": "Good Friday",
    "1977-05-23": "Victoria Day",
    "1977-07-01": "Dominion Day",
    "1977-08-01": "Civic Holiday",
    "1977-09-05": "Labor Day",
    "1977-10-10": "Thanksgiving Day",
    "1977-11-11": "Remembrance Day",
    "1977-12-25": "Christmas Day",
    "1977-12-26": "Boxing Day; Christmas Day (observed)",
    "1977-12-27": "Christmas Day (observed)",
    "1978-01-01": "New Year's Day",
    "1978-01-02": "New Year's Day (observed)",
    "1978-03-24": "Good Friday",
    "1978-05-22": "Victoria Day",
    "1978-07-01": "Dominion Day",
    "1978-07-03": "Dominion Day (observed)",
    "1978-08-07": "Civic Holiday",
    "1978-09-04": "Labor Day",
    "1978-10-09": "Thanksgiving Day",
    "1978-11-11": "Remembrance Day",
    "1978-11-13": "Remembrance Day (observed)",
    "1978-12-25": "Christmas Day",
    "1978-12-26": "Boxing Day",
    "1979-01-01": "New Year's Day",
    "1979-04-13": "Good Friday",
    "1979-05-21": "Victoria Day",
    "1979-07-01": "Dominion Day",
    "1979-07-02": "Dominion Day (observed)",
    "1979-08-06": "Civic Holiday",
    "1979-09-03": "Labor Day",
    "1979-10-08": "Thanksgiving Day",
    "1979-11-11": "Remembrance Day",
    "1979-11-12": "Remembrance Day (observed)",
    "1979-12-25": "Christmas Day",
    "1979-12-26": "Boxing Day",
    "1980-01-01": "New Year's Day",
    "1980-04-04": "Good Friday",
    "1980-05-19": "Victoria Day",
    "1980-07-01": "Dominion Day",
    "1980-08-04": "Civic Holiday",
    "1980-09-01": "Labor Day",
    "1980-10-13": "Thanksgiving Day",
    "1980-11-11": "Remembrance Day",
    "1980-12-25": "Christmas Day",
    "1980-12-26": "Boxing Day",
    "1981-01-01": "New Year's Day",
    "1981-04-17": "Good Friday",
    "1981-05-18": "Victoria Day",
    "1981-07-01": "Dominion Day",
    "1981-08-03": "Civic Holiday",
    "1981-09-07": "Labor Day",
    "1981-10-12": "Thanksgiving Day",
    "1981-11-11": "Remembrance Day",
    "1981-12-25": "Christmas Day",
    "1981-12-26": "Boxing Day",
    "1981-12-28": "Boxing Day (observed)",
    "1982-01-01": "New Year's Day",
    "1982-04-09": "Good Friday",
    "1982-05-24": "Victoria Day",
    "1982-07-01": "Dominion Day",
    "1982-08-02": "Civic Holiday",
    "1982-09-06": "Labor Day",
    "1982-10-11": "Thanksgiving Day",
    "1982-11-11": "Remembrance Day",
    "1982-12-25": "Christmas Day",
    "1982-12-26": "Boxing Day",
    "1982-12-27": "Christmas Day (observed)",
    "1982-12-28": "Boxing Day (observed)",
    "1983-01-01": "New Year's Day",
    "1983-01-03": "New Year's Day (observed)",
    "1983-04-01": "Good Friday",
    "1983-05-23": "Victoria Day",
    "1983-07-01": "Canada Day",
    "1983-08-01": "Civic Holiday",
    "1983-09-05": "Labor Day",
    "1983-10-10": "Thanksgiving Day",
    "1983-11-11": "Remembrance Day",
    "1983-12-25": "Christmas Day",
    "1983-12-26": "Boxing Day; Christmas Day (observed)",
    "1983-12-27": "Christmas Day (observed)",
    "1984-01-01": "New Year's Day",
    "1984-01-02": "New Year's Day (observed)",
    "1984-04-20": "Good Friday",
    "1984-05-21": "Victoria Day",
    "1984-07-01": "Canada Day",
    "1984-07-02": "Canada Day (observed)",
    "1984-08-06": "Civic Holiday",
    "1984-09-03": "Labor Day",
    "1984-10-08": "Thanksgiving Day",
    "1984-11-11": "Remembrance Day",
    "1984-11-12": "Remembrance Day (observed)",
    "1984-12-25": "Christmas Day",
    "1984-12-26": "Boxing Day",
    "1985-01-01": "New Year's Day",
    "1985-04-05": "Good Friday",
    "1985-05-20": "Victoria Day",
    "1985-07-01": "Canada Day",
    "1985-08-05": "Civic Holiday",
    "1985-09-02": "Labor Day",
    "1985-10-14": "Thanksgiving Day",
    "1985-11-11": "Remembrance Day",
    "1985-12-25": "Christmas Day",
    "1985-12-26": "Boxing Day",
    "1986-01-01": "New Year's Day",
    "1986-03-28": "Good Friday",
    "1986-05-19": "Victoria Day",
    "1986-07-01": "Canada Day",
    "1986-08-04": "Civic Holiday",
    "1986-09-01": "Labor Day",
    "1986-10-13": "Thanksgiving Day",
    "1986-11-11": "Remembrance Day",
    "1986-12-25": "Christmas Day",
    "1986-12-26": "Boxing Day",
    "1987-01-01": "New Year's Day",
    "1987-04-17": "Good Friday",
    "1987-05-18": "Victoria Day",
    "1987-07-01": "Canada Day",
    "1987-08-03": "Civic Holiday",
    "1987-09-07": "Labor Day",
    "1987-10-12": "Thanksgiving Day",
    "1987-11-11": "Remembrance Day",
    "1987-12-25": "Christmas Day",
    "1987-12-26": "Boxing Day",
    "1987-12-28": "Boxing Day (observed)",
    "1988-01-01": "New Year's Day",
    "1988-04-01": "Good Friday",
    "1988-05-23": "Victoria Day",
    "1988-07-01": "Canada Day",
    "1988-08-01": "Civic Holiday",
    "1988-09-05": "Labor Day",
    "1988-10-10": "Thanksgiving Day",
    "1988-11-11": "Remembrance Day",
    "1988-12-25": "Christmas Day",
    "1988-12-26": "Boxing Day; Christmas Day (observed)",
    "1988-12-27": "Christmas Day (observed)",
    "1989-01-01": "New Year's Day",
    "1989-01-02": "New Year's Day (observed)",
    "1989-03-24": "Good Friday",
    "1989-05-22": "Victoria Day",
    "1989-07-01": "Canada Day",
    "1989-07-03": "Canada Day (observed)",
    "1989-08-07": "Civic Holiday",
    "1989-09-04": "Labor Day",
    "1989-10-09": "Thanksgiving Day",
    "1989-11-11": "Remembrance Day",
    "1989-11-13": "Remembrance Day (observed)",
    "1989-12-25": "Christmas Day",
    "1989-12-26": "Boxing Day",
    "1990-01-01": "New Year's Day",
    "1990-04-13": "Good Friday",
    "1990-05-21": "Victoria Day",
    "1990-07-01": "Canada Day",
    "1990-07-02": "Canada Day (observed)",
    "1990-08-06": "Civic Holiday",
    "1990-09-03": "Labor Day",
    "1990-10-08": "Thanksgiving Day",
    "1990-11-11": "Remembrance Day",
    "1990-11-12": "Remembrance Day (observed)",
    "1990-12-25": "Christmas Day",
    "1990-12-26": "Boxing Day",
    "1991-01-01": "New Year's Day",
    "1991-03-29": "Good Friday",
    "1991-05-20": "Victoria Day",
    "1991-07-01": "Canada Day",
    "1991-08-05": "Civic Holiday",
    "1991-09-02": "Labor Day",
    "1991-10-14": "Thanksgiving Day",
    "1991-11-11": "Remembrance Day",
    "1991-12-25": "Christmas Day",
    "1991-12-26": "Boxing Day",
    "1992-01-01": "New Year's Day",
    "1992-04-17": "Good Friday",
    "1992-05-18": "Victoria Day",
    "1992-07-01": "Canada Day",
    "1992-08-03": "Civic Holiday",
    "1992-09-07": "Labor Day",
    "1992-10-12": "Thanksgiving Day",
    "1992-11-11": "Remembrance Day",
    "1992-12-25": "Christmas Day",
    "1992-12-26": "Boxing Day",
    "1992-12-28": "Boxing Day (observed)",
    "1993-01-01": "New Year's Day",
    "1993-04-09": "Good Friday",
    "1993-05-24": "Victoria Day",
    "1993-07-01": "Canada Day",
    "1993-08-02": "Civic Holiday",
    "1993-09-06": "Labor Day",
    "1993-10-11": "Thanksgiving Day",
    "1993-11-11": "Remembrance Day",
    "1993-12-25": "Christmas Day",
    "1993-12-26": "Boxing Day",
    "1993-12-27": "Christmas Day (observed)",
    "1993-12-28": "Boxing Day (observed)",
    "1994-01-01": "New Year's Day",
    "1994-01-03": "New Year's Day (observed)",
    "1994-04-01": "Good Friday",
    "1994-05-23": "Victoria Day",
    "1994-07-01": "Canada Day",
    "1994-08-01": "Civic Holiday",
    "1994-09-05": "Labor Day",
    "1994-10-10": "Thanksgiving Day",
    "1994-11-11": "Remembrance Day",
    "1994-12-25": "Christmas Day",
    "1994-12-26": "Boxing Day; Christmas Day (observed)",
    "1994-12-27": "Christmas Day (observed)",
    "1995-01-01": "New Year's Day",
    "1995-01-02": "New Year's Day (observed)",
    "1995-04-14": "Good Friday",
    "1995-05-22": "Victoria Day",
    "1995-07-01": "Canada Day",
    "1995-07-03": "Canada Day (observed)",
    "1995-08-07": "Civic Holiday",
    "1995-09-04": "Labor Day",
    "1995-10-09": "Thanksgiving Day",
    "1995-11-11": "Remembrance Day",
    "1995-11-13": "Remembrance Day (observed)",
    "1995-12-25": "Christmas Day",
    "1995-12-26": "Boxing Day",
    "1996-01-01": "New Year's Day",
    "1996-04-05": "Good Friday",
    "1996-05-20": "Victoria Day",
    "1996-07-01": "Canada Day",
    "1996-08-05": "Civic Holiday",
    "1996-09-02": "Labor Day",
    "1996-10-14": "Thanksgiving Day",
    "1996-11-11": "Remembrance Day",
    "1996-12-25": "Christmas Day",
    "1996-12-26": "Boxing Day",
    "1997-01-01": "New Year's Day",
    "1997-03-28": "Good Friday",
    "1997-05-19": "Victoria Day",
    "1997-07-01": "Canada Day",
    "1997-08-04": "Civic Holiday",
    "1997-09-01": "Labor Day",
    "1997-10-13": "Thanksgiving Day",
    "1997-11-11": "Remembrance Day",
    "1997-12-25": "Christmas Day",
    "1997-12-26": "Boxing Day",
    "1998-01-01": "New Year's Day",
    "1998-04-10": "Good Friday",
    "1998-05-18": "Victoria Day",
    "1998-07-01": "Canada Day",
    "1998-08-03": "Civic Holiday",
    "1998-09-07": "Labor Day",
    "1998-10-12": "Thanksgiving Day",
    "1998-11-11": "Remembrance Day",
    "1998-12-25": "Christmas Day",
    "1998-12-26": "Boxing Day",
    "1998-12-28": "Boxing Day (observed)",
    "1999-01-01": "New Year's Day",
    "1999-04-02": "Good Friday",
    "1999-05-24": "Victoria Day",
    "1999-07-01": "Canada Day",
    "1999-08-02": "Civic Holiday",
    "1999-09-06": "Labor Day",
    "1999-10-11": "Thanksgiving Day",
    "1999-11-11": "Remembrance Day",
    "1999-12-25": "Christmas Day",
    "1999-12-26": "Boxing Day",
    "1999-12-27": "Christmas Day (observed)",
    "1999-12-28": "Boxing Day (observed)",
    "2000-01-01": "New Year's Day",
    "2000-01-03": "New Year's Day (observed)",
    "2000-04-21": "Good Friday",
    "2000-05-22": "Victoria Day",
    "2000-07-01": "Canada Day",
    "2000-07-03": "Canada Day (observed)",
    "2000-08-07": "Civic Holiday",
    "2000-09-04": "Labor Day",
    "2000-10-09": "Thanksgiving Day",
    "2000-11-11": "Remembrance Day",
    "2000-11-13": "Remembrance Day (observed)",
    "2000-12-25": "Christmas Day",
    "2000-12-26": "Boxing Day",
    "2001-01-01": "New Year's Day",
    "2001-04-13": "Good Friday",
    "2001-05-21": "Victoria Day",
    "2001-07-01": "Canada Day",
    "2001-07-02": "Canada Day (observed)",
    "2001-08-06": "Civic Holiday",
    "2001-09-03": "Labor Day",
    "2001-10-08": "Thanksgiving Day",
    "2001-11-11": "Remembrance Day",
    "2001-11-12": "Remembrance Day (observed)",
    "2001-12-25": "Christmas Day",
    "2001-12-26": "Boxing Day",
    "2002-01-01": "New Year's Day",
    "2002-03-29": "Good Friday",
    "2002-05-20": "Victoria Day",
    "2002-07-01": "Canada Day",
    "2002-08-05": "Civic Holiday",
    "2002-09-02": "Labor Day",
    "2002-10-14": "Thanksgiving Day",
    "2002-11-11": "Remembrance Day",
    "2002-12-25": "Christmas Day",
    "2002-12-26": "Boxing Day",
    "2003-01-01": "New Year's Day",
    "2003-04-18": "Good Friday",
    "2003-05-19": "Victoria Day",
    "2003-07-01": "Canada Day",
    "2003-08-04": "Civic Holiday",
    "2003-09-01": "Labor Day",
    "2003-10-13": "Thanksgiving Day",
    "2003-11-11": "Remembrance Day",
    "2003-12-25": "Christmas Day",
    "2003-12-26": "Boxing Day",
    "2004-01-01": "New Year's Day",
    "2004-04-09": "Good Friday",
    "2004-05-24": "Victoria Day",
    "2004-07-01": "Canada Day",
    "2004-08-02": "Civic Holiday",
    "2004-09-06": "Labor Day",
    "2004-10-11": "Thanksgiving Day",
    "2004-11-11": "Remembrance Day",
    "2004-12-25": "Christmas Day",
    "2004-12-26": "Boxing Day",
    "2004-12-27": "Christmas Day (observed)",
    "2004-12-28": "Boxing Day (observed)",
    "2005-01-01": "New Year's Day",
    "2005-01-03": "New Year's Day (observed)",
    "2005-03-25": "Good Friday",
    "2005-05-23": "Victoria Day",
    "2005-07-01": "Canada Day",
    "2005-08-01": "Civic Holiday",
    "2005-09-05": "Labor Day",
    "2005-10-10": "Thanksgiving Day",
    "2005-11-11": "Remembrance Day",
    "2005-12-25": "Christmas Day",
    "2005-12-26": "Boxing Day; Christmas Day (observed)",
    "2005-12-27": "Christmas Day (observed)",
    "2006-01-01": "New Year's Day",
    "2006-01-02": "New Year's Day (observed)",
    "2006-04-14": "Good Friday",
    "2006-05-22": "Victoria Day",
    "2006-07-01": "Canada Day",
    "2006-07-03": "Canada Day (observed)",
    "2006-08-07": "Civic Holiday",
    "2006-09-04": "Labor Day",
    "2006-10-09": "Thanksgiving Day",
    "2006-11-11": "Remembrance Day",
    "2006-11-13": "Remembrance Day (observed)",
    "2006-12-25": "Christmas Day",
    "2006-12-26": "Boxing Day",
    "2007-01-01": "New Year's Day",
    "2007-04-06": "Good Friday",
    "2007-05-21": "Victoria Day",
    "2007-07-01": "Canada Day",
    "2007-07-02": "Canada Day (observed)",
    "2007-08-06": "Civic Holiday",
    "2007-09-03": "Labor Day",
    "2007-10-08": "Thanksgiving Day",
    "2007-11-11": "Remembrance Day",
    "2007-11-12": "Remembrance Day (observed)",
    "2007-12-25": "Christmas Day",
    "2007-12-26": "Boxing Day",
    "2008-01-01": "New Year's Day",
    "2008-02-18": "Family Day",
    "2008-03-21": "Good Friday",
    "2008-05-19": "Victoria Day",
    "2008-07-01": "Canada Day",
    "2008-08-04": "Civic Holiday",
    "2008-09-01": "Labor Day",
    "2008-10-13": "Thanksgiving Day",
    "2008-11-11": "Remembrance Day",
    "2008-12-25": "Christmas Day",
    "2008-12-26": "Boxing Day",
    "2009-01-01": "New Year's Day",
    "2009-02-16": "Family Day",
    "2009-04-10": "Good Friday",
    "2009-05-18": "Victoria Day",
    "2009-07-01": "Canada Day",
    "2009-08-03": "Civic Holiday",
    "2009-09-07": "Labor Day",
    "2009-10-12": "Thanksgiving Day",
    "2009-11-11": "Remembrance Day",
    "2009-12-25": "Christmas Day",
    "2009-12-26": "Boxing Day",
    "2009-12-28": "Boxing Day (observed)",
    "2010-01-01": "New Year's Day",
    "2010-02-15": "Family Day",
    "2010-04-02": "Good Friday",
    "2010-05-24": "Victoria Day",
    "2010-07-01": "Canada Day",
    "2010-08-02": "Civic Holiday",
    "2010-09-06": "Labor Day",
    "2010-10-11": "Thanksgiving Day",
    "2010-11-11": "Remembrance Day",
    "2010-12-25": "Christmas Day",
    "2010-12-26": "Boxing Day",
    "2010-12-27": "Christmas Day (observed)",
    "2010-12-28": "Boxing Day (observed)",
    "2011-01-01": "New Year's Day",
    "2011-01-03": "New Year's Day (observed)",
    "2011-02-21": "Family Day",
    "2011-04-22": "Good Friday",
    "2011-05-23": "Victoria Day",
    "2011-07-01": "Canada Day",
    "2011-08-01": "Civic Holiday",
    "2011-09-05": "Labor Day",
    "2011-10-10": "Thanksgiving Day",
    "2011-11-11": "Remembrance Day",
    "2011-12-25": "Christmas Day",
    "2011-12-26": "Boxing Day; Christmas Day (observed)",
    "2011-12-27": "Christmas Day (observed)",
    "2012-01-01": "New Year's Day",
    "2012-01-02": "New Year's Day (observed)",
    "2012-02-20": "Family Day",
    "2012-04-06": "Good Friday",
    "2012-05-21": "Victoria Day",
    "2012-07-01": "Canada Day",
    "2012-07-02": "Canada Day (observed)",
    "2012-08-06": "Civic Holiday",
    "2012-09-03": "Labor Day",
    "2012-10-08": "Thanksgiving Day",
    "2012-11-11": "Remembrance Day",
    "2012-11-12": "Remembrance Day (observed)",
    "2012-12-25": "Christmas Day",
    "2012-12-26": "Boxing Day",
    "2013-01-01": "New Year's Day",
    "2013-02-18": "Family Day",
    "2013-03-29": "Good Friday",
    "2013-05-20": "Victoria Day",
    "2013-07-01": "Canada Day",
    "2013-08-05": "Civic Holiday",
    "2013-09-02": "Labor Day",
    "2013-10-14": "Thanksgiving Day",
    "2013-11-11": "Remembrance Day",
    "2013-12-25": "Christmas Day",
    "2013-12-26": "Boxing Day",
    "2014-01-01": "New Year's Day",
    "2014-02-17": "Family Day",
    "2014-04-18": "Good Friday",
    "2014-05-19": "Victoria Day",
    "2014-07-01": "Canada Day",
    "2014-08-04": "Civic Holiday",
    "2014-09-01": "Labor Day",
    "2014-10-13": "Thanksgiving Day",
    "2014-11-11": "Remembrance Day",
    "2014-12-25": "Christmas Day",
    "2014-12-26": "Boxing Day",
    "2015-01-01": "New Year's Day",
    "2015-02-16": "Family Day",
    "2015-04-03": "Good Friday",
    "2015-05-18": "Victoria Day",
    "2015-07-01": "Canada Day",
    "2015-08-03": "Civic Holiday",
    "2015-09-07": "Labor Day",
    "2015-10-12": "Thanksgiving Day",
    "2015-11-11": "Remembrance Day",
    "2015-12-25": "Christmas Day",
    "2015-12-26": "Boxing Day",
    "2015-12-28": "Boxing Day (observed)",
    "2016-01-01": "New Year's Day",
    "2016-02-15": "Family Day",
    "2016-03-25": "Good Friday",
    "2016-05-23": "Victoria Day",
    "2016-07-01": "Canada Day",
    "2016-08-01": "Civic Holiday",
    "2016-09-05": "Labor Day",
    "2016-10-10": "Thanksgiving Day",
    "2016-11-11": "Remembrance Day",
    "2016-12-25": "Christmas Day",
    "2016-12-26": "Boxing Day; Christmas Day (observed)",
    "2016-12-27": "Christmas Day (observed)",
    "2017-01-01": "New Year's Day",
    "2017-01-02": "New Year's Day (observed)",
    "2017-02-20": "Family Day",
    "2017-04-14": "Good Friday",
    "2017-05-22": "Victoria Day",
    "2017-07-01": "Canada Day",
    "2017-07-03": "Canada Day (observed)",
    "2017-08-07": "Civic Holiday",
    "2017-09-04": "Labor Day",
    "2017-10-09": "Thanksgiving Day",
    "2017-11-11": "Remembrance Day",
    "2017-11-13": "Remembrance Day (observed)",
    "2017-12-25": "Christmas Day",
    "2017-12-26": "Boxing Day",
    "2018-01-01": "New Year's Day",
    "2018-02-19": "Family Day",
    "2018-03-30": "Good Friday",
    "2018-05-21": "Victoria Day",
    "2018-07-01": "Canada Day",
    "2018-07-02": "Canada Day (observed)",
    "2018-08-06": "Civic Holiday",
    "2018-09-03": "Labor Day",
    "2018-10-08": "Thanksgiving Day",
    "2018-11-11": "Remembrance Day",
    "2018-11-12": "Remembrance Day (observed)",
    "2018-12-25": "Christmas Day",
    "2018-12-26": "Boxing Day",
    "2019-01-01": "New Year's Day",
    "2019-02-18": "Family Day",
    "2019-04-19": "Good Friday",
    "2019-05-20": "Victoria Day",
    "2019-07-01": "Canada Day",
    "2019-08-05": "Civic Holiday",
    "2019-09-02": "Labor Day",
    "2019-10-14": "Thanksgiving Day",
    "2019-11-11": "Remembrance Day",
    "2019-12-25": "Christmas Day",
    "2019-12-26": "Boxing Day",
    "2020-01-01": "New Year's Day",
    "2020-02-17": "Family Day",
    "2020-04-10": "Good Friday",
    "2020-05-18": "Victoria Day",
    "2020-07-01": "Canada Day",
    "2020-08-03": "Civic Holiday",
    "2020-09-07": "Labor Day",
    "2020-10-12": "Thanksgiving Day",
    "2020-11-11": "Remembrance Day",
    "2020-12-25": "Christmas Day",
    "2020-12-26": "Boxing Day",
    "2020-12-28": "Boxing Day (observed)",
    "2021-01-01": "New Year's Day",
    "2021-02-15": "Family Day",
    "2021-04-02": "Good Friday",
    "2021-05-24": "Victoria Day",
    "2021-07-01": "Canada Day",
    "2021-08-02": "Civic Holiday",
    "2021-09-06": "Labor Day",
    "2021-09-30": "National Day for Truth and Reconciliation",
    "2021-10-11": "Thanksgiving Day",
    "2021-11-11": "Remembrance Day",
    "2021-12-25": "Christmas Day",
    "2021-12-26": "Boxing Day",
    "2021-12-27": "Christmas Day (observed)",
    "2021-12-28": "Boxing Day (observed)",
    "2022-01-01": "New Year's Day",
    "2022-01-03": "New Year's Day (observed)",
    "2022-02-21": "Family Day",
    "2022-04-15": "Good Friday",
    "2022-05-23": "Victoria Day",
    "2022-07-01": "Canada Day",
    "2022-08-01": "Civic Holiday",
    "2022-09-05": "Labor Day",
    "2022-09-30": "National Day for Truth and Reconciliation",
    "2022-10-10": "Thanksgiving Day",
    "2022-11-11": "Remembrance Day",
    "2022-12-25": "Christmas Day",
    "2022-12-26": "Boxing Day; Christmas Day (observed)",
    "2022-12-27": "Christmas Day (observed)",
    "2023-01-01": "New Year's Day",
    "2023-01-02": "New Year's Day (observed)",
    "2023-02-20": "Family Day",
    "2023-04-07": "Good Friday",
    "2023-05-22": "Victoria Day",
    "2023-07-01": "Canada Day",
    "2023-07-03": "Canada Day (observed)",
    "2023-08-07": "Civic Holiday",
    "2023-09-04": "Labor Day",
    "2023-09-30": "National Day for Truth and Reconciliation",
    "2023-10-02": "National Day for Truth and Reconciliation (observed)",
    "2023-10-09": "Thanksgiving Day",
    "2023-11-11": "Remembrance Day",
    "2023-11-13": "Remembrance Day (observed)",
    "2023-12-25": "Christmas Day",
    "2023-12-26": "Boxing Day",
    "2024-01-01": "New Year's Day",
    "2024-02-19": "Family Day",
    "2024-03-29": "Good Friday",
    "2024-05-20": "Victoria Day",
    "2024-07-01": "Canada Day",
    "2024-08-05": "Civic Holiday",
    "2024-09-02": "Labor Day",
    "2024-09-30": "National Day for Truth and Reconciliation",
    "2024-10-14": "Thanksgiving Day",
    "2024-11-11": "Remembrance Day",
    "2024-12-25": "Christmas Day",
    "2024-12-26": "Boxing Day",
    "2025-01-01": "New Year's Day",
    "2025-02-17": "Family Day",
    "2025-04-18": "Good Friday",
    "2025-05-19": "Victoria Day",
    "2025-07-01": "Canada Day",
    "2025-08-04": "Civic Holiday",
    "2025-09-01": "Labor Day",
    "2025-09-30": "National Day for Truth and Reconciliation",
    "2025-10-13": "Thanksgiving Day",
    "2025-11-11": "Remembrance Day",
    "2025-12-25": "Christmas Day",
    "2025-12-26": "Boxing Day",
    "2026-01-01": "New Year's Day",
    "2026-02-16": "Family Day",
    "2026-04-03": "Good Friday",
    "2026-05-18": "Victoria Day",
    "2026-07-01": "Canada Day",
    "2026-08-03": "Civic Holiday",
    "2026-09-07": "Labor Day",
    "2026-09-30": "National Day for Truth and Reconciliation",
    "2026-10-12": "Thanksgiving Day",
    "2026-11-11": "Remembrance Day",
    "2026-12-25": "Christmas Day",
    "2026-12-26": "Boxing Day",
    "2026-12-28": "Boxing Day (observed)",
    "2027-01-01": "New Year's Day",
    "2027-02-15": "Family Day",
    "2027-03-26": "Good Friday",
    "2027-05-24": "Victoria Day",
    "2027-07-01": "Canada Day",
    "2027-08-02": "Civic Holiday",
    "2027-09-06": "Labor Day",
    "2027-09-30": "National Day for Truth and Reconciliation",
    "2027-10-11": "Thanksgiving Day",
    "2027-11-11": "Remembrance Day",
    "2027-12-25": "Christmas Day",
    "2027-12-26": "Boxing Day",
    "2027-12-27": "Christmas Day (observed)",
    "2027-12-28": "Boxing Day (observed)",
    "2028-01-01": "New Year's Day",
    "2028-01-03": "New Year's Day (observed)",
    "2028-02-21": "Family Day",
    "2028-04-14": "Good Friday",
    "2028-05-22": "Victoria Day",
    "2028-07-01": "Canada Day",
    "2028-07-03": "Canada Day (observed)",
    "2028-08-07": "Civic Holiday",
    "2028-09-04": "Labor Day",
    "2028-09-30": "National Day for Truth and Reconciliation",
    "2028-10-02": "National Day for Truth and Reconciliation (observed)",
    "2028-10-09": "Thanksgiving Day",
    "2028-11-11": "Remembrance Day",
    "2028-11-13": "Remembrance Day (observed)",
    "2028-12-25": "Christmas Day",
    "2028-12-26": "Boxing Day",
    "2029-01-01": "New Year's Day",
    "2029-02-19": "Family Day",
    "2029-03-30": "Good Friday",
    "2029-05-21": "Victoria Day",
    "2029-07-01": "Canada Day",
    "2029-07-02": "Canada Day (observed)",
    "2029-08-06": "Civic Holiday",
    "2029-09-03": "Labor Day",
    "2029-09-30": "National Day for Truth and Reconciliation",
    "2029-10-01": "National Day for Truth and Reconciliation (observed)",
    "2029-10-08": "Thanksgiving Day",
    "2029-11-11": "Remembrance Day",
    "2029-11-12": "Remembrance Day (observed)",
    "2029-12-25": "Christmas Day",
    "2029-12-26": "Boxing Day",
    "2030-01-01": "New Year's Day",
    "2030-02-18": "Family Day",
    "2030-04-19": "Good Friday",
    "2030-05-20": "Victoria Day",
    "2030-07-01": "Canada Day",
    "2030-08-05": "Civic Holiday",
    "2030-09-02": "Labor Day",
    "2030-09-30": "National Day for Truth and Reconciliation",
    "2030-10-14": "Thanksgiving Day",
    "2030-11-11": "Remembrance Day",
    "2030-12-25": "Christmas Day",
    "2030-12-26": "Boxing Day",
    "2031-01-01": "New Year's Day",
    "2031-02-17": "Family Day",
    "2031-04-11": "Good Friday",
    "2031-05-19": "Victoria Day",
    "2031-07-01": "Canada Day",
    "2031-08-04": "Civic Holiday",
    "2031-09-01": "Labor Day",
    "2031-09-30": "National Day for Truth and Reconciliation",
    "2031-10-13": "Thanksgiving Day",
    "2031-11-11": "Remembrance Day",
    "2031-12-25": "Christmas Day",
    "2031-12-26": "Boxing Day",
    "2032-01-01": "New Year's Day",
    "2032-02-16": "Family Day",
    "2032-03-26": "Good Friday",
    "2032-05-24": "Victoria Day",
    "2032-07-01": "Canada Day",
    "2032-08-02": "Civic Holiday",
    "2032-09-06": "Labor Day",
    "2032-09-30": "National Day for Truth and Reconciliation",
    "2032-10-11": "Thanksgiving Day",
    "2032-11-11": "Remembrance Day",
    "2032-12-25": "Christmas Day",
    "2032-12-26": "Boxing Day",
    "2032-12-27": "Christmas Day (observed)",
    "2032-12-28": "Boxing Day (observed)",
    "2033-01-01": "New Year's Day",
    "2033-01-03": "New Year's Day (observed)",
    "2033-02-21": "Family Day",
    "2033-04-15": "Good Friday",
    "2033-05-23": "Victoria Day",
    "2033-07-01": "Canada Day",
    "2033-08-01": "Civic Holiday",
    "2033-09-05": "Labor Day",
    "2033-09-30": "National Day for Truth and Reconciliation",
    "2033-10-10": "Thanksgiving Day",
    "2033-11-11": "Remembrance Day",
    "2033-12-25": "Christmas Day",
    "2033-12-26": "Boxing Day; Christmas Day (observed)",
    "2033-12-27": "Christmas Day (observed)",
    "2034-01-01": "New Year's Day",
    "2034-01-02": "New Year's Day (observed)",
    "2034-02-20": "Family Day",
    "2034-04-07": "Good Friday",
    "2034-05-22": "Victoria Day",
    "2034-07-01": "Canada Day",
    "2034-07-03": "Canada Day (observed)",
    "2034-08-07": "Civic Holiday",
    "2034-09-04": "Labor Day",
    "2034-09-30": "National Day for Truth and Reconciliation",
    "2034-10-02": "National Day for Truth and Reconciliation (observed)",
    "2034-10-09": "Thanksgiving Day",
    "2034-11-11": "Remembrance Day",
    "2034-11-13": "Remembrance Day (observed)",
    "2034-12-25": "Christmas Day",
    "2034-12-26": "Boxing Day",
    "2035-01-01": "New Year's Day",
    "2035-02-19": "Family Day",
    "2035-03-23": "Good Friday",
    "2035-05-21": "Victoria Day",
    "2035-07-01": "Canada Day",
    "2035-07-02": "Canada Day (observed)",
    "2035-08-06": "Civic Holiday",
    "2035-09-03": "Labor Day",
    "2035-09-30": "National Day for Truth and Reconciliation",
    "2035-10-01": "National Day for Truth and Reconciliation (observed)",
    "2035-10-08": "Thanksgiving Day",
    "2035-11-11": "Remembrance Day",
    "2035-11-12": "Remembrance Day (observed)",
    "2035-12-25": "Christmas Day",
    "2035-12-26": "Boxing Day",
    "2036-01-01": "New Year's Day",
    "2036-02-18": "Family Day",
    "2036-04-11": "Good Friday",
    "2036-05-19": "Victoria Day",
    "2036-07-01": "Canada Day",
    "2036-08-04": "Civic Holiday",
    "2036-09-01": "Labor Day",
    "2036-09-30": "National Day for Truth and Reconciliation",
    "2036-10-13": "Thanksgiving Day",
    "2036-11-11": "Remembrance Day",
    "2036-12-25": "Christmas Day",
    "2036-12-26": "Boxing Day",
    "2037-01-01": "New Year's Day",
    "2037-02-16": "Family Day",
    "2037-04-03": "Good Friday",
    "2037-05-18": "Victoria Day",
    "2037-07-01": "Canada Day",
    "2037-08-03": "Civic Holiday",
    "2037-09-07": "Labor Day",
    "2037-09-30": "National Day for Truth and Reconciliation",
    "2037-10-12": "Thanksgiving Day",
    "2037-11-11": "Remembrance Day",
    "2037-12-25": "Christmas Day",
    "2037-12-26": "Boxing Day",
    "2037-12-28": "Boxing Day (observed)",
    "2038-01-01": "New Year's Day",
    "2038-02-15": "Family Day",
    "2038-04-23": "Good Friday",
    "2038-05-24": "Victoria Day",
    "2038-07-01": "Canada Day",
    "2038-08-02": "Civic Holiday",
    "2038-09-06": "Labor Day",
    "2038-09-30": "National Day for Truth and Reconciliation",
    "2038-10-11": "Thanksgiving Day",
    "2038-11-11": "Remembrance Day",
    "2038-12-25": "Christmas Day",
    "2038-12-26": "Boxing Day",
    "2038-12-27": "Christmas Day (observed)",
    "2038-12-28": "Boxing Day (observed)",
    "2039-01-01": "New Year's Day",
    "2039-01-03": "New Year's Day (observed)",
    "2039-02-21": "Family Day",
    "2039-04-08": "Good Friday",
    "2039-05-23": "Victoria Day",
    "2039-07-01": "Canada Day",
    "2039-08-01": "Civic Holiday",
    "2039-09-05": "Labor Day",
    "2039-09-30": "National Day for Truth and Reconciliation",
    "2039-10-10": "Thanksgiving Day",
    "2039-11-11": "Remembrance Day",
    "2039-12-25": "Christmas Day",
    "2039-12-26": "Boxing Day; Christmas Day (observed)",
    "2039-12-27": "Christmas Day (observed)",
    "2040-01-01": "New Year's Day",
    "2040-01-02": "New Year's Day (observed)",
    "2040-02-20": "Family Day",
    "2040-03-30": "Good Friday",
    "2040-05-21": "Victoria Day",
    "2040-07-01": "Canada Day",
    "2040-07-02": "Canada Day (observed)",
    "2040-08-06": "Civic Holiday",
    "2040-09-03": "Labor Day",
    "2040-09-30": "National Day for Truth and Reconciliation",
    "2040-10-01": "National Day for Truth and Reconciliation (observed)",
    "2040-10-08": "Thanksgiving Day",
    "2040-11-11": "Remembrance Day",
    "2040-11-12": "Remembrance Day (observed)",
    "2040-12-25": "Christmas Day",
    "2040-12-26": "Boxing Day",
    "2041-01-01": "New Year's Day",
    "2041-02-18": "Family Day",
    "2041-04-19": "Good Friday",
    "2041-05-20": "Victoria Day",
    "2041-07-01": "Canada Day",
    "2041-08-05": "Civic Holiday",
    "2041-09-02": "Labor Day",
    "2041-09-30": "National Day for Truth and Reconciliation",
    "2041-10-14": "Thanksgiving Day",
    "2041-11-11": "Remembrance Day",
    "2041-12-25": "Christmas Day",
    "2041-12-26": "Boxing Day",
    "2042-01-01": "New Year's Day",
    "2042-02-17": "Family Day",
    "2042-04-04": "Good Friday",
    "2042-05-19": "Victoria Day",
    "2042-07-01": "Canada Day",
    "2042-08-04": "Civic Holiday",
    "2042-09-01": "Labor Day",
    "2042-09-30": "National Day for Truth and Reconciliation",
    "2042-10-13": "Thanksgiving Day",
    "2042-11-11": "Remembrance Day",
    "2042-12-25": "Christmas Day",
    "2042-12-26": "Boxing Day",
    "2043-01-01": "New Year's Day",
    "2043-02-16": "Family Day",
    "2043-03-27": "Good Friday",
    "2043-05-18": "Victoria Day",
    "2043-07-01": "Canada Day",
    "2043-08-03": "Civic Holiday",
    "2043-09-07": "Labor Day",
    "2043-09-30": "National Day for Truth and Reconciliation",
    "2043-10-12": "Thanksgiving Day",
    "2043-11-11": "Remembrance Day",
    "2043-12-25": "Christmas Day",
    "2043-12-26": "Boxing Day",
    "2043-12-28": "Boxing Day (observed)",
    "2044-01-01": "New Year's Day",
    "2044-02-15": "Family Day",
    "2044-04-15": "Good Friday",
    "2044-05-23": "Victoria Day",
    "2044-07-01": "Canada Day",
    "2044-08-01": "Civic Holiday",
    "2044-09-05": "Labor Day",
    "2044-09-30": "National Day for Truth and Reconciliation",
    "2044-10-10": "Thanksgiving Day",
    "2044-11-11": "Remembrance Day",
    "2044-12-25": "Christmas Day",
    "2044-12-26": "Boxing Day; Christmas Day (observed)",
    "2044-12-27": "Christmas Day (observed)",
    "2045-01-01": "New Year's Day",
    "2045-01-02": "New Year's Day (observed)",
    "2045-02-20": "Family Day",
    "2045-04-07": "Good Friday",
    "2045-05-22": "Victoria Day",
    "2045-07-01": "Canada Day",
    "2045-07-03": "Canada Day (observed)",
    "2045-08-07": "Civic Holiday",
    "2045-09-04": "Labor Day",
    "2045-09-30": "National Day for Truth and Reconciliation",
    "2045-10-02": "National Day for Truth and Reconciliation (observed)",
    "2045-10-09": "Thanksgiving Day",
    "2045-11-11": "Remembrance Day",
    "2045-11-13": "Remembrance Day (observed)",
    "2045-12-25": "Christmas Day",
    "2045-12-26": "Boxing Day",
    "2046-01-01": "New Year's Day",
    "2046-02-19": "Family Day",
    "2046-03-23": "Good Friday",
    "2046-05-21": "Victoria Day",
    "2046-07-01": "Canada Day",
    "2046-07-02": "Canada Day (observed)",
    "2046-08-06": "Civic Holiday",
    "2046-09-03": "Labor Day",
    "2046-09-30": "National Day for Truth and Reconciliation",
    "2046-10-01": "National Day for Truth and Reconciliation (observed)",
    "2046-10-08": "Thanksgiving Day",
    "2046-11-11": "Remembrance Day",
    "2046-11-12": "Remembrance Day (observed)",
    "2046-12-25": "Christmas Day",
    "2046-12-26": "Boxing Day",
    "2047-01-01": "New Year's Day",
    "2047-02-18": "Family Day",
    "2047-04-12": "Good Friday",
    "2047-05-20": "Victoria Day",
    "2047-07-01": "Canada Day",
    "2047-08-05": "Civic Holiday",
    "2047-09-02": "Labor Day",
    "2047-09-30": "National Day for Truth and Reconciliation",
    "2047-10-14": "Thanksgiving Day",
    "2047-11-11": "Remembrance Day",
    "2047-12-25": "Christmas Day",
    "2047-12-26": "Boxing Day",
    "2048-01-01": "New Year's Day",
    "2048-02-17": "Family Day",
    "2048-04-03": "Good Friday",
    "2048-05-18": "Victoria Day",
    "2048-07-01": "Canada Day",
    "2048-08-03": "Civic Holiday",
    "2048-09-07": "Labor Day",
    "2048-09-30": "National Day for Truth and Reconciliation",
    "2048-10-12": "Thanksgiving Day",
    "2048-11-11": "Remembrance Day",
    "2048-12-25": "Christmas Day",
    "2048-12-26": "Boxing Day",
    "2048-12-28": "Boxing Day (observed)",
    "2049-01-01": "New Year's Day",
    "2049-02-15": "Family Day",
    "2049-04-16": "Good Friday",
    "2049-05-24": "Victoria Day",
    "2049-07-01": "Canada Day",
    "2049-08-02": "Civic Holiday",
    "2049-09-06": "Labor Day",
    "2049-09-30": "National Day for Truth and Reconciliation",
    "2049-10-11": "Thanksgiving Day",
    "2049-11-11": "Remembrance Day",
    "2049-12-25": "Christmas Day",
    "2049-12-26": "Boxing Day",
    "2049-12-27": "Christmas Day (observed)",
    "2049-12-28": "Boxing Day (observed)",
    "2050-01-01": "New Year's Day",
    "2050-01-03": "New Year's Day (observed)",
    "2050-02-21": "Family Day",
    "2050-04-08": "Good Friday",
    "2050-05-23": "Victoria Day",
    "2050-07-01": "Canada Day",
    "2050-08-01": "Civic Holiday",
    "2050-09-05": "Labor Day",
    "2050-09-30": "National Day for Truth and Reconciliation",
    "2050-10-10": "Thanksgiving Day",
    "2050-11-11": "Remembrance Day",
    "2050-12-25": "Christmas Day",
    "2050-12-26": "Boxing Day; Christmas Day (observed)",
    "2050-12-27": "Christmas Day (observed)"
}
