{
    "1950-01-01": "New Year's Day",
    "1950-01-06": "Epiphany",
    "1950-03-19": "St. Joseph's Day",
    "1950-04-07": "Good Friday",
    "1950-04-10": "Easter Monday",
    "1950-05-18": "Ascension Day",
    "1950-05-29": "Whit Monday",
    "1950-06-08": "Corpus Christi",
    "1950-08-01": "National Day",
    "1950-08-15": "Assumption Day",
    "1950-11-01": "All Saints' Day",
    "1950-12-08": "Immaculate Conception",
    "1950-12-25": "Christmas Day",
    "1951-01-01": "New Year's Day",
    "1951-01-06": "Epiphany",
    "1951-03-19": "St. Joseph's Day",
    "1951-03-23": "Good Friday",
    "1951-03-26": "Easter Monday",
    "1951-05-03": "Ascension Day",
    "1951-05-14": "Whit Monday",
    "1951-05-24": "Corpus Christi",
    "1951-08-01": "National Day",
    "1951-08-15": "Assumption Day",
    "1951-11-01": "All Saints' Day",
    "1951-12-08": "Immaculate Conception",
    "1951-12-25": "Christmas Day",
    "1951-12-26": "St. Stephen's Day",
    "1952-01-01": "New Year's Day",
    "1952-01-06": "Epiphany",
    "1952-03-19": "St. Joseph's Day",
    "1952-04-11": "Good Friday",
    "1952-04-14": "Easter Monday",
    "1952-05-22": "Ascension Day",
    "1952-06-02": "Whit Monday",
    "1952-06-12": "Corpus Christi",
    "1952-08-01": "National Day",
    "1952-08-15": "Assumption Day",
    "1952-11-01": "All Saints' Day",
    "1952-12-08": "Immaculate Conception",
    "1952-12-25": "Christmas Day",
    "1952-12-26": "St. Stephen's Day",
    "1953-01-01": "New Year's Day",
    "1953-01-06": "Epiphany",
    "1953-03-19": "St. Joseph's Day",
    "1953-04-03": "Good Friday",
    "1953-04-06": "Easter Monday",
    "1953-05-14": "Ascension Day",
    "1953-05-25": "Whit Monday",
    "1953-06-04": "Corpus Christi",
    "1953-08-01": "National Day",
    "1953-08-15": "Assumption Day",
    "1953-11-01": "All Saints' Day",
    "1953-12-08": "Immaculate Conception",
    "1953-12-25": "Christmas Day",
    "1954-01-01": "New Year's Day",
    "1954-01-06": "Epiphany",
    "1954-03-19": "St. Joseph's Day",
    "1954-04-16": "Good Friday",
    "1954-04-19": "Easter Monday",
    "1954-05-27": "Ascension Day",
    "1954-06-07": "Whit Monday",
    "1954-06-17": "Corpus Christi",
    "1954-08-01": "National Day",
    "1954-08-15": "Assumption Day",
    "1954-11-01": "All Saints' Day",
    "1954-12-08": "Immaculate Conception",
    "1954-12-25": "Christmas Day",
    "1954-12-26": "St. Stephen's Day",
    "1955-01-01": "New Year's Day",
    "1955-01-06": "Epiphany",
    "1955-03-19": "St. Joseph's Day",
    "1955-04-08": "Good Friday",
    "1955-04-11": "Easter Monday",
    "1955-05-19": "Ascension Day",
    "1955-05-30": "Whit Monday",
    "1955-06-09": "Corpus Christi",
    "1955-08-01": "National Day",
    "1955-08-15": "Assumption Day",
    "1955-11-01": "All Saints' Day",
    "1955-12-08": "Immaculate Conception",
    "1955-12-25": "Christmas Day",
    "1955-12-26": "St. Stephen's Day",
    "1956-01-01": "New Year's Day",
    "1956-01-06": "Epiphany",
    "1956-03-19": "St. Joseph's Day",
    "1956-03-30": "Good Friday",
    "1956-04-02": "Easter Monday",
    "1956-05-10": "Ascension Day",
    "1956-05-21": "Whit Monday",
    "1956-05-31": "Corpus Christi",
    "1956-08-01": "National Day",
    "1956-08-15": "Assumption Day",
    "1956-11-01": "All Saints' Day",
    "1956-12-08": "Immaculate Conception",
    "1956-12-25": "Christmas Day",
    "1956-12-26": "St. Stephen's Day",
    "1957-01-01": "New Year's Day",
    "1957-01-06": "Epiphany",
    "1957-03-19": "St. Joseph's Day",
    "1957-04-19": "Good Friday",
    "1957-04-22": "Easter Monday",
    "1957-05-30": "Ascension Day",
    "1957-06-10": "Whit Monday",
    "1957-06-20": "Corpus Christi",
    "1957-08-01": "National Day",
    "1957-08-15": "Assumption Day",
    "1957-11-01": "All Saints' Day",
    "1957-12-08": "Immaculate Conception",
    "1957-12-25": "Christmas Day",
    "1957-12-26": "St. Stephen's Day",
    "1958-01-01": "New Year's Day",
    "1958-01-06": "Epiphany",
    "1958-03-19": "St. Joseph's Day",
    "1958-04-04": "Good Friday",
    "1958-04-07": "Easter Monday",
    "1958-05-15": "Ascension Day",
    "1958-05-26": "Whit Monday",
    "1958-06-05": "Corpus Christi",
    "1958-08-01": "National Day",
    "1958-08-15": "Assumption Day",
    "1958-11-01": "All Saints' Day",
    "1958-12-08": "Immaculate Conception",
    "1958-12-25": "Christmas Day",
    "1958-12-26": "St. Stephen's Day",
    "1959-01-01": "New Year's Day",
    "1959-01-06": "Epiphany",
    "1959-03-19": "St. Joseph's Day",
    "1959-03-27": "Good Friday",
    "1959-03-30": "Easter Monday",
    "1959-05-07": "Ascension Day",
    "1959-05-18": "Whit Monday",
    "1959-05-28": "Corpus Christi",
    "1959-08-01": "National Day",
    "1959-08-15": "Assumption Day",
    "1959-11-01": "All Saints' Day",
    "1959-12-08": "Immaculate Conception",
    "1959-12-25": "Christmas Day",
    "1960-01-01": "New Year's Day",
    "1960-01-06": "Epiphany",
    "1960-03-19": "St. Joseph's Day",
    "1960-04-15": "Good Friday",
    "1960-04-18": "Easter Monday",
    "1960-05-26": "Ascension Day",
    "1960-06-06": "Whit Monday",
    "1960-06-16": "Corpus Christi",
    "1960-08-01": "National Day",
    "1960-08-15": "Assumption Day",
    "1960-11-01": "All Saints' Day",
    "1960-12-08": "Immaculate Conception",
    "1960-12-25": "Christmas Day",
    "1960-12-26": "St. Stephen's Day",
    "1961-01-01": "New Year's Day",
    "1961-01-06": "Epiphany",
    "1961-03-19": "St. Joseph's Day",
    "1961-03-31": "Good Friday",
    "1961-04-03": "Easter Monday",
    "1961-05-11": "Ascension Day",
    "1961-05-22": "Whit Monday",
    "1961-06-01": "Corpus Christi",
    "1961-08-01": "National Day",
    "1961-08-15": "Assumption Day",
    "1961-11-01": "All Saints' Day",
    "1961-12-08": "Immaculate Conception",
    "1961-12-25": "Christmas Day",
    "1962-01-01": "New Year's Day",
    "1962-01-06": "Epiphany",
    "1962-03-19": "St. Joseph's Day",
    "1962-04-20": "Good Friday",
    "1962-04-23": "Easter Monday",
    "1962-05-31": "Ascension Day",
    "1962-06-11": "Whit Monday",
    "1962-06-21": "Corpus Christi",
    "1962-08-01": "National Day",
    "1962-08-15": "Assumption Day",
    "1962-11-01": "All Saints' Day",
    "1962-12-08": "Immaculate Conception",
    "1962-12-25": "Christmas Day",
    "1962-12-26": "St. Stephen's Day",
    "1963-01-01": "New Year's Day",
    "1963-01-06": "Epiphany",
    "1963-03-19": "St. Joseph's Day",
    "1963-04-12": "Good Friday",
    "1963-04-15": "Easter Monday",
    "1963-05-23": "Ascension Day",
    "1963-06-03": "Whit Monday",
    "1963-06-13": "Corpus Christi",
    "1963-08-01": "National Day",
    "1963-08-15": "Assumption Day",
    "1963-11-01": "All Saints' Day",
    "1963-12-08": "Immaculate Conception",
    "1963-12-25": "Christmas Day",
    "1963-12-26": "St. Stephen's Day",
    "1964-01-01": "New Year's Day",
    "1964-01-06": "Epiphany",
    "1964-03-19": "St. Joseph's Day",
    "1964-03-27": "Good Friday",
    "1964-03-30": "Easter Monday",
    "1964-05-07": "Ascension Day",
    "1964-05-18": "Whit Monday",
    "1964-05-28": "Corpus Christi",
    "1964-08-01": "National Day",
    "1964-08-15": "Assumption Day",
    "1964-11-01": "All Saints' Day",
    "1964-12-08": "Immaculate Conception",
    "1964-12-25": "Christmas Day",
    "1965-01-01": "New Year's Day",
    "1965-01-06": "Epiphany",
    "1965-03-19": "St. Joseph's Day",
    "1965-04-16": "Good Friday",
    "1965-04-19": "Easter Monday",
    "1965-05-27": "Ascension Day",
    "1965-06-07": "Whit Monday",
    "1965-06-17": "Corpus Christi",
    "1965-08-01": "National Day",
    "1965-08-15": "Assumption Day",
    "1965-11-01": "All Saints' Day",
    "1965-12-08": "Immaculate Conception",
    "1965-12-25": "Christmas Day",
    "1965-12-26": "St. Stephen's Day",
    "1966-01-01": "New Year's Day",
    "1966-01-06": "Epiphany",
    "1966-03-19": "St. Joseph's Day",
    "1966-04-08": "Good Friday",
    "1966-04-11": "Easter Monday",
    "1966-05-19": "Ascension Day",
    "1966-05-30": "Whit Monday",
    "1966-06-09": "Corpus Christi",
    "1966-08-01": "National Day",
    "1966-08-15": "Assumption Day",
    "1966-11-01": "All Saints' Day",
    "1966-12-08": "Immaculate Conception",
    "1966-12-25": "Christmas Day",
    "1966-12-26": "St. Stephen's Day",
    "1967-01-01": "New Year's Day",
    "1967-01-06": "Epiphany",
    "1967-03-19": "St. Joseph's Day",
    "1967-03-24": "Good Friday",
    "1967-03-27": "Easter Monday",
    "1967-05-04": "Ascension Day",
    "1967-05-15": "Whit Monday",
    "1967-05-25": "Corpus Christi",
    "1967-08-01": "National Day",
    "1967-08-15": "Assumption Day",
    "1967-11-01": "All Saints' Day",
    "1967-12-08": "Immaculate Conception",
    "1967-12-25": "Christmas Day",
    "1968-01-01": "New Year's Day",
    "1968-01-06": "Epiphany",
    "1968-03-19": "St. Joseph's Day",
    "1968-04-12": "Good Friday",
    "1968-04-15": "Easter Monday",
    "1968-05-23": "Ascension Day",
    "1968-06-03": "Whit Monday",
    "1968-06-13": "Corpus Christi",
    "1968-08-01": "National Day",
    "1968-08-15": "Assumption Day",
    "1968-11-01": "All Saints' Day",
    "1968-12-08": "Immaculate Conception",
    "1968-12-25": "Christmas Day",
    "1968-12-26": "St. Stephen's Day",
    "1969-01-01": "New Year's Day",
    "1969-01-06": "Epiphany",
    "1969-03-19": "St. Joseph's Day",
    "1969-04-04": "Good Friday",
    "1969-04-07": "Easter Monday",
    "1969-05-15": "Ascension Day",
    "1969-05-26": "Whit Monday",
    "1969-06-05": "Corpus Christi",
    "1969-08-01": "National Day",
    "1969-08-15": "Assumption Day",
    "1969-11-01": "All Saints' Day",
    "1969-12-08": "Immaculate Conception",
    "1969-12-25": "Christmas Day",
    "1969-12-26": "St. Stephen's Day",
    "1970-01-01": "New Year's Day",
    "1970-01-06": "Epiphany",
    "1970-03-19": "St. Joseph's Day",
    "1970-03-27": "Good Friday",
    "1970-03-30": "Easter Monday",
    "1970-05-07": "Ascension Day",
    "1970-05-18": "Whit Monday",
    "1970-05-28": "Corpus Christi",
    "1970-08-01": "National Day",
    "1970-08-15": "Assumption Day",
    "1970-11-01": "All Saints' Day",
    "1970-12-08": "Immaculate Conception",
    "1970-12-25": "Christmas Day",
    "1971-01-01": "New Year's Day",
    "1971-01-06": "Epiphany",
    "1971-03-19": "St. Joseph's Day",
    "1971-04-09": "Good Friday",
    "1971-04-12": "Easter Monday",
    "1971-05-20": "Ascension Day",
    "1971-05-31": "Whit Monday",
    "1971-06-10": "Corpus Christi",
    "1971-08-01": "National Day",
    "1971-08-15": "Assumption Day",
    "1971-11-01": "All Saints' Day",
    "1971-12-08": "Immaculate Conception",
    "1971-12-25": "Christmas Day",
    "1971-12-26": "St. Stephen's Day",
    "1972-01-01": "New Year's Day",
    "1972-01-06": "Epiphany",
    "1972-03-19": "St. Joseph's Day",
    "1972-03-31": "Good Friday",
    "1972-04-03": "Easter Monday",
    "1972-05-11": "Ascension Day",
    "1972-05-22": "Whit Monday",
    "1972-06-01": "Corpus Christi",
    "1972-08-01": "National Day",
    "1972-08-15": "Assumption Day",
    "1972-11-01": "All Saints' Day",
    "1972-12-08": "Immaculate Conception",
    "1972-12-25": "Christmas Day",
    "1973-01-01": "New Year's Day",
    "1973-01-06": "Epiphany",
    "1973-03-19": "St. Joseph's Day",
    "1973-04-20": "Good Friday",
    "1973-04-23": "Easter Monday",
    "1973-05-31": "Ascension Day",
    "1973-06-11": "Whit Monday",
    "1973-06-21": "Corpus Christi",
    "1973-08-01": "National Day",
    "1973-08-15": "Assumption Day",
    "1973-11-01": "All Saints' Day",
    "1973-12-08": "Immaculate Conception",
    "1973-12-25": "Christmas Day",
    "1973-12-26": "St. Stephen's Day",
    "1974-01-01": "New Year's Day",
    "1974-01-06": "Epiphany",
    "1974-03-19": "St. Joseph's Day",
    "1974-04-12": "Good Friday",
    "1974-04-15": "Easter Monday",
    "1974-05-23": "Ascension Day",
    "1974-06-03": "Whit Monday",
    "1974-06-13": "Corpus Christi",
    "1974-08-01": "National Day",
    "1974-08-15": "Assumption Day",
    "1974-11-01": "All Saints' Day",
    "1974-12-08": "Immaculate Conception",
    "1974-12-25": "Christmas Day",
    "1974-12-26": "St. Stephen's Day",
    "1975-01-01": "New Year's Day",
    "1975-01-06": "Epiphany",
    "1975-03-19": "St. Joseph's Day",
    "1975-03-28": "Good Friday",
    "1975-03-31": "Easter Monday",
    "1975-05-08": "Ascension Day",
    "1975-05-19": "Whit Monday",
    "1975-05-29": "Corpus Christi",
    "1975-08-01": "National Day",
    "1975-08-15": "Assumption Day",
    "1975-11-01": "All Saints' Day",
    "1975-12-08": "Immaculate Conception",
    "1975-12-25": "Christmas Day",
    "1975-12-26": "St. Stephen's Day",
    "1976-01-01": "New Year's Day",
    "1976-01-06": "Epiphany",
    "1976-03-19": "St. Joseph's Day",
    "1976-04-16": "Good Friday",
    "1976-04-19": "Easter Monday",
    "1976-05-27": "Ascension Day",
    "1976-06-07": "Whit Monday",
    "1976-06-17": "Corpus Christi",
    "1976-08-01": "National Day",
    "1976-08-15": "Assumption Day",
    "1976-11-01": "All Saints' Day",
    "1976-12-08": "Immaculate Conception",
    "1976-12-25": "Christmas Day",
    "1976-12-26": "St. Stephen's Day",
    "1977-01-01": "New Year's Day",
    "1977-01-06": "Epiphany",
    "1977-03-19": "St. Joseph's Day",
    "1977-04-08": "Good Friday",
    "1977-04-11": "Easter Monday",
    "1977-05-19": "Ascension Day",
    "1977-05-30": "Whit Monday",
    "1977-06-09": "Corpus Christi",
    "1977-08-01": "National Day",
    "1977-08-15": "Assumption Day",
    "1977-11-01": "All Saints' Day",
    "1977-12-08": "Immaculate Conception",
    "1977-12-25": "Christmas Day",
    "1977-12-26": "St. Stephen's Day",
    "1978-01-01": "New Year's Day",
    "1978-01-06": "Epiphany",
    "1978-03-19": "St. Joseph's Day",
    "1978-03-24": "Good Friday",
    "1978-03-27": "Easter Monday",
    "1978-05-04": "Ascension Day",
    "1978-05-15": "Whit Monday",
    "1978-05-25": "Corpus Christi",
    "1978-08-01": "National Day",
    "1978-08-15": "Assumption Day",
    "1978-11-01": "All Saints' Day",
    "1978-12-08": "Immaculate Conception",
    "1978-12-25": "Christmas Day",
    "1979-01-01": "New Year's Day",
    "1979-01-06": "Epiphany",
    "1979-03-19": "St. Joseph's Day",
    "1979-04-13": "Good Friday",
    "1979-04-16": "Easter Monday",
    "1979-05-24": "Ascension Day",
    "1979-06-04": "Whit Monday",
    "1979-06-14": "Corpus Christi",
    "1979-08-01": "National Day",
    "1979-08-15": "Assumption Day",
    "1979-11-01": "All Saints' Day",
    "1979-12-08": "Immaculate Conception",
    "1979-12-25": "Christmas Day",
    "1979-12-26": "St. Stephen's Day",
    "1980-01-01": "New Year's Day",
    "1980-01-06": "Epiphany",
    "1980-03-19": "St. Joseph's Day",
    "1980-04-04": "Good Friday",
    "1980-04-07": "Easter Monday",
    "1980-05-15": "Ascension Day",
    "1980-05-26": "Whit Monday",
    "1980-06-05": "Corpus Christi",
    "1980-08-01": "National Day",
    "1980-08-15": "Assumption Day",
    "1980-11-01": "All Saints' Day",
    "1980-12-08": "Immaculate Conception",
    "1980-12-25": "Christmas Day",
    "1980-12-26": "St. Stephen's Day",
    "1981-01-01": "New Year's Day",
    "1981-01-06": "Epiphany",
    "1981-03-19": "St. Joseph's Day",
    "1981-04-17": "Good Friday",
    "1981-04-20": "Easter Monday",
    "1981-05-28": "Ascension Day",
    "1981-06-08": "Whit Monday",
    "1981-06-18": "Corpus Christi",
    "1981-08-01": "National Day",
    "1981-08-15": "Assumption Day",
    "1981-11-01": "All Saints' Day",
    "1981-12-08": "Immaculate Conception",
    "1981-12-25": "Christmas Day",
    "1982-01-01": "New Year's Day",
    "1982-01-06": "Epiphany",
    "1982-03-19": "St. Joseph's Day",
    "1982-04-09": "Good Friday",
    "1982-04-12": "Easter Monday",
    "1982-05-20": "Ascension Day",
    "1982-05-31": "Whit Monday",
    "1982-06-10": "Corpus Christi",
    "1982-08-01": "National Day",
    "1982-08-15": "Assumption Day",
    "1982-11-01": "All Saints' Day",
    "1982-12-08": "Immaculate Conception",
    "1982-12-25": "Christmas Day",
    "1982-12-26": "St. Stephen's Day",
    "1983-01-01": "New Year's Day",
    "1983-01-06": "Epiphany",
    "1983-03-19": "St. Joseph's Day",
    "1983-04-01": "Good Friday",
    "1983-04-04": "Easter Monday",
    "1983-05-12": "Ascension Day",
    "1983-05-23": "Whit Monday",
    "1983-06-02": "Corpus Christi",
    "1983-08-01": "National Day",
    "1983-08-15": "Assumption Day",
    "1983-11-01": "All Saints' Day",
    "1983-12-08": "Immaculate Conception",
    "1983-12-25": "Christmas Day",
    "1983-12-26": "St. Stephen's Day",
    "1984-01-01": "New Year's Day",
    "1984-01-06": "Epiphany",
    "1984-03-19": "St. Joseph's Day",
    "1984-04-20": "Good Friday",
    "1984-04-23": "Easter Monday",
    "1984-05-31": "Ascension Day",
    "1984-06-11": "Whit Monday",
    "1984-06-21": "Corpus Christi",
    "1984-08-01": "National Day",
    "1984-08-15": "Assumption Day",
    "1984-11-01": "All Saints' Day",
    "1984-12-08": "Immaculate Conception",
    "1984-12-25": "Christmas Day",
    "1984-12-26": "St. Stephen's Day",
    "1985-01-01": "New Year's Day",
    "1985-01-06": "Epiphany",
    "1985-03-19": "St. Joseph's Day",
    "1985-04-05": "Good Friday",
    "1985-04-08": "Easter Monday",
    "1985-05-16": "Ascension Day",
    "1985-05-27": "Whit Monday",
    "1985-06-06": "Corpus Christi",
    "1985-08-01": "National Day",
    "1985-08-15": "Assumption Day",
    "1985-11-01": "All Saints' Day",
    "1985-12-08": "Immaculate Conception",
    "1985-12-25": "Christmas Day",
    "1985-12-26": "St. Stephen's Day",
    "1986-01-01": "New Year's Day",
    "1986-01-06": "Epiphany",
    "1986-03-19": "St. Joseph's Day",
    "1986-03-28": "Good Friday",
    "1986-03-31": "Easter Monday",
    "1986-05-08": "Ascension Day",
    "1986-05-19": "Whit Monday",
    "1986-05-29": "Corpus Christi",
    "1986-08-01": "National Day",
    "1986-08-15": "Assumption Day",
    "1986-11-01": "All Saints' Day",
    "1986-12-08": "Immaculate Conception",
    "1986-12-25": "Christmas Day",
    "1986-12-26": "St. Stephen's Day",
    "1987-01-01": "New Year's Day",
    "1987-01-06": "Epiphany",
    "1987-03-19": "St. Joseph's Day",
    "1987-04-17": "Good Friday",
    "1987-04-20": "Easter Monday",
    "1987-05-28": "Ascension Day",
    "1987-06-08": "Whit Monday",
    "1987-06-18": "Corpus Christi",
    "1987-08-01": "National Day",
    "1987-08-15": "Assumption Day",
    "1987-11-01": "All Saints' Day",
    "1987-12-08": "Immaculate Conception",
    "1987-12-25": "Christmas Day",
    "1988-01-01": "New Year's Day",
    "1988-01-06": "Epiphany",
    "1988-03-19": "St. Joseph's Day",
    "1988-04-01": "Good Friday",
    "1988-04-04": "Easter Monday",
    "1988-05-12": "Ascension Day",
    "1988-05-23": "Whit Monday",
    "1988-06-02": "Corpus Christi",
    "1988-08-01": "National Day",
    "1988-08-15": "Assumption Day",
    "1988-11-01": "All Saints' Day",
    "1988-12-08": "Immaculate Conception",
    "1988-12-25": "Christmas Day",
    "1988-12-26": "St. Stephen's Day",
    "1989-01-01": "New Year's Day",
    "1989-01-06": "Epiphany",
    "1989-03-19": "St. Joseph's Day",
    "1989-03-24": "Good Friday",
    "1989-03-27": "Easter Monday",
    "1989-05-04": "Ascension Day",
    "1989-05-15": "Whit Monday",
    "1989-05-25": "Corpus Christi",
    "1989-08-01": "National Day",
    "1989-08-15": "Assumption Day",
    "1989-11-01": "All Saints' Day",
    "1989-12-08": "Immaculate Conception",
    "1989-12-25": "Christmas Day",
    "1990-01-01": "New Year's Day",
    "1990-01-06": "Epiphany",
    "1990-03-19": "St. Joseph's Day",
    "1990-04-13": "Good Friday",
    "1990-04-16": "Easter Monday",
    "1990-05-24": "Ascension Day",
    "1990-06-04": "Whit Monday",
    "1990-06-14": "Corpus Christi",
    "1990-08-01": "National Day",
    "1990-08-15": "Assumption Day",
    "1990-11-01": "All Saints' Day",
    "1990-12-08": "Immaculate Conception",
    "1990-12-25": "Christmas Day",
    "1990-12-26": "St. Stephen's Day",
    "1991-01-01": "New Year's Day",
    "1991-01-06": "Epiphany",
    "1991-03-19": "St. Joseph's Day",
    "1991-03-29": "Good Friday",
    "1991-04-01": "Easter Monday",
    "1991-05-09": "Ascension Day",
    "1991-05-20": "Whit Monday",
    "1991-05-30": "Corpus Christi",
    "1991-08-01": "National Day",
    "1991-08-15": "Assumption Day",
    "1991-11-01": "All Saints' Day",
    "1991-12-08": "Immaculate Conception",
    "1991-12-25": "Christmas Day",
    "1991-12-26": "St. Stephen's Day",
    "1992-01-01": "New Year's Day",
    "1992-01-06": "Epiphany",
    "1992-03-19": "St. Joseph's Day",
    "1992-04-17": "Good Friday",
    "1992-04-20": "Easter Monday",
    "1992-05-28": "Ascension Day",
    "1992-06-08": "Whit Monday",
    "1992-06-18": "Corpus Christi",
    "1992-08-01": "National Day",
    "1992-08-15": "Assumption Day",
    "1992-11-01": "All Saints' Day",
    "1992-12-08": "Immaculate Conception",
    "1992-12-25": "Christmas Day",
    "1993-01-01": "New Year's Day",
    "1993-01-06": "Epiphany",
    "1993-03-19": "St. Joseph's Day",
    "1993-04-09": "Good Friday",
    "1993-04-12": "Easter Monday",
    "1993-05-20": "Ascension Day",
    "1993-05-31": "Whit Monday",
    "1993-06-10": "Corpus Christi",
    "1993-08-01": "National Day",
    "1993-08-15": "Assumption Day",
    "1993-11-01": "All Saints' Day",
    "1993-12-08": "Immaculate Conception",
    "1993-12-25": "Christmas Day",
    "1993-12-26": "St. Stephen's Day",
    "1994-01-01": "New Year's Day",
    "1994-01-06": "Epiphany",
    "1994-03-19": "St. Joseph's Day",
    "1994-04-01": "Good Friday",
    "1994-04-04": "Easter Monday",
    "1994-05-12": "Ascension Day",
    "1994-05-23": "Whit Monday",
    "1994-06-02": "Corpus Christi",
    "1994-08-01": "National Day",
    "1994-08-15": "Assumption Day",
    "1994-11-01": "All Saints' Day",
    "1994-12-08": "Immaculate Conception",
    "1994-12-25": "Christmas Day",
    "1994-12-26": "St. Stephen's Day",
    "1995-01-01": "New Year's Day",
    "1995-01-06": "Epiphany",
    "1995-03-19": "St. Joseph's Day",
    "1995-04-14": "Good Friday",
    "1995-04-17": "Easter Monday",
    "1995-05-25": "Ascension Day",
    "1995-06-05": "Whit Monday",
    "1995-06-15": "Corpus Christi",
    "1995-08-01": "National Day",
    "1995-08-15": "Assumption Day",
    "1995-11-01": "All Saints' Day",
    "1995-12-08": "Immaculate Conception",
    "1995-12-25": "Christmas Day",
    "1996-01-01": "New Year's Day",
    "1996-01-06": "Epiphany",
    "1996-03-19": "St. Joseph's Day",
    "1996-04-05": "Good Friday",
    "1996-04-08": "Easter Monday",
    "1996-05-16": "Ascension Day",
    "1996-05-27": "Whit Monday",
    "1996-06-06": "Corpus Christi",
    "1996-08-01": "National Day",
    "1996-08-15": "Assumption Day",
    "1996-11-01": "All Saints' Day",
    "1996-12-08": "Immaculate Conception",
    "1996-12-25": "Christmas Day",
    "1996-12-26": "St. Stephen's Day",
    "1997-01-01": "New Year's Day",
    "1997-01-06": "Epiphany",
    "1997-03-19": "St. Joseph's Day",
    "1997-03-28": "Good Friday",
    "1997-03-31": "Easter Monday",
    "1997-05-08": "Ascension Day",
    "1997-05-19": "Whit Monday",
    "1997-05-29": "Corpus Christi",
    "1997-08-01": "National Day",
    "1997-08-15": "Assumption Day",
    "1997-11-01": "All Saints' Day",
    "1997-12-08": "Immaculate Conception",
    "1997-12-25": "Christmas Day",
    "1997-12-26": "St. Stephen's Day",
    "1998-01-01": "New Year's Day",
    "1998-01-06": "Epiphany",
    "1998-03-19": "St. Joseph's Day",
    "1998-04-10": "Good Friday",
    "1998-04-13": "Easter Monday",
    "1998-05-21": "Ascension Day",
    "1998-06-01": "Whit Monday",
    "1998-06-11": "Corpus Christi",
    "1998-08-01": "National Day",
    "1998-08-15": "Assumption Day",
    "1998-11-01": "All Saints' Day",
    "1998-12-08": "Immaculate Conception",
    "1998-12-25": "Christmas Day",
    "1999-01-01": "New Year's Day",
    "1999-01-06": "Epiphany",
    "1999-03-19": "St. Joseph's Day",
    "1999-04-02": "Good Friday",
    "1999-04-05": "Easter Monday",
    "1999-05-13": "Ascension Day",
    "1999-05-24": "Whit Monday",
    "1999-06-03": "Corpus Christi",
    "1999-08-01": "National Day",
    "1999-08-15": "Assumption Day",
    "1999-11-01": "All Saints' Day",
    "1999-12-08": "Immaculate Conception",
    "1999-12-25": "Christmas Day",
    "1999-12-26": "St. Stephen's Day",
    "2000-01-01": "New Year's Day",
    "2000-01-06": "Epiphany",
    "2000-03-19": "St. Joseph's Day",
    "2000-04-21": "Good Friday",
    "2000-04-24": "Easter Monday",
    "2000-06-01": "Ascension Day",
    "2000-06-12": "Whit Monday",
    "2000-06-22": "Corpus Christi",
    "2000-08-01": "National Day",
    "2000-08-15": "Assumption Day",
    "2000-11-01": "All Saints' Day",
    "2000-12-08": "Immaculate Conception",
    "2000-12-25": "Christmas Day",
    "2001-01-01": "New Year's Day",
    "2001-01-06": "Epiphany",
    "2001-03-19": "St. Joseph's Day",
    "2001-04-13": "Good Friday",
    "2001-04-16": "Easter Monday",
    "2001-05-24": "Ascension Day",
    "2001-06-04": "Whit Monday",
    "2001-06-14": "Corpus Christi",
    "2001-08-01": "National Day",
    "2001-08-15": "Assumption Day",
    "2001-11-01": "All Saints' Day",
    "2001-12-08": "Immaculate Conception",
    "2001-12-25": "Christmas Day",
    "2001-12-26": "St. Stephen's Day",
    "2002-01-01": "New Year's Day",
    "2002-01-06": "Epiphany",
    "2002-03-19": "St. Joseph's Day",
    "2002-03-29": "Good Friday",
    "2002-04-01": "Easter Monday",
    "2002-05-09": "Ascension Day",
    "2002-05-20": "Whit Monday",
    "2002-05-30": "Corpus Christi",
    "2002-08-01": "National Day",
    "2002-08-15": "Assumption Day",
    "2002-11-01": "All Saints' Day",
    "2002-12-08": "Immaculate Conception",
    "2002-12-25": "Christmas Day",
    "2002-12-26": "St. Stephen's Day",
    "2003-01-01": "New Year's Day",
    "2003-01-06": "Epiphany",
    "2003-03-19": "St. Joseph's Day",
    "2003-04-18": "Good Friday",
    "2003-04-21": "Easter Monday",
    "2003-05-29": "Ascension Day",
    "2003-06-09": "Whit Monday",
    "2003-06-19": "Corpus Christi",
    "2003-08-01": "National Day",
    "2003-08-15": "Assumption Day",
    "2003-11-01": "All Saints' Day",
    "2003-12-08": "Immaculate Conception",
    "2003-12-25": "Christmas Day",
    "2003-12-26": "St. Stephen's Day",
    "2004-01-01": "New Year's Day",
    "2004-01-06": "Epiphany",
    "2004-03-19": "St. Joseph's Day",
    "2004-04-09": "Good Friday",
    "2004-04-12": "Easter Monday",
    "2004-05-20": "Ascension Day",
    "2004-05-31": "Whit Monday",
    "2004-06-10": "Corpus Christi",
    "2004-08-01": "National Day",
    "2004-08-15": "Assumption Day",
    "2004-11-01": "All Saints' Day",
    "2004-12-08": "Immaculate Conception",
    "2004-12-25": "Christmas Day",
    "2004-12-26": "St. Stephen's Day",
    "2005-01-01": "New Year's Day",
    "2005-01-06": "Epiphany",
    "2005-03-19": "St. Joseph's Day",
    "2005-03-25": "Good Friday",
    "2005-03-28": "Easter Monday",
    "2005-05-05": "Ascension Day",
    "2005-05-16": "Whit Monday",
    "2005-05-26": "Corpus Christi",
    "2005-08-01": "National Day",
    "2005-08-15": "Assumption Day",
    "2005-11-01": "All Saints' Day",
    "2005-12-08": "Immaculate Conception",
    "2005-12-25": "Christmas Day",
    "2005-12-26": "St. Stephen's Day",
    "2006-01-01": "New Year's Day",
    "2006-01-06": "Epiphany",
    "2006-03-19": "St. Joseph's Day",
    "2006-04-14": "Good Friday",
    "2006-04-17": "Easter Monday",
    "2006-05-25": "Ascension Day",
    "2006-06-05": "Whit Monday",
    "2006-06-15": "Corpus Christi",
    "2006-08-01": "National Day",
    "2006-08-15": "Assumption Day",
    "2006-11-01": "All Saints' Day",
    "2006-12-08": "Immaculate Conception",
    "2006-12-25": "Christmas Day",
    "2007-01-01": "New Year's Day",
    "2007-01-06": "Epiphany",
    "2007-03-19": "St. Joseph's Day",
    "2007-04-06": "Good Friday",
    "2007-04-09": "Easter Monday",
    "2007-05-17": "Ascension Day",
    "2007-05-28": "Whit Monday",
    "2007-06-07": "Corpus Christi",
    "2007-08-01": "National Day",
    "2007-08-15": "Assumption Day",
    "2007-11-01": "All Saints' Day",
    "2007-12-08": "Immaculate Conception",
    "2007-12-25": "Christmas Day",
    "2007-12-26": "St. Stephen's Day",
    "2008-01-01": "New Year's Day",
    "2008-01-06": "Epiphany",
    "2008-03-19": "St. Joseph's Day",
    "2008-03-21": "Good Friday",
    "2008-03-24": "Easter Monday",
    "2008-05-01": "Ascension Day",
    "2008-05-12": "Whit Monday",
    "2008-05-22": "Corpus Christi",
    "2008-08-01": "National Day",
    "2008-08-15": "Assumption Day",
    "2008-11-01": "All Saints' Day",
    "2008-12-08": "Immaculate Conception",
    "2008-12-25": "Christmas Day",
    "2008-12-26": "St. Stephen's Day",
    "2009-01-01": "New Year's Day",
    "2009-01-06": "Epiphany",
    "2009-03-19": "St. Joseph's Day",
    "2009-04-10": "Good Friday",
    "2009-04-13": "Easter Monday",
    "2009-05-21": "Ascension Day",
    "2009-06-01": "Whit Monday",
    "2009-06-11": "Corpus Christi",
    "2009-08-01": "National Day",
    "2009-08-15": "Assumption Day",
    "2009-11-01": "All Saints' Day",
    "2009-12-08": "Immaculate Conception",
    "2009-12-25": "Christmas Day",
    "2010-01-01": "New Year's Day",
    "2010-01-06": "Epiphany",
    "2010-03-19": "St. Joseph's Day",
    "2010-04-02": "Good Friday",
    "2010-04-05": "Easter Monday",
    "2010-05-13": "Ascension Day",
    "2010-05-24": "Whit Monday",
    "2010-06-03": "Corpus Christi",
    "2010-08-01": "National Day",
    "2010-08-15": "Assumption Day",
    "2010-11-01": "All Saints' Day",
    "2010-12-08": "Immaculate Conception",
    "2010-12-25": "Christmas Day",
    "2010-12-26": "St. Stephen's Day",
    "2011-01-01": "New Year's Day",
    "2011-01-06": "Epiphany",
    "2011-03-19": "St. Joseph's Day",
    "2011-04-22": "Good Friday",
    "2011-04-25": "Easter Monday",
    "2011-06-02": "Ascension Day",
    "2011-06-13": "Whit Monday",
    "2011-06-23": "Corpus Christi",
    "2011-08-01": "National Day",
    "2011-08-15": "Assumption Day",
    "2011-11-01": "All Saints' Day",
    "2011-12-08": "Immaculate Conception",
    "2011-12-25": "Christmas Day",
    "2011-12-26": "St. Stephen's Day",
    "2012-01-01": "New Year's Day",
    "2012-01-06": "Epiphany",
    "2012-03-19": "St. Joseph's Day",
    "2012-04-06": "Good Friday",
    "2012-04-09": "Easter Monday",
    "2012-05-17": "Ascension Day",
    "2012-05-28": "Whit Monday",
    "2012-06-07": "Corpus Christi",
    "2012-08-01": "National Day",
    "2012-08-15": "Assumption Day",
    "2012-11-01": "All Saints' Day",
    "2012-12-08": "Immaculate Conception",
    "2012-12-25": "Christmas Day",
    "2012-12-26": "St. Stephen's Day",
    "2013-01-01": "New Year's Day",
    "2013-01-06": "Epiphany",
    "2013-03-19": "St. Joseph's Day",
    "2013-03-29": "Good Friday",
    "2013-04-01": "Easter Monday",
    "2013-05-09": "Ascension Day",
    "2013-05-20": "Whit Monday",
    "2013-05-30": "Corpus Christi",
    "2013-08-01": "National Day",
    "2013-08-15": "Assumption Day",
    "2013-11-01": "All Saints' Day",
    "2013-12-08": "Immaculate Conception",
    "2013-12-25": "Christmas Day",
    "2013-12-26": "St. Stephen's Day",
    "2014-01-01": "New Year's Day",
    "2014-01-06": "Epiphany",
    "2014-03-19": "St. Joseph's Day",
    "2014-04-18": "Good Friday",
    "2014-04-21": "Easter Monday",
    "2014-05-29": "Ascension Day",
    "2014-06-09": "Whit Monday",
    "2014-06-19": "Corpus Christi",
    "2014-08-01": "National Day",
    "2014-08-15": "Assumption Day",
    "2014-11-01": "All Saints' Day",
    "2014-12-08": "Immaculate Conception",
    "2014-12-25": "Christmas Day",
    "2014-12-26": "St. Stephen's Day",
    "2015-01-01": "New Year's Day",
    "2015-01-06": "Epiphany",
    "2015-03-19": "St. Joseph's Day",
    "2015-04-03": "Good Friday",
    "2015-04-06": "Easter Monday",
    "2015-05-14": "Ascension Day",
    "2015-05-25": "Whit Monday",
    "2015-06-04": "Corpus Christi",
    "2015-08-01": "National Day",
    "2015-08-15": "Assumption Day",
    "2015-11-01": "All Saints' Day",
    "2015-12-08": "Immaculate Conception",
    "2015-12-25": "Christmas Day",
    "2016-01-01": "New Year's Day",
    "2016-01-06": "Epiphany",
    "2016-03-19": "St. Joseph's Day",
    "2016-03-25": "Good Friday",
    "2016-03-28": "Easter Monday",
    "2016-05-05": "Ascension Day",
    "2016-05-16": "Whit Monday",
    "2016-05-26": "Corpus Christi",
    "2016-08-01": "National Day",
    "2016-08-15": "Assumption Day",
    "2016-11-01": "All Saints' Day",
    "2016-12-08": "Immaculate Conception",
    "2016-12-25": "Christmas Day",
    "2016-12-26": "St. Stephen's Day",
    "2017-01-01": "New Year's Day",
    "2017-01-06": "Epiphany",
    "2017-03-19": "St. Joseph's Day",
    "2017-04-14": "Good Friday",
    "2017-04-17": "Easter Monday",
    "2017-05-25": "Ascension Day",
    "2017-06-05": "Whit Monday",
    "2017-06-15": "Corpus Christi",
    "2017-08-01": "National Day",
    "2017-08-15": "Assumption Day",
    "2017-11-01": "All Saints' Day",
    "2017-12-08": "Immaculate Conception",
    "2017-12-25": "Christmas Day",
    "2018-01-01": "New Year's Day",
    "2018-01-06": "Epiphany",
    "2018-03-19": "St. Joseph's Day",
    "2018-03-30": "Good Friday",
    "2018-04-02": "Easter Monday",
    "2018-05-10": "Ascension Day",
    "2018-05-21": "Whit Monday",
    "2018-05-31": "Corpus Christi",
    "2018-08-01": "National Day",
    "2018-08-15": "Assumption Day",
    "2018-11-01": "All Saints' Day",
    "2018-12-08": "Immaculate Conception",
    "2018-12-25": "Christmas Day",
    "2018-12-26": "St. Stephen's Day",
    "2019-01-01": "New Year's Day",
    "2019-01-06": "Epiphany",
    "2019-03-19": "St. Joseph's Day",
    "2019-04-19": "Good Friday",
    "2019-04-22": "Easter Monday",
    "2019-05-30": "Ascension Day",
    "2019-06-10": "Whit Monday",
    "2019-06-20": "Corpus Christi",
    "2019-08-01": "National Day",
    "2019-08-15": "Assumption Day",
    "2019-11-01": "All Saints' Day",
    "2019-12-08": "Immaculate Conception",
    "2019-12-25": "Christmas Day",
    "2019-12-26": "St. Stephen's Day",
    "2020-01-01": "New Year's Day",
    "2020-01-06": "Epiphany",
    "2020-03-19": "St. Joseph's Day",
    "2020-04-10": "Good Friday",
    "2020-04-13": "Easter Monday",
    "2020-05-21": "Ascension Day",
    "2020-06-01": "Whit Monday",
    "2020-06-11": "Corpus Christi",
    "2020-08-01": "National Day",
    "2020-08-15": "Assumption Day",
    "2020-11-01": "All Saints' Day",
    "2020-12-08": "Immaculate Conception",
    "2020-12-25": "Christmas Day",
    "2021-01-01": "New Year's Day",
    "2021-01-06": "Epiphany",
    "2021-03-19": "St. Joseph's Day",
    "2021-04-02": "Good Friday",
    "2021-04-05": "Easter Monday",
    "2021-05-13": "Ascension Day",
    "2021-05-24": "Whit Monday",
    "2021-06-03": "Corpus Christi",
    "2021-08-01": "National Day",
    "2021-08-15": "Assumption Day",
    "2021-11-01": "All Saints' Day",
    "2021-12-08": "Immaculate Conception",
    "2021-12-25": "Christmas Day",
    "2021-12-26": "St. Stephen's Day",
    "2022-01-01": "New Year's Day",
    "2022-01-06": "Epiphany",
    "2022-03-19": "St. Joseph's Day",
    "2022-04-15": "Good Friday",
    "2022-04-18": "Easter Monday",
    "2022-05-26": "Ascension Day",
    "2022-06-06": "Whit Monday",
    "2022-06-16": "Corpus Christi",
    "2022-08-01": "National Day",
    "2022-08-15": "Assumption Day",
    "2022-11-01": "All Saints' Day",
    "2022-12-08": "Immaculate Conception",
    "2022-12-25": "Christmas Day",
    "2022-12-26": "St. Stephen's Day",
    "2023-01-01": "New Year's Day",
    "2023-01-06": "Epiphany",
    "2023-03-19": "St. Joseph's Day",
    "2023-04-07": "Good Friday",
    "2023-04-10": "Easter Monday",
    "2023-05-18": "Ascension Day",
    "2023-05-29": "Whit Monday",
    "2023-06-08": "Corpus Christi",
    "2023-08-01": "National Day",
    "2023-08-15": "Assumption Day",
    "2023-11-01": "All Saints' Day",
    "2023-12-08": "Immaculate Conception",
    "2023-12-25": "Christmas Day",
    "2024-01-01": "New Year's Day",
    "2024-01-06": "Epiphany",
    "2024-03-19": "St. Joseph's Day",
    "2024-03-29": "Good Friday",
    "2024-04-01": "Easter Monday",
    "2024-05-09": "Ascension Day",
    "2024-05-20": "Whit Monday",
    "2024-05-30": "Corpus Christi",
    "2024-08-01": "National Day",
    "2024-08-15": "Assumption Day",
    "2024-11-01": "All Saints' Day",
    "2024-12-08": "Immaculate Conception",
    "2024-12-25": "Christmas Day",
    "2024-12-26": "St. Stephen's Day",
    "2025-01-01": "New Year's Day",
    "2025-01-06": "Epiphany",
    "2025-03-19": "St. Joseph's Day",
    "2025-04-18": "Good Friday",
    "2025-04-21": "Easter Monday",
    "2025-05-29": "Ascension Day",
    "2025-06-09": "Whit Monday",
    "2025-06-19": "Corpus Christi",
    "2025-08-01": "National Day",
    "2025-08-15": "Assumption Day",
    "2025-11-01": "All Saints' Day",
    "2025-12-08": "Immaculate Conception",
    "2025-12-25": "Christmas Day",
    "2025-12-26": "St. Stephen's Day",
    "2026-01-01": "New Year's Day",
    "2026-01-06": "Epiphany",
    "2026-03-19": "St. Joseph's Day",
    "2026-04-03": "Good Friday",
    "2026-04-06": "Easter Monday",
    "2026-05-14": "Ascension Day",
    "2026-05-25": "Whit Monday",
    "2026-06-04": "Corpus Christi",
    "2026-08-01": "National Day",
    "2026-08-15": "Assumption Day",
    "2026-11-01": "All Saints' Day",
    "2026-12-08": "Immaculate Conception",
    "2026-12-25": "Christmas Day",
    "2027-01-01": "New Year's Day",
    "2027-01-06": "Epiphany",
    "2027-03-19": "St. Joseph's Day",
    "2027-03-26": "Good Friday",
    "2027-03-29": "Easter Monday",
    "2027-05-06": "Ascension Day",
    "2027-05-17": "Whit Monday",
    "2027-05-27": "Corpus Christi",
    "2027-08-01": "National Day",
    "2027-08-15": "Assumption Day",
    "2027-11-01": "All Saints' Day",
    "2027-12-08": "Immaculate Conception",
    "2027-12-25": "Christmas Day",
    "2027-12-26": "St. Stephen's Day",
    "2028-01-01": "New Year's Day",
    "2028-01-06": "Epiphany",
    "2028-03-19": "St. Joseph's Day",
    "2028-04-14": "Good Friday",
    "2028-04-17": "Easter Monday",
    "2028-05-25": "Ascension Day",
    "2028-06-05": "Whit Monday",
    "2028-06-15": "Corpus Christi",
    "2028-08-01": "National Day",
    "2028-08-15": "Assumption Day",
    "2028-11-01": "All Saints' Day",
    "2028-12-08": "Immaculate Conception",
    "2028-12-25": "Christmas Day",
    "2029-01-01": "New Year's Day",
    "2029-01-06": "Epiphany",
    "2029-03-19": "St. Joseph's Day",
    "2029-03-30": "Good Friday",
    "2029-04-02": "Easter Monday",
    "2029-05-10": "Ascension Day",
    "2029-05-21": "Whit Monday",
    "2029-05-31": "Corpus Christi",
    "2029-08-01": "National Day",
    "2029-08-15": "Assumption Day",
    "2029-11-01": "All Saints' Day",
    "2029-12-08": "Immaculate Conception",
    "2029-12-25": "Christmas Day",
    "2029-12-26": "St. Stephen's Day",
    "2030-01-01": "New Year's Day",
    "2030-01-06": "Epiphany",
    "2030-03-19": "St. Joseph's Day",
    "2030-04-19": "Good Friday",
    "2030-04-22": "Easter Monday",
    "2030-05-30": "Ascension Day",
    "2030-06-10": "Whit Monday",
    "2030-06-20": "Corpus Christi",
    "2030-08-01": "National Day",
    "2030-08-15": "Assumption Day",
    "2030-11-01": "All Saints' Day",
    "2030-12-08": "Immaculate Conception",
    "2030-12-25": "Christmas Day",
    "2030-12-26": "St. Stephen's Day",
    "2031-01-01": "New Year's Day",
    "2031-01-06": "Epiphany",
    "2031-03-19": "St. Joseph's Day",
    "2031-04-11": "Good Friday",
    "2031-04-14": "Easter Monday",
    "2031-05-22": "Ascension Day",
    "2031-06-02": "Whit Monday",
    "2031-06-12": "Corpus Christi",
    "2031-08-01": "National Day",
    "2031-08-15": "Assumption Day",
    "2031-11-01": "All Saints' Day",
    "2031-12-08": "Immaculate Conception",
    "2031-12-25": "Christmas Day",
    "2031-12-26": "St. Stephen's Day",
    "2032-01-01": "New Year's Day",
    "2032-01-06": "Epiphany",
    "2032-03-19": "St. Joseph's Day",
    "2032-03-26": "Good Friday",
    "2032-03-29": "Easter Monday",
    "2032-05-06": "Ascension Day",
    "2032-05-17": "Whit Monday",
    "2032-05-27": "Corpus Christi",
    "2032-08-01": "National Day",
    "2032-08-15": "Assumption Day",
    "2032-11-01": "All Saints' Day",
    "2032-12-08": "Immaculate Conception",
    "2032-12-25": "Christmas Day",
    "2032-12-26": "St. Stephen's Day",
    "2033-01-01": "New Year's Day",
    "2033-01-06": "Epiphany",
    "2033-03-19": "St. Joseph's Day",
    "2033-04-15": "Good Friday",
    "2033-04-18": "Easter Monday",
    "2033-05-26": "Ascension Day",
    "2033-06-06": "Whit Monday",
    "2033-06-16": "Corpus Christi",
    "2033-08-01": "National Day",
    "2033-08-15": "Assumption Day",
    "2033-11-01": "All Saints' Day",
    "2033-12-08": "Immaculate Conception",
    "2033-12-25": "Christmas Day",
    "2033-12-26": "St. Stephen's Day",
    "2034-01-01": "New Year's Day",
    "2034-01-06": "Epiphany",
    "2034-03-19": "St. Joseph's Day",
    "2034-04-07": "Good Friday",
    "2034-04-10": "Easter Monday",
    "2034-05-18": "Ascension Day",
    "2034-05-29": "Whit Monday",
    "2034-06-08": "Corpus Christi",
    "2034-08-01": "National Day",
    "2034-08-15": "Assumption Day",
    "2034-11-01": "All Saints' Day",
    "2034-12-08": "Immaculate Conception",
    "2034-12-25": "Christmas Day",
    "2035-01-01": "New Year's Day",
    "2035-01-06": "Epiphany",
    "2035-03-19": "St. Joseph's Day",
    "2035-03-23": "Good Friday",
    "2035-03-26": "Easter Monday",
    "2035-05-03": "Ascension Day",
    "2035-05-14": "Whit Monday",
    "2035-05-24": "Corpus Christi",
    "2035-08-01": "National Day",
    "2035-08-15": "Assumption Day",
    "2035-11-01": "All Saints' Day",
    "2035-12-08": "Immaculate Conception",
    "2035-12-25": "Christmas Day",
    "2035-12-26": "St. Stephen's Day",
    "2036-01-01": "New Year's Day",
    "2036-01-06": "Epiphany",
    "2036-03-19": "St. Joseph's Day",
    "2036-04-11": "Good Friday",
    "2036-04-14": "Easter Monday",
    "2036-05-22": "Ascension Day",
    "2036-06-02": "Whit Monday",
    "2036-06-12": "Corpus Christi",
    "2036-08-01": "National Day",
    "2036-08-15": "Assumption Day",
    "2036-11-01": "All Saints' Day",
    "2036-12-08": "Immaculate Conception",
    "2036-12-25": "Christmas Day",
    "2036-12-26": "St. Stephen's Day",
    "2037-01-01": "New Year's Day",
    "2037-01-06": "Epiphany",
    "2037-03-19": "St. Joseph's Day",
    "2037-04-03": "Good Friday",
    "2037-04-06": "Easter Monday",
    "2037-05-14": "Ascension Day",
    "2037-05-25": "Whit Monday",
    "2037-06-04": "Corpus Christi",
    "2037-08-01": "National Day",
    "2037-08-15": "Assumption Day",
    "2037-11-01": "All Saints' Day",
    "2037-12-08": "Immaculate Conception",
    "2037-12-25": "Christmas Day",
    "2038-01-01": "New Year's Day",
    "2038-01-06": "Epiphany",
    "2038-03-19": "St. Joseph's Day",
    "2038-04-23": "Good Friday",
    "2038-04-26": "Easter Monday",
    "2038-06-03": "Ascension Day",
    "2038-06-14": "Whit Monday",
    "2038-06-24": "Corpus Christi",
    "2038-08-01": "National Day",
    "2038-08-15": "Assumption Day",
    "2038-11-01": "All Saints' Day",
    "2038-12-08": "Immaculate Conception",
    "2038-12-25": "Christmas Day",
    "2038-12-26": "St. Stephen's Day",
    "2039-01-01": "New Year's Day",
    "2039-01-06": "Epiphany",
    "2039-03-19": "St. Joseph's Day",
    "2039-04-08": "Good Friday",
    "2039-04-11": "Easter Monday",
    "2039-05-19": "Ascension Day",
    "2039-05-30": "Whit Monday",
    "2039-06-09": "Corpus Christi",
    "2039-08-01": "National Day",
    "2039-08-15": "Assumption Day",
    "2039-11-01": "All Saints' Day",
    "2039-12-08": "Immaculate Conception",
    "2039-12-25": "Christmas Day",
    "2039-12-26": "St. Stephen's Day",
    "2040-01-01": "New Year's Day",
    "2040-01-06": "Epiphany",
    "2040-03-19": "St. Joseph's Day",
    "2040-03-30": "Good Friday",
    "2040-04-02": "Easter Monday",
    "2040-05-10": "Ascension Day",
    "2040-05-21": "Whit Monday",
    "2040-05-31": "Corpus Christi",
    "2040-08-01": "National Day",
    "2040-08-15": "Assumption Day",
    "2040-11-01": "All Saints' Day",
    "2040-12-08": "Immaculate Conception",
    "2040-12-25": "Christmas Day",
    "2040-12-26": "St. Stephen's Day",
    "2041-01-01": "New Year's Day",
    "2041-01-06": "Epiphany",
    "2041-03-19": "St. Joseph's Day",
    "2041-04-19": "Good Friday",
    "2041-04-22": "Easter Monday",
    "2041-05-30": "Ascension Day",
    "2041-06-10": "Whit Monday",
    "2041-06-20": "Corpus Christi",
    "2041-08-01": "National Day",
    "2041-08-15": "Assumption Day",
    "2041-11-01": "All Saints' Day",
    "2041-12-08": "Immaculate Conception",
    "2041-12-25": "Christmas Day",
    "2041-12-26": "St. Stephen's Day",
    "2042-01-01": "New Year's Day",
    "2042-01-06": "Epiphany",
    "2042-03-19": "St. Joseph's Day",
    "2042-04-04": "Good Friday",
    "2042-04-07": "Easter Monday",
    "2042-05-15": "Ascension Day",
    "2042-05-26": "Whit Monday",
    "2042-06-05": "Corpus Christi",
    "2042-08-01": "National Day",
    "2042-08-15": "Assumption Day",
    "2042-11-01": "All Saints' Day",
    "2042-12-08": "Immaculate Conception",
    "2042-12-25": "Christmas Day",
    "2042-12-26": "St. Stephen's Day",
    "2043-01-01": "New Year's Day",
    "2043-01-06": "Epiphany",
    "2043-03-19": "St. Joseph's Day",
    "2043-03-27": "Good Friday",
    "2043-03-30": "Easter Monday",
    "2043-05-07": "Ascension Day",
    "2043-05-18": "Whit Monday",
    "2043-05-28": "Corpus Christi",
    "2043-08-01": "National Day",
    "2043-08-15": "Assumption Day",
    "2043-11-01": "All Saints' Day",
    "2043-12-08": "Immaculate Conception",
    "2043-12-25": "Christmas Day",
    "2044-01-01": "New Year's Day",
    "2044-01-06": "Epiphany",
    "2044-03-19": "St. Joseph's Day",
    "2044-04-15": "Good Friday",
    "2044-04-18": "Easter Monday",
    "2044-05-26": "Ascension Day",
    "2044-06-06": "Whit Monday",
    "2044-06-16": "Corpus Christi",
    "2044-08-01": "National Day",
    "2044-08-15": "Assumption Day",
    "2044-11-01": "All Saints' Day",
    "2044-12-08": "Immaculate Conception",
    "2044-12-25": "Christmas Day",
    "2044-12-26": "St. Stephen's Day",
    "2045-01-01": "New Year's Day",
    "2045-01-06": "Epiphany",
    "2045-03-19": "St. Joseph's Day",
    "2045-04-07": "Good Friday",
    "2045-04-10": "Easter Monday",
    "2045-05-18": "Ascension Day",
    "2045-05-29": "Whit Monday",
    "2045-06-08": "Corpus Christi",
    "2045-08-01": "National Day",
    "2045-08-15": "Assumption Day",
    "2045-11-01": "All Saints' Day",
    "2045-12-08": "Immaculate Conception",
    "2045-12-25": "Christmas Day",
    "2046-01-01": "New Year's Day",
    "2046-01-06": "Epiphany",
    "2046-03-19": "St. Joseph's Day",
    "2046-03-23": "Good Friday",
    "2046-03-26": "Easter Monday",
    "2046-05-03": "Ascension Day",
    "2046-05-14": "Whit Monday",
    "2046-05-24": "Corpus Christi",
    "2046-08-01": "National Day",
    "2046-08-15": "Assumption Day",
    "2046-11-01": "All Saints' Day",
    "2046-12-08": "Immaculate Conception",
    "2046-12-25": "Christmas Day",
    "2046-12-26": "St. Stephen's Day",
    "2047-01-01": "New Year's Day",
    "2047-01-06": "Epiphany",
    "2047-03-19": "St. Joseph's Day",
    "2047-04-12": "Good Friday",
    "2047-04-15": "Easter Monday",
    "2047-05-23": "Ascension Day",
    "2047-06-03": "Whit Monday",
    "2047-06-13": "Corpus Christi",
    "2047-08-01": "National Day",
    "2047-08-15": "Assumption Day",
    "2047-11-01": "All Saints' Day",
    "2047-12-08": "Immaculate Conception",
    "2047-12-25": "Christmas Day",
    "2047-12-26": "St. Stephen's Day",
    "2048-01-01": "New Year's Day",
    "2048-01-06": "Epiphany",
    "2048-03-19": "St. Joseph's Day",
    "2048-04-03": "Good Friday",
    "2048-04-06": "Easter Monday",
    "2048-05-14": "Ascension Day",
    "2048-05-25": "Whit Monday",
    "2048-06-04": "Corpus Christi",
    "2048-08-01": "National Day",
    "2048-08-15": "Assumption Day",
    "2048-11-01": "All Saints' Day",
    "2048-12-08": "Immaculate Conception",
    "2048-12-25": "Christmas Day",
    "2049-01-01": "New Year's Day",
    "2049-01-06": "Epiphany",
    "2049-03-19": "St. Joseph's Day",
    "2049-04-16": "Good Friday",
    "2049-04-19": "Easter Monday",
    "2049-05-27": "Ascension Day",
    "2049-06-07": "Whit Monday",
    "2049-06-17": "Corpus Christi",
    "2049-08-01": "National Day",
    "2049-08-15": "Assumption Day",
    "2049-11-01": "All Saints' Day",
    "2049-12-08": "Immaculate Conception",
    "2049-12-25": "Christmas Day",
    "2049-12-26": "St. Stephen's Day",
    "2050-01-01": "New Year's Day",
    "2050-01-06": "Epiphany",
    "2050-03-19": "St. Joseph's Day",
    "2050-04-08": "Good Friday",
    "2050-04-11": "Easter Monday",
    "2050-05-19": "Ascension Day",
    "2050-05-30": "Whit Monday",
    "2050-06-09": "Corpus Christi",
    "2050-08-01": "National Day",
    "2050-08-15": "Assumption Day",
    "2050-11-01": "All Saints' Day",
    "2050-12-08": "Immaculate Conception",
    "2050-12-25": "Christmas Day",
    "2050-12-26": "St. Stephen's Day"
}
