{
    "1950-01-01": "New Year's Day",
    "1950-01-06": "Epiphany",
    "1950-02-20": "Clean Monday",
    "1950-03-25": "Greek Independence Day",
    "1950-04-01": "Cyprus National Day",
    "1950-04-07": "Good Friday",
    "1950-04-09": "Easter Sunday",
    "1950-04-10": "Easter Monday",
    "1950-05-01": "Labor Day",
    "1950-05-29": "Monday of the Holy Spirit",
    "1950-08-15": "Assumption of Mary",
    "1950-10-01": "Cyprus Independence Day",
    "1950-10-28": "Ochi Day",
    "1950-12-24": "Christmas Eve",
    "1950-12-25": "Christmas Day",
    "1950-12-26": "Day After Christmas",
    "1951-01-01": "New Year's Day",
    "1951-01-06": "Epiphany",
    "1951-03-12": "Clean Monday",
    "1951-03-25": "Greek Independence Day",
    "1951-04-01": "Cyprus National Day",
    "1951-04-27": "Good Friday",
    "1951-04-29": "Easter Sunday",
    "1951-04-30": "Easter Monday",
    "1951-05-01": "Labor Day",
    "1951-06-18": "Monday of the Holy Spirit",
    "1951-08-15": "Assumption of Mary",
    "1951-10-01": "Cyprus Independence Day",
    "1951-10-28": "Ochi Day",
    "1951-12-24": "Christmas Eve",
    "1951-12-25": "Christmas Day",
    "1951-12-26": "Day After Christmas",
    "1952-01-01": "New Year's Day",
    "1952-01-06": "Epiphany",
    "1952-03-03": "Clean Monday",
    "1952-03-25": "Greek Independence Day",
    "1952-04-01": "Cyprus National Day",
    "1952-04-18": "Good Friday",
    "1952-04-20": "Easter Sunday",
    "1952-04-21": "Easter Monday",
    "1952-05-01": "Labor Day",
    "1952-06-09": "Monday of the Holy Spirit",
    "1952-08-15": "Assumption of Mary",
    "1952-10-01": "Cyprus Independence Day",
    "1952-10-28": "Ochi Day",
    "1952-12-24": "Christmas Eve",
    "1952-12-25": "Christmas Day",
    "1952-12-26": "Day After Christmas",
    "1953-01-01": "New Year's Day",
    "1953-01-06": "Epiphany",
    "1953-02-16": "Clean Monday",
    "1953-03-25": "Greek Independence Day",
    "1953-04-01": "Cyprus National Day",
    "1953-04-03": "Good Friday",
    "1953-04-05": "Easter Sunday",
    "1953-04-06": "Easter Monday",
    "1953-05-01": "Labor Day",
    "1953-05-25": "Monday of the Holy Spirit",
    "1953-08-15": "Assumption of Mary",
    "1953-10-01": "Cyprus Independence Day",
    "1953-10-28": "Ochi Day",
    "1953-12-24": "Christmas Eve",
    "1953-12-25": "Christmas Day",
    "1953-12-26": "Day After Christmas",
    "1954-01-01": "New Year's Day",
    "1954-01-06": "Epiphany",
    "1954-03-08": "Clean Monday",
    "1954-03-25": "Greek Independence Day",
    "1954-04-01": "Cyprus National Day",
    "1954-04-23": "Good Friday",
    "1954-04-25": "Easter Sunday",
    "1954-04-26": "Easter Monday",
    "1954-05-01": "Labor Day",
    "1954-06-14": "Monday of the Holy Spirit",
    "1954-08-15": "Assumption of Mary",
    "1954-10-01": "Cyprus Independence Day",
    "1954-10-28": "Ochi Day",
    "1954-12-24": "Christmas Eve",
    "1954-12-25": "Christmas Day",
    "1954-12-26": "Day After Christmas",
    "1955-01-01": "New Year's Day",
    "1955-01-06": "Epiphany",
    "1955-02-28": "Clean Monday",
    "1955-03-25": "Greek Independence Day",
    "1955-04-01": "Cyprus National Day",
    "1955-04-15": "Good Friday",
    "1955-04-17": "Easter Sunday",
    "1955-04-18": "Easter Monday",
    "1955-05-01": "Labor Day",
    "1955-06-06": "Monday of the Holy Spirit",
    "1955-08-15": "Assumption of Mary",
    "1955-10-01": "Cyprus Independence Day",
    "1955-10-28": "Ochi Day",
    "1955-12-24": "Christmas Eve",
    "1955-12-25": "Christmas Day",
    "1955-12-26": "Day After Christmas",
    "1956-01-01": "New Year's Day",
    "1956-01-06": "Epiphany",
    "1956-03-19": "Clean Monday",
    "1956-03-25": "Greek Independence Day",
    "1956-04-01": "Cyprus National Day",
    "1956-05-01": "Labor Day",
    "1956-05-04": "Good Friday",
    "1956-05-06": "Easter Sunday",
    "1956-05-07": "Easter Monday",
    "1956-06-25": "Monday of the Holy Spirit",
    "1956-08-15": "Assumption of Mary",
    "1956-10-01": "Cyprus Independence Day",
    "1956-10-28": "Ochi Day",
    "1956-12-24": "Christmas Eve",
    "1956-12-25": "Christmas Day",
    "1956-12-26": "Day After Christmas",
    "1957-01-01": "New Year's Day",
    "1957-01-06": "Epiphany",
    "1957-03-04": "Clean Monday",
    "1957-03-25": "Greek Independence Day",
    "1957-04-01": "Cyprus National Day",
    "1957-04-19": "Good Friday",
    "1957-04-21": "Easter Sunday",
    "1957-04-22": "Easter Monday",
    "1957-05-01": "Labor Day",
    "1957-06-10": "Monday of the Holy Spirit",
    "1957-08-15": "Assumption of Mary",
    "1957-10-01": "Cyprus Independence Day",
    "1957-10-28": "Ochi Day",
    "1957-12-24": "Christmas Eve",
    "1957-12-25": "Christmas Day",
    "1957-12-26": "Day After Christmas",
    "1958-01-01": "New Year's Day",
    "1958-01-06": "Epiphany",
    "1958-02-24": "Clean Monday",
    "1958-03-25": "Greek Independence Day",
    "1958-04-01": "Cyprus National Day",
    "1958-04-11": "Good Friday",
    "1958-04-13": "Easter Sunday",
    "1958-04-14": "Easter Monday",
    "1958-05-01": "Labor Day",
    "1958-06-02": "Monday of the Holy Spirit",
    "1958-08-15": "Assumption of Mary",
    "1958-10-01": "Cyprus Independence Day",
    "1958-10-28": "Ochi Day",
    "1958-12-24": "Christmas Eve",
    "1958-12-25": "Christmas Day",
    "1958-12-26": "Day After Christmas",
    "1959-01-01": "New Year's Day",
    "1959-01-06": "Epiphany",
    "1959-03-16": "Clean Monday",
    "1959-03-25": "Greek Independence Day",
    "1959-04-01": "Cyprus National Day",
    "1959-05-01": "Good Friday; Labor Day",
    "1959-05-03": "Easter Sunday",
    "1959-05-04": "Easter Monday",
    "1959-06-22": "Monday of the Holy Spirit",
    "1959-08-15": "Assumption of Mary",
    "1959-10-01": "Cyprus Independence Day",
    "1959-10-28": "Ochi Day",
    "1959-12-24": "Christmas Eve",
    "1959-12-25": "Christmas Day",
    "1959-12-26": "Day After Christmas",
    "1960-01-01": "New Year's Day",
    "1960-01-06": "Epiphany",
    "1960-02-29": "Clean Monday",
    "1960-03-25": "Greek Independence Day",
    "1960-04-01": "Cyprus National Day",
    "1960-04-15": "Good Friday",
    "1960-04-17": "Easter Sunday",
    "1960-04-18": "Easter Monday",
    "1960-05-01": "Labor Day",
    "1960-06-06": "Monday of the Holy Spirit",
    "1960-08-15": "Assumption of Mary",
    "1960-10-01": "Cyprus Independence Day",
    "1960-10-28": "Ochi Day",
    "1960-12-24": "Christmas Eve",
    "1960-12-25": "Christmas Day",
    "1960-12-26": "Day After Christmas",
    "1961-01-01": "New Year's Day",
    "1961-01-06": "Epiphany",
    "1961-02-20": "Clean Monday",
    "1961-03-25": "Greek Independence Day",
    "1961-04-01": "Cyprus National Day",
    "1961-04-07": "Good Friday",
    "1961-04-09": "Easter Sunday",
    "1961-04-10": "Easter Monday",
    "1961-05-01": "Labor Day",
    "1961-05-29": "Monday of the Holy Spirit",
    "1961-08-15": "Assumption of Mary",
    "1961-10-01": "Cyprus Independence Day",
    "1961-10-28": "Ochi Day",
    "1961-12-24": "Christmas Eve",
    "1961-12-25": "Christmas Day",
    "1961-12-26": "Day After Christmas",
    "1962-01-01": "New Year's Day",
    "1962-01-06": "Epiphany",
    "1962-03-12": "Clean Monday",
    "1962-03-25": "Greek Independence Day",
    "1962-04-01": "Cyprus National Day",
    "1962-04-27": "Good Friday",
    "1962-04-29": "Easter Sunday",
    "1962-04-30": "Easter Monday",
    "1962-05-01": "Labor Day",
    "1962-06-18": "Monday of the Holy Spirit",
    "1962-08-15": "Assumption of Mary",
    "1962-10-01": "Cyprus Independence Day",
    "1962-10-28": "Ochi Day",
    "1962-12-24": "Christmas Eve",
    "1962-12-25": "Christmas Day",
    "1962-12-26": "Day After Christmas",
    "1963-01-01": "New Year's Day",
    "1963-01-06": "Epiphany",
    "1963-02-25": "Clean Monday",
    "1963-03-25": "Greek Independence Day",
    "1963-04-01": "Cyprus National Day",
    "1963-04-12": "Good Friday",
    "1963-04-14": "Easter Sunday",
    "1963-04-15": "Easter Monday",
    "1963-05-01": "Labor Day",
    "1963-06-03": "Monday of the Holy Spirit",
    "1963-08-15": "Assumption of Mary",
    "1963-10-01": "Cyprus Independence Day",
    "1963-10-28": "Ochi Day",
    "1963-12-24": "Christmas Eve",
    "1963-12-25": "Christmas Day",
    "1963-12-26": "Day After Christmas",
    "1964-01-01": "New Year's Day",
    "1964-01-06": "Epiphany",
    "1964-03-16": "Clean Monday",
    "1964-03-25": "Greek Independence Day",
    "1964-04-01": "Cyprus National Day",
    "1964-05-01": "Good Friday; Labor Day",
    "1964-05-03": "Easter Sunday",
    "1964-05-04": "Easter Monday",
    "1964-06-22": "Monday of the Holy Spirit",
    "1964-08-15": "Assumption of Mary",
    "1964-10-01": "Cyprus Independence Day",
    "1964-10-28": "Ochi Day",
    "1964-12-24": "Christmas Eve",
    "1964-12-25": "Christmas Day",
    "1964-12-26": "Day After Christmas",
    "1965-01-01": "New Year's Day",
    "1965-01-06": "Epiphany",
    "1965-03-08": "Clean Monday",
    "1965-03-25": "Greek Independence Day",
    "1965-04-01": "Cyprus National Day",
    "1965-04-23": "Good Friday",
    "1965-04-25": "Easter Sunday",
    "1965-04-26": "Easter Monday",
    "1965-05-01": "Labor Day",
    "1965-06-14": "Monday of the Holy Spirit",
    "1965-08-15": "Assumption of Mary",
    "1965-10-01": "Cyprus Independence Day",
    "1965-10-28": "Ochi Day",
    "1965-12-24": "Christmas Eve",
    "1965-12-25": "Christmas Day",
    "1965-12-26": "Day After Christmas",
    "1966-01-01": "New Year's Day",
    "1966-01-06": "Epiphany",
    "1966-02-21": "Clean Monday",
    "1966-03-25": "Greek Independence Day",
    "1966-04-01": "Cyprus National Day",
    "1966-04-08": "Good Friday",
    "1966-04-10": "Easter Sunday",
    "1966-04-11": "Easter Monday",
    "1966-05-01": "Labor Day",
    "1966-05-30": "Monday of the Holy Spirit",
    "1966-08-15": "Assumption of Mary",
    "1966-10-01": "Cyprus Independence Day",
    "1966-10-28": "Ochi Day",
    "1966-12-24": "Christmas Eve",
    "1966-12-25": "Christmas Day",
    "1966-12-26": "Day After Christmas",
    "1967-01-01": "New Year's Day",
    "1967-01-06": "Epiphany",
    "1967-03-13": "Clean Monday",
    "1967-03-25": "Greek Independence Day",
    "1967-04-01": "Cyprus National Day",
    "1967-04-28": "Good Friday",
    "1967-04-30": "Easter Sunday",
    "1967-05-01": "Easter Monday; Labor Day",
    "1967-06-19": "Monday of the Holy Spirit",
    "1967-08-15": "Assumption of Mary",
    "1967-10-01": "Cyprus Independence Day",
    "1967-10-28": "Ochi Day",
    "1967-12-24": "Christmas Eve",
    "1967-12-25": "Christmas Day",
    "1967-12-26": "Day After Christmas",
    "1968-01-01": "New Year's Day",
    "1968-01-06": "Epiphany",
    "1968-03-04": "Clean Monday",
    "1968-03-25": "Greek Independence Day",
    "1968-04-01": "Cyprus National Day",
    "1968-04-19": "Good Friday",
    "1968-04-21": "Easter Sunday",
    "1968-04-22": "Easter Monday",
    "1968-05-01": "Labor Day",
    "1968-06-10": "Monday of the Holy Spirit",
    "1968-08-15": "Assumption of Mary",
    "1968-10-01": "Cyprus Independence Day",
    "1968-10-28": "Ochi Day",
    "1968-12-24": "Christmas Eve",
    "1968-12-25": "Christmas Day",
    "1968-12-26": "Day After Christmas",
    "1969-01-01": "New Year's Day",
    "1969-01-06": "Epiphany",
    "1969-02-24": "Clean Monday",
    "1969-03-25": "Greek Independence Day",
    "1969-04-01": "Cyprus National Day",
    "1969-04-11": "Good Friday",
    "1969-04-13": "Easter Sunday",
    "1969-04-14": "Easter Monday",
    "1969-05-01": "Labor Day",
    "1969-06-02": "Monday of the Holy Spirit",
    "1969-08-15": "Assumption of Mary",
    "1969-10-01": "Cyprus Independence Day",
    "1969-10-28": "Ochi Day",
    "1969-12-24": "Christmas Eve",
    "1969-12-25": "Christmas Day",
    "1969-12-26": "Day After Christmas",
    "1970-01-01": "New Year's Day",
    "1970-01-06": "Epiphany",
    "1970-03-09": "Clean Monday",
    "1970-03-25": "Greek Independence Day",
    "1970-04-01": "Cyprus National Day",
    "1970-04-24": "Good Friday",
    "1970-04-26": "Easter Sunday",
    "1970-04-27": "Easter Monday",
    "1970-05-01": "Labor Day",
    "1970-06-15": "Monday of the Holy Spirit",
    "1970-08-15": "Assumption of Mary",
    "1970-10-01": "Cyprus Independence Day",
    "1970-10-28": "Ochi Day",
    "1970-12-24": "Christmas Eve",
    "1970-12-25": "Christmas Day",
    "1970-12-26": "Day After Christmas",
    "1971-01-01": "New Year's Day",
    "1971-01-06": "Epiphany",
    "1971-03-01": "Clean Monday",
    "1971-03-25": "Greek Independence Day",
    "1971-04-01": "Cyprus National Day",
    "1971-04-16": "Good Friday",
    "1971-04-18": "Easter Sunday",
    "1971-04-19": "Easter Monday",
    "1971-05-01": "Labor Day",
    "1971-06-07": "Monday of the Holy Spirit",
    "1971-08-15": "Assumption of Mary",
    "1971-10-01": "Cyprus Independence Day",
    "1971-10-28": "Ochi Day",
    "1971-12-24": "Christmas Eve",
    "1971-12-25": "Christmas Day",
    "1971-12-26": "Day After Christmas",
    "1972-01-01": "New Year's Day",
    "1972-01-06": "Epiphany",
    "1972-02-21": "Clean Monday",
    "1972-03-25": "Greek Independence Day",
    "1972-04-01": "Cyprus National Day",
    "1972-04-07": "Good Friday",
    "1972-04-09": "Easter Sunday",
    "1972-04-10": "Easter Monday",
    "1972-05-01": "Labor Day",
    "1972-05-29": "Monday of the Holy Spirit",
    "1972-08-15": "Assumption of Mary",
    "1972-10-01": "Cyprus Independence Day",
    "1972-10-28": "Ochi Day",
    "1972-12-24": "Christmas Eve",
    "1972-12-25": "Christmas Day",
    "1972-12-26": "Day After Christmas",
    "1973-01-01": "New Year's Day",
    "1973-01-06": "Epiphany",
    "1973-03-12": "Clean Monday",
    "1973-03-25": "Greek Independence Day",
    "1973-04-01": "Cyprus National Day",
    "1973-04-27": "Good Friday",
    "1973-04-29": "Easter Sunday",
    "1973-04-30": "Easter Monday",
    "1973-05-01": "Labor Day",
    "1973-06-18": "Monday of the Holy Spirit",
    "1973-08-15": "Assumption of Mary",
    "1973-10-01": "Cyprus Independence Day",
    "1973-10-28": "Ochi Day",
    "1973-12-24": "Christmas Eve",
    "1973-12-25": "Christmas Day",
    "1973-12-26": "Day After Christmas",
    "1974-01-01": "New Year's Day",
    "1974-01-06": "Epiphany",
    "1974-02-25": "Clean Monday",
    "1974-03-25": "Greek Independence Day",
    "1974-04-01": "Cyprus National Day",
    "1974-04-12": "Good Friday",
    "1974-04-14": "Easter Sunday",
    "1974-04-15": "Easter Monday",
    "1974-05-01": "Labor Day",
    "1974-06-03": "Monday of the Holy Spirit",
    "1974-08-15": "Assumption of Mary",
    "1974-10-01": "Cyprus Independence Day",
    "1974-10-28": "Ochi Day",
    "1974-12-24": "Christmas Eve",
    "1974-12-25": "Christmas Day",
    "1974-12-26": "Day After Christmas",
    "1975-01-01": "New Year's Day",
    "1975-01-06": "Epiphany",
    "1975-03-17": "Clean Monday",
    "1975-03-25": "Greek Independence Day",
    "1975-04-01": "Cyprus National Day",
    "1975-05-01": "Labor Day",
    "1975-05-02": "Good Friday",
    "1975-05-04": "Easter Sunday",
    "1975-05-05": "Easter Monday",
    "1975-06-23": "Monday of the Holy Spirit",
    "1975-08-15": "Assumption of Mary",
    "1975-10-01": "Cyprus Independence Day",
    "1975-10-28": "Ochi Day",
    "1975-12-24": "Christmas Eve",
    "1975-12-25": "Christmas Day",
    "1975-12-26": "Day After Christmas",
    "1976-01-01": "New Year's Day",
    "1976-01-06": "Epiphany",
    "1976-03-08": "Clean Monday",
    "1976-03-25": "Greek Independence Day",
    "1976-04-01": "Cyprus National Day",
    "1976-04-23": "Good Friday",
    "1976-04-25": "Easter Sunday",
    "1976-04-26": "Easter Monday",
    "1976-05-01": "Labor Day",
    "1976-06-14": "Monday of the Holy Spirit",
    "1976-08-15": "Assumption of Mary",
    "1976-10-01": "Cyprus Independence Day",
    "1976-10-28": "Ochi Day",
    "1976-12-24": "Christmas Eve",
    "1976-12-25": "Christmas Day",
    "1976-12-26": "Day After Christmas",
    "1977-01-01": "New Year's Day",
    "1977-01-06": "Epiphany",
    "1977-02-21": "Clean Monday",
    "1977-03-25": "Greek Independence Day",
    "1977-04-01": "Cyprus National Day",
    "1977-04-08": "Good Friday",
    "1977-04-10": "Easter Sunday",
    "1977-04-11": "Easter Monday",
    "1977-05-01": "Labor Day",
    "1977-05-30": "Monday of the Holy Spirit",
    "1977-08-15": "Assumption of Mary",
    "1977-10-01": "Cyprus Independence Day",
    "1977-10-28": "Ochi Day",
    "1977-12-24": "Christmas Eve",
    "1977-12-25": "Christmas Day",
    "1977-12-26": "Day After Christmas",
    "1978-01-01": "New Year's Day",
    "1978-01-06": "Epiphany",
    "1978-03-13": "Clean Monday",
    "1978-03-25": "Greek Independence Day",
    "1978-04-01": "Cyprus National Day",
    "1978-04-28": "Good Friday",
    "1978-04-30": "Easter Sunday",
    "1978-05-01": "Easter Monday; Labor Day",
    "1978-06-19": "Monday of the Holy Spirit",
    "1978-08-15": "Assumption of Mary",
    "1978-10-01": "Cyprus Independence Day",
    "1978-10-28": "Ochi Day",
    "1978-12-24": "Christmas Eve",
    "1978-12-25": "Christmas Day",
    "1978-12-26": "Day After Christmas",
    "1979-01-01": "New Year's Day",
    "1979-01-06": "Epiphany",
    "1979-03-05": "Clean Monday",
    "1979-03-25": "Greek Independence Day",
    "1979-04-01": "Cyprus National Day",
    "1979-04-20": "Good Friday",
    "1979-04-22": "Easter Sunday",
    "1979-04-23": "Easter Monday",
    "1979-05-01": "Labor Day",
    "1979-06-11": "Monday of the Holy Spirit",
    "1979-08-15": "Assumption of Mary",
    "1979-10-01": "Cyprus Independence Day",
    "1979-10-28": "Ochi Day",
    "1979-12-24": "Christmas Eve",
    "1979-12-25": "Christmas Day",
    "1979-12-26": "Day After Christmas",
    "1980-01-01": "New Year's Day",
    "1980-01-06": "Epiphany",
    "1980-02-18": "Clean Monday",
    "1980-03-25": "Greek Independence Day",
    "1980-04-01": "Cyprus National Day",
    "1980-04-04": "Good Friday",
    "1980-04-06": "Easter Sunday",
    "1980-04-07": "Easter Monday",
    "1980-05-01": "Labor Day",
    "1980-05-26": "Monday of the Holy Spirit",
    "1980-08-15": "Assumption of Mary",
    "1980-10-01": "Cyprus Independence Day",
    "1980-10-28": "Ochi Day",
    "1980-12-24": "Christmas Eve",
    "1980-12-25": "Christmas Day",
    "1980-12-26": "Day After Christmas",
    "1981-01-01": "New Year's Day",
    "1981-01-06": "Epiphany",
    "1981-03-09": "Clean Monday",
    "1981-03-25": "Greek Independence Day",
    "1981-04-01": "Cyprus National Day",
    "1981-04-24": "Good Friday",
    "1981-04-26": "Easter Sunday",
    "1981-04-27": "Easter Monday",
    "1981-05-01": "Labor Day",
    "1981-06-15": "Monday of the Holy Spirit",
    "1981-08-15": "Assumption of Mary",
    "1981-10-01": "Cyprus Independence Day",
    "1981-10-28": "Ochi Day",
    "1981-12-24": "Christmas Eve",
    "1981-12-25": "Christmas Day",
    "1981-12-26": "Day After Christmas",
    "1982-01-01": "New Year's Day",
    "1982-01-06": "Epiphany",
    "1982-03-01": "Clean Monday",
    "1982-03-25": "Greek Independence Day",
    "1982-04-01": "Cyprus National Day",
    "1982-04-16": "Good Friday",
    "1982-04-18": "Easter Sunday",
    "1982-04-19": "Easter Monday",
    "1982-05-01": "Labor Day",
    "1982-06-07": "Monday of the Holy Spirit",
    "1982-08-15": "Assumption of Mary",
    "1982-10-01": "Cyprus Independence Day",
    "1982-10-28": "Ochi Day",
    "1982-12-24": "Christmas Eve",
    "1982-12-25": "Christmas Day",
    "1982-12-26": "Day After Christmas",
    "1983-01-01": "New Year's Day",
    "1983-01-06": "Epiphany",
    "1983-03-21": "Clean Monday",
    "1983-03-25": "Greek Independence Day",
    "1983-04-01": "Cyprus National Day",
    "1983-05-01": "Labor Day",
    "1983-05-06": "Good Friday",
    "1983-05-08": "Easter Sunday",
    "1983-05-09": "Easter Monday",
    "1983-06-27": "Monday of the Holy Spirit",
    "1983-08-15": "Assumption of Mary",
    "1983-10-01": "Cyprus Independence Day",
    "1983-10-28": "Ochi Day",
    "1983-12-24": "Christmas Eve",
    "1983-12-25": "Christmas Day",
    "1983-12-26": "Day After Christmas",
    "1984-01-01": "New Year's Day",
    "1984-01-06": "Epiphany",
    "1984-03-05": "Clean Monday",
    "1984-03-25": "Greek Independence Day",
    "1984-04-01": "Cyprus National Day",
    "1984-04-20": "Good Friday",
    "1984-04-22": "Easter Sunday",
    "1984-04-23": "Easter Monday",
    "1984-05-01": "Labor Day",
    "1984-06-11": "Monday of the Holy Spirit",
    "1984-08-15": "Assumption of Mary",
    "1984-10-01": "Cyprus Independence Day",
    "1984-10-28": "Ochi Day",
    "1984-12-24": "Christmas Eve",
    "1984-12-25": "Christmas Day",
    "1984-12-26": "Day After Christmas",
    "1985-01-01": "New Year's Day",
    "1985-01-06": "Epiphany",
    "1985-02-25": "Clean Monday",
    "1985-03-25": "Greek Independence Day",
    "1985-04-01": "Cyprus National Day",
    "1985-04-12": "Good Friday",
    "1985-04-14": "Easter Sunday",
    "1985-04-15": "Easter Monday",
    "1985-05-01": "Labor Day",
    "1985-06-03": "Monday of the Holy Spirit",
    "1985-08-15": "Assumption of Mary",
    "1985-10-01": "Cyprus Independence Day",
    "1985-10-28": "Ochi Day",
    "1985-12-24": "Christmas Eve",
    "1985-12-25": "Christmas Day",
    "1985-12-26": "Day After Christmas",
    "1986-01-01": "New Year's Day",
    "1986-01-06": "Epiphany",
    "1986-03-17": "Clean Monday",
    "1986-03-25": "Greek Independence Day",
    "1986-04-01": "Cyprus National Day",
    "1986-05-01": "Labor Day",
    "1986-05-02": "Good Friday",
    "1986-05-04": "Easter Sunday",
    "1986-05-05": "Easter Monday",
    "1986-06-23": "Monday of the Holy Spirit",
    "1986-08-15": "Assumption of Mary",
    "1986-10-01": "Cyprus Independence Day",
    "1986-10-28": "Ochi Day",
    "1986-12-24": "Christmas Eve",
    "1986-12-25": "Christmas Day",
    "1986-12-26": "Day After Christmas",
    "1987-01-01": "New Year's Day",
    "1987-01-06": "Epiphany",
    "1987-03-02": "Clean Monday",
    "1987-03-25": "Greek Independence Day",
    "1987-04-01": "Cyprus National Day",
    "1987-04-17": "Good Friday",
    "1987-04-19": "Easter Sunday",
    "1987-04-20": "Easter Monday",
    "1987-05-01": "Labor Day",
    "1987-06-08": "Monday of the Holy Spirit",
    "1987-08-15": "Assumption of Mary",
    "1987-10-01": "Cyprus Independence Day",
    "1987-10-28": "Ochi Day",
    "1987-12-24": "Christmas Eve",
    "1987-12-25": "Christmas Day",
    "1987-12-26": "Day After Christmas",
    "1988-01-01": "New Year's Day",
    "1988-01-06": "Epiphany",
    "1988-02-22": "Clean Monday",
    "1988-03-25": "Greek Independence Day",
    "1988-04-01": "Cyprus National Day",
    "1988-04-08": "Good Friday",
    "1988-04-10": "Easter Sunday",
    "1988-04-11": "Easter Monday",
    "1988-05-01": "Labor Day",
    "1988-05-30": "Monday of the Holy Spirit",
    "1988-08-15": "Assumption of Mary",
    "1988-10-01": "Cyprus Independence Day",
    "1988-10-28": "Ochi Day",
    "1988-12-24": "Christmas Eve",
    "1988-12-25": "Christmas Day",
    "1988-12-26": "Day After Christmas",
    "1989-01-01": "New Year's Day",
    "1989-01-06": "Epiphany",
    "1989-03-13": "Clean Monday",
    "1989-03-25": "Greek Independence Day",
    "1989-04-01": "Cyprus National Day",
    "1989-04-28": "Good Friday",
    "1989-04-30": "Easter Sunday",
    "1989-05-01": "Easter Monday; Labor Day",
    "1989-06-19": "Monday of the Holy Spirit",
    "1989-08-15": "Assumption of Mary",
    "1989-10-01": "Cyprus Independence Day",
    "1989-10-28": "Ochi Day",
    "1989-12-24": "Christmas Eve",
    "1989-12-25": "Christmas Day",
    "1989-12-26": "Day After Christmas",
    "1990-01-01": "New Year's Day",
    "1990-01-06": "Epiphany",
    "1990-02-26": "Clean Monday",
    "1990-03-25": "Greek Independence Day",
    "1990-04-01": "Cyprus National Day",
    "1990-04-13": "Good Friday",
    "1990-04-15": "Easter Sunday",
    "1990-04-16": "Easter Monday",
    "1990-05-01": "Labor Day",
    "1990-06-04": "Monday of the Holy Spirit",
    "1990-08-15": "Assumption of Mary",
    "1990-10-01": "Cyprus Independence Day",
    "1990-10-28": "Ochi Day",
    "1990-12-24": "Christmas Eve",
    "1990-12-25": "Christmas Day",
    "1990-12-26": "Day After Christmas",
    "1991-01-01": "New Year's Day",
    "1991-01-06": "Epiphany",
    "1991-02-18": "Clean Monday",
    "1991-03-25": "Greek Independence Day",
    "1991-04-01": "Cyprus National Day",
    "1991-04-05": "Good Friday",
    "1991-04-07": "Easter Sunday",
    "1991-04-08": "Easter Monday",
    "1991-05-01": "Labor Day",
    "1991-05-27": "Monday of the Holy Spirit",
    "1991-08-15": "Assumption of Mary",
    "1991-10-01": "Cyprus Independence Day",
    "1991-10-28": "Ochi Day",
    "1991-12-24": "Christmas Eve",
    "1991-12-25": "Christmas Day",
    "1991-12-26": "Day After Christmas",
    "1992-01-01": "New Year's Day",
    "1992-01-06": "Epiphany",
    "1992-03-09": "Clean Monday",
    "1992-03-25": "Greek Independence Day",
    "1992-04-01": "Cyprus National Day",
    "1992-04-24": "Good Friday",
    "1992-04-26": "Easter Sunday",
    "1992-04-27": "Easter Monday",
    "1992-05-01": "Labor Day",
    "1992-06-15": "Monday of the Holy Spirit",
    "1992-08-15": "Assumption of Mary",
    "1992-10-01": "Cyprus Independence Day",
    "1992-10-28": "Ochi Day",
    "1992-12-24": "Christmas Eve",
    "1992-12-25": "Christmas Day",
    "1992-12-26": "Day After Christmas",
    "1993-01-01": "New Year's Day",
    "1993-01-06": "Epiphany",
    "1993-03-01": "Clean Monday",
    "1993-03-25": "Greek Independence Day",
    "1993-04-01": "Cyprus National Day",
    "1993-04-16": "Good Friday",
    "1993-04-18": "Easter Sunday",
    "1993-04-19": "Easter Monday",
    "1993-05-01": "Labor Day",
    "1993-06-07": "Monday of the Holy Spirit",
    "1993-08-15": "Assumption of Mary",
    "1993-10-01": "Cyprus Independence Day",
    "1993-10-28": "Ochi Day",
    "1993-12-24": "Christmas Eve",
    "1993-12-25": "Christmas Day",
    "1993-12-26": "Day After Christmas",
    "1994-01-01": "New Year's Day",
    "1994-01-06": "Epiphany",
    "1994-03-14": "Clean Monday",
    "1994-03-25": "Greek Independence Day",
    "1994-04-01": "Cyprus National Day",
    "1994-04-29": "Good Friday",
    "1994-05-01": "Easter Sunday; Labor Day",
    "1994-05-02": "Easter Monday",
    "1994-06-20": "Monday of the Holy Spirit",
    "1994-08-15": "Assumption of Mary",
    "1994-10-01": "Cyprus Independence Day",
    "1994-10-28": "Ochi Day",
    "1994-12-24": "Christmas Eve",
    "1994-12-25": "Christmas Day",
    "1994-12-26": "Day After Christmas",
    "1995-01-01": "New Year's Day",
    "1995-01-06": "Epiphany",
    "1995-03-06": "Clean Monday",
    "1995-03-25": "Greek Independence Day",
    "1995-04-01": "Cyprus National Day",
    "1995-04-21": "Good Friday",
    "1995-04-23": "Easter Sunday",
    "1995-04-24": "Easter Monday",
    "1995-05-01": "Labor Day",
    "1995-06-12": "Monday of the Holy Spirit",
    "1995-08-15": "Assumption of Mary",
    "1995-10-01": "Cyprus Independence Day",
    "1995-10-28": "Ochi Day",
    "1995-12-24": "Christmas Eve",
    "1995-12-25": "Christmas Day",
    "1995-12-26": "Day After Christmas",
    "1996-01-01": "New Year's Day",
    "1996-01-06": "Epiphany",
    "1996-02-26": "Clean Monday",
    "1996-03-25": "Greek Independence Day",
    "1996-04-01": "Cyprus National Day",
    "1996-04-12": "Good Friday",
    "1996-04-14": "Easter Sunday",
    "1996-04-15": "Easter Monday",
    "1996-05-01": "Labor Day",
    "1996-06-03": "Monday of the Holy Spirit",
    "1996-08-15": "Assumption of Mary",
    "1996-10-01": "Cyprus Independence Day",
    "1996-10-28": "Ochi Day",
    "1996-12-24": "Christmas Eve",
    "1996-12-25": "Christmas Day",
    "1996-12-26": "Day After Christmas",
    "1997-01-01": "New Year's Day",
    "1997-01-06": "Epiphany",
    "1997-03-10": "Clean Monday",
    "1997-03-25": "Greek Independence Day",
    "1997-04-01": "Cyprus National Day",
    "1997-04-25": "Good Friday",
    "1997-04-27": "Easter Sunday",
    "1997-04-28": "Easter Monday",
    "1997-05-01": "Labor Day",
    "1997-06-16": "Monday of the Holy Spirit",
    "1997-08-15": "Assumption of Mary",
    "1997-10-01": "Cyprus Independence Day",
    "1997-10-28": "Ochi Day",
    "1997-12-24": "Christmas Eve",
    "1997-12-25": "Christmas Day",
    "1997-12-26": "Day After Christmas",
    "1998-01-01": "New Year's Day",
    "1998-01-06": "Epiphany",
    "1998-03-02": "Clean Monday",
    "1998-03-25": "Greek Independence Day",
    "1998-04-01": "Cyprus National Day",
    "1998-04-17": "Good Friday",
    "1998-04-19": "Easter Sunday",
    "1998-04-20": "Easter Monday",
    "1998-05-01": "Labor Day",
    "1998-06-08": "Monday of the Holy Spirit",
    "1998-08-15": "Assumption of Mary",
    "1998-10-01": "Cyprus Independence Day",
    "1998-10-28": "Ochi Day",
    "1998-12-24": "Christmas Eve",
    "1998-12-25": "Christmas Day",
    "1998-12-26": "Day After Christmas",
    "1999-01-01": "New Year's Day",
    "1999-01-06": "Epiphany",
    "1999-02-22": "Clean Monday",
    "1999-03-25": "Greek Independence Day",
    "1999-04-01": "Cyprus National Day",
    "1999-04-09": "Good Friday",
    "1999-04-11": "Easter Sunday",
    "1999-04-12": "Easter Monday",
    "1999-05-01": "Labor Day",
    "1999-05-31": "Monday of the Holy Spirit",
    "1999-08-15": "Assumption of Mary",
    "1999-10-01": "Cyprus Independence Day",
    "1999-10-28": "Ochi Day",
    "1999-12-24": "Christmas Eve",
    "1999-12-25": "Christmas Day",
    "1999-12-26": "Day After Christmas",
    "2000-01-01": "New Year's Day",
    "2000-01-06": "Epiphany",
    "2000-03-13": "Clean Monday",
    "2000-03-25": "Greek Independence Day",
    "2000-04-01": "Cyprus National Day",
    "2000-04-28": "Good Friday",
    "2000-04-30": "Easter Sunday",
    "2000-05-01": "Easter Monday; Labor Day",
    "2000-06-19": "Monday of the Holy Spirit",
    "2000-08-15": "Assumption of Mary",
    "2000-10-01": "Cyprus Independence Day",
    "2000-10-28": "Ochi Day",
    "2000-12-24": "Christmas Eve",
    "2000-12-25": "Christmas Day",
    "2000-12-26": "Day After Christmas",
    "2001-01-01": "New Year's Day",
    "2001-01-06": "Epiphany",
    "2001-02-26": "Clean Monday",
    "2001-03-25": "Greek Independence Day",
    "2001-04-01": "Cyprus National Day",
    "2001-04-13": "Good Friday",
    "2001-04-15": "Easter Sunday",
    "2001-04-16": "Easter Monday",
    "2001-05-01": "Labor Day",
    "2001-06-04": "Monday of the Holy Spirit",
    "2001-08-15": "Assumption of Mary",
    "2001-10-01": "Cyprus Independence Day",
    "2001-10-28": "Ochi Day",
    "2001-12-24": "Christmas Eve",
    "2001-12-25": "Christmas Day",
    "2001-12-26": "Day After Christmas",
    "2002-01-01": "New Year's Day",
    "2002-01-06": "Epiphany",
    "2002-03-18": "Clean Monday",
    "2002-03-25": "Greek Independence Day",
    "2002-04-01": "Cyprus National Day",
    "2002-05-01": "Labor Day",
    "2002-05-03": "Good Friday",
    "2002-05-05": "Easter Sunday",
    "2002-05-06": "Easter Monday",
    "2002-06-24": "Monday of the Holy Spirit",
    "2002-08-15": "Assumption of Mary",
    "2002-10-01": "Cyprus Independence Day",
    "2002-10-28": "Ochi Day",
    "2002-12-24": "Christmas Eve",
    "2002-12-25": "Christmas Day",
    "2002-12-26": "Day After Christmas",
    "2003-01-01": "New Year's Day",
    "2003-01-06": "Epiphany",
    "2003-03-10": "Clean Monday",
    "2003-03-25": "Greek Independence Day",
    "2003-04-01": "Cyprus National Day",
    "2003-04-25": "Good Friday",
    "2003-04-27": "Easter Sunday",
    "2003-04-28": "Easter Monday",
    "2003-05-01": "Labor Day",
    "2003-06-16": "Monday of the Holy Spirit",
    "2003-08-15": "Assumption of Mary",
    "2003-10-01": "Cyprus Independence Day",
    "2003-10-28": "Ochi Day",
    "2003-12-24": "Christmas Eve",
    "2003-12-25": "Christmas Day",
    "2003-12-26": "Day After Christmas",
    "2004-01-01": "New Year's Day",
    "2004-01-06": "Epiphany",
    "2004-02-23": "Clean Monday",
    "2004-03-25": "Greek Independence Day",
    "2004-04-01": "Cyprus National Day",
    "2004-04-09": "Good Friday",
    "2004-04-11": "Easter Sunday",
    "2004-04-12": "Easter Monday",
    "2004-05-01": "Labor Day",
    "2004-05-31": "Monday of the Holy Spirit",
    "2004-08-15": "Assumption of Mary",
    "2004-10-01": "Cyprus Independence Day",
    "2004-10-28": "Ochi Day",
    "2004-12-24": "Christmas Eve",
    "2004-12-25": "Christmas Day",
    "2004-12-26": "Day After Christmas",
    "2005-01-01": "New Year's Day",
    "2005-01-06": "Epiphany",
    "2005-03-14": "Clean Monday",
    "2005-03-25": "Greek Independence Day",
    "2005-04-01": "Cyprus National Day",
    "2005-04-29": "Good Friday",
    "2005-05-01": "Easter Sunday; Labor Day",
    "2005-05-02": "Easter Monday",
    "2005-06-20": "Monday of the Holy Spirit",
    "2005-08-15": "Assumption of Mary",
    "2005-10-01": "Cyprus Independence Day",
    "2005-10-28": "Ochi Day",
    "2005-12-24": "Christmas Eve",
    "2005-12-25": "Christmas Day",
    "2005-12-26": "Day After Christmas",
    "2006-01-01": "New Year's Day",
    "2006-01-06": "Epiphany",
    "2006-03-06": "Clean Monday",
    "2006-03-25": "Greek Independence Day",
    "2006-04-01": "Cyprus National Day",
    "2006-04-21": "Good Friday",
    "2006-04-23": "Easter Sunday",
    "2006-04-24": "Easter Monday",
    "2006-05-01": "Labor Day",
    "2006-06-12": "Monday of the Holy Spirit",
    "2006-08-15": "Assumption of Mary",
    "2006-10-01": "Cyprus Independence Day",
    "2006-10-28": "Ochi Day",
    "2006-12-24": "Christmas Eve",
    "2006-12-25": "Christmas Day",
    "2006-12-26": "Day After Christmas",
    "2007-01-01": "New Year's Day",
    "2007-01-06": "Epiphany",
    "2007-02-19": "Clean Monday",
    "2007-03-25": "Greek Independence Day",
    "2007-04-01": "Cyprus National Day",
    "2007-04-06": "Good Friday",
    "2007-04-08": "Easter Sunday",
    "2007-04-09": "Easter Monday",
    "2007-05-01": "Labor Day",
    "2007-05-28": "Monday of the Holy Spirit",
    "2007-08-15": "Assumption of Mary",
    "2007-10-01": "Cyprus Independence Day",
    "2007-10-28": "Ochi Day",
    "2007-12-24": "Christmas Eve",
    "2007-12-25": "Christmas Day",
    "2007-12-26": "Day After Christmas",
    "2008-01-01": "New Year's Day",
    "2008-01-06": "Epiphany",
    "2008-03-10": "Clean Monday",
    "2008-03-25": "Greek Independence Day",
    "2008-04-01": "Cyprus National Day",
    "2008-04-25": "Good Friday",
    "2008-04-27": "Easter Sunday",
    "2008-04-28": "Easter Monday",
    "2008-05-01": "Labor Day",
    "2008-06-16": "Monday of the Holy Spirit",
    "2008-08-15": "Assumption of Mary",
    "2008-10-01": "Cyprus Independence Day",
    "2008-10-28": "Ochi Day",
    "2008-12-24": "Christmas Eve",
    "2008-12-25": "Christmas Day",
    "2008-12-26": "Day After Christmas",
    "2009-01-01": "New Year's Day",
    "2009-01-06": "Epiphany",
    "2009-03-02": "Clean Monday",
    "2009-03-25": "Greek Independence Day",
    "2009-04-01": "Cyprus National Day",
    "2009-04-17": "Good Friday",
    "2009-04-19": "Easter Sunday",
    "2009-04-20": "Easter Monday",
    "2009-05-01": "Labor Day",
    "2009-06-08": "Monday of the Holy Spirit",
    "2009-08-15": "Assumption of Mary",
    "2009-10-01": "Cyprus Independence Day",
    "2009-10-28": "Ochi Day",
    "2009-12-24": "Christmas Eve",
    "2009-12-25": "Christmas Day",
    "2009-12-26": "Day After Christmas",
    "2010-01-01": "New Year's Day",
    "2010-01-06": "Epiphany",
    "2010-02-15": "Clean Monday",
    "2010-03-25": "Greek Independence Day",
    "2010-04-01": "Cyprus National Day",
    "2010-04-02": "Good Friday",
    "2010-04-04": "Easter Sunday",
    "2010-04-05": "Easter Monday",
    "2010-05-01": "Labor Day",
    "2010-05-24": "Monday of the Holy Spirit",
    "2010-08-15": "Assumption of Mary",
    "2010-10-01": "Cyprus Independence Day",
    "2010-10-28": "Ochi Day",
    "2010-12-24": "Christmas Eve",
    "2010-12-25": "Christmas Day",
    "2010-12-26": "Day After Christmas",
    "2011-01-01": "New Year's Day",
    "2011-01-06": "Epiphany",
    "2011-03-07": "Clean Monday",
    "2011-03-25": "Greek Independence Day",
    "2011-04-01": "Cyprus National Day",
    "2011-04-22": "Good Friday",
    "2011-04-24": "Easter Sunday",
    "2011-04-25": "Easter Monday",
    "2011-05-01": "Labor Day",
    "2011-06-13": "Monday of the Holy Spirit",
    "2011-08-15": "Assumption of Mary",
    "2011-10-01": "Cyprus Independence Day",
    "2011-10-28": "Ochi Day",
    "2011-12-24": "Christmas Eve",
    "2011-12-25": "Christmas Day",
    "2011-12-26": "Day After Christmas",
    "2012-01-01": "New Year's Day",
    "2012-01-06": "Epiphany",
    "2012-02-27": "Clean Monday",
    "2012-03-25": "Greek Independence Day",
    "2012-04-01": "Cyprus National Day",
    "2012-04-13": "Good Friday",
    "2012-04-15": "Easter Sunday",
    "2012-04-16": "Easter Monday",
    "2012-05-01": "Labor Day",
    "2012-06-04": "Monday of the Holy Spirit",
    "2012-08-15": "Assumption of Mary",
    "2012-10-01": "Cyprus Independence Day",
    "2012-10-28": "Ochi Day",
    "2012-12-24": "Christmas Eve",
    "2012-12-25": "Christmas Day",
    "2012-12-26": "Day After Christmas",
    "2013-01-01": "New Year's Day",
    "2013-01-06": "Epiphany",
    "2013-03-18": "Clean Monday",
    "2013-03-25": "Greek Independence Day",
    "2013-04-01": "Cyprus National Day",
    "2013-05-01": "Labor Day",
    "2013-05-03": "Good Friday",
    "2013-05-05": "Easter Sunday",
    "2013-05-06": "Easter Monday",
    "2013-06-24": "Monday of the Holy Spirit",
    "2013-08-15": "Assumption of Mary",
    "2013-10-01": "Cyprus Independence Day",
    "2013-10-28": "Ochi Day",
    "2013-12-24": "Christmas Eve",
    "2013-12-25": "Christmas Day",
    "2013-12-26": "Day After Christmas",
    "2014-01-01": "New Year's Day",
    "2014-01-06": "Epiphany",
    "2014-03-03": "Clean Monday",
    "2014-03-25": "Greek Independence Day",
    "2014-04-01": "Cyprus National Day",
    "2014-04-18": "Good Friday",
    "2014-04-20": "Easter Sunday",
    "2014-04-21": "Easter Monday",
    "2014-05-01": "Labor Day",
    "2014-06-09": "Monday of the Holy Spirit",
    "2014-08-15": "Assumption of Mary",
    "2014-10-01": "Cyprus Independence Day",
    "2014-10-28": "Ochi Day",
    "2014-12-24": "Christmas Eve",
    "2014-12-25": "Christmas Day",
    "2014-12-26": "Day After Christmas",
    "2015-01-01": "New Year's Day",
    "2015-01-06": "Epiphany",
    "2015-02-23": "Clean Monday",
    "2015-03-25": "Greek Independence Day",
    "2015-04-01": "Cyprus National Day",
    "2015-04-10": "Good Friday",
    "2015-04-12": "Easter Sunday",
    "2015-04-13": "Easter Monday",
    "2015-05-01": "Labor Day",
    "2015-06-01": "Monday of the Holy Spirit",
    "2015-08-15": "Assumption of Mary",
    "2015-10-01": "Cyprus Independence Day",
    "2015-10-28": "Ochi Day",
    "2015-12-24": "Christmas Eve",
    "2015-12-25": "Christmas Day",
    "2015-12-26": "Day After Christmas",
    "2016-01-01": "New Year's Day",
    "2016-01-06": "Epiphany",
    "2016-03-14": "Clean Monday",
    "2016-03-25": "Greek Independence Day",
    "2016-04-01": "Cyprus National Day",
    "2016-04-29": "Good Friday",
    "2016-05-01": "Easter Sunday; Labor Day",
    "2016-05-02": "Easter Monday",
    "2016-06-20": "Monday of the Holy Spirit",
    "2016-08-15": "Assumption of Mary",
    "2016-10-01": "Cyprus Independence Day",
    "2016-10-28": "Ochi Day",
    "2016-12-24": "Christmas Eve",
    "2016-12-25": "Christmas Day",
    "2016-12-26": "Day After Christmas",
    "2017-01-01": "New Year's Day",
    "2017-01-06": "Epiphany",
    "2017-02-27": "Clean Monday",
    "2017-03-25": "Greek Independence Day",
    "2017-04-01": "Cyprus National Day",
    "2017-04-14": "Good Friday",
    "2017-04-16": "Easter Sunday",
    "2017-04-17": "Easter Monday",
    "2017-05-01": "Labor Day",
    "2017-06-05": "Monday of the Holy Spirit",
    "2017-08-15": "Assumption of Mary",
    "2017-10-01": "Cyprus Independence Day",
    "2017-10-28": "Ochi Day",
    "2017-12-24": "Christmas Eve",
    "2017-12-25": "Christmas Day",
    "2017-12-26": "Day After Christmas",
    "2018-01-01": "New Year's Day",
    "2018-01-06": "Epiphany",
    "2018-02-19": "Clean Monday",
    "2018-03-25": "Greek Independence Day",
    "2018-04-01": "Cyprus National Day",
    "2018-04-06": "Good Friday",
    "2018-04-08": "Easter Sunday",
    "2018-04-09": "Easter Monday",
    "2018-05-01": "Labor Day",
    "2018-05-28": "Monday of the Holy Spirit",
    "2018-08-15": "Assumption of Mary",
    "2018-10-01": "Cyprus Independence Day",
    "2018-10-28": "Ochi Day",
    "2018-12-24": "Christmas Eve",
    "2018-12-25": "Christmas Day",
    "2018-12-26": "Day After Christmas",
    "2019-01-01": "New Year's Day",
    "2019-01-06": "Epiphany",
    "2019-03-11": "Clean Monday",
    "2019-03-25": "Greek Independence Day",
    "2019-04-01": "Cyprus National Day",
    "2019-04-26": "Good Friday",
    "2019-04-28": "Easter Sunday",
    "2019-04-29": "Easter Monday",
    "2019-05-01": "Labor Day",
    "2019-06-17": "Monday of the Holy Spirit",
    "2019-08-15": "Assumption of Mary",
    "2019-10-01": "Cyprus Independence Day",
    "2019-10-28": "Ochi Day",
    "2019-12-24": "Christmas Eve",
    "2019-12-25": "Christmas Day",
    "2019-12-26": "Day After Christmas",
    "2020-01-01": "New Year's Day",
    "2020-01-06": "Epiphany",
    "2020-03-02": "Clean Monday",
    "2020-03-25": "Greek Independence Day",
    "2020-04-01": "Cyprus National Day",
    "2020-04-17": "Good Friday",
    "2020-04-19": "Easter Sunday",
    "2020-04-20": "Easter Monday",
    "2020-05-01": "Labor Day",
    "2020-06-08": "Monday of the Holy Spirit",
    "2020-08-15": "Assumption of Mary",
    "2020-10-01": "Cyprus Independence Day",
    "2020-10-28": "Ochi Day",
    "2020-12-24": "Christmas Eve",
    "2020-12-25": "Christmas Day",
    "2020-12-26": "Day After Christmas",
    "2021-01-01": "New Year's Day",
    "2021-01-06": "Epiphany",
    "2021-03-15": "Clean Monday",
    "2021-03-25": "Greek Independence Day",
    "2021-04-01": "Cyprus National Day",
    "2021-04-30": "Good Friday",
    "2021-05-01": "Labor Day",
    "2021-05-02": "Easter Sunday",
    "2021-05-03": "Easter Monday",
    "2021-06-21": "Monday of the Holy Spirit",
    "2021-08-15": "Assumption of Mary",
    "2021-10-01": "Cyprus Independence Day",
    "2021-10-28": "Ochi Day",
    "2021-12-24": "Christmas Eve",
    "2021-12-25": "Christmas Day",
    "2021-12-26": "Day After Christmas",
    "2022-01-01": "New Year's Day",
    "2022-01-06": "Epiphany",
    "2022-03-07": "Clean Monday",
    "2022-03-25": "Greek Independence Day",
    "2022-04-01": "Cyprus National Day",
    "2022-04-22": "Good Friday",
    "2022-04-24": "Easter Sunday",
    "2022-04-25": "Easter Monday",
    "2022-05-01": "Labor Day",
    "2022-06-13": "Monday of the Holy Spirit",
    "2022-08-15": "Assumption of Mary",
    "2022-10-01": "Cyprus Independence Day",
    "2022-10-28": "Ochi Day",
    "2022-12-24": "Christmas Eve",
    "2022-12-25": "Christmas Day",
    "2022-12-26": "Day After Christmas",
    "2023-01-01": "New Year's Day",
    "2023-01-06": "Epiphany",
    "2023-02-27": "Clean Monday",
    "2023-03-25": "Greek Independence Day",
    "2023-04-01": "Cyprus National Day",
    "2023-04-14": "Good Friday",
    "2023-04-16": "Easter Sunday",
    "2023-04-17": "Easter Monday",
    "2023-05-01": "Labor Day",
    "2023-06-05": "Monday of the Holy Spirit",
    "2023-08-15": "Assumption of Mary",
    "2023-10-01": "Cyprus Independence Day",
    "2023-10-28": "Ochi Day",
    "2023-12-24": "Christmas Eve",
    "2023-12-25": "Christmas Day",
    "2023-12-26": "Day After Christmas",
    "2024-01-01": "New Year's Day",
    "2024-01-06": "Epiphany",
    "2024-03-18": "Clean Monday",
    "2024-03-25": "Greek Independence Day",
    "2024-04-01": "Cyprus National Day",
    "2024-05-01": "Labor Day",
    "2024-05-03": "Good Friday",
    "2024-05-05": "Easter Sunday",
    "2024-05-06": "Easter Monday",
    "2024-06-24": "Monday of the Holy Spirit",
    "2024-08-15": "Assumption of Mary",
    "2024-10-01": "Cyprus Independence Day",
    "2024-10-28": "Ochi Day",
    "2024-12-24": "Christmas Eve",
    "2024-12-25": "Christmas Day",
    "2024-12-26": "Day After Christmas",
    "2025-01-01": "New Year's Day",
    "2025-01-06": "Epiphany",
    "2025-03-03": "Clean Monday",
    "2025-03-25": "Greek Independence Day",
    "2025-04-01": "Cyprus National Day",
    "2025-04-18": "Good Friday",
    "2025-04-20": "Easter Sunday",
    "2025-04-21": "Easter Monday",
    "2025-05-01": "Labor Day",
    "2025-06-09": "Monday of the Holy Spirit",
    "2025-08-15": "Assumption of Mary",
    "2025-10-01": "Cyprus Independence Day",
    "2025-10-28": "Ochi Day",
    "2025-12-24": "Christmas Eve",
    "2025-12-25": "Christmas Day",
    "2025-12-26": "Day After Christmas",
    "2026-01-01": "New Year's Day",
    "2026-01-06": "Epiphany",
    "2026-02-23": "Clean Monday",
    "2026-03-25": "Greek Independence Day",
    "2026-04-01": "Cyprus National Day",
    "2026-04-10": "Good Friday",
    "2026-04-12": "Easter Sunday",
    "2026-04-13": "Easter Monday",
    "2026-05-01": "Labor Day",
    "2026-06-01": "Monday of the Holy Spirit",
    "2026-08-15": "Assumption of Mary",
    "2026-10-01": "Cyprus Independence Day",
    "2026-10-28": "Ochi Day",
    "2026-12-24": "Christmas Eve",
    "2026-12-25": "Christmas Day",
    "2026-12-26": "Day After Christmas",
    "2027-01-01": "New Year's Day",
    "2027-01-06": "Epiphany",
    "2027-03-15": "Clean Monday",
    "2027-03-25": "Greek Independence Day",
    "2027-04-01": "Cyprus National Day",
    "2027-04-30": "Good Friday",
    "2027-05-01": "Labor Day",
    "2027-05-02": "Easter Sunday",
    "2027-05-03": "Easter Monday",
    "2027-06-21": "Monday of the Holy Spirit",
    "2027-08-15": "Assumption of Mary",
    "2027-10-01": "Cyprus Independence Day",
    "2027-10-28": "Ochi Day",
    "2027-12-24": "Christmas Eve",
    "2027-12-25": "Christmas Day",
    "2027-12-26": "Day After Christmas",
    "2028-01-01": "New Year's Day",
    "2028-01-06": "Epiphany",
    "2028-02-28": "Clean Monday",
    "2028-03-25": "Greek Independence Day",
    "2028-04-01": "Cyprus National Day",
    "2028-04-14": "Good Friday",
    "2028-04-16": "Easter Sunday",
    "2028-04-17": "Easter Monday",
    "2028-05-01": "Labor Day",
    "2028-06-05": "Monday of the Holy Spirit",
    "2028-08-15": "Assumption of Mary",
    "2028-10-01": "Cyprus Independence Day",
    "2028-10-28": "Ochi Day",
    "2028-12-24": "Christmas Eve",
    "2028-12-25": "Christmas Day",
    "2028-12-26": "Day After Christmas",
    "2029-01-01": "New Year's Day",
    "2029-01-06": "Epiphany",
    "2029-02-19": "Clean Monday",
    "2029-03-25": "Greek Independence Day",
    "2029-04-01": "Cyprus National Day",
    "2029-04-06": "Good Friday",
    "2029-04-08": "Easter Sunday",
    "2029-04-09": "Easter Monday",
    "2029-05-01": "Labor Day",
    "2029-05-28": "Monday of the Holy Spirit",
    "2029-08-15": "Assumption of Mary",
    "2029-10-01": "Cyprus Independence Day",
    "2029-10-28": "Ochi Day",
    "2029-12-24": "Christmas Eve",
    "2029-12-25": "Christmas Day",
    "2029-12-26": "Day After Christmas",
    "2030-01-01": "New Year's Day",
    "2030-01-06": "Epiphany",
    "2030-03-11": "Clean Monday",
    "2030-03-25": "Greek Independence Day",
    "2030-04-01": "Cyprus National Day",
    "2030-04-26": "Good Friday",
    "2030-04-28": "Easter Sunday",
    "2030-04-29": "Easter Monday",
    "2030-05-01": "Labor Day",
    "2030-06-17": "Monday of the Holy Spirit",
    "2030-08-15": "Assumption of Mary",
    "2030-10-01": "Cyprus Independence Day",
    "2030-10-28": "Ochi Day",
    "2030-12-24": "Christmas Eve",
    "2030-12-25": "Christmas Day",
    "2030-12-26": "Day After Christmas",
    "2031-01-01": "New Year's Day",
    "2031-01-06": "Epiphany",
    "2031-02-24": "Clean Monday",
    "2031-03-25": "Greek Independence Day",
    "2031-04-01": "Cyprus National Day",
    "2031-04-11": "Good Friday",
    "2031-04-13": "Easter Sunday",
    "2031-04-14": "Easter Monday",
    "2031-05-01": "Labor Day",
    "2031-06-02": "Monday of the Holy Spirit",
    "2031-08-15": "Assumption of Mary",
    "2031-10-01": "Cyprus Independence Day",
    "2031-10-28": "Ochi Day",
    "2031-12-24": "Christmas Eve",
    "2031-12-25": "Christmas Day",
    "2031-12-26": "Day After Christmas",
    "2032-01-01": "New Year's Day",
    "2032-01-06": "Epiphany",
    "2032-03-15": "Clean Monday",
    "2032-03-25": "Greek Independence Day",
    "2032-04-01": "Cyprus National Day",
    "2032-04-30": "Good Friday",
    "2032-05-01": "Labor Day",
    "2032-05-02": "Easter Sunday",
    "2032-05-03": "Easter Monday",
    "2032-06-21": "Monday of the Holy Spirit",
    "2032-08-15": "Assumption of Mary",
    "2032-10-01": "Cyprus Independence Day",
    "2032-10-28": "Ochi Day",
    "2032-12-24": "Christmas Eve",
    "2032-12-25": "Christmas Day",
    "2032-12-26": "Day After Christmas",
    "2033-01-01": "New Year's Day",
    "2033-01-06": "Epiphany",
    "2033-03-07": "Clean Monday",
    "2033-03-25": "Greek Independence Day",
    "2033-04-01": "Cyprus National Day",
    "2033-04-22": "Good Friday",
    "2033-04-24": "Easter Sunday",
    "2033-04-25": "Easter Monday",
    "2033-05-01": "Labor Day",
    "2033-06-13": "Monday of the Holy Spirit",
    "2033-08-15": "Assumption of Mary",
    "2033-10-01": "Cyprus Independence Day",
    "2033-10-28": "Ochi Day",
    "2033-12-24": "Christmas Eve",
    "2033-12-25": "Christmas Day",
    "2033-12-26": "Day After Christmas",
    "2034-01-01": "New Year's Day",
    "2034-01-06": "Epiphany",
    "2034-02-20": "Clean Monday",
    "2034-03-25": "Greek Independence Day",
    "2034-04-01": "Cyprus National Day",
    "2034-04-07": "Good Friday",
    "2034-04-09": "Easter Sunday",
    "2034-04-10": "Easter Monday",
    "2034-05-01": "Labor Day",
    "2034-05-29": "Monday of the Holy Spirit",
    "2034-08-15": "Assumption of Mary",
    "2034-10-01": "Cyprus Independence Day",
    "2034-10-28": "Ochi Day",
    "2034-12-24": "Christmas Eve",
    "2034-12-25": "Christmas Day",
    "2034-12-26": "Day After Christmas",
    "2035-01-01": "New Year's Day",
    "2035-01-06": "Epiphany",
    "2035-03-12": "Clean Monday",
    "2035-03-25": "Greek Independence Day",
    "2035-04-01": "Cyprus National Day",
    "2035-04-27": "Good Friday",
    "2035-04-29": "Easter Sunday",
    "2035-04-30": "Easter Monday",
    "2035-05-01": "Labor Day",
    "2035-06-18": "Monday of the Holy Spirit",
    "2035-08-15": "Assumption of Mary",
    "2035-10-01": "Cyprus Independence Day",
    "2035-10-28": "Ochi Day",
    "2035-12-24": "Christmas Eve",
    "2035-12-25": "Christmas Day",
    "2035-12-26": "Day After Christmas",
    "2036-01-01": "New Year's Day",
    "2036-01-06": "Epiphany",
    "2036-03-03": "Clean Monday",
    "2036-03-25": "Greek Independence Day",
    "2036-04-01": "Cyprus National Day",
    "2036-04-18": "Good Friday",
    "2036-04-20": "Easter Sunday",
    "2036-04-21": "Easter Monday",
    "2036-05-01": "Labor Day",
    "2036-06-09": "Monday of the Holy Spirit",
    "2036-08-15": "Assumption of Mary",
    "2036-10-01": "Cyprus Independence Day",
    "2036-10-28": "Ochi Day",
    "2036-12-24": "Christmas Eve",
    "2036-12-25": "Christmas Day",
    "2036-12-26": "Day After Christmas",
    "2037-01-01": "New Year's Day",
    "2037-01-06": "Epiphany",
    "2037-02-16": "Clean Monday",
    "2037-03-25": "Greek Independence Day",
    "2037-04-01": "Cyprus National Day",
    "2037-04-03": "Good Friday",
    "2037-04-05": "Easter Sunday",
    "2037-04-06": "Easter Monday",
    "2037-05-01": "Labor Day",
    "2037-05-25": "Monday of the Holy Spirit",
    "2037-08-15": "Assumption of Mary",
    "2037-10-01": "Cyprus Independence Day",
    "2037-10-28": "Ochi Day",
    "2037-12-24": "Christmas Eve",
    "2037-12-25": "Christmas Day",
    "2037-12-26": "Day After Christmas",
    "2038-01-01": "New Year's Day",
    "2038-01-06": "Epiphany",
    "2038-03-08": "Clean Monday",
    "2038-03-25": "Greek Independence Day",
    "2038-04-01": "Cyprus National Day",
    "2038-04-23": "Good Friday",
    "2038-04-25": "Easter Sunday",
    "2038-04-26": "Easter Monday",
    "2038-05-01": "Labor Day",
    "2038-06-14": "Monday of the Holy Spirit",
    "2038-08-15": "Assumption of Mary",
    "2038-10-01": "Cyprus Independence Day",
    "2038-10-28": "Ochi Day",
    "2038-12-24": "Christmas Eve",
    "2038-12-25": "Christmas Day",
    "2038-12-26": "Day After Christmas",
    "2039-01-01": "New Year's Day",
    "2039-01-06": "Epiphany",
    "2039-02-28": "Clean Monday",
    "2039-03-25": "Greek Independence Day",
    "2039-04-01": "Cyprus National Day",
    "2039-04-15": "Good Friday",
    "2039-04-17": "Easter Sunday",
    "2039-04-18": "Easter Monday",
    "2039-05-01": "Labor Day",
    "2039-06-06": "Monday of the Holy Spirit",
    "2039-08-15": "Assumption of Mary",
    "2039-10-01": "Cyprus Independence Day",
    "2039-10-28": "Ochi Day",
    "2039-12-24": "Christmas Eve",
    "2039-12-25": "Christmas Day",
    "2039-12-26": "Day After Christmas",
    "2040-01-01": "New Year's Day",
    "2040-01-06": "Epiphany",
    "2040-03-19": "Clean Monday",
    "2040-03-25": "Greek Independence Day",
    "2040-04-01": "Cyprus National Day",
    "2040-05-01": "Labor Day",
    "2040-05-04": "Good Friday",
    "2040-05-06": "Easter Sunday",
    "2040-05-07": "Easter Monday",
    "2040-06-25": "Monday of the Holy Spirit",
    "2040-08-15": "Assumption of Mary",
    "2040-10-01": "Cyprus Independence Day",
    "2040-10-28": "Ochi Day",
    "2040-12-24": "Christmas Eve",
    "2040-12-25": "Christmas Day",
    "2040-12-26": "Day After Christmas",
    "2041-01-01": "New Year's Day",
    "2041-01-06": "Epiphany",
    "2041-03-04": "Clean Monday",
    "2041-03-25": "Greek Independence Day",
    "2041-04-01": "Cyprus National Day",
    "2041-04-19": "Good Friday",
    "2041-04-21": "Easter Sunday",
    "2041-04-22": "Easter Monday",
    "2041-05-01": "Labor Day",
    "2041-06-10": "Monday of the Holy Spirit",
    "2041-08-15": "Assumption of Mary",
    "2041-10-01": "Cyprus Independence Day",
    "2041-10-28": "Ochi Day",
    "2041-12-24": "Christmas Eve",
    "2041-12-25": "Christmas Day",
    "2041-12-26": "Day After Christmas",
    "2042-01-01": "New Year's Day",
    "2042-01-06": "Epiphany",
    "2042-02-24": "Clean Monday",
    "2042-03-25": "Greek Independence Day",
    "2042-04-01": "Cyprus National Day",
    "2042-04-11": "Good Friday",
    "2042-04-13": "Easter Sunday",
    "2042-04-14": "Easter Monday",
    "2042-05-01": "Labor Day",
    "2042-06-02": "Monday of the Holy Spirit",
    "2042-08-15": "Assumption of Mary",
    "2042-10-01": "Cyprus Independence Day",
    "2042-10-28": "Ochi Day",
    "2042-12-24": "Christmas Eve",
    "2042-12-25": "Christmas Day",
    "2042-12-26": "Day After Christmas",
    "2043-01-01": "New Year's Day",
    "2043-01-06": "Epiphany",
    "2043-03-16": "Clean Monday",
    "2043-03-25": "Greek Independence Day",
    "2043-04-01": "Cyprus National Day",
    "2043-05-01": "Good Friday; Labor Day",
    "2043-05-03": "Easter Sunday",
    "2043-05-04": "Easter Monday",
    "2043-06-22": "Monday of the Holy Spirit",
    "2043-08-15": "Assumption of Mary",
    "2043-10-01": "Cyprus Independence Day",
    "2043-10-28": "Ochi Day",
    "2043-12-24": "Christmas Eve",
    "2043-12-25": "Christmas Day",
    "2043-12-26": "Day After Christmas",
    "2044-01-01": "New Year's Day",
    "2044-01-06": "Epiphany",
    "2044-03-07": "Clean Monday",
    "2044-03-25": "Greek Independence Day",
    "2044-04-01": "Cyprus National Day",
    "2044-04-22": "Good Friday",
    "2044-04-24": "Easter Sunday",
    "2044-04-25": "Easter Monday",
    "2044-05-01": "Labor Day",
    "2044-06-13": "Monday of the Holy Spirit",
    "2044-08-15": "Assumption of Mary",
    "2044-10-01": "Cyprus Independence Day",
    "2044-10-28": "Ochi Day",
    "2044-12-24": "Christmas Eve",
    "2044-12-25": "Christmas Day",
    "2044-12-26": "Day After Christmas",
    "2045-01-01": "New Year's Day",
    "2045-01-06": "Epiphany",
    "2045-02-20": "Clean Monday",
    "2045-03-25": "Greek Independence Day",
    "2045-04-01": "Cyprus National Day",
    "2045-04-07": "Good Friday",
    "2045-04-09": "Easter Sunday",
    "2045-04-10": "Easter Monday",
    "2045-05-01": "Labor Day",
    "2045-05-29": "Monday of the Holy Spirit",
    "2045-08-15": "Assumption of Mary",
    "2045-10-01": "Cyprus Independence Day",
    "2045-10-28": "Ochi Day",
    "2045-12-24": "Christmas Eve",
    "2045-12-25": "Christmas Day",
    "2045-12-26": "Day After Christmas",
    "2046-01-01": "New Year's Day",
    "2046-01-06": "Epiphany",
    "2046-03-12": "Clean Monday",
    "2046-03-25": "Greek Independence Day",
    "2046-04-01": "Cyprus National Day",
    "2046-04-27": "Good Friday",
    "2046-04-29": "Easter Sunday",
    "2046-04-30": "Easter Monday",
    "2046-05-01": "Labor Day",
    "2046-06-18": "Monday of the Holy Spirit",
    "2046-08-15": "Assumption of Mary",
    "2046-10-01": "Cyprus Independence Day",
    "2046-10-28": "Ochi Day",
    "2046-12-24": "Christmas Eve",
    "2046-12-25": "Christmas Day",
    "2046-12-26": "Day After Christmas",
    "2047-01-01": "New Year's Day",
    "2047-01-06": "Epiphany",
    "2047-03-04": "Clean Monday",
    "2047-03-25": "Greek Independence Day",
    "2047-04-01": "Cyprus National Day",
    "2047-04-19": "Good Friday",
    "2047-04-21": "Easter Sunday",
    "2047-04-22": "Easter Monday",
    "2047-05-01": "Labor Day",
    "2047-06-10": "Monday of the Holy Spirit",
    "2047-08-15": "Assumption of Mary",
    "2047-10-01": "Cyprus Independence Day",
    "2047-10-28": "Ochi Day",
    "2047-12-24": "Christmas Eve",
    "2047-12-25": "Christmas Day",
    "2047-12-26": "Day After Christmas",
    "2048-01-01": "New Year's Day",
    "2048-01-06": "Epiphany",
    "2048-02-17": "Clean Monday",
    "2048-03-25": "Greek Independence Day",
    "2048-04-01": "Cyprus National Day",
    "2048-04-03": "Good Friday",
    "2048-04-05": "Easter Sunday",
    "2048-04-06": "Easter Monday",
    "2048-05-01": "Labor Day",
    "2048-05-25": "Monday of the Holy Spirit",
    "2048-08-15": "Assumption of Mary",
    "2048-10-01": "Cyprus Independence Day",
    "2048-10-28": "Ochi Day",
    "2048-12-24": "Christmas Eve",
    "2048-12-25": "Christmas Day",
    "2048-12-26": "Day After Christmas",
    "2049-01-01": "New Year's Day",
    "2049-01-06": "Epiphany",
    "2049-03-08": "Clean Monday",
    "2049-03-25": "Greek Independence Day",
    "2049-04-01": "Cyprus National Day",
    "2049-04-23": "Good Friday",
    "2049-04-25": "Easter Sunday",
    "2049-04-26": "Easter Monday",
    "2049-05-01": "Labor Day",
    "2049-06-14": "Monday of the Holy Spirit",
    "2049-08-15": "Assumption of Mary",
    "2049-10-01": "Cyprus Independence Day",
    "2049-10-28": "Ochi Day",
    "2049-12-24": "Christmas Eve",
    "2049-12-25": "Christmas Day",
    "2049-12-26": "Day After Christmas",
    "2050-01-01": "New Year's Day",
    "2050-01-06": "Epiphany",
    "2050-02-28": "Clean Monday",
    "2050-03-25": "Greek Independence Day",
    "2050-04-01": "Cyprus National Day",
    "2050-04-15": "Good Friday",
    "2050-04-17": "Easter Sunday",
    "2050-04-18": "Easter Monday",
    "2050-05-01": "Labor Day",
    "2050-06-06": "Monday of the Holy Spirit",
    "2050-08-15": "Assumption of Mary",
    "2050-10-01": "Cyprus Independence Day",
    "2050-10-28": "Ochi Day",
    "2050-12-24": "Christmas Eve",
    "2050-12-25": "Christmas Day",
    "2050-12-26": "Day After Christmas"
}
