{
    "1991-01-01": "New Year's Day",
    "1991-02-24": "Independence Day",
    "1991-05-01": "International Workers' Solidarity Day",
    "1991-06-23": "Victory Day",
    "1991-06-24": "Midsummer Day",
    "1991-11-16": "Day of Declaration of Sovereignty",
    "1991-12-25": "Christmas Day",
    "1991-12-26": "Second Day of Christmas",
    "1992-01-01": "New Year's Day",
    "1992-02-24": "Independence Day",
    "1992-05-01": "International Workers' Solidarity Day",
    "1992-06-23": "Victory Day",
    "1992-06-24": "Midsummer Day",
    "1992-11-16": "Day of Declaration of Sovereignty",
    "1992-12-25": "Christmas Day",
    "1992-12-26": "Second Day of Christmas",
    "1993-01-01": "New Year's Day",
    "1993-02-24": "Independence Day",
    "1993-05-01": "International Workers' Solidarity Day",
    "1993-06-23": "Victory Day",
    "1993-06-24": "Midsummer Day",
    "1993-11-16": "Day of Declaration of Sovereignty",
    "1993-12-25": "Christmas Day",
    "1993-12-26": "Second Day of Christmas",
    "1994-01-01": "New Year's Day",
    "1994-02-24": "Independence Day",
    "1994-04-01": "Good Friday",
    "1994-04-03": "Easter Sunday",
    "1994-05-01": "May Day",
    "1994-05-22": "Whit Sunday",
    "1994-06-23": "Victory Day",
    "1994-06-24": "Midsummer Day",
    "1994-12-25": "Christmas Day",
    "1994-12-26": "Second Day of Christmas",
    "1995-01-01": "New Year's Day",
    "1995-02-24": "Independence Day",
    "1995-04-14": "Good Friday",
    "1995-04-16": "Easter Sunday",
    "1995-05-01": "May Day",
    "1995-06-04": "Whit Sunday",
    "1995-06-23": "Victory Day",
    "1995-06-24": "Midsummer Day",
    "1995-12-25": "Christmas Day",
    "1995-12-26": "Second Day of Christmas",
    "1996-01-01": "New Year's Day",
    "1996-02-24": "Independence Day",
    "1996-04-05": "Good Friday",
    "1996-04-07": "Easter Sunday",
    "1996-05-01": "May Day",
    "1996-05-26": "Whit Sunday",
    "1996-06-23": "Victory Day",
    "1996-06-24": "Midsummer Day",
    "1996-12-25": "Christmas Day",
    "1996-12-26": "Second Day of Christmas",
    "1997-01-01": "New Year's Day",
    "1997-02-24": "Independence Day",
    "1997-03-28": "Good Friday",
    "1997-03-30": "Easter Sunday",
    "1997-05-01": "May Day",
    "1997-05-18": "Whit Sunday",
    "1997-06-23": "Victory Day",
    "1997-06-24": "Midsummer Day",
    "1997-12-25": "Christmas Day",
    "1997-12-26": "Second Day of Christmas",
    "1998-01-01": "New Year's Day",
    "1998-02-24": "Independence Day",
    "1998-04-10": "Good Friday",
    "1998-04-12": "Easter Sunday",
    "1998-05-01": "May Day",
    "1998-05-31": "Whit Sunday",
    "1998-06-23": "Victory Day",
    "1998-06-24": "Midsummer Day",
    "1998-08-20": "Independence Restoration Day",
    "1998-12-25": "Christmas Day",
    "1998-12-26": "Second Day of Christmas",
    "1999-01-01": "New Year's Day",
    "1999-02-24": "Independence Day",
    "1999-04-02": "Good Friday",
    "1999-04-04": "Easter Sunday",
    "1999-05-01": "May Day",
    "1999-05-23": "Whit Sunday",
    "1999-06-23": "Victory Day",
    "1999-06-24": "Midsummer Day",
    "1999-08-20": "Independence Restoration Day",
    "1999-12-25": "Christmas Day",
    "1999-12-26": "Second Day of Christmas",
    "2000-01-01": "New Year's Day",
    "2000-02-24": "Independence Day",
    "2000-04-21": "Good Friday",
    "2000-04-23": "Easter Sunday",
    "2000-05-01": "May Day",
    "2000-06-11": "Whit Sunday",
    "2000-06-23": "Victory Day",
    "2000-06-24": "Midsummer Day",
    "2000-08-20": "Independence Restoration Day",
    "2000-12-25": "Christmas Day",
    "2000-12-26": "Second Day of Christmas",
    "2001-01-01": "New Year's Day",
    "2001-02-23": "Pre-holiday day (workday shortened by 3 hours)",
    "2001-02-24": "Independence Day",
    "2001-04-13": "Good Friday",
    "2001-04-15": "Easter Sunday",
    "2001-05-01": "May Day",
    "2001-06-03": "Whit Sunday",
    "2001-06-22": "Pre-holiday day (workday shortened by 3 hours)",
    "2001-06-23": "Victory Day",
    "2001-06-24": "Midsummer Day",
    "2001-08-20": "Independence Restoration Day",
    "2001-12-24": "Pre-holiday day (workday shortened by 3 hours)",
    "2001-12-25": "Christmas Day",
    "2001-12-26": "Second Day of Christmas",
    "2001-12-31": "Pre-holiday day (workday shortened by 3 hours)",
    "2002-01-01": "New Year's Day",
    "2002-02-23": "Pre-holiday day (workday shortened by 3 hours)",
    "2002-02-24": "Independence Day",
    "2002-03-29": "Good Friday",
    "2002-03-31": "Easter Sunday",
    "2002-05-01": "May Day",
    "2002-05-19": "Whit Sunday",
    "2002-06-22": "Pre-holiday day (workday shortened by 3 hours)",
    "2002-06-23": "Victory Day",
    "2002-06-24": "Midsummer Day",
    "2002-08-20": "Independence Restoration Day",
    "2002-12-24": "Pre-holiday day (workday shortened by 3 hours)",
    "2002-12-25": "Christmas Day",
    "2002-12-26": "Second Day of Christmas",
    "2002-12-31": "Pre-holiday day (workday shortened by 3 hours)",
    "2003-01-01": "New Year's Day",
    "2003-02-23": "Pre-holiday day (workday shortened by 3 hours)",
    "2003-02-24": "Independence Day",
    "2003-04-18": "Good Friday",
    "2003-04-20": "Easter Sunday",
    "2003-05-01": "May Day",
    "2003-06-08": "Whit Sunday",
    "2003-06-22": "Pre-holiday day (workday shortened by 3 hours)",
    "2003-06-23": "Victory Day",
    "2003-06-24": "Midsummer Day",
    "2003-08-20": "Independence Restoration Day",
    "2003-12-24": "Pre-holiday day (workday shortened by 3 hours)",
    "2003-12-25": "Christmas Day",
    "2003-12-26": "Second Day of Christmas",
    "2003-12-31": "Pre-holiday day (workday shortened by 3 hours)",
    "2004-01-01": "New Year's Day",
    "2004-02-23": "Pre-holiday day (workday shortened by 3 hours)",
    "2004-02-24": "Independence Day",
    "2004-04-09": "Good Friday",
    "2004-04-11": "Easter Sunday",
    "2004-05-01": "May Day",
    "2004-05-30": "Whit Sunday",
    "2004-06-22": "Pre-holiday day (workday shortened by 3 hours)",
    "2004-06-23": "Victory Day",
    "2004-06-24": "Midsummer Day",
    "2004-08-20": "Independence Restoration Day",
    "2004-12-24": "Pre-holiday day (workday shortened by 3 hours)",
    "2004-12-25": "Christmas Day",
    "2004-12-26": "Second Day of Christmas",
    "2004-12-31": "Pre-holiday day (workday shortened by 3 hours)",
    "2005-01-01": "New Year's Day",
    "2005-02-23": "Pre-holiday day (workday shortened by 3 hours)",
    "2005-02-24": "Independence Day",
    "2005-03-25": "Good Friday",
    "2005-03-27": "Easter Sunday",
    "2005-05-01": "May Day",
    "2005-05-15": "Whit Sunday",
    "2005-06-22": "Pre-holiday day (workday shortened by 3 hours)",
    "2005-06-23": "Victory Day",
    "2005-06-24": "Midsummer Day",
    "2005-08-20": "Independence Restoration Day",
    "2005-12-23": "Pre-holiday day (workday shortened by 3 hours)",
    "2005-12-24": "Christmas Eve",
    "2005-12-25": "Christmas Day",
    "2005-12-26": "Second Day of Christmas",
    "2005-12-31": "Pre-holiday day (workday shortened by 3 hours)",
    "2006-01-01": "New Year's Day",
    "2006-02-23": "Pre-holiday day (workday shortened by 3 hours)",
    "2006-02-24": "Independence Day",
    "2006-04-14": "Good Friday",
    "2006-04-16": "Easter Sunday",
    "2006-05-01": "May Day",
    "2006-06-04": "Whit Sunday",
    "2006-06-22": "Pre-holiday day (workday shortened by 3 hours)",
    "2006-06-23": "Victory Day",
    "2006-06-24": "Midsummer Day",
    "2006-08-20": "Independence Restoration Day",
    "2006-12-23": "Pre-holiday day (workday shortened by 3 hours)",
    "2006-12-24": "Christmas Eve",
    "2006-12-25": "Christmas Day",
    "2006-12-26": "Second Day of Christmas",
    "2006-12-31": "Pre-holiday day (workday shortened by 3 hours)",
    "2007-01-01": "New Year's Day",
    "2007-02-23": "Pre-holiday day (workday shortened by 3 hours)",
    "2007-02-24": "Independence Day",
    "2007-04-06": "Good Friday",
    "2007-04-08": "Easter Sunday",
    "2007-05-01": "May Day",
    "2007-05-27": "Whit Sunday",
    "2007-06-22": "Pre-holiday day (workday shortened by 3 hours)",
    "2007-06-23": "Victory Day",
    "2007-06-24": "Midsummer Day",
    "2007-08-20": "Independence Restoration Day",
    "2007-12-23": "Pre-holiday day (workday shortened by 3 hours)",
    "2007-12-24": "Christmas Eve",
    "2007-12-25": "Christmas Day",
    "2007-12-26": "Second Day of Christmas",
    "2007-12-31": "Pre-holiday day (workday shortened by 3 hours)",
    "2008-01-01": "New Year's Day",
    "2008-02-23": "Pre-holiday day (workday shortened by 3 hours)",
    "2008-02-24": "Independence Day",
    "2008-03-21": "Good Friday",
    "2008-03-23": "Easter Sunday",
    "2008-05-01": "May Day",
    "2008-05-11": "Whit Sunday",
    "2008-06-22": "Pre-holiday day (workday shortened by 3 hours)",
    "2008-06-23": "Victory Day",
    "2008-06-24": "Midsummer Day",
    "2008-08-20": "Independence Restoration Day",
    "2008-12-23": "Pre-holiday day (workday shortened by 3 hours)",
    "2008-12-24": "Christmas Eve",
    "2008-12-25": "Christmas Day",
    "2008-12-26": "Second Day of Christmas",
    "2008-12-31": "Pre-holiday day (workday shortened by 3 hours)",
    "2009-01-01": "New Year's Day",
    "2009-02-23": "Pre-holiday day (workday shortened by 3 hours)",
    "2009-02-24": "Independence Day",
    "2009-04-10": "Good Friday",
    "2009-04-12": "Easter Sunday",
    "2009-05-01": "May Day",
    "2009-05-31": "Whit Sunday",
    "2009-06-22": "Pre-holiday day (workday shortened by 3 hours)",
    "2009-06-23": "Victory Day",
    "2009-06-24": "Midsummer Day",
    "2009-08-20": "Independence Restoration Day",
    "2009-12-23": "Pre-holiday day (workday shortened by 3 hours)",
    "2009-12-24": "Christmas Eve",
    "2009-12-25": "Christmas Day",
    "2009-12-26": "Second Day of Christmas",
    "2009-12-31": "Pre-holiday day (workday shortened by 3 hours)",
    "2010-01-01": "New Year's Day",
    "2010-02-23": "Pre-holiday day (workday shortened by 3 hours)",
    "2010-02-24": "Independence Day",
    "2010-04-02": "Good Friday",
    "2010-04-04": "Easter Sunday",
    "2010-05-01": "May Day",
    "2010-05-23": "Whit Sunday",
    "2010-06-22": "Pre-holiday day (workday shortened by 3 hours)",
    "2010-06-23": "Victory Day",
    "2010-06-24": "Midsummer Day",
    "2010-08-20": "Independence Restoration Day",
    "2010-12-23": "Pre-holiday day (workday shortened by 3 hours)",
    "2010-12-24": "Christmas Eve",
    "2010-12-25": "Christmas Day",
    "2010-12-26": "Second Day of Christmas",
    "2010-12-31": "Pre-holiday day (workday shortened by 3 hours)",
    "2011-01-01": "New Year's Day",
    "2011-02-23": "Pre-holiday day (workday shortened by 3 hours)",
    "2011-02-24": "Independence Day",
    "2011-04-22": "Good Friday",
    "2011-04-24": "Easter Sunday",
    "2011-05-01": "May Day",
    "2011-06-12": "Whit Sunday",
    "2011-06-22": "Pre-holiday day (workday shortened by 3 hours)",
    "2011-06-23": "Victory Day",
    "2011-06-24": "Midsummer Day",
    "2011-08-20": "Independence Restoration Day",
    "2011-12-23": "Pre-holiday day (workday shortened by 3 hours)",
    "2011-12-24": "Christmas Eve",
    "2011-12-25": "Christmas Day",
    "2011-12-26": "Second Day of Christmas",
    "2011-12-31": "Pre-holiday day (workday shortened by 3 hours)",
    "2012-01-01": "New Year's Day",
    "2012-02-23": "Pre-holiday day (workday shortened by 3 hours)",
    "2012-02-24": "Independence Day",
    "2012-04-06": "Good Friday",
    "2012-04-08": "Easter Sunday",
    "2012-05-01": "May Day",
    "2012-05-27": "Whit Sunday",
    "2012-06-22": "Pre-holiday day (workday shortened by 3 hours)",
    "2012-06-23": "Victory Day",
    "2012-06-24": "Midsummer Day",
    "2012-08-20": "Independence Restoration Day",
    "2012-12-23": "Pre-holiday day (workday shortened by 3 hours)",
    "2012-12-24": "Christmas Eve",
    "2012-12-25": "Christmas Day",
    "2012-12-26": "Second Day of Christmas",
    "2012-12-31": "Pre-holiday day (workday shortened by 3 hours)",
    "2013-01-01": "New Year's Day",
    "2013-02-23": "Pre-holiday day (workday shortened by 3 hours)",
    "2013-02-24": "Independence Day",
    "2013-03-29": "Good Friday",
    "2013-03-31": "Easter Sunday",
    "2013-05-01": "May Day",
    "2013-05-19": "Whit Sunday",
    "2013-06-22": "Pre-holiday day (workday shortened by 3 hours)",
    "2013-06-23": "Victory Day",
    "2013-06-24": "Midsummer Day",
    "2013-08-20": "Independence Restoration Day",
    "2013-12-23": "Pre-holiday day (workday shortened by 3 hours)",
    "2013-12-24": "Christmas Eve",
    "2013-12-25": "Christmas Day",
    "2013-12-26": "Second Day of Christmas",
    "2013-12-31": "Pre-holiday day (workday shortened by 3 hours)",
    "2014-01-01": "New Year's Day",
    "2014-02-23": "Pre-holiday day (workday shortened by 3 hours)",
    "2014-02-24": "Independence Day",
    "2014-04-18": "Good Friday",
    "2014-04-20": "Easter Sunday",
    "2014-05-01": "May Day",
    "2014-06-08": "Whit Sunday",
    "2014-06-22": "Pre-holiday day (workday shortened by 3 hours)",
    "2014-06-23": "Victory Day",
    "2014-06-24": "Midsummer Day",
    "2014-08-20": "Independence Restoration Day",
    "2014-12-23": "Pre-holiday day (workday shortened by 3 hours)",
    "2014-12-24": "Christmas Eve",
    "2014-12-25": "Christmas Day",
    "2014-12-26": "Second Day of Christmas",
    "2014-12-31": "Pre-holiday day (workday shortened by 3 hours)",
    "2015-01-01": "New Year's Day",
    "2015-02-23": "Pre-holiday day (workday shortened by 3 hours)",
    "2015-02-24": "Independence Day",
    "2015-04-03": "Good Friday",
    "2015-04-05": "Easter Sunday",
    "2015-05-01": "May Day",
    "2015-05-24": "Whit Sunday",
    "2015-06-22": "Pre-holiday day (workday shortened by 3 hours)",
    "2015-06-23": "Victory Day",
    "2015-06-24": "Midsummer Day",
    "2015-08-20": "Independence Restoration Day",
    "2015-12-23": "Pre-holiday day (workday shortened by 3 hours)",
    "2015-12-24": "Christmas Eve",
    "2015-12-25": "Christmas Day",
    "2015-12-26": "Second Day of Christmas",
    "2015-12-31": "Pre-holiday day (workday shortened by 3 hours)",
    "2016-01-01": "New Year's Day",
    "2016-02-23": "Pre-holiday day (workday shortened by 3 hours)",
    "2016-02-24": "Independence Day",
    "2016-03-25": "Good Friday",
    "2016-03-27": "Easter Sunday",
    "2016-05-01": "May Day",
    "2016-05-15": "Whit Sunday",
    "2016-06-22": "Pre-holiday day (workday shortened by 3 hours)",
    "2016-06-23": "Victory Day",
    "2016-06-24": "Midsummer Day",
    "2016-08-20": "Independence Restoration Day",
    "2016-12-23": "Pre-holiday day (workday shortened by 3 hours)",
    "2016-12-24": "Christmas Eve",
    "2016-12-25": "Christmas Day",
    "2016-12-26": "Second Day of Christmas",
    "2016-12-31": "Pre-holiday day (workday shortened by 3 hours)",
    "2017-01-01": "New Year's Day",
    "2017-02-23": "Pre-holiday day (workday shortened by 3 hours)",
    "2017-02-24": "Independence Day",
    "2017-04-14": "Good Friday",
    "2017-04-16": "Easter Sunday",
    "2017-05-01": "May Day",
    "2017-06-04": "Whit Sunday",
    "2017-06-22": "Pre-holiday day (workday shortened by 3 hours)",
    "2017-06-23": "Victory Day",
    "2017-06-24": "Midsummer Day",
    "2017-08-20": "Independence Restoration Day",
    "2017-12-23": "Pre-holiday day (workday shortened by 3 hours)",
    "2017-12-24": "Christmas Eve",
    "2017-12-25": "Christmas Day",
    "2017-12-26": "Second Day of Christmas",
    "2017-12-31": "Pre-holiday day (workday shortened by 3 hours)",
    "2018-01-01": "New Year's Day",
    "2018-02-23": "Pre-holiday day (workday shortened by 3 hours)",
    "2018-02-24": "Independence Day",
    "2018-03-30": "Good Friday",
    "2018-04-01": "Easter Sunday",
    "2018-05-01": "May Day",
    "2018-05-20": "Whit Sunday",
    "2018-06-22": "Pre-holiday day (workday shortened by 3 hours)",
    "2018-06-23": "Victory Day",
    "2018-06-24": "Midsummer Day",
    "2018-08-20": "Independence Restoration Day",
    "2018-12-23": "Pre-holiday day (workday shortened by 3 hours)",
    "2018-12-24": "Christmas Eve",
    "2018-12-25": "Christmas Day",
    "2018-12-26": "Second Day of Christmas",
    "2018-12-31": "Pre-holiday day (workday shortened by 3 hours)",
    "2019-01-01": "New Year's Day",
    "2019-02-23": "Pre-holiday day (workday shortened by 3 hours)",
    "2019-02-24": "Independence Day",
    "2019-04-19": "Good Friday",
    "2019-04-21": "Easter Sunday",
    "2019-05-01": "May Day",
    "2019-06-09": "Whit Sunday",
    "2019-06-22": "Pre-holiday day (workday shortened by 3 hours)",
    "2019-06-23": "Victory Day",
    "2019-06-24": "Midsummer Day",
    "2019-08-20": "Independence Restoration Day",
    "2019-12-23": "Pre-holiday day (workday shortened by 3 hours)",
    "2019-12-24": "Christmas Eve",
    "2019-12-25": "Christmas Day",
    "2019-12-26": "Second Day of Christmas",
    "2019-12-31": "Pre-holiday day (workday shortened by 3 hours)",
    "2020-01-01": "New Year's Day",
    "2020-02-23": "Pre-holiday day (workday shortened by 3 hours)",
    "2020-02-24": "Independence Day",
    "2020-04-10": "Good Friday",
    "2020-04-12": "Easter Sunday",
    "2020-05-01": "May Day",
    "2020-05-31": "Whit Sunday",
    "2020-06-22": "Pre-holiday day (workday shortened by 3 hours)",
    "2020-06-23": "Victory Day",
    "2020-06-24": "Midsummer Day",
    "2020-08-20": "Independence Restoration Day",
    "2020-12-23": "Pre-holiday day (workday shortened by 3 hours)",
    "2020-12-24": "Christmas Eve",
    "2020-12-25": "Christmas Day",
    "2020-12-26": "Second Day of Christmas",
    "2020-12-31": "Pre-holiday day (workday shortened by 3 hours)",
    "2021-01-01": "New Year's Day",
    "2021-02-23": "Pre-holiday day (workday shortened by 3 hours)",
    "2021-02-24": "Independence Day",
    "2021-04-02": "Good Friday",
    "2021-04-04": "Easter Sunday",
    "2021-05-01": "May Day",
    "2021-05-23": "Whit Sunday",
    "2021-06-22": "Pre-holiday day (workday shortened by 3 hours)",
    "2021-06-23": "Victory Day",
    "2021-06-24": "Midsummer Day",
    "2021-08-20": "Independence Restoration Day",
    "2021-12-23": "Pre-holiday day (workday shortened by 3 hours)",
    "2021-12-24": "Christmas Eve",
    "2021-12-25": "Christmas Day",
    "2021-12-26": "Second Day of Christmas",
    "2021-12-31": "Pre-holiday day (workday shortened by 3 hours)",
    "2022-01-01": "New Year's Day",
    "2022-02-23": "Pre-holiday day (workday shortened by 3 hours)",
    "2022-02-24": "Independence Day",
    "2022-04-15": "Good Friday",
    "2022-04-17": "Easter Sunday",
    "2022-05-01": "May Day",
    "2022-06-05": "Whit Sunday",
    "2022-06-22": "Pre-holiday day (workday shortened by 3 hours)",
    "2022-06-23": "Victory Day",
    "2022-06-24": "Midsummer Day",
    "2022-08-20": "Independence Restoration Day",
    "2022-12-23": "Pre-holiday day (workday shortened by 3 hours)",
    "2022-12-24": "Christmas Eve",
    "2022-12-25": "Christmas Day",
    "2022-12-26": "Second Day of Christmas",
    "2022-12-31": "Pre-holiday day (workday shortened by 3 hours)",
    "2023-01-01": "New Year's Day",
    "2023-02-23": "Pre-holiday day (workday shortened by 3 hours)",
    "2023-02-24": "Independence Day",
    "2023-04-07": "Good Friday",
    "2023-04-09": "Easter Sunday",
    "2023-05-01": "May Day",
    "2023-05-28": "Whit Sunday",
    "2023-06-22": "Pre-holiday day (workday shortened by 3 hours)",
    "2023-06-23": "Victory Day",
    "2023-06-24": "Midsummer Day",
    "2023-08-20": "Independence Restoration Day",
    "2023-12-23": "Pre-holiday day (workday shortened by 3 hours)",
    "2023-12-24": "Christmas Eve",
    "2023-12-25": "Christmas Day",
    "2023-12-26": "Second Day of Christmas",
    "2023-12-31": "Pre-holiday day (workday shortened by 3 hours)",
    "2024-01-01": "New Year's Day",
    "2024-02-23": "Pre-holiday day (workday shortened by 3 hours)",
    "2024-02-24": "Independence Day",
    "2024-03-29": "Good Friday",
    "2024-03-31": "Easter Sunday",
    "2024-05-01": "May Day",
    "2024-05-19": "Whit Sunday",
    "2024-06-22": "Pre-holiday day (workday shortened by 3 hours)",
    "2024-06-23": "Victory Day",
    "2024-06-24": "Midsummer Day",
    "2024-08-20": "Independence Restoration Day",
    "2024-12-23": "Pre-holiday day (workday shortened by 3 hours)",
    "2024-12-24": "Christmas Eve",
    "2024-12-25": "Christmas Day",
    "2024-12-26": "Second Day of Christmas",
    "2024-12-31": "Pre-holiday day (workday shortened by 3 hours)",
    "2025-01-01": "New Year's Day",
    "2025-02-23": "Pre-holiday day (workday shortened by 3 hours)",
    "2025-02-24": "Independence Day",
    "2025-04-18": "Good Friday",
    "2025-04-20": "Easter Sunday",
    "2025-05-01": "May Day",
    "2025-06-08": "Whit Sunday",
    "2025-06-22": "Pre-holiday day (workday shortened by 3 hours)",
    "2025-06-23": "Victory Day",
    "2025-06-24": "Midsummer Day",
    "2025-08-20": "Independence Restoration Day",
    "2025-12-23": "Pre-holiday day (workday shortened by 3 hours)",
    "2025-12-24": "Christmas Eve",
    "2025-12-25": "Christmas Day",
    "2025-12-26": "Second Day of Christmas",
    "2025-12-31": "Pre-holiday day (workday shortened by 3 hours)",
    "2026-01-01": "New Year's Day",
    "2026-02-23": "Pre-holiday day (workday shortened by 3 hours)",
    "2026-02-24": "Independence Day",
    "2026-04-03": "Good Friday",
    "2026-04-05": "Easter Sunday",
    "2026-05-01": "May Day",
    "2026-05-24": "Whit Sunday",
    "2026-06-22": "Pre-holiday day (workday shortened by 3 hours)",
    "2026-06-23": "Victory Day",
    "2026-06-24": "Midsummer Day",
    "2026-08-20": "Independence Restoration Day",
    "2026-12-23": "Pre-holiday day (workday shortened by 3 hours)",
    "2026-12-24": "Christmas Eve",
    "2026-12-25": "Christmas Day",
    "2026-12-26": "Second Day of Christmas",
    "2026-12-31": "Pre-holiday day (workday shortened by 3 hours)",
    "2027-01-01": "New Year's Day",
    "2027-02-23": "Pre-holiday day (workday shortened by 3 hours)",
    "2027-02-24": "Independence Day",
    "2027-03-26": "Good Friday",
    "2027-03-28": "Easter Sunday",
    "2027-05-01": "May Day",
    "2027-05-16": "Whit Sunday",
    "2027-06-22": "Pre-holiday day (workday shortened by 3 hours)",
    "2027-06-23": "Victory Day",
    "2027-06-24": "Midsummer Day",
    "2027-08-20": "Independence Restoration Day",
    "2027-12-23": "Pre-holiday day (workday shortened by 3 hours)",
    "2027-12-24": "Christmas Eve",
    "2027-12-25": "Christmas Day",
    "2027-12-26": "Second Day of Christmas",
    "2027-12-31": "Pre-holiday day (workday shortened by 3 hours)",
    "2028-01-01": "New Year's Day",
    "2028-02-23": "Pre-holiday day (workday shortened by 3 hours)",
    "2028-02-24": "Independence Day",
    "2028-04-14": "Good Friday",
    "2028-04-16": "Easter Sunday",
    "2028-05-01": "May Day",
    "2028-06-04": "Whit Sunday",
    "2028-06-22": "Pre-holiday day (workday shortened by 3 hours)",
    "2028-06-23": "Victory Day",
    "2028-06-24": "Midsummer Day",
    "2028-08-20": "Independence Restoration Day",
    "2028-12-23": "Pre-holiday day (workday shortened by 3 hours)",
    "2028-12-24": "Christmas Eve",
    "2028-12-25": "Christmas Day",
    "2028-12-26": "Second Day of Christmas",
    "2028-12-31": "Pre-holiday day (workday shortened by 3 hours)",
    "2029-01-01": "New Year's Day",
    "2029-02-23": "Pre-holiday day (workday shortened by 3 hours)",
    "2029-02-24": "Independence Day",
    "2029-03-30": "Good Friday",
    "2029-04-01": "Easter Sunday",
    "2029-05-01": "May Day",
    "2029-05-20": "Whit Sunday",
    "2029-06-22": "Pre-holiday day (workday shortened by 3 hours)",
    "2029-06-23": "Victory Day",
    "2029-06-24": "Midsummer Day",
    "2029-08-20": "Independence Restoration Day",
    "2029-12-23": "Pre-holiday day (workday shortened by 3 hours)",
    "2029-12-24": "Christmas Eve",
    "2029-12-25": "Christmas Day",
    "2029-12-26": "Second Day of Christmas",
    "2029-12-31": "Pre-holiday day (workday shortened by 3 hours)",
    "2030-01-01": "New Year's Day",
    "2030-02-23": "Pre-holiday day (workday shortened by 3 hours)",
    "2030-02-24": "Independence Day",
    "2030-04-19": "Good Friday",
    "2030-04-21": "Easter Sunday",
    "2030-05-01": "May Day",
    "2030-06-09": "Whit Sunday",
    "2030-06-22": "Pre-holiday day (workday shortened by 3 hours)",
    "2030-06-23": "Victory Day",
    "2030-06-24": "Midsummer Day",
    "2030-08-20": "Independence Restoration Day",
    "2030-12-23": "Pre-holiday day (workday shortened by 3 hours)",
    "2030-12-24": "Christmas Eve",
    "2030-12-25": "Christmas Day",
    "2030-12-26": "Second Day of Christmas",
    "2030-12-31": "Pre-holiday day (workday shortened by 3 hours)",
    "2031-01-01": "New Year's Day",
    "2031-02-23": "Pre-holiday day (workday shortened by 3 hours)",
    "2031-02-24": "Independence Day",
    "2031-04-11": "Good Friday",
    "2031-04-13": "Easter Sunday",
    "2031-05-01": "May Day",
    "2031-06-01": "Whit Sunday",
    "2031-06-22": "Pre-holiday day (workday shortened by 3 hours)",
    "2031-06-23": "Victory Day",
    "2031-06-24": "Midsummer Day",
    "2031-08-20": "Independence Restoration Day",
    "2031-12-23": "Pre-holiday day (workday shortened by 3 hours)",
    "2031-12-24": "Christmas Eve",
    "2031-12-25": "Christmas Day",
    "2031-12-26": "Second Day of Christmas",
    "2031-12-31": "Pre-holiday day (workday shortened by 3 hours)",
    "2032-01-01": "New Year's Day",
    "2032-02-23": "Pre-holiday day (workday shortened by 3 hours)",
    "2032-02-24": "Independence Day",
    "2032-03-26": "Good Friday",
    "2032-03-28": "Easter Sunday",
    "2032-05-01": "May Day",
    "2032-05-16": "Whit Sunday",
    "2032-06-22": "Pre-holiday day (workday shortened by 3 hours)",
    "2032-06-23": "Victory Day",
    "2032-06-24": "Midsummer Day",
    "2032-08-20": "Independence Restoration Day",
    "2032-12-23": "Pre-holiday day (workday shortened by 3 hours)",
    "2032-12-24": "Christmas Eve",
    "2032-12-25": "Christmas Day",
    "2032-12-26": "Second Day of Christmas",
    "2032-12-31": "Pre-holiday day (workday shortened by 3 hours)",
    "2033-01-01": "New Year's Day",
    "2033-02-23": "Pre-holiday day (workday shortened by 3 hours)",
    "2033-02-24": "Independence Day",
    "2033-04-15": "Good Friday",
    "2033-04-17": "Easter Sunday",
    "2033-05-01": "May Day",
    "2033-06-05": "Whit Sunday",
    "2033-06-22": "Pre-holiday day (workday shortened by 3 hours)",
    "2033-06-23": "Victory Day",
    "2033-06-24": "Midsummer Day",
    "2033-08-20": "Independence Restoration Day",
    "2033-12-23": "Pre-holiday day (workday shortened by 3 hours)",
    "2033-12-24": "Christmas Eve",
    "2033-12-25": "Christmas Day",
    "2033-12-26": "Second Day of Christmas",
    "2033-12-31": "Pre-holiday day (workday shortened by 3 hours)",
    "2034-01-01": "New Year's Day",
    "2034-02-23": "Pre-holiday day (workday shortened by 3 hours)",
    "2034-02-24": "Independence Day",
    "2034-04-07": "Good Friday",
    "2034-04-09": "Easter Sunday",
    "2034-05-01": "May Day",
    "2034-05-28": "Whit Sunday",
    "2034-06-22": "Pre-holiday day (workday shortened by 3 hours)",
    "2034-06-23": "Victory Day",
    "2034-06-24": "Midsummer Day",
    "2034-08-20": "Independence Restoration Day",
    "2034-12-23": "Pre-holiday day (workday shortened by 3 hours)",
    "2034-12-24": "Christmas Eve",
    "2034-12-25": "Christmas Day",
    "2034-12-26": "Second Day of Christmas",
    "2034-12-31": "Pre-holiday day (workday shortened by 3 hours)",
    "2035-01-01": "New Year's Day",
    "2035-02-23": "Pre-holiday day (workday shortened by 3 hours)",
    "2035-02-24": "Independence Day",
    "2035-03-23": "Good Friday",
    "2035-03-25": "Easter Sunday",
    "2035-05-01": "May Day",
    "2035-05-13": "Whit Sunday",
    "2035-06-22": "Pre-holiday day (workday shortened by 3 hours)",
    "2035-06-23": "Victory Day",
    "2035-06-24": "Midsummer Day",
    "2035-08-20": "Independence Restoration Day",
    "2035-12-23": "Pre-holiday day (workday shortened by 3 hours)",
    "2035-12-24": "Christmas Eve",
    "2035-12-25": "Christmas Day",
    "2035-12-26": "Second Day of Christmas",
    "2035-12-31": "Pre-holiday day (workday shortened by 3 hours)",
    "2036-01-01": "New Year's Day",
    "2036-02-23": "Pre-holiday day (workday shortened by 3 hours)",
    "2036-02-24": "Independence Day",
    "2036-04-11": "Good Friday",
    "2036-04-13": "Easter Sunday",
    "2036-05-01": "May Day",
    "2036-06-01": "Whit Sunday",
    "2036-06-22": "Pre-holiday day (workday shortened by 3 hours)",
    "2036-06-23": "Victory Day",
    "2036-06-24": "Midsummer Day",
    "2036-08-20": "Independence Restoration Day",
    "2036-12-23": "Pre-holiday day (workday shortened by 3 hours)",
    "2036-12-24": "Christmas Eve",
    "2036-12-25": "Christmas Day",
    "2036-12-26": "Second Day of Christmas",
    "2036-12-31": "Pre-holiday day (workday shortened by 3 hours)",
    "2037-01-01": "New Year's Day",
    "2037-02-23": "Pre-holiday day (workday shortened by 3 hours)",
    "2037-02-24": "Independence Day",
    "2037-04-03": "Good Friday",
    "2037-04-05": "Easter Sunday",
    "2037-05-01": "May Day",
    "2037-05-24": "Whit Sunday",
    "2037-06-22": "Pre-holiday day (workday shortened by 3 hours)",
    "2037-06-23": "Victory Day",
    "2037-06-24": "Midsummer Day",
    "2037-08-20": "Independence Restoration Day",
    "2037-12-23": "Pre-holiday day (workday shortened by 3 hours)",
    "2037-12-24": "Christmas Eve",
    "2037-12-25": "Christmas Day",
    "2037-12-26": "Second Day of Christmas",
    "2037-12-31": "Pre-holiday day (workday shortened by 3 hours)",
    "2038-01-01": "New Year's Day",
    "2038-02-23": "Pre-holiday day (workday shortened by 3 hours)",
    "2038-02-24": "Independence Day",
    "2038-04-23": "Good Friday",
    "2038-04-25": "Easter Sunday",
    "2038-05-01": "May Day",
    "2038-06-13": "Whit Sunday",
    "2038-06-22": "Pre-holiday day (workday shortened by 3 hours)",
    "2038-06-23": "Victory Day",
    "2038-06-24": "Midsummer Day",
    "2038-08-20": "Independence Restoration Day",
    "2038-12-23": "Pre-holiday day (workday shortened by 3 hours)",
    "2038-12-24": "Christmas Eve",
    "2038-12-25": "Christmas Day",
    "2038-12-26": "Second Day of Christmas",
    "2038-12-31": "Pre-holiday day (workday shortened by 3 hours)",
    "2039-01-01": "New Year's Day",
    "2039-02-23": "Pre-holiday day (workday shortened by 3 hours)",
    "2039-02-24": "Independence Day",
    "2039-04-08": "Good Friday",
    "2039-04-10": "Easter Sunday",
    "2039-05-01": "May Day",
    "2039-05-29": "Whit Sunday",
    "2039-06-22": "Pre-holiday day (workday shortened by 3 hours)",
    "2039-06-23": "Victory Day",
    "2039-06-24": "Midsummer Day",
    "2039-08-20": "Independence Restoration Day",
    "2039-12-23": "Pre-holiday day (workday shortened by 3 hours)",
    "2039-12-24": "Christmas Eve",
    "2039-12-25": "Christmas Day",
    "2039-12-26": "Second Day of Christmas",
    "2039-12-31": "Pre-holiday day (workday shortened by 3 hours)",
    "2040-01-01": "New Year's Day",
    "2040-02-23": "Pre-holiday day (workday shortened by 3 hours)",
    "2040-02-24": "Independence Day",
    "2040-03-30": "Good Friday",
    "2040-04-01": "Easter Sunday",
    "2040-05-01": "May Day",
    "2040-05-20": "Whit Sunday",
    "2040-06-22": "Pre-holiday day (workday shortened by 3 hours)",
    "2040-06-23": "Victory Day",
    "2040-06-24": "Midsummer Day",
    "2040-08-20": "Independence Restoration Day",
    "2040-12-23": "Pre-holiday day (workday shortened by 3 hours)",
    "2040-12-24": "Christmas Eve",
    "2040-12-25": "Christmas Day",
    "2040-12-26": "Second Day of Christmas",
    "2040-12-31": "Pre-holiday day (workday shortened by 3 hours)",
    "2041-01-01": "New Year's Day",
    "2041-02-23": "Pre-holiday day (workday shortened by 3 hours)",
    "2041-02-24": "Independence Day",
    "2041-04-19": "Good Friday",
    "2041-04-21": "Easter Sunday",
    "2041-05-01": "May Day",
    "2041-06-09": "Whit Sunday",
    "2041-06-22": "Pre-holiday day (workday shortened by 3 hours)",
    "2041-06-23": "Victory Day",
    "2041-06-24": "Midsummer Day",
    "2041-08-20": "Independence Restoration Day",
    "2041-12-23": "Pre-holiday day (workday shortened by 3 hours)",
    "2041-12-24": "Christmas Eve",
    "2041-12-25": "Christmas Day",
    "2041-12-26": "Second Day of Christmas",
    "2041-12-31": "Pre-holiday day (workday shortened by 3 hours)",
    "2042-01-01": "New Year's Day",
    "2042-02-23": "Pre-holiday day (workday shortened by 3 hours)",
    "2042-02-24": "Independence Day",
    "2042-04-04": "Good Friday",
    "2042-04-06": "Easter Sunday",
    "2042-05-01": "May Day",
    "2042-05-25": "Whit Sunday",
    "2042-06-22": "Pre-holiday day (workday shortened by 3 hours)",
    "2042-06-23": "Victory Day",
    "2042-06-24": "Midsummer Day",
    "2042-08-20": "Independence Restoration Day",
    "2042-12-23": "Pre-holiday day (workday shortened by 3 hours)",
    "2042-12-24": "Christmas Eve",
    "2042-12-25": "Christmas Day",
    "2042-12-26": "Second Day of Christmas",
    "2042-12-31": "Pre-holiday day (workday shortened by 3 hours)",
    "2043-01-01": "New Year's Day",
    "2043-02-23": "Pre-holiday day (workday shortened by 3 hours)",
    "2043-02-24": "Independence Day",
    "2043-03-27": "Good Friday",
    "2043-03-29": "Easter Sunday",
    "2043-05-01": "May Day",
    "2043-05-17": "Whit Sunday",
    "2043-06-22": "Pre-holiday day (workday shortened by 3 hours)",
    "2043-06-23": "Victory Day",
    "2043-06-24": "Midsummer Day",
    "2043-08-20": "Independence Restoration Day",
    "2043-12-23": "Pre-holiday day (workday shortened by 3 hours)",
    "2043-12-24": "Christmas Eve",
    "2043-12-25": "Christmas Day",
    "2043-12-26": "Second Day of Christmas",
    "2043-12-31": "Pre-holiday day (workday shortened by 3 hours)",
    "2044-01-01": "New Year's Day",
    "2044-02-23": "Pre-holiday day (workday shortened by 3 hours)",
    "2044-02-24": "Independence Day",
    "2044-04-15": "Good Friday",
    "2044-04-17": "Easter Sunday",
    "2044-05-01": "May Day",
    "2044-06-05": "Whit Sunday",
    "2044-06-22": "Pre-holiday day (workday shortened by 3 hours)",
    "2044-06-23": "Victory Day",
    "2044-06-24": "Midsummer Day",
    "2044-08-20": "Independence Restoration Day",
    "2044-12-23": "Pre-holiday day (workday shortened by 3 hours)",
    "2044-12-24": "Christmas Eve",
    "2044-12-25": "Christmas Day",
    "2044-12-26": "Second Day of Christmas",
    "2044-12-31": "Pre-holiday day (workday shortened by 3 hours)",
    "2045-01-01": "New Year's Day",
    "2045-02-23": "Pre-holiday day (workday shortened by 3 hours)",
    "2045-02-24": "Independence Day",
    "2045-04-07": "Good Friday",
    "2045-04-09": "Easter Sunday",
    "2045-05-01": "May Day",
    "2045-05-28": "Whit Sunday",
    "2045-06-22": "Pre-holiday day (workday shortened by 3 hours)",
    "2045-06-23": "Victory Day",
    "2045-06-24": "Midsummer Day",
    "2045-08-20": "Independence Restoration Day",
    "2045-12-23": "Pre-holiday day (workday shortened by 3 hours)",
    "2045-12-24": "Christmas Eve",
    "2045-12-25": "Christmas Day",
    "2045-12-26": "Second Day of Christmas",
    "2045-12-31": "Pre-holiday day (workday shortened by 3 hours)",
    "2046-01-01": "New Year's Day",
    "2046-02-23": "Pre-holiday day (workday shortened by 3 hours)",
    "2046-02-24": "Independence Day",
    "2046-03-23": "Good Friday",
    "2046-03-25": "Easter Sunday",
    "2046-05-01": "May Day",
    "2046-05-13": "Whit Sunday",
    "2046-06-22": "Pre-holiday day (workday shortened by 3 hours)",
    "2046-06-23": "Victory Day",
    "2046-06-24": "Midsummer Day",
    "2046-08-20": "Independence Restoration Day",
    "2046-12-23": "Pre-holiday day (workday shortened by 3 hours)",
    "2046-12-24": "Christmas Eve",
    "2046-12-25": "Christmas Day",
    "2046-12-26": "Second Day of Christmas",
    "2046-12-31": "Pre-holiday day (workday shortened by 3 hours)",
    "2047-01-01": "New Year's Day",
    "2047-02-23": "Pre-holiday day (workday shortened by 3 hours)",
    "2047-02-24": "Independence Day",
    "2047-04-12": "Good Friday",
    "2047-04-14": "Easter Sunday",
    "2047-05-01": "May Day",
    "2047-06-02": "Whit Sunday",
    "2047-06-22": "Pre-holiday day (workday shortened by 3 hours)",
    "2047-06-23": "Victory Day",
    "2047-06-24": "Midsummer Day",
    "2047-08-20": "Independence Restoration Day",
    "2047-12-23": "Pre-holiday day (workday shortened by 3 hours)",
    "2047-12-24": "Christmas Eve",
    "2047-12-25": "Christmas Day",
    "2047-12-26": "Second Day of Christmas",
    "2047-12-31": "Pre-holiday day (workday shortened by 3 hours)",
    "2048-01-01": "New Year's Day",
    "2048-02-23": "Pre-holiday day (workday shortened by 3 hours)",
    "2048-02-24": "Independence Day",
    "2048-04-03": "Good Friday",
    "2048-04-05": "Easter Sunday",
    "2048-05-01": "May Day",
    "2048-05-24": "Whit Sunday",
    "2048-06-22": "Pre-holiday day (workday shortened by 3 hours)",
    "2048-06-23": "Victory Day",
    "2048-06-24": "Midsummer Day",
    "2048-08-20": "Independence Restoration Day",
    "2048-12-23": "Pre-holiday day (workday shortened by 3 hours)",
    "2048-12-24": "Christmas Eve",
    "2048-12-25": "Christmas Day",
    "2048-12-26": "Second Day of Christmas",
    "2048-12-31": "Pre-holiday day (workday shortened by 3 hours)",
    "2049-01-01": "New Year's Day",
    "2049-02-23": "Pre-holiday day (workday shortened by 3 hours)",
    "2049-02-24": "Independence Day",
    "2049-04-16": "Good Friday",
    "2049-04-18": "Easter Sunday",
    "2049-05-01": "May Day",
    "2049-06-06": "Whit Sunday",
    "2049-06-22": "Pre-holiday day (workday shortened by 3 hours)",
    "2049-06-23": "Victory Day",
    "2049-06-24": "Midsummer Day",
    "2049-08-20": "Independence Restoration Day",
    "2049-12-23": "Pre-holiday day (workday shortened by 3 hours)",
    "2049-12-24": "Christmas Eve",
    "2049-12-25": "Christmas Day",
    "2049-12-26": "Second Day of Christmas",
    "2049-12-31": "Pre-holiday day (workday shortened by 3 hours)",
    "2050-01-01": "New Year's Day",
    "2050-02-23": "Pre-holiday day (workday shortened by 3 hours)",
    "2050-02-24": "Independence Day",
    "2050-04-08": "Good Friday",
    "2050-04-10": "Easter Sunday",
    "2050-05-01": "May Day",
    "2050-05-29": "Whit Sunday",
    "2050-06-22": "Pre-holiday day (workday shortened by 3 hours)",
    "2050-06-23": "Victory Day",
    "2050-06-24": "Midsummer Day",
    "2050-08-20": "Independence Restoration Day",
    "2050-12-23": "Pre-holiday day (workday shortened by 3 hours)",
    "2050-12-24": "Christmas Eve",
    "2050-12-25": "Christmas Day",
    "2050-12-26": "Second Day of Christmas",
    "2050-12-31": "Pre-holiday day (workday shortened by 3 hours)"
}
