{
    "2010-01-01": "New Year's Day",
    "2010-01-06": "Epiphany",
    "2010-04-02": "Good Friday",
    "2010-04-05": "Easter Monday",
    "2010-05-01": "Labor Day",
    "2010-06-24": "Saint John the Baptist",
    "2010-09-11": "National Day of Catalonia",
    "2010-10-12": "National Day",
    "2010-11-01": "All Saints' Day",
    "2010-12-06": "Constitution Day",
    "2010-12-08": "Immaculate Conception",
    "2010-12-25": "Christmas Day",
    "2011-01-01": "New Year's Day",
    "2011-01-06": "Epiphany",
    "2011-04-22": "Good Friday",
    "2011-04-25": "Easter Monday",
    "2011-06-13": "Whit Monday",
    "2011-06-24": "Saint John the Baptist",
    "2011-08-15": "Assumption Day",
    "2011-10-12": "National Day",
    "2011-11-01": "All Saints' Day",
    "2011-12-06": "Constitution Day",
    "2011-12-08": "Immaculate Conception",
    "2011-12-26": "Saint Stephen's Day",
    "2012-01-06": "Epiphany",
    "2012-04-06": "Good Friday",
    "2012-04-09": "Easter Monday",
    "2012-05-01": "Labor Day",
    "2012-08-15": "Assumption Day",
    "2012-09-11": "National Day of Catalonia",
    "2012-10-12": "National Day",
    "2012-11-01": "All Saints' Day",
    "2012-12-06": "Constitution Day",
    "2012-12-08": "Immaculate Conception",
    "2012-12-25": "Christmas Day",
    "2012-12-26": "Saint Stephen's Day",
    "2013-01-01": "New Year's Day",
    "2013-03-29": "Good Friday",
    "2013-04-01": "Easter Monday",
    "2013-05-01": "Labor Day",
    "2013-06-24": "Saint John the Baptist",
    "2013-08-15": "Assumption Day",
    "2013-09-11": "National Day of Catalonia",
    "2013-10-12": "National Day",
    "2013-11-01": "All Saints' Day",
    "2013-12-06": "Constitution Day",
    "2013-12-25": "Christmas Day",
    "2013-12-26": "Saint Stephen's Day",
    "2014-01-01": "New Year's Day",
    "2014-01-06": "Epiphany",
    "2014-04-18": "Good Friday",
    "2014-04-21": "Easter Monday",
    "2014-05-01": "Labor Day",
    "2014-06-24": "Saint John the Baptist",
    "2014-08-15": "Assumption Day",
    "2014-09-11": "National Day of Catalonia",
    "2014-11-01": "All Saints' Day",
    "2014-12-06": "Constitution Day",
    "2014-12-08": "Immaculate Conception",
    "2014-12-25": "Christmas Day",
    "2014-12-26": "Saint Stephen's Day",
    "2015-01-01": "New Year's Day",
    "2015-01-06": "Epiphany",
    "2015-04-03": "Good Friday",
    "2015-04-06": "Easter Monday",
    "2015-05-01": "Labor Day",
    "2015-06-24": "Saint John the Baptist",
    "2015-08-15": "Assumption Day",
    "2015-09-11": "National Day of Catalonia",
    "2015-10-12": "National Day",
    "2015-12-08": "Immaculate Conception",
    "2015-12-25": "Christmas Day",
    "2015-12-26": "Saint Stephen's Day",
    "2016-01-01": "New Year's Day",
    "2016-01-06": "Epiphany",
    "2016-03-25": "Good Friday",
    "2016-03-28": "Easter Monday",
    "2016-05-16": "Whit Monday",
    "2016-06-24": "Saint John the Baptist",
    "2016-08-15": "Assumption Day",
    "2016-09-11": "National Day of Catalonia",
    "2016-10-12": "National Day",
    "2016-11-01": "All Saints' Day",
    "2016-12-06": "Constitution Day",
    "2016-12-08": "Immaculate Conception",
    "2016-12-26": "Saint Stephen's Day",
    "2017-01-06": "Epiphany",
    "2017-04-14": "Good Friday",
    "2017-04-17": "Easter Monday",
    "2017-05-01": "Labor Day",
    "2017-06-24": "Saint John the Baptist",
    "2017-08-15": "Assumption Day",
    "2017-09-11": "National Day of Catalonia",
    "2017-10-12": "National Day",
    "2017-11-01": "All Saints' Day",
    "2017-12-06": "Constitution Day",
    "2017-12-08": "Immaculate Conception",
    "2017-12-25": "Christmas Day",
    "2017-12-26": "Saint Stephen's Day",
    "2018-01-01": "New Year's Day",
    "2018-01-06": "Epiphany",
    "2018-03-30": "Good Friday",
    "2018-04-02": "Easter Monday",
    "2018-05-01": "Labor Day",
    "2018-08-15": "Assumption Day",
    "2018-09-11": "National Day of Catalonia",
    "2018-10-12": "National Day",
    "2018-11-01": "All Saints' Day",
    "2018-12-06": "Constitution Day",
    "2018-12-08": "Immaculate Conception",
    "2018-12-25": "Christmas Day",
    "2018-12-26": "Saint Stephen's Day",
    "2019-01-01": "New Year's Day",
    "2019-04-19": "Good Friday",
    "2019-04-22": "Easter Monday",
    "2019-05-01": "Labor Day",
    "2019-06-24": "Saint John the Baptist",
    "2019-08-15": "Assumption Day",
    "2019-09-11": "National Day of Catalonia",
    "2019-10-12": "National Day",
    "2019-11-01": "All Saints' Day",
    "2019-12-06": "Constitution Day",
    "2019-12-25": "Christmas Day",
    "2019-12-26": "Saint Stephen's Day",
    "2020-01-01": "New Year's Day",
    "2020-01-06": "Epiphany",
    "2020-04-10": "Good Friday",
    "2020-04-13": "Easter Monday",
    "2020-05-01": "Labor Day",
    "2020-06-24": "Saint John the Baptist",
    "2020-08-15": "Assumption Day",
    "2020-09-11": "National Day of Catalonia",
    "2020-10-12": "National Day",
    "2020-12-08": "Immaculate Conception",
    "2020-12-25": "Christmas Day",
    "2020-12-26": "Saint Stephen's Day",
    "2021-01-01": "New Year's Day",
    "2021-01-06": "Epiphany",
    "2021-04-02": "Good Friday",
    "2021-04-05": "Easter Monday",
    "2021-05-01": "Labor Day",
    "2021-06-24": "Saint John the Baptist",
    "2021-09-11": "National Day of Catalonia",
    "2021-10-12": "National Day",
    "2021-11-01": "All Saints' Day",
    "2021-12-06": "Constitution Day",
    "2021-12-08": "Immaculate Conception",
    "2021-12-25": "Christmas Day",
    "2022-01-01": "New Year's Day",
    "2022-01-06": "Epiphany",
    "2022-04-15": "Good Friday",
    "2022-04-18": "Easter Monday",
    "2022-06-06": "Whit Monday",
    "2022-06-24": "Saint John the Baptist",
    "2022-08-15": "Assumption Day",
    "2022-10-12": "National Day",
    "2022-11-01": "All Saints' Day",
    "2022-12-06": "Constitution Day",
    "2022-12-08": "Immaculate Conception",
    "2022-12-26": "Saint Stephen's Day",
    "2023-01-06": "Epiphany",
    "2023-04-07": "Good Friday",
    "2023-04-10": "Easter Monday",
    "2023-05-01": "Labor Day",
    "2023-06-24": "Saint John the Baptist",
    "2023-08-15": "Assumption Day",
    "2023-09-11": "National Day of Catalonia",
    "2023-10-12": "National Day",
    "2023-11-01": "All Saints' Day",
    "2023-12-06": "Constitution Day",
    "2023-12-08": "Immaculate Conception",
    "2023-12-25": "Christmas Day",
    "2023-12-26": "Saint Stephen's Day",
    "2024-01-01": "New Year's Day",
    "2024-01-06": "Epiphany",
    "2024-03-29": "Good Friday",
    "2024-04-01": "Easter Monday",
    "2024-05-01": "Labor Day",
    "2024-06-24": "Saint John the Baptist",
    "2024-08-15": "Assumption Day",
    "2024-09-11": "National Day of Catalonia",
    "2024-10-12": "National Day",
    "2024-11-01": "All Saints' Day",
    "2024-12-06": "Constitution Day",
    "2024-12-25": "Christmas Day",
    "2024-12-26": "Saint Stephen's Day",
    "2025-01-01": "New Year's Day",
    "2025-01-06": "Epiphany",
    "2025-04-18": "Good Friday",
    "2025-04-21": "Easter Monday",
    "2025-05-01": "Labor Day",
    "2025-06-24": "Saint John the Baptist",
    "2025-08-15": "Assumption Day",
    "2025-09-11": "National Day of Catalonia",
    "2025-11-01": "All Saints' Day",
    "2025-12-06": "Constitution Day",
    "2025-12-08": "Immaculate Conception",
    "2025-12-25": "Christmas Day",
    "2025-12-26": "Saint Stephen's Day",
    "2026-01-01": "New Year's Day",
    "2026-01-06": "Epiphany",
    "2026-04-03": "Good Friday",
    "2026-04-06": "Easter Monday",
    "2026-05-01": "Labor Day",
    "2026-06-24": "Saint John the Baptist",
    "2026-08-15": "Assumption Day",
    "2026-09-11": "National Day of Catalonia",
    "2026-10-12": "National Day",
    "2026-12-08": "Immaculate Conception",
    "2026-12-25": "Christmas Day",
    "2026-12-26": "Saint Stephen's Day",
    "2027-01-01": "New Year's Day",
    "2027-01-06": "Epiphany",
    "2027-03-26": "Good Friday",
    "2027-03-29": "Easter Monday",
    "2027-05-01": "Labor Day",
    "2027-06-24": "Saint John the Baptist",
    "2027-09-11": "National Day of Catalonia",
    "2027-10-12": "National Day",
    "2027-11-01": "All Saints' Day",
    "2027-12-06": "Constitution Day",
    "2027-12-08": "Immaculate Conception",
    "2027-12-25": "Christmas Day",
    "2027-12-26": "Saint Stephen's Day",
    "2028-01-01": "New Year's Day",
    "2028-01-06": "Epiphany",
    "2028-04-14": "Good Friday",
    "2028-04-17": "Easter Monday",
    "2028-05-01": "Labor Day",
    "2028-06-24": "Saint John the Baptist",
    "2028-08-15": "Assumption Day",
    "2028-09-11": "National Day of Catalonia",
    "2028-10-12": "National Day",
    "2028-11-01": "All Saints' Day",
    "2028-12-06": "Constitution Day",
    "2028-12-08": "Immaculate Conception",
    "2028-12-25": "Christmas Day",
    "2028-12-26": "Saint Stephen's Day",
    "2029-01-01": "New Year's Day",
    "2029-01-06": "Epiphany",
    "2029-03-30": "Good Friday",
    "2029-04-02": "Easter Monday",
    "2029-05-01": "Labor Day",
    "2029-06-24": "Saint John the Baptist",
    "2029-08-15": "Assumption Day",
    "2029-09-11": "National Day of Catalonia",
    "2029-10-12": "National Day",
    "2029-11-01": "All Saints' Day",
    "2029-12-06": "Constitution Day",
    "2029-12-08": "Immaculate Conception",
    "2029-12-25": "Christmas Day",
    "2029-12-26": "Saint Stephen's Day",
    "2030-01-01": "New Year's Day",
    "2030-04-19": "Good Friday",
    "2030-04-22": "Easter Monday",
    "2030-05-01": "Labor Day",
    "2030-06-24": "Saint John the Baptist",
    "2030-08-15": "Assumption Day",
    "2030-09-11": "National Day of Catalonia",
    "2030-10-12": "National Day",
    "2030-11-01": "All Saints' Day",
    "2030-12-06": "Constitution Day",
    "2030-12-25": "Christmas Day",
    "2030-12-26": "Saint Stephen's Day",
    "2031-01-01": "New Year's Day",
    "2031-01-06": "Epiphany",
    "2031-04-11": "Good Friday",
    "2031-04-14": "Easter Monday",
    "2031-05-01": "Labor Day",
    "2031-06-24": "Saint John the Baptist",
    "2031-08-15": "Assumption Day",
    "2031-09-11": "National Day of Catalonia",
    "2031-11-01": "All Saints' Day",
    "2031-12-06": "Constitution Day",
    "2031-12-08": "Immaculate Conception",
    "2031-12-25": "Christmas Day",
    "2031-12-26": "Saint Stephen's Day",
    "2032-01-01": "New Year's Day",
    "2032-01-06": "Epiphany",
    "2032-03-26": "Good Friday",
    "2032-03-29": "Easter Monday",
    "2032-05-01": "Labor Day",
    "2032-06-24": "Saint John the Baptist",
    "2032-09-11": "National Day of Catalonia",
    "2032-10-12": "National Day",
    "2032-11-01": "All Saints' Day",
    "2032-12-06": "Constitution Day",
    "2032-12-08": "Immaculate Conception",
    "2032-12-25": "Christmas Day",
    "2032-12-26": "Saint Stephen's Day",
    "2033-01-01": "New Year's Day",
    "2033-01-06": "Epiphany",
    "2033-04-15": "Good Friday",
    "2033-04-18": "Easter Monday",
    "2033-06-24": "Saint John the Baptist",
    "2033-08-15": "Assumption Day",
    "2033-09-11": "National Day of Catalonia",
    "2033-10-12": "National Day",
    "2033-11-01": "All Saints' Day",
    "2033-12-06": "Constitution Day",
    "2033-12-08": "Immaculate Conception",
    "2033-12-26": "Saint Stephen's Day",
    "2034-01-06": "Epiphany",
    "2034-04-07": "Good Friday",
    "2034-04-10": "Easter Monday",
    "2034-05-01": "Labor Day",
    "2034-06-24": "Saint John the Baptist",
    "2034-08-15": "Assumption Day",
    "2034-09-11": "National Day of Catalonia",
    "2034-10-12": "National Day",
    "2034-11-01": "All Saints' Day",
    "2034-12-06": "Constitution Day",
    "2034-12-08": "Immaculate Conception",
    "2034-12-25": "Christmas Day",
    "2034-12-26": "Saint Stephen's Day",
    "2035-01-01": "New Year's Day",
    "2035-01-06": "Epiphany",
    "2035-03-23": "Good Friday",
    "2035-03-26": "Easter Monday",
    "2035-05-01": "Labor Day",
    "2035-06-24": "Saint John the Baptist",
    "2035-08-15": "Assumption Day",
    "2035-09-11": "National Day of Catalonia",
    "2035-10-12": "National Day",
    "2035-11-01": "All Saints' Day",
    "2035-12-06": "Constitution Day",
    "2035-12-08": "Immaculate Conception",
    "2035-12-25": "Christmas Day",
    "2035-12-26": "Saint Stephen's Day",
    "2036-01-01": "New Year's Day",
    "2036-04-11": "Good Friday",
    "2036-04-14": "Easter Monday",
    "2036-05-01": "Labor Day",
    "2036-06-24": "Saint John the Baptist",
    "2036-08-15": "Assumption Day",
    "2036-09-11": "National Day of Catalonia",
    "2036-11-01": "All Saints' Day",
    "2036-12-06": "Constitution Day",
    "2036-12-08": "Immaculate Conception",
    "2036-12-25": "Christmas Day",
    "2036-12-26": "Saint Stephen's Day",
    "2037-01-01": "New Year's Day",
    "2037-01-06": "Epiphany",
    "2037-04-03": "Good Friday",
    "2037-04-06": "Easter Monday",
    "2037-05-01": "Labor Day",
    "2037-06-24": "Saint John the Baptist",
    "2037-08-15": "Assumption Day",
    "2037-09-11": "National Day of Catalonia",
    "2037-10-12": "National Day",
    "2037-12-08": "Immaculate Conception",
    "2037-12-25": "Christmas Day",
    "2037-12-26": "Saint Stephen's Day",
    "2038-01-01": "New Year's Day",
    "2038-01-06": "Epiphany",
    "2038-04-23": "Good Friday",
    "2038-04-26": "Easter Monday",
    "2038-05-01": "Labor Day",
    "2038-06-24": "Saint John the Baptist",
    "2038-09-11": "National Day of Catalonia",
    "2038-10-12": "National Day",
    "2038-11-01": "All Saints' Day",
    "2038-12-06": "Constitution Day",
    "2038-12-08": "Immaculate Conception",
    "2038-12-25": "Christmas Day",
    "2038-12-26": "Saint Stephen's Day",
    "2039-01-01": "New Year's Day",
    "2039-01-06": "Epiphany",
    "2039-04-08": "Good Friday",
    "2039-04-11": "Easter Monday",
    "2039-06-24": "Saint John the Baptist",
    "2039-08-15": "Assumption Day",
    "2039-09-11": "National Day of Catalonia",
    "2039-10-12": "National Day",
    "2039-11-01": "All Saints' Day",
    "2039-12-06": "Constitution Day",
    "2039-12-08": "Immaculate Conception",
    "2039-12-26": "Saint Stephen's Day",
    "2040-01-06": "Epiphany",
    "2040-03-30": "Good Friday",
    "2040-04-02": "Easter Monday",
    "2040-05-01": "Labor Day",
    "2040-06-24": "Saint John the Baptist",
    "2040-08-15": "Assumption Day",
    "2040-09-11": "National Day of Catalonia",
    "2040-10-12": "National Day",
    "2040-11-01": "All Saints' Day",
    "2040-12-06": "Constitution Day",
    "2040-12-08": "Immaculate Conception",
    "2040-12-25": "Christmas Day",
    "2040-12-26": "Saint Stephen's Day",
    "2041-01-01": "New Year's Day",
    "2041-04-19": "Good Friday",
    "2041-04-22": "Easter Monday",
    "2041-05-01": "Labor Day",
    "2041-06-24": "Saint John the Baptist",
    "2041-08-15": "Assumption Day",
    "2041-09-11": "National Day of Catalonia",
    "2041-10-12": "National Day",
    "2041-11-01": "All Saints' Day",
    "2041-12-06": "Constitution Day",
    "2041-12-25": "Christmas Day",
    "2041-12-26": "Saint Stephen's Day",
    "2042-01-01": "New Year's Day",
    "2042-01-06": "Epiphany",
    "2042-04-04": "Good Friday",
    "2042-04-07": "Easter Monday",
    "2042-05-01": "Labor Day",
    "2042-06-24": "Saint John the Baptist",
    "2042-08-15": "Assumption Day",
    "2042-09-11": "National Day of Catalonia",
    "2042-11-01": "All Saints' Day",
    "2042-12-06": "Constitution Day",
    "2042-12-08": "Immaculate Conception",
    "2042-12-25": "Christmas Day",
    "2042-12-26": "Saint Stephen's Day",
    "2043-01-01": "New Year's Day",
    "2043-01-06": "Epiphany",
    "2043-03-27": "Good Friday",
    "2043-03-30": "Easter Monday",
    "2043-05-01": "Labor Day",
    "2043-06-24": "Saint John the Baptist",
    "2043-08-15": "Assumption Day",
    "2043-09-11": "National Day of Catalonia",
    "2043-10-12": "National Day",
    "2043-12-08": "Immaculate Conception",
    "2043-12-25": "Christmas Day",
    "2043-12-26": "Saint Stephen's Day",
    "2044-01-01": "New Year's Day",
    "2044-01-06": "Epiphany",
    "2044-04-15": "Good Friday",
    "2044-04-18": "Easter Monday",
    "2044-06-24": "Saint John the Baptist",
    "2044-08-15": "Assumption Day",
    "2044-09-11": "National Day of Catalonia",
    "2044-10-12": "National Day",
    "2044-11-01": "All Saints' Day",
    "2044-12-06": "Constitution Day",
    "2044-12-08": "Immaculate Conception",
    "2044-12-26": "Saint Stephen's Day",
    "2045-01-06": "Epiphany",
    "2045-04-07": "Good Friday",
    "2045-04-10": "Easter Monday",
    "2045-05-01": "Labor Day",
    "2045-06-24": "Saint John the Baptist",
    "2045-08-15": "Assumption Day",
    "2045-09-11": "National Day of Catalonia",
    "2045-10-12": "National Day",
    "2045-11-01": "All Saints' Day",
    "2045-12-06": "Constitution Day",
    "2045-12-08": "Immaculate Conception",
    "2045-12-25": "Christmas Day",
    "2045-12-26": "Saint Stephen's Day",
    "2046-01-01": "New Year's Day",
    "2046-01-06": "Epiphany",
    "2046-03-23": "Good Friday",
    "2046-03-26": "Easter Monday",
    "2046-05-01": "Labor Day",
    "2046-06-24": "Saint John the Baptist",
    "2046-08-15": "Assumption Day",
    "2046-09-11": "National Day of Catalonia",
    "2046-10-12": "National Day",
    "2046-11-01": "All Saints' Day",
    "2046-12-06": "Constitution Day",
    "2046-12-08": "Immaculate Conception",
    "2046-12-25": "Christmas Day",
    "2046-12-26": "Saint Stephen's Day",
    "2047-01-01": "New Year's Day",
    "2047-04-12": "Good Friday",
    "2047-04-15": "Easter Monday",
    "2047-05-01": "Labor Day",
    "2047-06-24": "Saint John the Baptist",
    "2047-08-15": "Assumption Day",
    "2047-09-11": "National Day of Catalonia",
    "2047-10-12": "National Day",
    "2047-11-01": "All Saints' Day",
    "2047-12-06": "Constitution Day",
    "2047-12-25": "Christmas Day",
    "2047-12-26": "Saint Stephen's Day",
    "2048-01-01": "New Year's Day",
    "2048-01-06": "Epiphany",
    "2048-04-03": "Good Friday",
    "2048-04-06": "Easter Monday",
    "2048-05-01": "Labor Day",
    "2048-06-24": "Saint John the Baptist",
    "2048-08-15": "Assumption Day",
    "2048-09-11": "National Day of Catalonia",
    "2048-10-12": "National Day",
    "2048-12-08": "Immaculate Conception",
    "2048-12-25": "Christmas Day",
    "2048-12-26": "Saint Stephen's Day",
    "2049-01-01": "New Year's Day",
    "2049-01-06": "Epiphany",
    "2049-04-16": "Good Friday",
    "2049-04-19": "Easter Monday",
    "2049-05-01": "Labor Day",
    "2049-06-24": "Saint John the Baptist",
    "2049-09-11": "National Day of Catalonia",
    "2049-10-12": "National Day",
    "2049-11-01": "All Saints' Day",
    "2049-12-06": "Constitution Day",
    "2049-12-08": "Immaculate Conception",
    "2049-12-25": "Christmas Day",
    "2049-12-26": "Saint Stephen's Day",
    "2050-01-01": "New Year's Day",
    "2050-01-06": "Epiphany",
    "2050-04-08": "Good Friday",
    "2050-04-11": "Easter Monday",
    "2050-06-24": "Saint John the Baptist",
    "2050-08-15": "Assumption Day",
    "2050-09-11": "National Day of Catalonia",
    "2050-10-12": "National Day",
    "2050-11-01": "All Saints' Day",
    "2050-12-06": "Constitution Day",
    "2050-12-08": "Immaculate Conception",
    "2050-12-26": "Saint Stephen's Day"
}
