{
    "2008-01-01": "New Year's Day",
    "2008-01-07": "Monday following Epiphany",
    "2008-03-20": "Maundy Thursday",
    "2008-03-21": "Good Friday",
    "2008-05-01": "Labor Day",
    "2008-08-15": "Assumption Day",
    "2008-09-08": "Extremadura Day",
    "2008-10-13": "Monday following National Day",
    "2008-11-01": "All Saints' Day",
    "2008-12-06": "Constitution Day",
    "2008-12-08": "Immaculate Conception",
    "2008-12-25": "Christmas Day",
    "2009-01-01": "New Year's Day",
    "2009-01-06": "Epiphany",
    "2009-04-09": "Maundy Thursday",
    "2009-04-10": "Good Friday",
    "2009-05-01": "Labor Day",
    "2009-08-15": "Assumption Day",
    "2009-09-08": "Extremadura Day",
    "2009-10-12": "National Day",
    "2009-11-02": "Monday following All Saints' Day",
    "2009-12-07": "Monday following Constitution Day",
    "2009-12-08": "Immaculate Conception",
    "2009-12-25": "Christmas Day",
    "2010-01-01": "New Year's Day",
    "2010-01-06": "Epiphany",
    "2010-03-19": "Saint Joseph's Day",
    "2010-04-01": "Maundy Thursday",
    "2010-04-02": "Good Friday",
    "2010-05-01": "Labor Day",
    "2010-09-08": "Extremadura Day",
    "2010-10-12": "National Day",
    "2010-11-01": "All Saints' Day",
    "2010-12-06": "Constitution Day",
    "2010-12-08": "Immaculate Conception",
    "2010-12-25": "Christmas Day",
    "2011-01-01": "New Year's Day",
    "2011-01-06": "Epiphany",
    "2011-04-21": "Maundy Thursday",
    "2011-04-22": "Good Friday",
    "2011-05-02": "Monday following Labor Day",
    "2011-08-15": "Assumption Day",
    "2011-09-08": "Extremadura Day",
    "2011-10-12": "National Day",
    "2011-11-01": "All Saints' Day",
    "2011-12-06": "Constitution Day",
    "2011-12-08": "Immaculate Conception",
    "2011-12-26": "Monday following Christmas Day",
    "2012-01-02": "Monday following New Year's Day",
    "2012-01-06": "Epiphany",
    "2012-04-05": "Maundy Thursday",
    "2012-04-06": "Good Friday",
    "2012-05-01": "Labor Day",
    "2012-08-15": "Assumption Day",
    "2012-09-08": "Extremadura Day",
    "2012-10-12": "National Day",
    "2012-11-01": "All Saints' Day",
    "2012-12-06": "Constitution Day",
    "2012-12-08": "Immaculate Conception",
    "2012-12-25": "Christmas Day",
    "2013-01-01": "New Year's Day",
    "2013-01-07": "Monday following Epiphany",
    "2013-03-28": "Maundy Thursday",
    "2013-03-29": "Good Friday",
    "2013-05-01": "Labor Day",
    "2013-08-15": "Assumption Day",
    "2013-09-09": "Monday following Extremadura Day",
    "2013-10-12": "National Day",
    "2013-11-01": "All Saints' Day",
    "2013-12-06": "Constitution Day",
    "2013-12-09": "Monday following Immaculate Conception",
    "2013-12-25": "Christmas Day",
    "2014-01-01": "New Year's Day",
    "2014-01-06": "Epiphany",
    "2014-04-17": "Maundy Thursday",
    "2014-04-18": "Good Friday",
    "2014-05-01": "Labor Day",
    "2014-08-15": "Assumption Day",
    "2014-09-08": "Extremadura Day",
    "2014-10-13": "Monday following National Day",
    "2014-11-01": "All Saints' Day",
    "2014-12-06": "Constitution Day",
    "2014-12-08": "Immaculate Conception",
    "2014-12-25": "Christmas Day",
    "2015-01-01": "New Year's Day",
    "2015-01-06": "Epiphany",
    "2015-04-02": "Maundy Thursday",
    "2015-04-03": "Good Friday",
    "2015-05-01": "Labor Day",
    "2015-08-15": "Assumption Day",
    "2015-09-08": "Extremadura Day",
    "2015-10-12": "National Day",
    "2015-11-02": "Monday following All Saints' Day",
    "2015-12-07": "Monday following Constitution Day",
    "2015-12-08": "Immaculate Conception",
    "2015-12-25": "Christmas Day",
    "2016-01-01": "New Year's Day",
    "2016-01-06": "Epiphany",
    "2016-03-24": "Maundy Thursday",
    "2016-03-25": "Good Friday",
    "2016-05-02": "Monday following Labor Day",
    "2016-08-15": "Assumption Day",
    "2016-09-08": "Extremadura Day",
    "2016-10-12": "National Day",
    "2016-11-01": "All Saints' Day",
    "2016-12-06": "Constitution Day",
    "2016-12-08": "Immaculate Conception",
    "2016-12-26": "Monday following Christmas Day",
    "2017-01-06": "Epiphany",
    "2017-03-20": "Monday following Saint Joseph's Day",
    "2017-04-13": "Maundy Thursday",
    "2017-04-14": "Good Friday",
    "2017-05-01": "Labor Day",
    "2017-08-15": "Assumption Day",
    "2017-09-08": "Extremadura Day",
    "2017-10-12": "National Day",
    "2017-11-01": "All Saints' Day",
    "2017-12-06": "Constitution Day",
    "2017-12-08": "Immaculate Conception",
    "2017-12-25": "Christmas Day",
    "2018-01-01": "New Year's Day",
    "2018-01-06": "Epiphany",
    "2018-03-29": "Maundy Thursday",
    "2018-03-30": "Good Friday",
    "2018-05-01": "Labor Day",
    "2018-08-15": "Assumption Day",
    "2018-09-08": "Extremadura Day",
    "2018-10-12": "National Day",
    "2018-11-01": "All Saints' Day",
    "2018-12-06": "Constitution Day",
    "2018-12-08": "Immaculate Conception",
    "2018-12-25": "Christmas Day",
    "2019-01-01": "New Year's Day",
    "2019-01-07": "Monday following Epiphany",
    "2019-04-18": "Maundy Thursday",
    "2019-04-19": "Good Friday",
    "2019-05-01": "Labor Day",
    "2019-08-15": "Assumption Day",
    "2019-09-09": "Monday following Extremadura Day",
    "2019-10-12": "National Day",
    "2019-11-01": "All Saints' Day",
    "2019-12-06": "Constitution Day",
    "2019-12-09": "Monday following Immaculate Conception",
    "2019-12-25": "Christmas Day",
    "2020-01-01": "New Year's Day",
    "2020-01-06": "Epiphany",
    "2020-04-09": "Maundy Thursday",
    "2020-04-10": "Good Friday",
    "2020-05-01": "Labor Day",
    "2020-08-15": "Assumption Day",
    "2020-09-08": "Extremadura Day",
    "2020-10-12": "National Day",
    "2020-11-02": "Monday following All Saints' Day",
    "2020-12-07": "Monday following Constitution Day",
    "2020-12-08": "Immaculate Conception",
    "2020-12-25": "Christmas Day",
    "2021-01-01": "New Year's Day",
    "2021-01-06": "Epiphany",
    "2021-03-19": "Saint Joseph's Day",
    "2021-04-01": "Maundy Thursday",
    "2021-04-02": "Good Friday",
    "2021-05-01": "Labor Day",
    "2021-09-08": "Extremadura Day",
    "2021-10-12": "National Day",
    "2021-11-01": "All Saints' Day",
    "2021-12-06": "Constitution Day",
    "2021-12-08": "Immaculate Conception",
    "2021-12-25": "Christmas Day",
    "2022-01-01": "New Year's Day",
    "2022-01-06": "Epiphany",
    "2022-04-14": "Maundy Thursday",
    "2022-04-15": "Good Friday",
    "2022-05-02": "Monday following Labor Day",
    "2022-08-15": "Assumption Day",
    "2022-09-08": "Extremadura Day",
    "2022-10-12": "National Day",
    "2022-11-01": "All Saints' Day",
    "2022-12-06": "Constitution Day",
    "2022-12-08": "Immaculate Conception",
    "2022-12-26": "Monday following Christmas Day",
    "2023-01-06": "Epiphany",
    "2023-02-21": "Shrove Tuesday",
    "2023-04-06": "Maundy Thursday",
    "2023-04-07": "Good Friday",
    "2023-05-01": "Labor Day",
    "2023-08-15": "Assumption Day",
    "2023-09-08": "Extremadura Day",
    "2023-10-12": "National Day",
    "2023-11-01": "All Saints' Day",
    "2023-12-06": "Constitution Day",
    "2023-12-08": "Immaculate Conception",
    "2023-12-25": "Christmas Day",
    "2024-01-01": "New Year's Day",
    "2024-01-06": "Epiphany",
    "2024-02-13": "Shrove Tuesday",
    "2024-03-28": "Maundy Thursday",
    "2024-03-29": "Good Friday",
    "2024-05-01": "Labor Day",
    "2024-08-15": "Assumption Day",
    "2024-10-12": "National Day",
    "2024-11-01": "All Saints' Day",
    "2024-12-06": "Constitution Day",
    "2024-12-09": "Monday following Immaculate Conception",
    "2024-12-25": "Christmas Day",
    "2025-01-01": "New Year's Day",
    "2025-01-06": "Epiphany",
    "2025-04-17": "Maundy Thursday",
    "2025-04-18": "Good Friday",
    "2025-05-01": "Labor Day",
    "2025-08-15": "Assumption Day",
    "2025-09-08": "Extremadura Day",
    "2025-10-13": "Monday following National Day",
    "2025-11-01": "All Saints' Day",
    "2025-12-06": "Constitution Day",
    "2025-12-08": "Immaculate Conception",
    "2025-12-25": "Christmas Day",
    "2026-01-01": "New Year's Day",
    "2026-01-06": "Epiphany",
    "2026-04-02": "Maundy Thursday",
    "2026-04-03": "Good Friday",
    "2026-05-01": "Labor Day",
    "2026-08-15": "Assumption Day",
    "2026-09-08": "Extremadura Day",
    "2026-10-12": "National Day",
    "2026-11-02": "Monday following All Saints' Day",
    "2026-12-07": "Monday following Constitution Day",
    "2026-12-08": "Immaculate Conception",
    "2026-12-25": "Christmas Day",
    "2027-01-01": "New Year's Day",
    "2027-01-06": "Epiphany",
    "2027-03-25": "Maundy Thursday",
    "2027-03-26": "Good Friday",
    "2027-05-01": "Labor Day",
    "2027-09-08": "Extremadura Day",
    "2027-10-12": "National Day",
    "2027-11-01": "All Saints' Day",
    "2027-12-06": "Constitution Day",
    "2027-12-08": "Immaculate Conception",
    "2027-12-25": "Christmas Day",
    "2028-01-01": "New Year's Day",
    "2028-01-06": "Epiphany",
    "2028-04-13": "Maundy Thursday",
    "2028-04-14": "Good Friday",
    "2028-05-01": "Labor Day",
    "2028-08-15": "Assumption Day",
    "2028-09-08": "Extremadura Day",
    "2028-10-12": "National Day",
    "2028-11-01": "All Saints' Day",
    "2028-12-06": "Constitution Day",
    "2028-12-08": "Immaculate Conception",
    "2028-12-25": "Christmas Day",
    "2029-01-01": "New Year's Day",
    "2029-01-06": "Epiphany",
    "2029-03-29": "Maundy Thursday",
    "2029-03-30": "Good Friday",
    "2029-05-01": "Labor Day",
    "2029-08-15": "Assumption Day",
    "2029-09-08": "Extremadura Day",
    "2029-10-12": "National Day",
    "2029-11-01": "All Saints' Day",
    "2029-12-06": "Constitution Day",
    "2029-12-08": "Immaculate Conception",
    "2029-12-25": "Christmas Day",
    "2030-01-01": "New Year's Day",
    "2030-01-07": "Monday following Epiphany",
    "2030-04-18": "Maundy Thursday",
    "2030-04-19": "Good Friday",
    "2030-05-01": "Labor Day",
    "2030-08-15": "Assumption Day",
    "2030-09-09": "Monday following Extremadura Day",
    "2030-10-12": "National Day",
    "2030-11-01": "All Saints' Day",
    "2030-12-06": "Constitution Day",
    "2030-12-09": "Monday following Immaculate Conception",
    "2030-12-25": "Christmas Day",
    "2031-01-01": "New Year's Day",
    "2031-01-06": "Epiphany",
    "2031-04-10": "Maundy Thursday",
    "2031-04-11": "Good Friday",
    "2031-05-01": "Labor Day",
    "2031-08-15": "Assumption Day",
    "2031-09-08": "Extremadura Day",
    "2031-10-13": "Monday following National Day",
    "2031-11-01": "All Saints' Day",
    "2031-12-06": "Constitution Day",
    "2031-12-08": "Immaculate Conception",
    "2031-12-25": "Christmas Day",
    "2032-01-01": "New Year's Day",
    "2032-01-06": "Epiphany",
    "2032-03-25": "Maundy Thursday",
    "2032-03-26": "Good Friday",
    "2032-05-01": "Labor Day",
    "2032-09-08": "Extremadura Day",
    "2032-10-12": "National Day",
    "2032-11-01": "All Saints' Day",
    "2032-12-06": "Constitution Day",
    "2032-12-08": "Immaculate Conception",
    "2032-12-25": "Christmas Day",
    "2033-01-01": "New Year's Day",
    "2033-01-06": "Epiphany",
    "2033-04-14": "Maundy Thursday",
    "2033-04-15": "Good Friday",
    "2033-05-02": "Monday following Labor Day",
    "2033-08-15": "Assumption Day",
    "2033-09-08": "Extremadura Day",
    "2033-10-12": "National Day",
    "2033-11-01": "All Saints' Day",
    "2033-12-06": "Constitution Day",
    "2033-12-08": "Immaculate Conception",
    "2033-12-26": "Monday following Christmas Day",
    "2034-01-06": "Epiphany",
    "2034-04-06": "Maundy Thursday",
    "2034-04-07": "Good Friday",
    "2034-05-01": "Labor Day",
    "2034-08-15": "Assumption Day",
    "2034-09-08": "Extremadura Day",
    "2034-10-12": "National Day",
    "2034-11-01": "All Saints' Day",
    "2034-12-06": "Constitution Day",
    "2034-12-08": "Immaculate Conception",
    "2034-12-25": "Christmas Day",
    "2035-01-01": "New Year's Day",
    "2035-01-06": "Epiphany",
    "2035-03-22": "Maundy Thursday",
    "2035-03-23": "Good Friday",
    "2035-05-01": "Labor Day",
    "2035-08-15": "Assumption Day",
    "2035-09-08": "Extremadura Day",
    "2035-10-12": "National Day",
    "2035-11-01": "All Saints' Day",
    "2035-12-06": "Constitution Day",
    "2035-12-08": "Immaculate Conception",
    "2035-12-25": "Christmas Day",
    "2036-01-01": "New Year's Day",
    "2036-01-07": "Monday following Epiphany",
    "2036-04-10": "Maundy Thursday",
    "2036-04-11": "Good Friday",
    "2036-05-01": "Labor Day",
    "2036-08-15": "Assumption Day",
    "2036-09-08": "Extremadura Day",
    "2036-10-13": "Monday following National Day",
    "2036-11-01": "All Saints' Day",
    "2036-12-06": "Constitution Day",
    "2036-12-08": "Immaculate Conception",
    "2036-12-25": "Christmas Day",
    "2037-01-01": "New Year's Day",
    "2037-01-06": "Epiphany",
    "2037-04-02": "Maundy Thursday",
    "2037-04-03": "Good Friday",
    "2037-05-01": "Labor Day",
    "2037-08-15": "Assumption Day",
    "2037-09-08": "Extremadura Day",
    "2037-10-12": "National Day",
    "2037-11-02": "Monday following All Saints' Day",
    "2037-12-07": "Monday following Constitution Day",
    "2037-12-08": "Immaculate Conception",
    "2037-12-25": "Christmas Day",
    "2038-01-01": "New Year's Day",
    "2038-01-06": "Epiphany",
    "2038-04-22": "Maundy Thursday",
    "2038-04-23": "Good Friday",
    "2038-05-01": "Labor Day",
    "2038-09-08": "Extremadura Day",
    "2038-10-12": "National Day",
    "2038-11-01": "All Saints' Day",
    "2038-12-06": "Constitution Day",
    "2038-12-08": "Immaculate Conception",
    "2038-12-25": "Christmas Day",
    "2039-01-01": "New Year's Day",
    "2039-01-06": "Epiphany",
    "2039-04-07": "Maundy Thursday",
    "2039-04-08": "Good Friday",
    "2039-05-02": "Monday following Labor Day",
    "2039-08-15": "Assumption Day",
    "2039-09-08": "Extremadura Day",
    "2039-10-12": "National Day",
    "2039-11-01": "All Saints' Day",
    "2039-12-06": "Constitution Day",
    "2039-12-08": "Immaculate Conception",
    "2039-12-26": "Monday following Christmas Day",
    "2040-01-06": "Epiphany",
    "2040-03-29": "Maundy Thursday",
    "2040-03-30": "Good Friday",
    "2040-05-01": "Labor Day",
    "2040-08-15": "Assumption Day",
    "2040-09-08": "Extremadura Day",
    "2040-10-12": "National Day",
    "2040-11-01": "All Saints' Day",
    "2040-12-06": "Constitution Day",
    "2040-12-08": "Immaculate Conception",
    "2040-12-25": "Christmas Day",
    "2041-01-01": "New Year's Day",
    "2041-01-07": "Monday following Epiphany",
    "2041-04-18": "Maundy Thursday",
    "2041-04-19": "Good Friday",
    "2041-05-01": "Labor Day",
    "2041-08-15": "Assumption Day",
    "2041-09-09": "Monday following Extremadura Day",
    "2041-10-12": "National Day",
    "2041-11-01": "All Saints' Day",
    "2041-12-06": "Constitution Day",
    "2041-12-09": "Monday following Immaculate Conception",
    "2041-12-25": "Christmas Day",
    "2042-01-01": "New Year's Day",
    "2042-01-06": "Epiphany",
    "2042-04-03": "Maundy Thursday",
    "2042-04-04": "Good Friday",
    "2042-05-01": "Labor Day",
    "2042-08-15": "Assumption Day",
    "2042-09-08": "Extremadura Day",
    "2042-10-13": "Monday following National Day",
    "2042-11-01": "All Saints' Day",
    "2042-12-06": "Constitution Day",
    "2042-12-08": "Immaculate Conception",
    "2042-12-25": "Christmas Day",
    "2043-01-01": "New Year's Day",
    "2043-01-06": "Epiphany",
    "2043-03-26": "Maundy Thursday",
    "2043-03-27": "Good Friday",
    "2043-05-01": "Labor Day",
    "2043-08-15": "Assumption Day",
    "2043-09-08": "Extremadura Day",
    "2043-10-12": "National Day",
    "2043-11-02": "Monday following All Saints' Day",
    "2043-12-07": "Monday following Constitution Day",
    "2043-12-08": "Immaculate Conception",
    "2043-12-25": "Christmas Day",
    "2044-01-01": "New Year's Day",
    "2044-01-06": "Epiphany",
    "2044-04-14": "Maundy Thursday",
    "2044-04-15": "Good Friday",
    "2044-05-02": "Monday following Labor Day",
    "2044-08-15": "Assumption Day",
    "2044-09-08": "Extremadura Day",
    "2044-10-12": "National Day",
    "2044-11-01": "All Saints' Day",
    "2044-12-06": "Constitution Day",
    "2044-12-08": "Immaculate Conception",
    "2044-12-26": "Monday following Christmas Day",
    "2045-01-06": "Epiphany",
    "2045-04-06": "Maundy Thursday",
    "2045-04-07": "Good Friday",
    "2045-05-01": "Labor Day",
    "2045-08-15": "Assumption Day",
    "2045-09-08": "Extremadura Day",
    "2045-10-12": "National Day",
    "2045-11-01": "All Saints' Day",
    "2045-12-06": "Constitution Day",
    "2045-12-08": "Immaculate Conception",
    "2045-12-25": "Christmas Day",
    "2046-01-01": "New Year's Day",
    "2046-01-06": "Epiphany",
    "2046-03-22": "Maundy Thursday",
    "2046-03-23": "Good Friday",
    "2046-05-01": "Labor Day",
    "2046-08-15": "Assumption Day",
    "2046-09-08": "Extremadura Day",
    "2046-10-12": "National Day",
    "2046-11-01": "All Saints' Day",
    "2046-12-06": "Constitution Day",
    "2046-12-08": "Immaculate Conception",
    "2046-12-25": "Christmas Day",
    "2047-01-01": "New Year's Day",
    "2047-01-07": "Monday following Epiphany",
    "2047-04-11": "Maundy Thursday",
    "2047-04-12": "Good Friday",
    "2047-05-01": "Labor Day",
    "2047-08-15": "Assumption Day",
    "2047-09-09": "Monday following Extremadura Day",
    "2047-10-12": "National Day",
    "2047-11-01": "All Saints' Day",
    "2047-12-06": "Constitution Day",
    "2047-12-09": "Monday following Immaculate Conception",
    "2047-12-25": "Christmas Day",
    "2048-01-01": "New Year's Day",
    "2048-01-06": "Epiphany",
    "2048-04-02": "Maundy Thursday",
    "2048-04-03": "Good Friday",
    "2048-05-01": "Labor Day",
    "2048-08-15": "Assumption Day",
    "2048-09-08": "Extremadura Day",
    "2048-10-12": "National Day",
    "2048-11-02": "Monday following All Saints' Day",
    "2048-12-07": "Monday following Constitution Day",
    "2048-12-08": "Immaculate Conception",
    "2048-12-25": "Christmas Day",
    "2049-01-01": "New Year's Day",
    "2049-01-06": "Epiphany",
    "2049-04-15": "Maundy Thursday",
    "2049-04-16": "Good Friday",
    "2049-05-01": "Labor Day",
    "2049-09-08": "Extremadura Day",
    "2049-10-12": "National Day",
    "2049-11-01": "All Saints' Day",
    "2049-12-06": "Constitution Day",
    "2049-12-08": "Immaculate Conception",
    "2049-12-25": "Christmas Day",
    "2050-01-01": "New Year's Day",
    "2050-01-06": "Epiphany",
    "2050-04-07": "Maundy Thursday",
    "2050-04-08": "Good Friday",
    "2050-05-02": "Monday following Labor Day",
    "2050-08-15": "Assumption Day",
    "2050-09-08": "Extremadura Day",
    "2050-10-12": "National Day",
    "2050-11-01": "All Saints' Day",
    "2050-12-06": "Constitution Day",
    "2050-12-08": "Immaculate Conception",
    "2050-12-26": "Monday following Christmas Day"
}
