{
    "1976-01-07": "Christmas Day",
    "1976-01-20": "Epiphany",
    "1976-02-20": "Ethiopian Martyrs' Day",
    "1976-03-12": "Prophet's Birthday (estimated)",
    "1976-04-23": "Good Friday",
    "1976-04-25": "Easter Sunday",
    "1976-05-01": "International Workers' Day",
    "1976-05-05": "Ethiopian Patriots' Victory Day",
    "1976-09-11": "Ethiopian New Year",
    "1976-09-12": "Popular Revolution Commemoration Day",
    "1976-09-24": "Eid al-Fitr (estimated)",
    "1976-09-27": "Finding of True Cross",
    "1976-11-07": "October Revolution Day",
    "1976-12-01": "Eid al-Adha (estimated)",
    "1977-01-07": "Christmas Day",
    "1977-01-19": "Epiphany",
    "1977-02-20": "Ethiopian Martyrs' Day",
    "1977-03-02": "Prophet's Birthday (estimated)",
    "1977-04-08": "Good Friday",
    "1977-04-10": "Easter Sunday",
    "1977-05-01": "International Workers' Day",
    "1977-05-05": "Ethiopian Patriots' Victory Day",
    "1977-09-11": "Ethiopian New Year",
    "1977-09-12": "Popular Revolution Commemoration Day",
    "1977-09-14": "Eid al-Fitr (estimated)",
    "1977-09-27": "Finding of True Cross",
    "1977-11-07": "October Revolution Day",
    "1977-11-21": "Eid al-Adha (estimated)",
    "1978-01-07": "Christmas Day",
    "1978-01-19": "Epiphany",
    "1978-02-19": "Prophet's Birthday (estimated)",
    "1978-02-20": "Ethiopian Martyrs' Day",
    "1978-04-28": "Good Friday",
    "1978-04-30": "Easter Sunday",
    "1978-05-01": "International Workers' Day",
    "1978-05-05": "Ethiopian Patriots' Victory Day",
    "1978-09-03": "Eid al-Fitr (estimated)",
    "1978-09-11": "Ethiopian New Year",
    "1978-09-12": "Popular Revolution Commemoration Day",
    "1978-09-27": "Finding of True Cross",
    "1978-11-07": "October Revolution Day",
    "1978-11-10": "Eid al-Adha (estimated)",
    "1979-01-07": "Christmas Day",
    "1979-01-19": "Epiphany",
    "1979-02-09": "Prophet's Birthday (estimated)",
    "1979-02-20": "Ethiopian Martyrs' Day",
    "1979-04-20": "Good Friday",
    "1979-04-22": "Easter Sunday",
    "1979-05-01": "International Workers' Day",
    "1979-05-05": "Ethiopian Patriots' Victory Day",
    "1979-08-23": "Eid al-Fitr (estimated)",
    "1979-09-12": "Ethiopian New Year",
    "1979-09-13": "Popular Revolution Commemoration Day",
    "1979-09-28": "Finding of True Cross",
    "1979-10-31": "Eid al-Adha (estimated)",
    "1979-11-07": "October Revolution Day",
    "1980-01-07": "Christmas Day",
    "1980-01-20": "Epiphany",
    "1980-01-30": "Prophet's Birthday (estimated)",
    "1980-02-20": "Ethiopian Martyrs' Day",
    "1980-04-04": "Good Friday",
    "1980-04-06": "Easter Sunday",
    "1980-05-01": "International Workers' Day",
    "1980-05-05": "Ethiopian Patriots' Victory Day",
    "1980-08-12": "Eid al-Fitr (estimated)",
    "1980-09-11": "Ethiopian New Year",
    "1980-09-12": "Popular Revolution Commemoration Day",
    "1980-09-27": "Finding of True Cross",
    "1980-10-19": "Eid al-Adha (estimated)",
    "1980-11-07": "October Revolution Day",
    "1981-01-07": "Christmas Day",
    "1981-01-18": "Prophet's Birthday (estimated)",
    "1981-01-19": "Epiphany",
    "1981-02-20": "Ethiopian Martyrs' Day",
    "1981-04-24": "Good Friday",
    "1981-04-26": "Easter Sunday",
    "1981-05-01": "International Workers' Day",
    "1981-05-05": "Ethiopian Patriots' Victory Day",
    "1981-08-01": "Eid al-Fitr (estimated)",
    "1981-09-11": "Ethiopian New Year",
    "1981-09-12": "Popular Revolution Commemoration Day",
    "1981-09-27": "Finding of True Cross",
    "1981-10-08": "Eid al-Adha (estimated)",
    "1981-11-07": "October Revolution Day",
    "1982-01-07": "Christmas Day; Prophet's Birthday (estimated)",
    "1982-01-19": "Epiphany",
    "1982-02-20": "Ethiopian Martyrs' Day",
    "1982-04-16": "Good Friday",
    "1982-04-18": "Easter Sunday",
    "1982-05-01": "International Workers' Day",
    "1982-05-05": "Ethiopian Patriots' Victory Day",
    "1982-07-21": "Eid al-Fitr (estimated)",
    "1982-09-11": "Ethiopian New Year",
    "1982-09-12": "Popular Revolution Commemoration Day",
    "1982-09-27": "Eid al-Adha (estimated); Finding of True Cross",
    "1982-11-07": "October Revolution Day",
    "1982-12-27": "Prophet's Birthday (estimated)",
    "1983-01-07": "Christmas Day",
    "1983-01-19": "Epiphany",
    "1983-02-20": "Ethiopian Martyrs' Day",
    "1983-05-01": "International Workers' Day",
    "1983-05-05": "Ethiopian Patriots' Victory Day",
    "1983-05-06": "Good Friday",
    "1983-05-08": "Easter Sunday",
    "1983-07-11": "Eid al-Fitr (estimated)",
    "1983-09-12": "Ethiopian New Year",
    "1983-09-13": "Popular Revolution Commemoration Day",
    "1983-09-17": "Eid al-Adha (estimated)",
    "1983-09-28": "Finding of True Cross",
    "1983-11-07": "October Revolution Day",
    "1983-12-16": "Prophet's Birthday (estimated)",
    "1984-01-07": "Christmas Day",
    "1984-01-20": "Epiphany",
    "1984-02-20": "Ethiopian Martyrs' Day",
    "1984-04-20": "Good Friday",
    "1984-04-22": "Easter Sunday",
    "1984-05-01": "International Workers' Day",
    "1984-05-05": "Ethiopian Patriots' Victory Day",
    "1984-06-30": "Eid al-Fitr (estimated)",
    "1984-09-05": "Eid al-Adha (estimated)",
    "1984-09-11": "Ethiopian New Year",
    "1984-09-12": "Popular Revolution Commemoration Day",
    "1984-09-27": "Finding of True Cross",
    "1984-11-07": "October Revolution Day",
    "1984-12-04": "Prophet's Birthday (estimated)",
    "1985-01-07": "Christmas Day",
    "1985-01-19": "Epiphany",
    "1985-02-20": "Ethiopian Martyrs' Day",
    "1985-04-12": "Good Friday",
    "1985-04-14": "Easter Sunday",
    "1985-05-01": "International Workers' Day",
    "1985-05-05": "Ethiopian Patriots' Victory Day",
    "1985-06-19": "Eid al-Fitr (estimated)",
    "1985-08-26": "Eid al-Adha (estimated)",
    "1985-09-11": "Ethiopian New Year",
    "1985-09-12": "Popular Revolution Commemoration Day",
    "1985-09-27": "Finding of True Cross",
    "1985-11-07": "October Revolution Day",
    "1985-11-24": "Prophet's Birthday (estimated)",
    "1986-01-07": "Christmas Day",
    "1986-01-19": "Epiphany",
    "1986-02-20": "Ethiopian Martyrs' Day",
    "1986-05-01": "International Workers' Day",
    "1986-05-02": "Good Friday",
    "1986-05-04": "Easter Sunday",
    "1986-05-05": "Ethiopian Patriots' Victory Day",
    "1986-06-08": "Eid al-Fitr (estimated)",
    "1986-08-15": "Eid al-Adha (estimated)",
    "1986-09-11": "Ethiopian New Year",
    "1986-09-12": "Popular Revolution Commemoration Day",
    "1986-09-27": "Finding of True Cross",
    "1986-11-07": "October Revolution Day",
    "1986-11-14": "Prophet's Birthday (estimated)",
    "1987-01-07": "Christmas Day",
    "1987-01-19": "Epiphany",
    "1987-02-20": "Ethiopian Martyrs' Day",
    "1987-04-17": "Good Friday",
    "1987-04-19": "Easter Sunday",
    "1987-05-01": "International Workers' Day",
    "1987-05-05": "Ethiopian Patriots' Victory Day",
    "1987-05-28": "Eid al-Fitr (estimated)",
    "1987-08-04": "Eid al-Adha (estimated)",
    "1987-09-12": "Ethiopian New Year",
    "1987-09-13": "Popular Revolution Commemoration Day",
    "1987-09-28": "Finding of True Cross",
    "1987-11-03": "Prophet's Birthday (estimated)",
    "1987-11-07": "October Revolution Day",
    "1988-01-07": "Christmas Day",
    "1988-01-20": "Epiphany",
    "1988-02-20": "Ethiopian Martyrs' Day",
    "1988-04-08": "Good Friday",
    "1988-04-10": "Easter Sunday",
    "1988-05-01": "International Workers' Day",
    "1988-05-05": "Ethiopian Patriots' Victory Day",
    "1988-05-16": "Eid al-Fitr (estimated)",
    "1988-07-23": "Eid al-Adha (estimated)",
    "1988-09-11": "Ethiopian New Year",
    "1988-09-12": "Popular Revolution Commemoration Day",
    "1988-09-27": "Finding of True Cross",
    "1988-10-22": "Prophet's Birthday (estimated)",
    "1988-11-07": "October Revolution Day",
    "1989-01-07": "Christmas Day",
    "1989-01-19": "Epiphany",
    "1989-02-20": "Ethiopian Martyrs' Day",
    "1989-04-28": "Good Friday",
    "1989-04-30": "Easter Sunday",
    "1989-05-01": "International Workers' Day",
    "1989-05-05": "Ethiopian Patriots' Victory Day",
    "1989-05-06": "Eid al-Fitr (estimated)",
    "1989-07-13": "Eid al-Adha (estimated)",
    "1989-09-11": "Ethiopian New Year",
    "1989-09-12": "Popular Revolution Commemoration Day",
    "1989-09-27": "Finding of True Cross",
    "1989-10-11": "Prophet's Birthday (estimated)",
    "1989-11-07": "October Revolution Day",
    "1990-01-07": "Christmas Day",
    "1990-01-19": "Epiphany",
    "1990-02-20": "Ethiopian Martyrs' Day",
    "1990-04-13": "Good Friday",
    "1990-04-15": "Easter Sunday",
    "1990-04-26": "Eid al-Fitr (estimated)",
    "1990-05-01": "International Workers' Day",
    "1990-05-05": "Ethiopian Patriots' Victory Day",
    "1990-07-02": "Eid al-Adha (estimated)",
    "1990-09-11": "Ethiopian New Year",
    "1990-09-12": "Popular Revolution Commemoration Day",
    "1990-09-27": "Finding of True Cross",
    "1990-10-01": "Prophet's Birthday (estimated)",
    "1990-11-07": "October Revolution Day",
    "1991-01-07": "Christmas Day",
    "1991-01-19": "Epiphany",
    "1991-02-20": "Ethiopian Martyrs' Day",
    "1991-04-05": "Good Friday",
    "1991-04-07": "Easter Sunday",
    "1991-04-15": "Eid al-Fitr (estimated)",
    "1991-05-01": "International Workers' Day",
    "1991-05-05": "Ethiopian Patriots' Victory Day",
    "1991-06-22": "Eid al-Adha (estimated)",
    "1991-09-12": "Ethiopian New Year",
    "1991-09-20": "Prophet's Birthday (estimated)",
    "1991-09-28": "Finding of True Cross",
    "1992-01-07": "Christmas Day",
    "1992-01-20": "Epiphany",
    "1992-02-20": "Ethiopian Martyrs' Day",
    "1992-04-04": "Eid al-Fitr (estimated)",
    "1992-04-24": "Good Friday",
    "1992-04-26": "Easter Sunday",
    "1992-05-01": "International Workers' Day",
    "1992-05-05": "Ethiopian Patriots' Victory Day",
    "1992-05-28": "Downfall of the Dergue Regime Day",
    "1992-06-11": "Eid al-Adha (estimated)",
    "1992-09-09": "Prophet's Birthday (estimated)",
    "1992-09-11": "Ethiopian New Year",
    "1992-09-27": "Finding of True Cross",
    "1993-01-07": "Christmas Day",
    "1993-01-19": "Epiphany",
    "1993-02-20": "Ethiopian Martyrs' Day",
    "1993-03-24": "Eid al-Fitr (estimated)",
    "1993-04-16": "Good Friday",
    "1993-04-18": "Easter Sunday",
    "1993-05-01": "International Workers' Day",
    "1993-05-05": "Ethiopian Patriots' Victory Day",
    "1993-05-28": "Downfall of the Dergue Regime Day",
    "1993-05-31": "Eid al-Adha (estimated)",
    "1993-08-29": "Prophet's Birthday (estimated)",
    "1993-09-11": "Ethiopian New Year",
    "1993-09-27": "Finding of True Cross",
    "1994-01-07": "Christmas Day",
    "1994-01-19": "Epiphany",
    "1994-02-20": "Ethiopian Martyrs' Day",
    "1994-03-13": "Eid al-Fitr (estimated)",
    "1994-04-29": "Good Friday",
    "1994-05-01": "Easter Sunday; International Workers' Day",
    "1994-05-05": "Ethiopian Patriots' Victory Day",
    "1994-05-20": "Eid al-Adha (estimated)",
    "1994-05-28": "Downfall of the Dergue Regime Day",
    "1994-08-19": "Prophet's Birthday (estimated)",
    "1994-09-11": "Ethiopian New Year",
    "1994-09-27": "Finding of True Cross",
    "1995-01-07": "Christmas Day",
    "1995-01-19": "Epiphany",
    "1995-02-20": "Ethiopian Martyrs' Day",
    "1995-03-02": "Eid al-Fitr (estimated)",
    "1995-04-21": "Good Friday",
    "1995-04-23": "Easter Sunday",
    "1995-05-01": "International Workers' Day",
    "1995-05-05": "Ethiopian Patriots' Victory Day",
    "1995-05-09": "Eid al-Adha (estimated)",
    "1995-05-28": "Downfall of the Dergue Regime Day",
    "1995-08-08": "Prophet's Birthday (estimated)",
    "1995-09-12": "Ethiopian New Year",
    "1995-09-28": "Finding of True Cross",
    "1996-01-07": "Christmas Day",
    "1996-01-20": "Epiphany",
    "1996-02-19": "Eid al-Fitr (estimated)",
    "1996-02-20": "Ethiopian Martyrs' Day",
    "1996-03-02": "Adwa Victory Day",
    "1996-04-12": "Good Friday",
    "1996-04-14": "Easter Sunday",
    "1996-04-27": "Eid al-Adha (estimated)",
    "1996-05-01": "International Workers' Day",
    "1996-05-05": "Ethiopian Patriots' Victory Day",
    "1996-05-28": "Downfall of the Dergue Regime Day",
    "1996-07-27": "Prophet's Birthday (estimated)",
    "1996-09-11": "Ethiopian New Year",
    "1996-09-27": "Finding of True Cross",
    "1997-01-07": "Christmas Day",
    "1997-01-19": "Epiphany",
    "1997-02-08": "Eid al-Fitr (estimated)",
    "1997-02-20": "Ethiopian Martyrs' Day",
    "1997-03-02": "Adwa Victory Day",
    "1997-04-17": "Eid al-Adha (estimated)",
    "1997-04-25": "Good Friday",
    "1997-04-27": "Easter Sunday",
    "1997-05-01": "International Workers' Day",
    "1997-05-05": "Ethiopian Patriots' Victory Day",
    "1997-05-28": "Downfall of the Dergue Regime Day",
    "1997-07-16": "Prophet's Birthday (estimated)",
    "1997-09-11": "Ethiopian New Year",
    "1997-09-27": "Finding of True Cross",
    "1998-01-07": "Christmas Day",
    "1998-01-19": "Epiphany",
    "1998-01-29": "Eid al-Fitr (estimated)",
    "1998-02-20": "Ethiopian Martyrs' Day",
    "1998-03-02": "Adwa Victory Day",
    "1998-04-07": "Eid al-Adha (estimated)",
    "1998-04-17": "Good Friday",
    "1998-04-19": "Easter Sunday",
    "1998-05-01": "International Workers' Day",
    "1998-05-05": "Ethiopian Patriots' Victory Day",
    "1998-05-28": "Downfall of the Dergue Regime Day",
    "1998-07-06": "Prophet's Birthday (estimated)",
    "1998-09-11": "Ethiopian New Year",
    "1998-09-27": "Finding of True Cross",
    "1999-01-07": "Christmas Day",
    "1999-01-18": "Eid al-Fitr (estimated)",
    "1999-01-19": "Epiphany",
    "1999-02-20": "Ethiopian Martyrs' Day",
    "1999-03-02": "Adwa Victory Day",
    "1999-03-27": "Eid al-Adha (estimated)",
    "1999-04-09": "Good Friday",
    "1999-04-11": "Easter Sunday",
    "1999-05-01": "International Workers' Day",
    "1999-05-05": "Ethiopian Patriots' Victory Day",
    "1999-05-28": "Downfall of the Dergue Regime Day",
    "1999-06-26": "Prophet's Birthday (estimated)",
    "1999-09-12": "Ethiopian New Year",
    "1999-09-28": "Finding of True Cross",
    "2000-01-07": "Christmas Day",
    "2000-01-08": "Eid al-Fitr (estimated)",
    "2000-01-20": "Epiphany",
    "2000-02-20": "Ethiopian Martyrs' Day",
    "2000-03-02": "Adwa Victory Day",
    "2000-03-16": "Eid al-Adha (estimated)",
    "2000-04-28": "Good Friday",
    "2000-04-30": "Easter Sunday",
    "2000-05-01": "International Workers' Day",
    "2000-05-05": "Ethiopian Patriots' Victory Day",
    "2000-05-28": "Downfall of the Dergue Regime Day",
    "2000-06-14": "Prophet's Birthday (estimated)",
    "2000-09-11": "Ethiopian New Year",
    "2000-09-27": "Finding of True Cross",
    "2000-12-27": "Eid al-Fitr (estimated)",
    "2001-01-07": "Christmas Day",
    "2001-01-19": "Epiphany",
    "2001-02-20": "Ethiopian Martyrs' Day",
    "2001-03-02": "Adwa Victory Day",
    "2001-03-05": "Eid al-Adha (estimated)",
    "2001-04-13": "Good Friday",
    "2001-04-15": "Easter Sunday",
    "2001-05-01": "International Workers' Day",
    "2001-05-05": "Ethiopian Patriots' Victory Day",
    "2001-05-28": "Downfall of the Dergue Regime Day",
    "2001-06-04": "Prophet's Birthday (estimated)",
    "2001-09-11": "Ethiopian New Year",
    "2001-09-27": "Finding of True Cross",
    "2001-12-16": "Eid al-Fitr (estimated)",
    "2002-01-07": "Christmas Day",
    "2002-01-19": "Epiphany",
    "2002-02-20": "Ethiopian Martyrs' Day",
    "2002-02-22": "Eid al-Adha (estimated)",
    "2002-03-02": "Adwa Victory Day",
    "2002-05-01": "International Workers' Day",
    "2002-05-03": "Good Friday",
    "2002-05-05": "Easter Sunday; Ethiopian Patriots' Victory Day",
    "2002-05-24": "Prophet's Birthday (estimated)",
    "2002-05-28": "Downfall of the Dergue Regime Day",
    "2002-09-11": "Ethiopian New Year",
    "2002-09-27": "Finding of True Cross",
    "2002-12-05": "Eid al-Fitr (estimated)",
    "2003-01-07": "Christmas Day",
    "2003-01-19": "Epiphany",
    "2003-02-11": "Eid al-Adha (estimated)",
    "2003-02-20": "Ethiopian Martyrs' Day",
    "2003-03-02": "Adwa Victory Day",
    "2003-04-25": "Good Friday",
    "2003-04-27": "Easter Sunday",
    "2003-05-01": "International Workers' Day",
    "2003-05-05": "Ethiopian Patriots' Victory Day",
    "2003-05-13": "Prophet's Birthday (estimated)",
    "2003-05-28": "Downfall of the Dergue Regime Day",
    "2003-09-12": "Ethiopian New Year",
    "2003-09-28": "Finding of True Cross",
    "2003-11-25": "Eid al-Fitr (estimated)",
    "2004-01-07": "Christmas Day",
    "2004-01-20": "Epiphany",
    "2004-02-01": "Eid al-Adha (estimated)",
    "2004-02-20": "Ethiopian Martyrs' Day",
    "2004-03-02": "Adwa Victory Day",
    "2004-04-09": "Good Friday",
    "2004-04-11": "Easter Sunday",
    "2004-05-01": "International Workers' Day; Prophet's Birthday (estimated)",
    "2004-05-05": "Ethiopian Patriots' Victory Day",
    "2004-05-28": "Downfall of the Dergue Regime Day",
    "2004-09-11": "Ethiopian New Year",
    "2004-09-27": "Finding of True Cross",
    "2004-11-14": "Eid al-Fitr (estimated)",
    "2005-01-07": "Christmas Day",
    "2005-01-19": "Epiphany",
    "2005-01-21": "Eid al-Adha (estimated)",
    "2005-02-20": "Ethiopian Martyrs' Day",
    "2005-03-02": "Adwa Victory Day",
    "2005-04-21": "Prophet's Birthday (estimated)",
    "2005-04-29": "Good Friday",
    "2005-05-01": "Easter Sunday; International Workers' Day",
    "2005-05-05": "Ethiopian Patriots' Victory Day",
    "2005-05-28": "Downfall of the Dergue Regime Day",
    "2005-09-11": "Ethiopian New Year",
    "2005-09-27": "Finding of True Cross",
    "2005-11-03": "Eid al-Fitr (estimated)",
    "2006-01-07": "Christmas Day",
    "2006-01-10": "Eid al-Adha (estimated)",
    "2006-01-19": "Epiphany",
    "2006-02-20": "Ethiopian Martyrs' Day",
    "2006-03-02": "Adwa Victory Day",
    "2006-04-10": "Prophet's Birthday (estimated)",
    "2006-04-21": "Good Friday",
    "2006-04-23": "Easter Sunday",
    "2006-05-01": "International Workers' Day",
    "2006-05-05": "Ethiopian Patriots' Victory Day",
    "2006-05-28": "Downfall of the Dergue Regime Day",
    "2006-09-11": "Ethiopian New Year",
    "2006-09-27": "Finding of True Cross",
    "2006-10-23": "Eid al-Fitr (estimated)",
    "2006-12-09": "Nations, Nationalities and Peoples Day",
    "2006-12-31": "Eid al-Adha (estimated)",
    "2007-01-07": "Christmas Day",
    "2007-01-19": "Epiphany",
    "2007-02-20": "Ethiopian Martyrs' Day",
    "2007-03-02": "Adwa Victory Day",
    "2007-03-31": "Prophet's Birthday (estimated)",
    "2007-04-06": "Good Friday",
    "2007-04-08": "Easter Sunday",
    "2007-05-01": "International Workers' Day",
    "2007-05-05": "Ethiopian Patriots' Victory Day",
    "2007-05-28": "Downfall of the Dergue Regime Day",
    "2007-09-12": "Ethiopian New Year",
    "2007-09-28": "Finding of True Cross",
    "2007-10-13": "Eid al-Fitr (estimated)",
    "2007-12-09": "Nations, Nationalities and Peoples Day",
    "2007-12-20": "Eid al-Adha (estimated)",
    "2008-01-07": "Christmas Day",
    "2008-01-20": "Epiphany",
    "2008-02-20": "Ethiopian Martyrs' Day",
    "2008-03-02": "Adwa Victory Day",
    "2008-03-20": "Prophet's Birthday (estimated)",
    "2008-04-25": "Good Friday",
    "2008-04-27": "Easter Sunday",
    "2008-05-01": "International Workers' Day",
    "2008-05-05": "Ethiopian Patriots' Victory Day",
    "2008-05-28": "Downfall of the Dergue Regime Day",
    "2008-09-11": "Ethiopian New Year",
    "2008-09-27": "Finding of True Cross",
    "2008-10-01": "Eid al-Fitr (estimated)",
    "2008-12-08": "Eid al-Adha (estimated)",
    "2008-12-09": "Nations, Nationalities and Peoples Day",
    "2009-01-07": "Christmas Day",
    "2009-01-19": "Epiphany",
    "2009-02-20": "Ethiopian Martyrs' Day",
    "2009-03-02": "Adwa Victory Day",
    "2009-03-09": "Prophet's Birthday (estimated)",
    "2009-04-17": "Good Friday",
    "2009-04-19": "Easter Sunday",
    "2009-05-01": "International Workers' Day",
    "2009-05-05": "Ethiopian Patriots' Victory Day",
    "2009-05-28": "Downfall of the Dergue Regime Day",
    "2009-09-11": "Ethiopian New Year",
    "2009-09-20": "Eid al-Fitr (estimated)",
    "2009-09-27": "Finding of True Cross",
    "2009-11-27": "Eid al-Adha (estimated)",
    "2009-12-09": "Nations, Nationalities and Peoples Day",
    "2010-01-07": "Christmas Day",
    "2010-01-19": "Epiphany",
    "2010-02-20": "Ethiopian Martyrs' Day",
    "2010-02-26": "Prophet's Birthday (estimated)",
    "2010-03-02": "Adwa Victory Day",
    "2010-04-02": "Good Friday",
    "2010-04-04": "Easter Sunday",
    "2010-05-01": "International Workers' Day",
    "2010-05-05": "Ethiopian Patriots' Victory Day",
    "2010-05-28": "Downfall of the Dergue Regime Day",
    "2010-09-10": "Eid al-Fitr (estimated)",
    "2010-09-11": "Ethiopian New Year",
    "2010-09-27": "Finding of True Cross",
    "2010-11-16": "Eid al-Adha (estimated)",
    "2010-12-09": "Nations, Nationalities and Peoples Day",
    "2011-01-07": "Christmas Day",
    "2011-01-19": "Epiphany",
    "2011-02-15": "Prophet's Birthday (estimated)",
    "2011-02-20": "Ethiopian Martyrs' Day",
    "2011-03-02": "Adwa Victory Day",
    "2011-04-22": "Good Friday",
    "2011-04-24": "Easter Sunday",
    "2011-05-01": "International Workers' Day",
    "2011-05-05": "Ethiopian Patriots' Victory Day",
    "2011-05-28": "Downfall of the Dergue Regime Day",
    "2011-08-30": "Eid al-Fitr (estimated)",
    "2011-09-12": "Ethiopian New Year",
    "2011-09-28": "Finding of True Cross",
    "2011-11-06": "Eid al-Adha (estimated)",
    "2011-12-09": "Nations, Nationalities and Peoples Day",
    "2012-01-07": "Christmas Day",
    "2012-01-20": "Epiphany",
    "2012-02-04": "Prophet's Birthday (estimated)",
    "2012-02-20": "Ethiopian Martyrs' Day",
    "2012-03-02": "Adwa Victory Day",
    "2012-04-13": "Good Friday",
    "2012-04-15": "Easter Sunday",
    "2012-05-01": "International Workers' Day",
    "2012-05-05": "Ethiopian Patriots' Victory Day",
    "2012-05-28": "Downfall of the Dergue Regime Day",
    "2012-08-19": "Eid al-Fitr (estimated)",
    "2012-09-11": "Ethiopian New Year",
    "2012-09-27": "Finding of True Cross",
    "2012-10-26": "Eid al-Adha (estimated)",
    "2012-12-09": "Nations, Nationalities and Peoples Day",
    "2013-01-07": "Christmas Day",
    "2013-01-19": "Epiphany",
    "2013-01-24": "Prophet's Birthday (estimated)",
    "2013-02-20": "Ethiopian Martyrs' Day",
    "2013-03-02": "Adwa Victory Day",
    "2013-05-01": "International Workers' Day",
    "2013-05-03": "Good Friday",
    "2013-05-05": "Easter Sunday; Ethiopian Patriots' Victory Day",
    "2013-05-28": "Downfall of the Dergue Regime Day",
    "2013-08-08": "Eid al-Fitr (estimated)",
    "2013-09-11": "Ethiopian New Year",
    "2013-09-27": "Finding of True Cross",
    "2013-10-15": "Eid al-Adha (estimated)",
    "2013-12-09": "Nations, Nationalities and Peoples Day",
    "2014-01-07": "Christmas Day",
    "2014-01-13": "Prophet's Birthday (estimated)",
    "2014-01-19": "Epiphany",
    "2014-02-20": "Ethiopian Martyrs' Day",
    "2014-03-02": "Adwa Victory Day",
    "2014-04-18": "Good Friday",
    "2014-04-20": "Easter Sunday",
    "2014-05-01": "International Workers' Day",
    "2014-05-05": "Ethiopian Patriots' Victory Day",
    "2014-05-28": "Downfall of the Dergue Regime Day",
    "2014-07-28": "Eid al-Fitr (estimated)",
    "2014-09-11": "Ethiopian New Year",
    "2014-09-27": "Finding of True Cross",
    "2014-10-04": "Eid al-Adha (estimated)",
    "2014-12-09": "Nations, Nationalities and Peoples Day",
    "2015-01-03": "Prophet's Birthday (estimated)",
    "2015-01-07": "Christmas Day",
    "2015-01-19": "Epiphany",
    "2015-02-20": "Ethiopian Martyrs' Day",
    "2015-03-02": "Adwa Victory Day",
    "2015-04-10": "Good Friday",
    "2015-04-12": "Easter Sunday",
    "2015-05-01": "International Workers' Day",
    "2015-05-05": "Ethiopian Patriots' Victory Day",
    "2015-05-28": "Downfall of the Dergue Regime Day",
    "2015-07-17": "Eid al-Fitr (estimated)",
    "2015-09-12": "Ethiopian New Year",
    "2015-09-23": "Eid al-Adha (estimated)",
    "2015-09-28": "Finding of True Cross",
    "2015-12-09": "Nations, Nationalities and Peoples Day",
    "2015-12-23": "Prophet's Birthday (estimated)",
    "2016-01-07": "Christmas Day",
    "2016-01-20": "Epiphany",
    "2016-02-20": "Ethiopian Martyrs' Day",
    "2016-03-02": "Adwa Victory Day",
    "2016-04-29": "Good Friday",
    "2016-05-01": "Easter Sunday; International Workers' Day",
    "2016-05-05": "Ethiopian Patriots' Victory Day",
    "2016-05-28": "Downfall of the Dergue Regime Day",
    "2016-07-06": "Eid al-Fitr (estimated)",
    "2016-09-11": "Eid al-Adha (estimated); Ethiopian New Year",
    "2016-09-27": "Finding of True Cross",
    "2016-12-09": "Nations, Nationalities and Peoples Day",
    "2016-12-11": "Prophet's Birthday (estimated)",
    "2017-01-07": "Christmas Day",
    "2017-01-19": "Epiphany",
    "2017-02-20": "Ethiopian Martyrs' Day",
    "2017-03-02": "Adwa Victory Day",
    "2017-04-14": "Good Friday",
    "2017-04-16": "Easter Sunday",
    "2017-05-01": "International Workers' Day",
    "2017-05-05": "Ethiopian Patriots' Victory Day",
    "2017-05-28": "Downfall of the Dergue Regime Day",
    "2017-06-25": "Eid al-Fitr (estimated)",
    "2017-09-01": "Eid al-Adha (estimated)",
    "2017-09-11": "Ethiopian New Year",
    "2017-09-27": "Finding of True Cross",
    "2017-11-30": "Prophet's Birthday (estimated)",
    "2017-12-09": "Nations, Nationalities and Peoples Day",
    "2018-01-07": "Christmas Day",
    "2018-01-19": "Epiphany",
    "2018-02-20": "Ethiopian Martyrs' Day",
    "2018-03-02": "Adwa Victory Day",
    "2018-04-06": "Good Friday",
    "2018-04-08": "Easter Sunday",
    "2018-05-01": "International Workers' Day",
    "2018-05-05": "Ethiopian Patriots' Victory Day",
    "2018-05-28": "Downfall of the Dergue Regime Day",
    "2018-06-15": "Eid al-Fitr",
    "2018-08-22": "Eid al-Adha",
    "2018-09-11": "Ethiopian New Year",
    "2018-09-27": "Finding of True Cross",
    "2018-11-21": "Prophet's Birthday",
    "2018-12-09": "Nations, Nationalities and Peoples Day",
    "2019-01-07": "Christmas Day",
    "2019-01-19": "Epiphany",
    "2019-02-20": "Ethiopian Martyrs' Day",
    "2019-03-02": "Adwa Victory Day",
    "2019-04-26": "Good Friday",
    "2019-04-28": "Easter Sunday",
    "2019-05-01": "International Workers' Day",
    "2019-05-05": "Ethiopian Patriots' Victory Day",
    "2019-05-28": "Downfall of the Dergue Regime Day",
    "2019-06-04": "Eid al-Fitr",
    "2019-08-11": "Eid al-Adha",
    "2019-09-12": "Ethiopian New Year",
    "2019-09-28": "Finding of True Cross",
    "2019-11-10": "Prophet's Birthday",
    "2019-12-09": "Nations, Nationalities and Peoples Day",
    "2020-01-07": "Christmas Day",
    "2020-01-20": "Epiphany",
    "2020-02-20": "Ethiopian Martyrs' Day",
    "2020-03-02": "Adwa Victory Day",
    "2020-04-17": "Good Friday",
    "2020-04-19": "Easter Sunday",
    "2020-05-01": "International Workers' Day",
    "2020-05-05": "Ethiopian Patriots' Victory Day",
    "2020-05-24": "Eid al-Fitr",
    "2020-05-28": "Downfall of the Dergue Regime Day",
    "2020-07-31": "Eid al-Adha",
    "2020-09-11": "Ethiopian New Year",
    "2020-09-27": "Finding of True Cross",
    "2020-10-29": "Prophet's Birthday",
    "2020-12-09": "Nations, Nationalities and Peoples Day",
    "2021-01-07": "Christmas Day",
    "2021-01-19": "Epiphany",
    "2021-02-20": "Ethiopian Martyrs' Day",
    "2021-03-02": "Adwa Victory Day",
    "2021-04-30": "Good Friday",
    "2021-05-01": "International Workers' Day",
    "2021-05-02": "Easter Sunday",
    "2021-05-05": "Ethiopian Patriots' Victory Day",
    "2021-05-13": "Eid al-Fitr",
    "2021-05-28": "Downfall of the Dergue Regime Day",
    "2021-07-20": "Eid al-Adha",
    "2021-09-11": "Ethiopian New Year",
    "2021-09-27": "Finding of True Cross",
    "2021-10-18": "Prophet's Birthday",
    "2021-12-09": "Nations, Nationalities and Peoples Day",
    "2022-01-07": "Christmas Day",
    "2022-01-19": "Epiphany",
    "2022-02-20": "Ethiopian Martyrs' Day",
    "2022-03-02": "Adwa Victory Day",
    "2022-04-22": "Good Friday",
    "2022-04-24": "Easter Sunday",
    "2022-05-01": "International Workers' Day",
    "2022-05-02": "Eid al-Fitr",
    "2022-05-05": "Ethiopian Patriots' Victory Day",
    "2022-05-28": "Downfall of the Dergue Regime Day",
    "2022-07-09": "Eid al-Adha",
    "2022-09-11": "Ethiopian New Year",
    "2022-09-27": "Finding of True Cross",
    "2022-10-08": "Prophet's Birthday",
    "2022-12-09": "Nations, Nationalities and Peoples Day",
    "2023-01-07": "Christmas Day",
    "2023-01-19": "Epiphany",
    "2023-02-20": "Ethiopian Martyrs' Day",
    "2023-03-02": "Adwa Victory Day",
    "2023-04-14": "Good Friday",
    "2023-04-16": "Easter Sunday",
    "2023-04-21": "Eid al-Fitr",
    "2023-05-01": "International Workers' Day",
    "2023-05-05": "Ethiopian Patriots' Victory Day",
    "2023-05-28": "Downfall of the Dergue Regime Day",
    "2023-06-28": "Eid al-Adha",
    "2023-09-12": "Ethiopian New Year",
    "2023-09-27": "Prophet's Birthday",
    "2023-09-28": "Finding of True Cross",
    "2023-12-09": "Nations, Nationalities and Peoples Day",
    "2024-01-07": "Christmas Day",
    "2024-01-20": "Epiphany",
    "2024-02-20": "Ethiopian Martyrs' Day",
    "2024-03-02": "Adwa Victory Day",
    "2024-04-10": "Eid al-Fitr",
    "2024-05-01": "International Workers' Day",
    "2024-05-03": "Good Friday",
    "2024-05-05": "Easter Sunday; Ethiopian Patriots' Victory Day",
    "2024-05-28": "Downfall of the Dergue Regime Day",
    "2024-06-16": "Eid al-Adha",
    "2024-09-11": "Ethiopian New Year",
    "2024-09-15": "Prophet's Birthday",
    "2024-09-27": "Finding of True Cross",
    "2024-12-09": "Nations, Nationalities and Peoples Day",
    "2025-01-07": "Christmas Day",
    "2025-01-19": "Epiphany",
    "2025-02-20": "Ethiopian Martyrs' Day",
    "2025-03-02": "Adwa Victory Day",
    "2025-03-30": "Eid al-Fitr",
    "2025-04-18": "Good Friday",
    "2025-04-20": "Easter Sunday",
    "2025-05-01": "International Workers' Day",
    "2025-05-05": "Ethiopian Patriots' Victory Day",
    "2025-05-28": "Downfall of the Dergue Regime Day",
    "2025-06-06": "Eid al-Adha",
    "2025-09-05": "Prophet's Birthday",
    "2025-09-11": "Ethiopian New Year",
    "2025-09-27": "Finding of True Cross",
    "2025-12-09": "Nations, Nationalities and Peoples Day",
    "2026-01-07": "Christmas Day",
    "2026-01-19": "Epiphany",
    "2026-02-20": "Ethiopian Martyrs' Day",
    "2026-03-02": "Adwa Victory Day",
    "2026-03-20": "Eid al-Fitr (estimated)",
    "2026-04-10": "Good Friday",
    "2026-04-12": "Easter Sunday",
    "2026-05-01": "International Workers' Day",
    "2026-05-05": "Ethiopian Patriots' Victory Day",
    "2026-05-27": "Eid al-Adha (estimated)",
    "2026-05-28": "Downfall of the Dergue Regime Day",
    "2026-08-25": "Prophet's Birthday (estimated)",
    "2026-09-11": "Ethiopian New Year",
    "2026-09-27": "Finding of True Cross",
    "2026-12-09": "Nations, Nationalities and Peoples Day",
    "2027-01-07": "Christmas Day",
    "2027-01-19": "Epiphany",
    "2027-02-20": "Ethiopian Martyrs' Day",
    "2027-03-02": "Adwa Victory Day",
    "2027-03-09": "Eid al-Fitr (estimated)",
    "2027-04-30": "Good Friday",
    "2027-05-01": "International Workers' Day",
    "2027-05-02": "Easter Sunday",
    "2027-05-05": "Ethiopian Patriots' Victory Day",
    "2027-05-16": "Eid al-Adha (estimated)",
    "2027-05-28": "Downfall of the Dergue Regime Day",
    "2027-08-14": "Prophet's Birthday (estimated)",
    "2027-09-12": "Ethiopian New Year",
    "2027-09-28": "Finding of True Cross",
    "2027-12-09": "Nations, Nationalities and Peoples Day",
    "2028-01-07": "Christmas Day",
    "2028-01-20": "Epiphany",
    "2028-02-20": "Ethiopian Martyrs' Day",
    "2028-02-26": "Eid al-Fitr (estimated)",
    "2028-03-02": "Adwa Victory Day",
    "2028-04-14": "Good Friday",
    "2028-04-16": "Easter Sunday",
    "2028-05-01": "International Workers' Day",
    "2028-05-05": "Eid al-Adha (estimated); Ethiopian Patriots' Victory Day",
    "2028-05-28": "Downfall of the Dergue Regime Day",
    "2028-08-03": "Prophet's Birthday (estimated)",
    "2028-09-11": "Ethiopian New Year",
    "2028-09-27": "Finding of True Cross",
    "2028-12-09": "Nations, Nationalities and Peoples Day",
    "2029-01-07": "Christmas Day",
    "2029-01-19": "Epiphany",
    "2029-02-14": "Eid al-Fitr (estimated)",
    "2029-02-20": "Ethiopian Martyrs' Day",
    "2029-03-02": "Adwa Victory Day",
    "2029-04-06": "Good Friday",
    "2029-04-08": "Easter Sunday",
    "2029-04-24": "Eid al-Adha (estimated)",
    "2029-05-01": "International Workers' Day",
    "2029-05-05": "Ethiopian Patriots' Victory Day",
    "2029-05-28": "Downfall of the Dergue Regime Day",
    "2029-07-24": "Prophet's Birthday (estimated)",
    "2029-09-11": "Ethiopian New Year",
    "2029-09-27": "Finding of True Cross",
    "2029-12-09": "Nations, Nationalities and Peoples Day",
    "2030-01-07": "Christmas Day",
    "2030-01-19": "Epiphany",
    "2030-02-04": "Eid al-Fitr (estimated)",
    "2030-02-20": "Ethiopian Martyrs' Day",
    "2030-03-02": "Adwa Victory Day",
    "2030-04-13": "Eid al-Adha (estimated)",
    "2030-04-26": "Good Friday",
    "2030-04-28": "Easter Sunday",
    "2030-05-01": "International Workers' Day",
    "2030-05-05": "Ethiopian Patriots' Victory Day",
    "2030-05-28": "Downfall of the Dergue Regime Day",
    "2030-07-13": "Prophet's Birthday (estimated)",
    "2030-09-11": "Ethiopian New Year",
    "2030-09-27": "Finding of True Cross",
    "2030-12-09": "Nations, Nationalities and Peoples Day",
    "2031-01-07": "Christmas Day",
    "2031-01-19": "Epiphany",
    "2031-01-24": "Eid al-Fitr (estimated)",
    "2031-02-20": "Ethiopian Martyrs' Day",
    "2031-03-02": "Adwa Victory Day",
    "2031-04-02": "Eid al-Adha (estimated)",
    "2031-04-11": "Good Friday",
    "2031-04-13": "Easter Sunday",
    "2031-05-01": "International Workers' Day",
    "2031-05-05": "Ethiopian Patriots' Victory Day",
    "2031-05-28": "Downfall of the Dergue Regime Day",
    "2031-07-02": "Prophet's Birthday (estimated)",
    "2031-09-12": "Ethiopian New Year",
    "2031-09-28": "Finding of True Cross",
    "2031-12-09": "Nations, Nationalities and Peoples Day",
    "2032-01-07": "Christmas Day",
    "2032-01-14": "Eid al-Fitr (estimated)",
    "2032-01-20": "Epiphany",
    "2032-02-20": "Ethiopian Martyrs' Day",
    "2032-03-02": "Adwa Victory Day",
    "2032-03-22": "Eid al-Adha (estimated)",
    "2032-04-30": "Good Friday",
    "2032-05-01": "International Workers' Day",
    "2032-05-02": "Easter Sunday",
    "2032-05-05": "Ethiopian Patriots' Victory Day",
    "2032-05-28": "Downfall of the Dergue Regime Day",
    "2032-06-20": "Prophet's Birthday (estimated)",
    "2032-09-11": "Ethiopian New Year",
    "2032-09-27": "Finding of True Cross",
    "2032-12-09": "Nations, Nationalities and Peoples Day",
    "2033-01-02": "Eid al-Fitr (estimated)",
    "2033-01-07": "Christmas Day",
    "2033-01-19": "Epiphany",
    "2033-02-20": "Ethiopian Martyrs' Day",
    "2033-03-02": "Adwa Victory Day",
    "2033-03-11": "Eid al-Adha (estimated)",
    "2033-04-22": "Good Friday",
    "2033-04-24": "Easter Sunday",
    "2033-05-01": "International Workers' Day",
    "2033-05-05": "Ethiopian Patriots' Victory Day",
    "2033-05-28": "Downfall of the Dergue Regime Day",
    "2033-06-09": "Prophet's Birthday (estimated)",
    "2033-09-11": "Ethiopian New Year",
    "2033-09-27": "Finding of True Cross",
    "2033-12-09": "Nations, Nationalities and Peoples Day",
    "2033-12-23": "Eid al-Fitr (estimated)",
    "2034-01-07": "Christmas Day",
    "2034-01-19": "Epiphany",
    "2034-02-20": "Ethiopian Martyrs' Day",
    "2034-03-01": "Eid al-Adha (estimated)",
    "2034-03-02": "Adwa Victory Day",
    "2034-04-07": "Good Friday",
    "2034-04-09": "Easter Sunday",
    "2034-05-01": "International Workers' Day",
    "2034-05-05": "Ethiopian Patriots' Victory Day",
    "2034-05-28": "Downfall of the Dergue Regime Day",
    "2034-05-30": "Prophet's Birthday (estimated)",
    "2034-09-11": "Ethiopian New Year",
    "2034-09-27": "Finding of True Cross",
    "2034-12-09": "Nations, Nationalities and Peoples Day",
    "2034-12-12": "Eid al-Fitr (estimated)",
    "2035-01-07": "Christmas Day",
    "2035-01-19": "Epiphany",
    "2035-02-18": "Eid al-Adha (estimated)",
    "2035-02-20": "Ethiopian Martyrs' Day",
    "2035-03-02": "Adwa Victory Day",
    "2035-04-27": "Good Friday",
    "2035-04-29": "Easter Sunday",
    "2035-05-01": "International Workers' Day",
    "2035-05-05": "Ethiopian Patriots' Victory Day",
    "2035-05-20": "Prophet's Birthday (estimated)",
    "2035-05-28": "Downfall of the Dergue Regime Day",
    "2035-09-12": "Ethiopian New Year",
    "2035-09-28": "Finding of True Cross",
    "2035-12-01": "Eid al-Fitr (estimated)",
    "2035-12-09": "Nations, Nationalities and Peoples Day",
    "2036-01-07": "Christmas Day",
    "2036-01-20": "Epiphany",
    "2036-02-07": "Eid al-Adha (estimated)",
    "2036-02-20": "Ethiopian Martyrs' Day",
    "2036-03-02": "Adwa Victory Day",
    "2036-04-18": "Good Friday",
    "2036-04-20": "Easter Sunday",
    "2036-05-01": "International Workers' Day",
    "2036-05-05": "Ethiopian Patriots' Victory Day",
    "2036-05-08": "Prophet's Birthday (estimated)",
    "2036-05-28": "Downfall of the Dergue Regime Day",
    "2036-09-11": "Ethiopian New Year",
    "2036-09-27": "Finding of True Cross",
    "2036-11-19": "Eid al-Fitr (estimated)",
    "2036-12-09": "Nations, Nationalities and Peoples Day",
    "2037-01-07": "Christmas Day",
    "2037-01-19": "Epiphany",
    "2037-01-26": "Eid al-Adha (estimated)",
    "2037-02-20": "Ethiopian Martyrs' Day",
    "2037-03-02": "Adwa Victory Day",
    "2037-04-03": "Good Friday",
    "2037-04-05": "Easter Sunday",
    "2037-04-28": "Prophet's Birthday (estimated)",
    "2037-05-01": "International Workers' Day",
    "2037-05-05": "Ethiopian Patriots' Victory Day",
    "2037-05-28": "Downfall of the Dergue Regime Day",
    "2037-09-11": "Ethiopian New Year",
    "2037-09-27": "Finding of True Cross",
    "2037-11-08": "Eid al-Fitr (estimated)",
    "2037-12-09": "Nations, Nationalities and Peoples Day",
    "2038-01-07": "Christmas Day",
    "2038-01-16": "Eid al-Adha (estimated)",
    "2038-01-19": "Epiphany",
    "2038-02-20": "Ethiopian Martyrs' Day",
    "2038-03-02": "Adwa Victory Day",
    "2038-04-17": "Prophet's Birthday (estimated)",
    "2038-04-23": "Good Friday",
    "2038-04-25": "Easter Sunday",
    "2038-05-01": "International Workers' Day",
    "2038-05-05": "Ethiopian Patriots' Victory Day",
    "2038-05-28": "Downfall of the Dergue Regime Day",
    "2038-09-11": "Ethiopian New Year",
    "2038-09-27": "Finding of True Cross",
    "2038-10-29": "Eid al-Fitr (estimated)",
    "2038-12-09": "Nations, Nationalities and Peoples Day",
    "2039-01-05": "Eid al-Adha (estimated)",
    "2039-01-07": "Christmas Day",
    "2039-01-19": "Epiphany",
    "2039-02-20": "Ethiopian Martyrs' Day",
    "2039-03-02": "Adwa Victory Day",
    "2039-04-06": "Prophet's Birthday (estimated)",
    "2039-04-15": "Good Friday",
    "2039-04-17": "Easter Sunday",
    "2039-05-01": "International Workers' Day",
    "2039-05-05": "Ethiopian Patriots' Victory Day",
    "2039-05-28": "Downfall of the Dergue Regime Day",
    "2039-09-12": "Ethiopian New Year",
    "2039-09-28": "Finding of True Cross",
    "2039-10-19": "Eid al-Fitr (estimated)",
    "2039-12-09": "Nations, Nationalities and Peoples Day",
    "2039-12-26": "Eid al-Adha (estimated)",
    "2040-01-07": "Christmas Day",
    "2040-01-20": "Epiphany",
    "2040-02-20": "Ethiopian Martyrs' Day",
    "2040-03-02": "Adwa Victory Day",
    "2040-03-25": "Prophet's Birthday (estimated)",
    "2040-05-01": "International Workers' Day",
    "2040-05-04": "Good Friday",
    "2040-05-05": "Ethiopian Patriots' Victory Day",
    "2040-05-06": "Easter Sunday",
    "2040-05-28": "Downfall of the Dergue Regime Day",
    "2040-09-11": "Ethiopian New Year",
    "2040-09-27": "Finding of True Cross",
    "2040-10-07": "Eid al-Fitr (estimated)",
    "2040-12-09": "Nations, Nationalities and Peoples Day",
    "2040-12-14": "Eid al-Adha (estimated)",
    "2041-01-07": "Christmas Day",
    "2041-01-19": "Epiphany",
    "2041-02-20": "Ethiopian Martyrs' Day",
    "2041-03-02": "Adwa Victory Day",
    "2041-03-15": "Prophet's Birthday (estimated)",
    "2041-04-19": "Good Friday",
    "2041-04-21": "Easter Sunday",
    "2041-05-01": "International Workers' Day",
    "2041-05-05": "Ethiopian Patriots' Victory Day",
    "2041-05-28": "Downfall of the Dergue Regime Day",
    "2041-09-11": "Ethiopian New Year",
    "2041-09-26": "Eid al-Fitr (estimated)",
    "2041-09-27": "Finding of True Cross",
    "2041-12-04": "Eid al-Adha (estimated)",
    "2041-12-09": "Nations, Nationalities and Peoples Day",
    "2042-01-07": "Christmas Day",
    "2042-01-19": "Epiphany",
    "2042-02-20": "Ethiopian Martyrs' Day",
    "2042-03-02": "Adwa Victory Day",
    "2042-03-04": "Prophet's Birthday (estimated)",
    "2042-04-11": "Good Friday",
    "2042-04-13": "Easter Sunday",
    "2042-05-01": "International Workers' Day",
    "2042-05-05": "Ethiopian Patriots' Victory Day",
    "2042-05-28": "Downfall of the Dergue Regime Day",
    "2042-09-11": "Ethiopian New Year",
    "2042-09-15": "Eid al-Fitr (estimated)",
    "2042-09-27": "Finding of True Cross",
    "2042-11-23": "Eid al-Adha (estimated)",
    "2042-12-09": "Nations, Nationalities and Peoples Day",
    "2043-01-07": "Christmas Day",
    "2043-01-19": "Epiphany",
    "2043-02-20": "Ethiopian Martyrs' Day",
    "2043-02-22": "Prophet's Birthday (estimated)",
    "2043-03-02": "Adwa Victory Day",
    "2043-05-01": "Good Friday; International Workers' Day",
    "2043-05-03": "Easter Sunday",
    "2043-05-05": "Ethiopian Patriots' Victory Day",
    "2043-05-28": "Downfall of the Dergue Regime Day",
    "2043-09-04": "Eid al-Fitr (estimated)",
    "2043-09-12": "Ethiopian New Year",
    "2043-09-28": "Finding of True Cross",
    "2043-11-12": "Eid al-Adha (estimated)",
    "2043-12-09": "Nations, Nationalities and Peoples Day",
    "2044-01-07": "Christmas Day",
    "2044-01-20": "Epiphany",
    "2044-02-11": "Prophet's Birthday (estimated)",
    "2044-02-20": "Ethiopian Martyrs' Day",
    "2044-03-02": "Adwa Victory Day",
    "2044-04-22": "Good Friday",
    "2044-04-24": "Easter Sunday",
    "2044-05-01": "International Workers' Day",
    "2044-05-05": "Ethiopian Patriots' Victory Day",
    "2044-05-28": "Downfall of the Dergue Regime Day",
    "2044-08-24": "Eid al-Fitr (estimated)",
    "2044-09-11": "Ethiopian New Year",
    "2044-09-27": "Finding of True Cross",
    "2044-10-31": "Eid al-Adha (estimated)",
    "2044-12-09": "Nations, Nationalities and Peoples Day",
    "2045-01-07": "Christmas Day",
    "2045-01-19": "Epiphany",
    "2045-01-30": "Prophet's Birthday (estimated)",
    "2045-02-20": "Ethiopian Martyrs' Day",
    "2045-03-02": "Adwa Victory Day",
    "2045-04-07": "Good Friday",
    "2045-04-09": "Easter Sunday",
    "2045-05-01": "International Workers' Day",
    "2045-05-05": "Ethiopian Patriots' Victory Day",
    "2045-05-28": "Downfall of the Dergue Regime Day",
    "2045-08-14": "Eid al-Fitr (estimated)",
    "2045-09-11": "Ethiopian New Year",
    "2045-09-27": "Finding of True Cross",
    "2045-10-21": "Eid al-Adha (estimated)",
    "2045-12-09": "Nations, Nationalities and Peoples Day",
    "2046-01-07": "Christmas Day",
    "2046-01-19": "Epiphany; Prophet's Birthday (estimated)",
    "2046-02-20": "Ethiopian Martyrs' Day",
    "2046-03-02": "Adwa Victory Day",
    "2046-04-27": "Good Friday",
    "2046-04-29": "Easter Sunday",
    "2046-05-01": "International Workers' Day",
    "2046-05-05": "Ethiopian Patriots' Victory Day",
    "2046-05-28": "Downfall of the Dergue Regime Day",
    "2046-08-03": "Eid al-Fitr (estimated)",
    "2046-09-11": "Ethiopian New Year",
    "2046-09-27": "Finding of True Cross",
    "2046-10-10": "Eid al-Adha (estimated)",
    "2046-12-09": "Nations, Nationalities and Peoples Day",
    "2047-01-07": "Christmas Day",
    "2047-01-08": "Prophet's Birthday (estimated)",
    "2047-01-19": "Epiphany",
    "2047-02-20": "Ethiopian Martyrs' Day",
    "2047-03-02": "Adwa Victory Day",
    "2047-04-19": "Good Friday",
    "2047-04-21": "Easter Sunday",
    "2047-05-01": "International Workers' Day",
    "2047-05-05": "Ethiopian Patriots' Victory Day",
    "2047-05-28": "Downfall of the Dergue Regime Day",
    "2047-07-24": "Eid al-Fitr (estimated)",
    "2047-09-12": "Ethiopian New Year",
    "2047-09-28": "Finding of True Cross",
    "2047-09-30": "Eid al-Adha (estimated)",
    "2047-12-09": "Nations, Nationalities and Peoples Day",
    "2047-12-29": "Prophet's Birthday (estimated)",
    "2048-01-07": "Christmas Day",
    "2048-01-20": "Epiphany",
    "2048-02-20": "Ethiopian Martyrs' Day",
    "2048-03-02": "Adwa Victory Day",
    "2048-04-03": "Good Friday",
    "2048-04-05": "Easter Sunday",
    "2048-05-01": "International Workers' Day",
    "2048-05-05": "Ethiopian Patriots' Victory Day",
    "2048-05-28": "Downfall of the Dergue Regime Day",
    "2048-07-12": "Eid al-Fitr (estimated)",
    "2048-09-11": "Ethiopian New Year",
    "2048-09-19": "Eid al-Adha (estimated)",
    "2048-09-27": "Finding of True Cross",
    "2048-12-09": "Nations, Nationalities and Peoples Day",
    "2048-12-18": "Prophet's Birthday (estimated)",
    "2049-01-07": "Christmas Day",
    "2049-01-19": "Epiphany",
    "2049-02-20": "Ethiopian Martyrs' Day",
    "2049-03-02": "Adwa Victory Day",
    "2049-04-23": "Good Friday",
    "2049-04-25": "Easter Sunday",
    "2049-05-01": "International Workers' Day",
    "2049-05-05": "Ethiopian Patriots' Victory Day",
    "2049-05-28": "Downfall of the Dergue Regime Day",
    "2049-07-01": "Eid al-Fitr (estimated)",
    "2049-09-08": "Eid al-Adha (estimated)",
    "2049-09-11": "Ethiopian New Year",
    "2049-09-27": "Finding of True Cross",
    "2049-12-07": "Prophet's Birthday (estimated)",
    "2049-12-09": "Nations, Nationalities and Peoples Day",
    "2050-01-07": "Christmas Day",
    "2050-01-19": "Epiphany",
    "2050-02-20": "Ethiopian Martyrs' Day",
    "2050-03-02": "Adwa Victory Day",
    "2050-04-15": "Good Friday",
    "2050-04-17": "Easter Sunday",
    "2050-05-01": "International Workers' Day",
    "2050-05-05": "Ethiopian Patriots' Victory Day",
    "2050-05-28": "Downfall of the Dergue Regime Day",
    "2050-06-20": "Eid al-Fitr (estimated)",
    "2050-08-28": "Eid al-Adha (estimated)",
    "2050-09-11": "Ethiopian New Year",
    "2050-09-27": "Finding of True Cross",
    "2050-11-26": "Prophet's Birthday (estimated)",
    "2050-12-09": "Nations, Nationalities and Peoples Day"
}
