{
    "1950-01-01": "New Year's Day",
    "1950-04-10": "Easter Monday",
    "1950-05-01": "Labor Day",
    "1950-05-18": "Ascension Day",
    "1950-05-29": "Whit Monday",
    "1950-06-10": "Abolition of Slavery",
    "1950-07-14": "National Day",
    "1950-08-15": "Assumption Day",
    "1950-11-01": "All Saints' Day",
    "1950-11-11": "Armistice Day",
    "1950-12-25": "Christmas Day",
    "1951-01-01": "New Year's Day",
    "1951-03-26": "Easter Monday",
    "1951-05-01": "Labor Day",
    "1951-05-03": "Ascension Day",
    "1951-05-14": "Whit Monday",
    "1951-06-10": "Abolition of Slavery",
    "1951-07-14": "National Day",
    "1951-08-15": "Assumption Day",
    "1951-11-01": "All Saints' Day",
    "1951-11-11": "Armistice Day",
    "1951-12-25": "Christmas Day",
    "1952-01-01": "New Year's Day",
    "1952-04-14": "Easter Monday",
    "1952-05-01": "Labor Day",
    "1952-05-22": "Ascension Day",
    "1952-06-02": "Whit Monday",
    "1952-06-10": "Abolition of Slavery",
    "1952-07-14": "National Day",
    "1952-08-15": "Assumption Day",
    "1952-11-01": "All Saints' Day",
    "1952-11-11": "Armistice Day",
    "1952-12-25": "Christmas Day",
    "1953-01-01": "New Year's Day",
    "1953-04-06": "Easter Monday",
    "1953-05-01": "Labor Day",
    "1953-05-08": "Victory Day",
    "1953-05-14": "Ascension Day",
    "1953-05-25": "Whit Monday",
    "1953-06-10": "Abolition of Slavery",
    "1953-07-14": "National Day",
    "1953-08-15": "Assumption Day",
    "1953-11-01": "All Saints' Day",
    "1953-11-11": "Armistice Day",
    "1953-12-25": "Christmas Day",
    "1954-01-01": "New Year's Day",
    "1954-04-19": "Easter Monday",
    "1954-05-01": "Labor Day",
    "1954-05-08": "Victory Day",
    "1954-05-27": "Ascension Day",
    "1954-06-07": "Whit Monday",
    "1954-06-10": "Abolition of Slavery",
    "1954-07-14": "National Day",
    "1954-08-15": "Assumption Day",
    "1954-11-01": "All Saints' Day",
    "1954-11-11": "Armistice Day",
    "1954-12-25": "Christmas Day",
    "1955-01-01": "New Year's Day",
    "1955-04-11": "Easter Monday",
    "1955-05-01": "Labor Day",
    "1955-05-08": "Victory Day",
    "1955-05-19": "Ascension Day",
    "1955-05-30": "Whit Monday",
    "1955-06-10": "Abolition of Slavery",
    "1955-07-14": "National Day",
    "1955-08-15": "Assumption Day",
    "1955-11-01": "All Saints' Day",
    "1955-11-11": "Armistice Day",
    "1955-12-25": "Christmas Day",
    "1956-01-01": "New Year's Day",
    "1956-04-02": "Easter Monday",
    "1956-05-01": "Labor Day",
    "1956-05-08": "Victory Day",
    "1956-05-10": "Ascension Day",
    "1956-05-21": "Whit Monday",
    "1956-06-10": "Abolition of Slavery",
    "1956-07-14": "National Day",
    "1956-08-15": "Assumption Day",
    "1956-11-01": "All Saints' Day",
    "1956-11-11": "Armistice Day",
    "1956-12-25": "Christmas Day",
    "1957-01-01": "New Year's Day",
    "1957-04-22": "Easter Monday",
    "1957-05-01": "Labor Day",
    "1957-05-08": "Victory Day",
    "1957-05-30": "Ascension Day",
    "1957-06-10": "Abolition of Slavery; Whit Monday",
    "1957-07-14": "National Day",
    "1957-08-15": "Assumption Day",
    "1957-11-01": "All Saints' Day",
    "1957-11-11": "Armistice Day",
    "1957-12-25": "Christmas Day",
    "1958-01-01": "New Year's Day",
    "1958-04-07": "Easter Monday",
    "1958-05-01": "Labor Day",
    "1958-05-08": "Victory Day",
    "1958-05-15": "Ascension Day",
    "1958-05-26": "Whit Monday",
    "1958-06-10": "Abolition of Slavery",
    "1958-07-14": "National Day",
    "1958-08-15": "Assumption Day",
    "1958-11-01": "All Saints' Day",
    "1958-11-11": "Armistice Day",
    "1958-12-25": "Christmas Day",
    "1959-01-01": "New Year's Day",
    "1959-03-30": "Easter Monday",
    "1959-05-01": "Labor Day",
    "1959-05-07": "Ascension Day",
    "1959-05-08": "Victory Day",
    "1959-05-18": "Whit Monday",
    "1959-06-10": "Abolition of Slavery",
    "1959-07-14": "National Day",
    "1959-08-15": "Assumption Day",
    "1959-11-01": "All Saints' Day",
    "1959-11-11": "Armistice Day",
    "1959-12-25": "Christmas Day",
    "1960-01-01": "New Year's Day",
    "1960-04-18": "Easter Monday",
    "1960-05-01": "Labor Day",
    "1960-05-26": "Ascension Day",
    "1960-06-06": "Whit Monday",
    "1960-06-10": "Abolition of Slavery",
    "1960-07-14": "National Day",
    "1960-08-15": "Assumption Day",
    "1960-11-01": "All Saints' Day",
    "1960-11-11": "Armistice Day",
    "1960-12-25": "Christmas Day",
    "1961-01-01": "New Year's Day",
    "1961-04-03": "Easter Monday",
    "1961-05-01": "Labor Day",
    "1961-05-11": "Ascension Day",
    "1961-05-22": "Whit Monday",
    "1961-06-10": "Abolition of Slavery",
    "1961-07-14": "National Day",
    "1961-08-15": "Assumption Day",
    "1961-11-01": "All Saints' Day",
    "1961-11-11": "Armistice Day",
    "1961-12-25": "Christmas Day",
    "1962-01-01": "New Year's Day",
    "1962-04-23": "Easter Monday",
    "1962-05-01": "Labor Day",
    "1962-05-31": "Ascension Day",
    "1962-06-10": "Abolition of Slavery",
    "1962-06-11": "Whit Monday",
    "1962-07-14": "National Day",
    "1962-08-15": "Assumption Day",
    "1962-11-01": "All Saints' Day",
    "1962-11-11": "Armistice Day",
    "1962-12-25": "Christmas Day",
    "1963-01-01": "New Year's Day",
    "1963-04-15": "Easter Monday",
    "1963-05-01": "Labor Day",
    "1963-05-23": "Ascension Day",
    "1963-06-03": "Whit Monday",
    "1963-06-10": "Abolition of Slavery",
    "1963-07-14": "National Day",
    "1963-08-15": "Assumption Day",
    "1963-11-01": "All Saints' Day",
    "1963-11-11": "Armistice Day",
    "1963-12-25": "Christmas Day",
    "1964-01-01": "New Year's Day",
    "1964-03-30": "Easter Monday",
    "1964-05-01": "Labor Day",
    "1964-05-07": "Ascension Day",
    "1964-05-18": "Whit Monday",
    "1964-06-10": "Abolition of Slavery",
    "1964-07-14": "National Day",
    "1964-08-15": "Assumption Day",
    "1964-11-01": "All Saints' Day",
    "1964-11-11": "Armistice Day",
    "1964-12-25": "Christmas Day",
    "1965-01-01": "New Year's Day",
    "1965-04-19": "Easter Monday",
    "1965-05-01": "Labor Day",
    "1965-05-27": "Ascension Day",
    "1965-06-07": "Whit Monday",
    "1965-06-10": "Abolition of Slavery",
    "1965-07-14": "National Day",
    "1965-08-15": "Assumption Day",
    "1965-11-01": "All Saints' Day",
    "1965-11-11": "Armistice Day",
    "1965-12-25": "Christmas Day",
    "1966-01-01": "New Year's Day",
    "1966-04-11": "Easter Monday",
    "1966-05-01": "Labor Day",
    "1966-05-19": "Ascension Day",
    "1966-05-30": "Whit Monday",
    "1966-06-10": "Abolition of Slavery",
    "1966-07-14": "National Day",
    "1966-08-15": "Assumption Day",
    "1966-11-01": "All Saints' Day",
    "1966-11-11": "Armistice Day",
    "1966-12-25": "Christmas Day",
    "1967-01-01": "New Year's Day",
    "1967-03-27": "Easter Monday",
    "1967-05-01": "Labor Day",
    "1967-05-04": "Ascension Day",
    "1967-05-15": "Whit Monday",
    "1967-06-10": "Abolition of Slavery",
    "1967-07-14": "National Day",
    "1967-08-15": "Assumption Day",
    "1967-11-01": "All Saints' Day",
    "1967-11-11": "Armistice Day",
    "1967-12-25": "Christmas Day",
    "1968-01-01": "New Year's Day",
    "1968-04-15": "Easter Monday",
    "1968-05-01": "Labor Day",
    "1968-05-23": "Ascension Day",
    "1968-06-03": "Whit Monday",
    "1968-06-10": "Abolition of Slavery",
    "1968-07-14": "National Day",
    "1968-08-15": "Assumption Day",
    "1968-11-01": "All Saints' Day",
    "1968-11-11": "Armistice Day",
    "1968-12-25": "Christmas Day",
    "1969-01-01": "New Year's Day",
    "1969-04-07": "Easter Monday",
    "1969-05-01": "Labor Day",
    "1969-05-15": "Ascension Day",
    "1969-05-26": "Whit Monday",
    "1969-06-10": "Abolition of Slavery",
    "1969-07-14": "National Day",
    "1969-08-15": "Assumption Day",
    "1969-11-01": "All Saints' Day",
    "1969-11-11": "Armistice Day",
    "1969-12-25": "Christmas Day",
    "1970-01-01": "New Year's Day",
    "1970-03-30": "Easter Monday",
    "1970-05-01": "Labor Day",
    "1970-05-07": "Ascension Day",
    "1970-05-18": "Whit Monday",
    "1970-06-10": "Abolition of Slavery",
    "1970-07-14": "National Day",
    "1970-08-15": "Assumption Day",
    "1970-11-01": "All Saints' Day",
    "1970-11-11": "Armistice Day",
    "1970-12-25": "Christmas Day",
    "1971-01-01": "New Year's Day",
    "1971-04-12": "Easter Monday",
    "1971-05-01": "Labor Day",
    "1971-05-20": "Ascension Day",
    "1971-05-31": "Whit Monday",
    "1971-06-10": "Abolition of Slavery",
    "1971-07-14": "National Day",
    "1971-08-15": "Assumption Day",
    "1971-11-01": "All Saints' Day",
    "1971-11-11": "Armistice Day",
    "1971-12-25": "Christmas Day",
    "1972-01-01": "New Year's Day",
    "1972-04-03": "Easter Monday",
    "1972-05-01": "Labor Day",
    "1972-05-11": "Ascension Day",
    "1972-05-22": "Whit Monday",
    "1972-06-10": "Abolition of Slavery",
    "1972-07-14": "National Day",
    "1972-08-15": "Assumption Day",
    "1972-11-01": "All Saints' Day",
    "1972-11-11": "Armistice Day",
    "1972-12-25": "Christmas Day",
    "1973-01-01": "New Year's Day",
    "1973-04-23": "Easter Monday",
    "1973-05-01": "Labor Day",
    "1973-05-31": "Ascension Day",
    "1973-06-10": "Abolition of Slavery",
    "1973-06-11": "Whit Monday",
    "1973-07-14": "National Day",
    "1973-08-15": "Assumption Day",
    "1973-11-01": "All Saints' Day",
    "1973-11-11": "Armistice Day",
    "1973-12-25": "Christmas Day",
    "1974-01-01": "New Year's Day",
    "1974-04-15": "Easter Monday",
    "1974-05-01": "Labor Day",
    "1974-05-23": "Ascension Day",
    "1974-06-03": "Whit Monday",
    "1974-06-10": "Abolition of Slavery",
    "1974-07-14": "National Day",
    "1974-08-15": "Assumption Day",
    "1974-11-01": "All Saints' Day",
    "1974-11-11": "Armistice Day",
    "1974-12-25": "Christmas Day",
    "1975-01-01": "New Year's Day",
    "1975-03-31": "Easter Monday",
    "1975-05-01": "Labor Day",
    "1975-05-08": "Ascension Day",
    "1975-05-19": "Whit Monday",
    "1975-06-10": "Abolition of Slavery",
    "1975-07-14": "National Day",
    "1975-08-15": "Assumption Day",
    "1975-11-01": "All Saints' Day",
    "1975-11-11": "Armistice Day",
    "1975-12-25": "Christmas Day",
    "1976-01-01": "New Year's Day",
    "1976-04-19": "Easter Monday",
    "1976-05-01": "Labor Day",
    "1976-05-27": "Ascension Day",
    "1976-06-07": "Whit Monday",
    "1976-06-10": "Abolition of Slavery",
    "1976-07-14": "National Day",
    "1976-08-15": "Assumption Day",
    "1976-11-01": "All Saints' Day",
    "1976-11-11": "Armistice Day",
    "1976-12-25": "Christmas Day",
    "1977-01-01": "New Year's Day",
    "1977-04-11": "Easter Monday",
    "1977-05-01": "Labor Day",
    "1977-05-19": "Ascension Day",
    "1977-05-30": "Whit Monday",
    "1977-06-10": "Abolition of Slavery",
    "1977-07-14": "National Day",
    "1977-08-15": "Assumption Day",
    "1977-11-01": "All Saints' Day",
    "1977-11-11": "Armistice Day",
    "1977-12-25": "Christmas Day",
    "1978-01-01": "New Year's Day",
    "1978-03-27": "Easter Monday",
    "1978-05-01": "Labor Day",
    "1978-05-04": "Ascension Day",
    "1978-05-15": "Whit Monday",
    "1978-06-10": "Abolition of Slavery",
    "1978-07-14": "National Day",
    "1978-08-15": "Assumption Day",
    "1978-11-01": "All Saints' Day",
    "1978-11-11": "Armistice Day",
    "1978-12-25": "Christmas Day",
    "1979-01-01": "New Year's Day",
    "1979-04-16": "Easter Monday",
    "1979-05-01": "Labor Day",
    "1979-05-24": "Ascension Day",
    "1979-06-04": "Whit Monday",
    "1979-06-10": "Abolition of Slavery",
    "1979-07-14": "National Day",
    "1979-08-15": "Assumption Day",
    "1979-11-01": "All Saints' Day",
    "1979-11-11": "Armistice Day",
    "1979-12-25": "Christmas Day",
    "1980-01-01": "New Year's Day",
    "1980-04-07": "Easter Monday",
    "1980-05-01": "Labor Day",
    "1980-05-15": "Ascension Day",
    "1980-05-26": "Whit Monday",
    "1980-06-10": "Abolition of Slavery",
    "1980-07-14": "National Day",
    "1980-08-15": "Assumption Day",
    "1980-11-01": "All Saints' Day",
    "1980-11-11": "Armistice Day",
    "1980-12-25": "Christmas Day",
    "1981-01-01": "New Year's Day",
    "1981-04-20": "Easter Monday",
    "1981-05-01": "Labor Day",
    "1981-05-28": "Ascension Day",
    "1981-06-08": "Whit Monday",
    "1981-06-10": "Abolition of Slavery",
    "1981-07-14": "National Day",
    "1981-08-15": "Assumption Day",
    "1981-11-01": "All Saints' Day",
    "1981-11-11": "Armistice Day",
    "1981-12-25": "Christmas Day",
    "1982-01-01": "New Year's Day",
    "1982-04-12": "Easter Monday",
    "1982-05-01": "Labor Day",
    "1982-05-08": "Victory Day",
    "1982-05-20": "Ascension Day",
    "1982-05-31": "Whit Monday",
    "1982-06-10": "Abolition of Slavery",
    "1982-07-14": "National Day",
    "1982-08-15": "Assumption Day",
    "1982-11-01": "All Saints' Day",
    "1982-11-11": "Armistice Day",
    "1982-12-25": "Christmas Day",
    "1983-01-01": "New Year's Day",
    "1983-04-04": "Easter Monday",
    "1983-05-01": "Labor Day",
    "1983-05-08": "Victory Day",
    "1983-05-12": "Ascension Day",
    "1983-05-23": "Whit Monday",
    "1983-06-10": "Abolition of Slavery",
    "1983-07-14": "National Day",
    "1983-08-15": "Assumption Day",
    "1983-11-01": "All Saints' Day",
    "1983-11-11": "Armistice Day",
    "1983-12-25": "Christmas Day",
    "1984-01-01": "New Year's Day",
    "1984-04-23": "Easter Monday",
    "1984-05-01": "Labor Day",
    "1984-05-08": "Victory Day",
    "1984-05-31": "Ascension Day",
    "1984-06-10": "Abolition of Slavery",
    "1984-06-11": "Whit Monday",
    "1984-07-14": "National Day",
    "1984-08-15": "Assumption Day",
    "1984-11-01": "All Saints' Day",
    "1984-11-11": "Armistice Day",
    "1984-12-25": "Christmas Day",
    "1985-01-01": "New Year's Day",
    "1985-04-08": "Easter Monday",
    "1985-05-01": "Labor Day",
    "1985-05-08": "Victory Day",
    "1985-05-16": "Ascension Day",
    "1985-05-27": "Whit Monday",
    "1985-06-10": "Abolition of Slavery",
    "1985-07-14": "National Day",
    "1985-08-15": "Assumption Day",
    "1985-11-01": "All Saints' Day",
    "1985-11-11": "Armistice Day",
    "1985-12-25": "Christmas Day",
    "1986-01-01": "New Year's Day",
    "1986-03-31": "Easter Monday",
    "1986-05-01": "Labor Day",
    "1986-05-08": "Ascension Day; Victory Day",
    "1986-05-19": "Whit Monday",
    "1986-06-10": "Abolition of Slavery",
    "1986-07-14": "National Day",
    "1986-08-15": "Assumption Day",
    "1986-11-01": "All Saints' Day",
    "1986-11-11": "Armistice Day",
    "1986-12-25": "Christmas Day",
    "1987-01-01": "New Year's Day",
    "1987-04-20": "Easter Monday",
    "1987-05-01": "Labor Day",
    "1987-05-08": "Victory Day",
    "1987-05-28": "Ascension Day",
    "1987-06-08": "Whit Monday",
    "1987-06-10": "Abolition of Slavery",
    "1987-07-14": "National Day",
    "1987-08-15": "Assumption Day",
    "1987-11-01": "All Saints' Day",
    "1987-11-11": "Armistice Day",
    "1987-12-25": "Christmas Day",
    "1988-01-01": "New Year's Day",
    "1988-04-04": "Easter Monday",
    "1988-05-01": "Labor Day",
    "1988-05-08": "Victory Day",
    "1988-05-12": "Ascension Day",
    "1988-05-23": "Whit Monday",
    "1988-06-10": "Abolition of Slavery",
    "1988-07-14": "National Day",
    "1988-08-15": "Assumption Day",
    "1988-11-01": "All Saints' Day",
    "1988-11-11": "Armistice Day",
    "1988-12-25": "Christmas Day",
    "1989-01-01": "New Year's Day",
    "1989-03-27": "Easter Monday",
    "1989-05-01": "Labor Day",
    "1989-05-04": "Ascension Day",
    "1989-05-08": "Victory Day",
    "1989-05-15": "Whit Monday",
    "1989-06-10": "Abolition of Slavery",
    "1989-07-14": "National Day",
    "1989-08-15": "Assumption Day",
    "1989-11-01": "All Saints' Day",
    "1989-11-11": "Armistice Day",
    "1989-12-25": "Christmas Day",
    "1990-01-01": "New Year's Day",
    "1990-04-16": "Easter Monday",
    "1990-05-01": "Labor Day",
    "1990-05-08": "Victory Day",
    "1990-05-24": "Ascension Day",
    "1990-06-04": "Whit Monday",
    "1990-06-10": "Abolition of Slavery",
    "1990-07-14": "National Day",
    "1990-08-15": "Assumption Day",
    "1990-11-01": "All Saints' Day",
    "1990-11-11": "Armistice Day",
    "1990-12-25": "Christmas Day",
    "1991-01-01": "New Year's Day",
    "1991-04-01": "Easter Monday",
    "1991-05-01": "Labor Day",
    "1991-05-08": "Victory Day",
    "1991-05-09": "Ascension Day",
    "1991-05-20": "Whit Monday",
    "1991-06-10": "Abolition of Slavery",
    "1991-07-14": "National Day",
    "1991-08-15": "Assumption Day",
    "1991-11-01": "All Saints' Day",
    "1991-11-11": "Armistice Day",
    "1991-12-25": "Christmas Day",
    "1992-01-01": "New Year's Day",
    "1992-04-20": "Easter Monday",
    "1992-05-01": "Labor Day",
    "1992-05-08": "Victory Day",
    "1992-05-28": "Ascension Day",
    "1992-06-08": "Whit Monday",
    "1992-06-10": "Abolition of Slavery",
    "1992-07-14": "National Day",
    "1992-08-15": "Assumption Day",
    "1992-11-01": "All Saints' Day",
    "1992-11-11": "Armistice Day",
    "1992-12-25": "Christmas Day",
    "1993-01-01": "New Year's Day",
    "1993-04-12": "Easter Monday",
    "1993-05-01": "Labor Day",
    "1993-05-08": "Victory Day",
    "1993-05-20": "Ascension Day",
    "1993-05-31": "Whit Monday",
    "1993-06-10": "Abolition of Slavery",
    "1993-07-14": "National Day",
    "1993-08-15": "Assumption Day",
    "1993-11-01": "All Saints' Day",
    "1993-11-11": "Armistice Day",
    "1993-12-25": "Christmas Day",
    "1994-01-01": "New Year's Day",
    "1994-04-04": "Easter Monday",
    "1994-05-01": "Labor Day",
    "1994-05-08": "Victory Day",
    "1994-05-12": "Ascension Day",
    "1994-05-23": "Whit Monday",
    "1994-06-10": "Abolition of Slavery",
    "1994-07-14": "National Day",
    "1994-08-15": "Assumption Day",
    "1994-11-01": "All Saints' Day",
    "1994-11-11": "Armistice Day",
    "1994-12-25": "Christmas Day",
    "1995-01-01": "New Year's Day",
    "1995-04-17": "Easter Monday",
    "1995-05-01": "Labor Day",
    "1995-05-08": "Victory Day",
    "1995-05-25": "Ascension Day",
    "1995-06-05": "Whit Monday",
    "1995-06-10": "Abolition of Slavery",
    "1995-07-14": "National Day",
    "1995-08-15": "Assumption Day",
    "1995-11-01": "All Saints' Day",
    "1995-11-11": "Armistice Day",
    "1995-12-25": "Christmas Day",
    "1996-01-01": "New Year's Day",
    "1996-04-08": "Easter Monday",
    "1996-05-01": "Labor Day",
    "1996-05-08": "Victory Day",
    "1996-05-16": "Ascension Day",
    "1996-05-27": "Whit Monday",
    "1996-06-10": "Abolition of Slavery",
    "1996-07-14": "National Day",
    "1996-08-15": "Assumption Day",
    "1996-11-01": "All Saints' Day",
    "1996-11-11": "Armistice Day",
    "1996-12-25": "Christmas Day",
    "1997-01-01": "New Year's Day",
    "1997-03-31": "Easter Monday",
    "1997-05-01": "Labor Day",
    "1997-05-08": "Ascension Day; Victory Day",
    "1997-05-19": "Whit Monday",
    "1997-06-10": "Abolition of Slavery",
    "1997-07-14": "National Day",
    "1997-08-15": "Assumption Day",
    "1997-11-01": "All Saints' Day",
    "1997-11-11": "Armistice Day",
    "1997-12-25": "Christmas Day",
    "1998-01-01": "New Year's Day",
    "1998-04-13": "Easter Monday",
    "1998-05-01": "Labor Day",
    "1998-05-08": "Victory Day",
    "1998-05-21": "Ascension Day",
    "1998-06-01": "Whit Monday",
    "1998-06-10": "Abolition of Slavery",
    "1998-07-14": "National Day",
    "1998-08-15": "Assumption Day",
    "1998-11-01": "All Saints' Day",
    "1998-11-11": "Armistice Day",
    "1998-12-25": "Christmas Day",
    "1999-01-01": "New Year's Day",
    "1999-04-05": "Easter Monday",
    "1999-05-01": "Labor Day",
    "1999-05-08": "Victory Day",
    "1999-05-13": "Ascension Day",
    "1999-05-24": "Whit Monday",
    "1999-06-10": "Abolition of Slavery",
    "1999-07-14": "National Day",
    "1999-08-15": "Assumption Day",
    "1999-11-01": "All Saints' Day",
    "1999-11-11": "Armistice Day",
    "1999-12-25": "Christmas Day",
    "2000-01-01": "New Year's Day",
    "2000-04-24": "Easter Monday",
    "2000-05-01": "Labor Day",
    "2000-05-08": "Victory Day",
    "2000-06-01": "Ascension Day",
    "2000-06-10": "Abolition of Slavery",
    "2000-06-12": "Whit Monday",
    "2000-07-14": "National Day",
    "2000-08-15": "Assumption Day",
    "2000-11-01": "All Saints' Day",
    "2000-11-11": "Armistice Day",
    "2000-12-25": "Christmas Day",
    "2001-01-01": "New Year's Day",
    "2001-04-16": "Easter Monday",
    "2001-05-01": "Labor Day",
    "2001-05-08": "Victory Day",
    "2001-05-24": "Ascension Day",
    "2001-06-04": "Whit Monday",
    "2001-06-10": "Abolition of Slavery",
    "2001-07-14": "National Day",
    "2001-08-15": "Assumption Day",
    "2001-11-01": "All Saints' Day",
    "2001-11-11": "Armistice Day",
    "2001-12-25": "Christmas Day",
    "2002-01-01": "New Year's Day",
    "2002-04-01": "Easter Monday",
    "2002-05-01": "Labor Day",
    "2002-05-08": "Victory Day",
    "2002-05-09": "Ascension Day",
    "2002-05-20": "Whit Monday",
    "2002-06-10": "Abolition of Slavery",
    "2002-07-14": "National Day",
    "2002-08-15": "Assumption Day",
    "2002-11-01": "All Saints' Day",
    "2002-11-11": "Armistice Day",
    "2002-12-25": "Christmas Day",
    "2003-01-01": "New Year's Day",
    "2003-04-21": "Easter Monday",
    "2003-05-01": "Labor Day",
    "2003-05-08": "Victory Day",
    "2003-05-29": "Ascension Day",
    "2003-06-09": "Whit Monday",
    "2003-06-10": "Abolition of Slavery",
    "2003-07-14": "National Day",
    "2003-08-15": "Assumption Day",
    "2003-11-01": "All Saints' Day",
    "2003-11-11": "Armistice Day",
    "2003-12-25": "Christmas Day",
    "2004-01-01": "New Year's Day",
    "2004-04-12": "Easter Monday",
    "2004-05-01": "Labor Day",
    "2004-05-08": "Victory Day",
    "2004-05-20": "Ascension Day",
    "2004-05-31": "Whit Monday",
    "2004-06-10": "Abolition of Slavery",
    "2004-07-14": "National Day",
    "2004-08-15": "Assumption Day",
    "2004-11-01": "All Saints' Day",
    "2004-11-11": "Armistice Day",
    "2004-12-25": "Christmas Day",
    "2005-01-01": "New Year's Day",
    "2005-03-28": "Easter Monday",
    "2005-05-01": "Labor Day",
    "2005-05-05": "Ascension Day",
    "2005-05-08": "Victory Day",
    "2005-06-10": "Abolition of Slavery",
    "2005-07-14": "National Day",
    "2005-08-15": "Assumption Day",
    "2005-11-01": "All Saints' Day",
    "2005-11-11": "Armistice Day",
    "2005-12-25": "Christmas Day",
    "2006-01-01": "New Year's Day",
    "2006-04-17": "Easter Monday",
    "2006-05-01": "Labor Day",
    "2006-05-08": "Victory Day",
    "2006-05-25": "Ascension Day",
    "2006-06-10": "Abolition of Slavery",
    "2006-07-14": "National Day",
    "2006-08-15": "Assumption Day",
    "2006-11-01": "All Saints' Day",
    "2006-11-11": "Armistice Day",
    "2006-12-25": "Christmas Day",
    "2007-01-01": "New Year's Day",
    "2007-04-09": "Easter Monday",
    "2007-05-01": "Labor Day",
    "2007-05-08": "Victory Day",
    "2007-05-17": "Ascension Day",
    "2007-06-10": "Abolition of Slavery",
    "2007-07-14": "National Day",
    "2007-08-15": "Assumption Day",
    "2007-11-01": "All Saints' Day",
    "2007-11-11": "Armistice Day",
    "2007-12-25": "Christmas Day",
    "2008-01-01": "New Year's Day",
    "2008-03-24": "Easter Monday",
    "2008-05-01": "Ascension Day; Labor Day",
    "2008-05-08": "Victory Day",
    "2008-05-12": "Whit Monday",
    "2008-06-10": "Abolition of Slavery",
    "2008-07-14": "National Day",
    "2008-08-15": "Assumption Day",
    "2008-11-01": "All Saints' Day",
    "2008-11-11": "Armistice Day",
    "2008-12-25": "Christmas Day",
    "2009-01-01": "New Year's Day",
    "2009-04-13": "Easter Monday",
    "2009-05-01": "Labor Day",
    "2009-05-08": "Victory Day",
    "2009-05-21": "Ascension Day",
    "2009-06-01": "Whit Monday",
    "2009-06-10": "Abolition of Slavery",
    "2009-07-14": "National Day",
    "2009-08-15": "Assumption Day",
    "2009-11-01": "All Saints' Day",
    "2009-11-11": "Armistice Day",
    "2009-12-25": "Christmas Day",
    "2010-01-01": "New Year's Day",
    "2010-04-05": "Easter Monday",
    "2010-05-01": "Labor Day",
    "2010-05-08": "Victory Day",
    "2010-05-13": "Ascension Day",
    "2010-05-24": "Whit Monday",
    "2010-06-10": "Abolition of Slavery",
    "2010-07-14": "National Day",
    "2010-08-15": "Assumption Day",
    "2010-11-01": "All Saints' Day",
    "2010-11-11": "Armistice Day",
    "2010-12-25": "Christmas Day",
    "2011-01-01": "New Year's Day",
    "2011-04-25": "Easter Monday",
    "2011-05-01": "Labor Day",
    "2011-05-08": "Victory Day",
    "2011-06-02": "Ascension Day",
    "2011-06-10": "Abolition of Slavery",
    "2011-06-13": "Whit Monday",
    "2011-07-14": "National Day",
    "2011-08-15": "Assumption Day",
    "2011-11-01": "All Saints' Day",
    "2011-11-11": "Armistice Day",
    "2011-12-25": "Christmas Day",
    "2012-01-01": "New Year's Day",
    "2012-04-09": "Easter Monday",
    "2012-05-01": "Labor Day",
    "2012-05-08": "Victory Day",
    "2012-05-17": "Ascension Day",
    "2012-05-28": "Whit Monday",
    "2012-06-10": "Abolition of Slavery",
    "2012-07-14": "National Day",
    "2012-08-15": "Assumption Day",
    "2012-11-01": "All Saints' Day",
    "2012-11-11": "Armistice Day",
    "2012-12-25": "Christmas Day",
    "2013-01-01": "New Year's Day",
    "2013-04-01": "Easter Monday",
    "2013-05-01": "Labor Day",
    "2013-05-08": "Victory Day",
    "2013-05-09": "Ascension Day",
    "2013-05-20": "Whit Monday",
    "2013-06-10": "Abolition of Slavery",
    "2013-07-14": "National Day",
    "2013-08-15": "Assumption Day",
    "2013-11-01": "All Saints' Day",
    "2013-11-11": "Armistice Day",
    "2013-12-25": "Christmas Day",
    "2014-01-01": "New Year's Day",
    "2014-04-21": "Easter Monday",
    "2014-05-01": "Labor Day",
    "2014-05-08": "Victory Day",
    "2014-05-29": "Ascension Day",
    "2014-06-09": "Whit Monday",
    "2014-06-10": "Abolition of Slavery",
    "2014-07-14": "National Day",
    "2014-08-15": "Assumption Day",
    "2014-11-01": "All Saints' Day",
    "2014-11-11": "Armistice Day",
    "2014-12-25": "Christmas Day",
    "2015-01-01": "New Year's Day",
    "2015-04-06": "Easter Monday",
    "2015-05-01": "Labor Day",
    "2015-05-08": "Victory Day",
    "2015-05-14": "Ascension Day",
    "2015-05-25": "Whit Monday",
    "2015-06-10": "Abolition of Slavery",
    "2015-07-14": "National Day",
    "2015-08-15": "Assumption Day",
    "2015-11-01": "All Saints' Day",
    "2015-11-11": "Armistice Day",
    "2015-12-25": "Christmas Day",
    "2016-01-01": "New Year's Day",
    "2016-03-28": "Easter Monday",
    "2016-05-01": "Labor Day",
    "2016-05-05": "Ascension Day",
    "2016-05-08": "Victory Day",
    "2016-05-16": "Whit Monday",
    "2016-06-10": "Abolition of Slavery",
    "2016-07-14": "National Day",
    "2016-08-15": "Assumption Day",
    "2016-11-01": "All Saints' Day",
    "2016-11-11": "Armistice Day",
    "2016-12-25": "Christmas Day",
    "2017-01-01": "New Year's Day",
    "2017-04-17": "Easter Monday",
    "2017-05-01": "Labor Day",
    "2017-05-08": "Victory Day",
    "2017-05-25": "Ascension Day",
    "2017-06-05": "Whit Monday",
    "2017-06-10": "Abolition of Slavery",
    "2017-07-14": "National Day",
    "2017-08-15": "Assumption Day",
    "2017-11-01": "All Saints' Day",
    "2017-11-11": "Armistice Day",
    "2017-12-25": "Christmas Day",
    "2018-01-01": "New Year's Day",
    "2018-04-02": "Easter Monday",
    "2018-05-01": "Labor Day",
    "2018-05-08": "Victory Day",
    "2018-05-10": "Ascension Day",
    "2018-05-21": "Whit Monday",
    "2018-06-10": "Abolition of Slavery",
    "2018-07-14": "National Day",
    "2018-08-15": "Assumption Day",
    "2018-11-01": "All Saints' Day",
    "2018-11-11": "Armistice Day",
    "2018-12-25": "Christmas Day",
    "2019-01-01": "New Year's Day",
    "2019-04-22": "Easter Monday",
    "2019-05-01": "Labor Day",
    "2019-05-08": "Victory Day",
    "2019-05-30": "Ascension Day",
    "2019-06-10": "Abolition of Slavery; Whit Monday",
    "2019-07-14": "National Day",
    "2019-08-15": "Assumption Day",
    "2019-11-01": "All Saints' Day",
    "2019-11-11": "Armistice Day",
    "2019-12-25": "Christmas Day",
    "2020-01-01": "New Year's Day",
    "2020-04-13": "Easter Monday",
    "2020-05-01": "Labor Day",
    "2020-05-08": "Victory Day",
    "2020-05-21": "Ascension Day",
    "2020-06-01": "Whit Monday",
    "2020-06-10": "Abolition of Slavery",
    "2020-07-14": "National Day",
    "2020-08-15": "Assumption Day",
    "2020-11-01": "All Saints' Day",
    "2020-11-11": "Armistice Day",
    "2020-12-25": "Christmas Day",
    "2021-01-01": "New Year's Day",
    "2021-04-05": "Easter Monday",
    "2021-05-01": "Labor Day",
    "2021-05-08": "Victory Day",
    "2021-05-13": "Ascension Day",
    "2021-05-24": "Whit Monday",
    "2021-06-10": "Abolition of Slavery",
    "2021-07-14": "National Day",
    "2021-08-15": "Assumption Day",
    "2021-11-01": "All Saints' Day",
    "2021-11-11": "Armistice Day",
    "2021-12-25": "Christmas Day",
    "2022-01-01": "New Year's Day",
    "2022-04-18": "Easter Monday",
    "2022-05-01": "Labor Day",
    "2022-05-08": "Victory Day",
    "2022-05-26": "Ascension Day",
    "2022-06-06": "Whit Monday",
    "2022-06-10": "Abolition of Slavery",
    "2022-07-14": "National Day",
    "2022-08-15": "Assumption Day",
    "2022-11-01": "All Saints' Day",
    "2022-11-11": "Armistice Day",
    "2022-12-25": "Christmas Day",
    "2023-01-01": "New Year's Day",
    "2023-04-10": "Easter Monday",
    "2023-05-01": "Labor Day",
    "2023-05-08": "Victory Day",
    "2023-05-18": "Ascension Day",
    "2023-05-29": "Whit Monday",
    "2023-06-10": "Abolition of Slavery",
    "2023-07-14": "National Day",
    "2023-08-15": "Assumption Day",
    "2023-11-01": "All Saints' Day",
    "2023-11-11": "Armistice Day",
    "2023-12-25": "Christmas Day",
    "2024-01-01": "New Year's Day",
    "2024-04-01": "Easter Monday",
    "2024-05-01": "Labor Day",
    "2024-05-08": "Victory Day",
    "2024-05-09": "Ascension Day",
    "2024-05-20": "Whit Monday",
    "2024-06-10": "Abolition of Slavery",
    "2024-07-14": "National Day",
    "2024-08-15": "Assumption Day",
    "2024-11-01": "All Saints' Day",
    "2024-11-11": "Armistice Day",
    "2024-12-25": "Christmas Day",
    "2025-01-01": "New Year's Day",
    "2025-04-21": "Easter Monday",
    "2025-05-01": "Labor Day",
    "2025-05-08": "Victory Day",
    "2025-05-29": "Ascension Day",
    "2025-06-09": "Whit Monday",
    "2025-06-10": "Abolition of Slavery",
    "2025-07-14": "National Day",
    "2025-08-15": "Assumption Day",
    "2025-11-01": "All Saints' Day",
    "2025-11-11": "Armistice Day",
    "2025-12-25": "Christmas Day",
    "2026-01-01": "New Year's Day",
    "2026-04-06": "Easter Monday",
    "2026-05-01": "Labor Day",
    "2026-05-08": "Victory Day",
    "2026-05-14": "Ascension Day",
    "2026-05-25": "Whit Monday",
    "2026-06-10": "Abolition of Slavery",
    "2026-07-14": "National Day",
    "2026-08-15": "Assumption Day",
    "2026-11-01": "All Saints' Day",
    "2026-11-11": "Armistice Day",
    "2026-12-25": "Christmas Day",
    "2027-01-01": "New Year's Day",
    "2027-03-29": "Easter Monday",
    "2027-05-01": "Labor Day",
    "2027-05-06": "Ascension Day",
    "2027-05-08": "Victory Day",
    "2027-05-17": "Whit Monday",
    "2027-06-10": "Abolition of Slavery",
    "2027-07-14": "National Day",
    "2027-08-15": "Assumption Day",
    "2027-11-01": "All Saints' Day",
    "2027-11-11": "Armistice Day",
    "2027-12-25": "Christmas Day",
    "2028-01-01": "New Year's Day",
    "2028-04-17": "Easter Monday",
    "2028-05-01": "Labor Day",
    "2028-05-08": "Victory Day",
    "2028-05-25": "Ascension Day",
    "2028-06-05": "Whit Monday",
    "2028-06-10": "Abolition of Slavery",
    "2028-07-14": "National Day",
    "2028-08-15": "Assumption Day",
    "2028-11-01": "All Saints' Day",
    "2028-11-11": "Armistice Day",
    "2028-12-25": "Christmas Day",
    "2029-01-01": "New Year's Day",
    "2029-04-02": "Easter Monday",
    "2029-05-01": "Labor Day",
    "2029-05-08": "Victory Day",
    "2029-05-10": "Ascension Day",
    "2029-05-21": "Whit Monday",
    "2029-06-10": "Abolition of Slavery",
    "2029-07-14": "National Day",
    "2029-08-15": "Assumption Day",
    "2029-11-01": "All Saints' Day",
    "2029-11-11": "Armistice Day",
    "2029-12-25": "Christmas Day",
    "2030-01-01": "New Year's Day",
    "2030-04-22": "Easter Monday",
    "2030-05-01": "Labor Day",
    "2030-05-08": "Victory Day",
    "2030-05-30": "Ascension Day",
    "2030-06-10": "Abolition of Slavery; Whit Monday",
    "2030-07-14": "National Day",
    "2030-08-15": "Assumption Day",
    "2030-11-01": "All Saints' Day",
    "2030-11-11": "Armistice Day",
    "2030-12-25": "Christmas Day",
    "2031-01-01": "New Year's Day",
    "2031-04-14": "Easter Monday",
    "2031-05-01": "Labor Day",
    "2031-05-08": "Victory Day",
    "2031-05-22": "Ascension Day",
    "2031-06-02": "Whit Monday",
    "2031-06-10": "Abolition of Slavery",
    "2031-07-14": "National Day",
    "2031-08-15": "Assumption Day",
    "2031-11-01": "All Saints' Day",
    "2031-11-11": "Armistice Day",
    "2031-12-25": "Christmas Day",
    "2032-01-01": "New Year's Day",
    "2032-03-29": "Easter Monday",
    "2032-05-01": "Labor Day",
    "2032-05-06": "Ascension Day",
    "2032-05-08": "Victory Day",
    "2032-05-17": "Whit Monday",
    "2032-06-10": "Abolition of Slavery",
    "2032-07-14": "National Day",
    "2032-08-15": "Assumption Day",
    "2032-11-01": "All Saints' Day",
    "2032-11-11": "Armistice Day",
    "2032-12-25": "Christmas Day",
    "2033-01-01": "New Year's Day",
    "2033-04-18": "Easter Monday",
    "2033-05-01": "Labor Day",
    "2033-05-08": "Victory Day",
    "2033-05-26": "Ascension Day",
    "2033-06-06": "Whit Monday",
    "2033-06-10": "Abolition of Slavery",
    "2033-07-14": "National Day",
    "2033-08-15": "Assumption Day",
    "2033-11-01": "All Saints' Day",
    "2033-11-11": "Armistice Day",
    "2033-12-25": "Christmas Day",
    "2034-01-01": "New Year's Day",
    "2034-04-10": "Easter Monday",
    "2034-05-01": "Labor Day",
    "2034-05-08": "Victory Day",
    "2034-05-18": "Ascension Day",
    "2034-05-29": "Whit Monday",
    "2034-06-10": "Abolition of Slavery",
    "2034-07-14": "National Day",
    "2034-08-15": "Assumption Day",
    "2034-11-01": "All Saints' Day",
    "2034-11-11": "Armistice Day",
    "2034-12-25": "Christmas Day",
    "2035-01-01": "New Year's Day",
    "2035-03-26": "Easter Monday",
    "2035-05-01": "Labor Day",
    "2035-05-03": "Ascension Day",
    "2035-05-08": "Victory Day",
    "2035-05-14": "Whit Monday",
    "2035-06-10": "Abolition of Slavery",
    "2035-07-14": "National Day",
    "2035-08-15": "Assumption Day",
    "2035-11-01": "All Saints' Day",
    "2035-11-11": "Armistice Day",
    "2035-12-25": "Christmas Day",
    "2036-01-01": "New Year's Day",
    "2036-04-14": "Easter Monday",
    "2036-05-01": "Labor Day",
    "2036-05-08": "Victory Day",
    "2036-05-22": "Ascension Day",
    "2036-06-02": "Whit Monday",
    "2036-06-10": "Abolition of Slavery",
    "2036-07-14": "National Day",
    "2036-08-15": "Assumption Day",
    "2036-11-01": "All Saints' Day",
    "2036-11-11": "Armistice Day",
    "2036-12-25": "Christmas Day",
    "2037-01-01": "New Year's Day",
    "2037-04-06": "Easter Monday",
    "2037-05-01": "Labor Day",
    "2037-05-08": "Victory Day",
    "2037-05-14": "Ascension Day",
    "2037-05-25": "Whit Monday",
    "2037-06-10": "Abolition of Slavery",
    "2037-07-14": "National Day",
    "2037-08-15": "Assumption Day",
    "2037-11-01": "All Saints' Day",
    "2037-11-11": "Armistice Day",
    "2037-12-25": "Christmas Day",
    "2038-01-01": "New Year's Day",
    "2038-04-26": "Easter Monday",
    "2038-05-01": "Labor Day",
    "2038-05-08": "Victory Day",
    "2038-06-03": "Ascension Day",
    "2038-06-10": "Abolition of Slavery",
    "2038-06-14": "Whit Monday",
    "2038-07-14": "National Day",
    "2038-08-15": "Assumption Day",
    "2038-11-01": "All Saints' Day",
    "2038-11-11": "Armistice Day",
    "2038-12-25": "Christmas Day",
    "2039-01-01": "New Year's Day",
    "2039-04-11": "Easter Monday",
    "2039-05-01": "Labor Day",
    "2039-05-08": "Victory Day",
    "2039-05-19": "Ascension Day",
    "2039-05-30": "Whit Monday",
    "2039-06-10": "Abolition of Slavery",
    "2039-07-14": "National Day",
    "2039-08-15": "Assumption Day",
    "2039-11-01": "All Saints' Day",
    "2039-11-11": "Armistice Day",
    "2039-12-25": "Christmas Day",
    "2040-01-01": "New Year's Day",
    "2040-04-02": "Easter Monday",
    "2040-05-01": "Labor Day",
    "2040-05-08": "Victory Day",
    "2040-05-10": "Ascension Day",
    "2040-05-21": "Whit Monday",
    "2040-06-10": "Abolition of Slavery",
    "2040-07-14": "National Day",
    "2040-08-15": "Assumption Day",
    "2040-11-01": "All Saints' Day",
    "2040-11-11": "Armistice Day",
    "2040-12-25": "Christmas Day",
    "2041-01-01": "New Year's Day",
    "2041-04-22": "Easter Monday",
    "2041-05-01": "Labor Day",
    "2041-05-08": "Victory Day",
    "2041-05-30": "Ascension Day",
    "2041-06-10": "Abolition of Slavery; Whit Monday",
    "2041-07-14": "National Day",
    "2041-08-15": "Assumption Day",
    "2041-11-01": "All Saints' Day",
    "2041-11-11": "Armistice Day",
    "2041-12-25": "Christmas Day",
    "2042-01-01": "New Year's Day",
    "2042-04-07": "Easter Monday",
    "2042-05-01": "Labor Day",
    "2042-05-08": "Victory Day",
    "2042-05-15": "Ascension Day",
    "2042-05-26": "Whit Monday",
    "2042-06-10": "Abolition of Slavery",
    "2042-07-14": "National Day",
    "2042-08-15": "Assumption Day",
    "2042-11-01": "All Saints' Day",
    "2042-11-11": "Armistice Day",
    "2042-12-25": "Christmas Day",
    "2043-01-01": "New Year's Day",
    "2043-03-30": "Easter Monday",
    "2043-05-01": "Labor Day",
    "2043-05-07": "Ascension Day",
    "2043-05-08": "Victory Day",
    "2043-05-18": "Whit Monday",
    "2043-06-10": "Abolition of Slavery",
    "2043-07-14": "National Day",
    "2043-08-15": "Assumption Day",
    "2043-11-01": "All Saints' Day",
    "2043-11-11": "Armistice Day",
    "2043-12-25": "Christmas Day",
    "2044-01-01": "New Year's Day",
    "2044-04-18": "Easter Monday",
    "2044-05-01": "Labor Day",
    "2044-05-08": "Victory Day",
    "2044-05-26": "Ascension Day",
    "2044-06-06": "Whit Monday",
    "2044-06-10": "Abolition of Slavery",
    "2044-07-14": "National Day",
    "2044-08-15": "Assumption Day",
    "2044-11-01": "All Saints' Day",
    "2044-11-11": "Armistice Day",
    "2044-12-25": "Christmas Day",
    "2045-01-01": "New Year's Day",
    "2045-04-10": "Easter Monday",
    "2045-05-01": "Labor Day",
    "2045-05-08": "Victory Day",
    "2045-05-18": "Ascension Day",
    "2045-05-29": "Whit Monday",
    "2045-06-10": "Abolition of Slavery",
    "2045-07-14": "National Day",
    "2045-08-15": "Assumption Day",
    "2045-11-01": "All Saints' Day",
    "2045-11-11": "Armistice Day",
    "2045-12-25": "Christmas Day",
    "2046-01-01": "New Year's Day",
    "2046-03-26": "Easter Monday",
    "2046-05-01": "Labor Day",
    "2046-05-03": "Ascension Day",
    "2046-05-08": "Victory Day",
    "2046-05-14": "Whit Monday",
    "2046-06-10": "Abolition of Slavery",
    "2046-07-14": "National Day",
    "2046-08-15": "Assumption Day",
    "2046-11-01": "All Saints' Day",
    "2046-11-11": "Armistice Day",
    "2046-12-25": "Christmas Day",
    "2047-01-01": "New Year's Day",
    "2047-04-15": "Easter Monday",
    "2047-05-01": "Labor Day",
    "2047-05-08": "Victory Day",
    "2047-05-23": "Ascension Day",
    "2047-06-03": "Whit Monday",
    "2047-06-10": "Abolition of Slavery",
    "2047-07-14": "National Day",
    "2047-08-15": "Assumption Day",
    "2047-11-01": "All Saints' Day",
    "2047-11-11": "Armistice Day",
    "2047-12-25": "Christmas Day",
    "2048-01-01": "New Year's Day",
    "2048-04-06": "Easter Monday",
    "2048-05-01": "Labor Day",
    "2048-05-08": "Victory Day",
    "2048-05-14": "Ascension Day",
    "2048-05-25": "Whit Monday",
    "2048-06-10": "Abolition of Slavery",
    "2048-07-14": "National Day",
    "2048-08-15": "Assumption Day",
    "2048-11-01": "All Saints' Day",
    "2048-11-11": "Armistice Day",
    "2048-12-25": "Christmas Day",
    "2049-01-01": "New Year's Day",
    "2049-04-19": "Easter Monday",
    "2049-05-01": "Labor Day",
    "2049-05-08": "Victory Day",
    "2049-05-27": "Ascension Day",
    "2049-06-07": "Whit Monday",
    "2049-06-10": "Abolition of Slavery",
    "2049-07-14": "National Day",
    "2049-08-15": "Assumption Day",
    "2049-11-01": "All Saints' Day",
    "2049-11-11": "Armistice Day",
    "2049-12-25": "Christmas Day",
    "2050-01-01": "New Year's Day",
    "2050-04-11": "Easter Monday",
    "2050-05-01": "Labor Day",
    "2050-05-08": "Victory Day",
    "2050-05-19": "Ascension Day",
    "2050-05-30": "Whit Monday",
    "2050-06-10": "Abolition of Slavery",
    "2050-07-14": "National Day",
    "2050-08-15": "Assumption Day",
    "2050-11-01": "All Saints' Day",
    "2050-11-11": "Armistice Day",
    "2050-12-25": "Christmas Day"
}
