{
    "1968-01-01": "New Year's Day",
    "1968-03-10": "Eid al-Adha (estimated)",
    "1968-03-11": "Eid al-Adha (observed, estimated)",
    "1968-04-12": "Good Friday",
    "1968-04-15": "Easter Monday",
    "1968-05-01": "Labor Day",
    "1968-05-26": "Independence Day",
    "1968-06-09": "Prophet's Birthday (estimated)",
    "1968-06-10": "Prophet's Birthday (observed, estimated)",
    "1968-08-05": "Commonwealth Day",
    "1968-12-25": "Christmas Day",
    "1968-12-26": "Day after Christmas",
    "1969-01-01": "New Year's Day",
    "1969-02-28": "Eid al-Adha (estimated)",
    "1969-04-04": "Good Friday",
    "1969-04-07": "Easter Monday",
    "1969-05-01": "Labor Day",
    "1969-05-26": "Independence Day",
    "1969-05-29": "Prophet's Birthday (estimated)",
    "1969-08-04": "Commonwealth Day",
    "1969-12-25": "Christmas Day",
    "1969-12-26": "Day after Christmas",
    "1970-01-01": "New Year's Day",
    "1970-02-17": "Eid al-Adha (estimated)",
    "1970-02-23": "Republic Day",
    "1970-03-27": "Good Friday",
    "1970-03-30": "Easter Monday",
    "1970-05-01": "Labor Day",
    "1970-05-19": "Prophet's Birthday (estimated)",
    "1970-08-03": "Commonwealth Day",
    "1970-12-25": "Christmas Day",
    "1970-12-26": "Day after Christmas",
    "1970-12-28": "Day after Christmas (observed)",
    "1971-01-01": "New Year's Day",
    "1971-02-07": "Eid al-Adha (estimated)",
    "1971-02-08": "Eid al-Adha (observed, estimated)",
    "1971-02-23": "Republic Day",
    "1971-04-09": "Good Friday",
    "1971-04-12": "Easter Monday",
    "1971-05-01": "Labor Day",
    "1971-05-08": "Prophet's Birthday (estimated)",
    "1971-08-02": "Commonwealth Day",
    "1971-12-25": "Christmas Day",
    "1971-12-26": "Day after Christmas",
    "1971-12-27": "Christmas Day (observed)",
    "1971-12-28": "Day after Christmas (observed)",
    "1972-01-01": "New Year's Day",
    "1972-01-03": "New Year's Day (observed)",
    "1972-01-27": "Eid al-Adha (estimated)",
    "1972-02-23": "Republic Day",
    "1972-03-31": "Good Friday",
    "1972-04-03": "Easter Monday",
    "1972-04-26": "Prophet's Birthday (estimated)",
    "1972-05-01": "Labor Day",
    "1972-08-07": "Commonwealth Day",
    "1972-12-25": "Christmas Day",
    "1972-12-26": "Day after Christmas",
    "1973-01-01": "New Year's Day",
    "1973-01-15": "Eid al-Adha (estimated)",
    "1973-02-23": "Republic Day",
    "1973-04-16": "Prophet's Birthday (estimated)",
    "1973-04-20": "Good Friday",
    "1973-04-23": "Easter Monday",
    "1973-05-01": "Labor Day",
    "1973-08-06": "Commonwealth Day",
    "1973-12-25": "Christmas Day",
    "1973-12-26": "Day after Christmas",
    "1974-01-01": "New Year's Day",
    "1974-01-04": "Eid al-Adha (estimated)",
    "1974-02-23": "Republic Day",
    "1974-04-05": "Prophet's Birthday (estimated)",
    "1974-04-12": "Good Friday",
    "1974-04-15": "Easter Monday",
    "1974-05-01": "Labor Day",
    "1974-08-05": "Commonwealth Day",
    "1974-12-25": "Christmas Day; Eid al-Adha (estimated)",
    "1974-12-26": "Day after Christmas",
    "1975-01-01": "New Year's Day",
    "1975-02-23": "Republic Day",
    "1975-03-25": "Prophet's Birthday (estimated)",
    "1975-03-28": "Good Friday",
    "1975-03-31": "Easter Monday",
    "1975-05-01": "Labor Day",
    "1975-08-04": "Commonwealth Day",
    "1975-12-14": "Eid al-Adha (estimated)",
    "1975-12-15": "Eid al-Adha (observed, estimated)",
    "1975-12-25": "Christmas Day",
    "1975-12-26": "Day after Christmas",
    "1976-01-01": "New Year's Day",
    "1976-02-23": "Republic Day",
    "1976-03-13": "Prophet's Birthday (estimated)",
    "1976-04-16": "Good Friday",
    "1976-04-19": "Easter Monday",
    "1976-05-01": "Labor Day",
    "1976-08-02": "Commonwealth Day",
    "1976-12-02": "Eid al-Adha (estimated)",
    "1976-12-25": "Christmas Day",
    "1976-12-26": "Day after Christmas",
    "1976-12-27": "Christmas Day (observed)",
    "1976-12-28": "Day after Christmas (observed)",
    "1977-01-01": "New Year's Day",
    "1977-01-03": "New Year's Day (observed)",
    "1977-02-23": "Republic Day",
    "1977-03-03": "Prophet's Birthday (estimated)",
    "1977-04-08": "Good Friday",
    "1977-04-11": "Easter Monday",
    "1977-05-01": "Labor Day",
    "1977-05-02": "Labor Day (observed)",
    "1977-08-01": "Commonwealth Day",
    "1977-11-22": "Eid al-Adha (estimated)",
    "1977-12-25": "Christmas Day",
    "1977-12-26": "Day after Christmas",
    "1977-12-27": "Christmas Day (observed)",
    "1978-01-01": "New Year's Day",
    "1978-01-02": "New Year's Day (observed)",
    "1978-02-20": "Prophet's Birthday (estimated)",
    "1978-02-23": "Republic Day",
    "1978-03-24": "Good Friday",
    "1978-03-27": "Easter Monday",
    "1978-05-01": "Labor Day",
    "1978-08-07": "Commonwealth Day",
    "1978-11-11": "Eid al-Adha (estimated)",
    "1978-12-25": "Christmas Day",
    "1978-12-26": "Day after Christmas",
    "1979-01-01": "New Year's Day",
    "1979-02-10": "Prophet's Birthday (estimated)",
    "1979-02-23": "Republic Day",
    "1979-04-13": "Good Friday",
    "1979-04-16": "Easter Monday",
    "1979-05-01": "Labor Day",
    "1979-08-06": "Commonwealth Day",
    "1979-11-01": "Eid al-Adha (estimated)",
    "1979-12-25": "Christmas Day",
    "1979-12-26": "Day after Christmas",
    "1980-01-01": "New Year's Day",
    "1980-01-31": "Prophet's Birthday (estimated)",
    "1980-02-23": "Republic Day",
    "1980-04-04": "Good Friday",
    "1980-04-07": "Easter Monday",
    "1980-05-01": "Labor Day",
    "1980-08-04": "Commonwealth Day",
    "1980-10-20": "Eid al-Adha (estimated)",
    "1980-12-25": "Christmas Day",
    "1980-12-26": "Day after Christmas",
    "1981-01-01": "New Year's Day",
    "1981-01-19": "Prophet's Birthday (estimated)",
    "1981-02-23": "Republic Day",
    "1981-04-17": "Good Friday",
    "1981-04-20": "Easter Monday",
    "1981-05-01": "Labor Day",
    "1981-08-03": "Commonwealth Day",
    "1981-10-09": "Eid al-Adha (estimated)",
    "1981-12-25": "Christmas Day",
    "1981-12-26": "Day after Christmas",
    "1981-12-28": "Day after Christmas (observed)",
    "1982-01-01": "New Year's Day",
    "1982-01-08": "Prophet's Birthday (estimated)",
    "1982-02-23": "Republic Day",
    "1982-04-09": "Good Friday",
    "1982-04-12": "Easter Monday",
    "1982-05-01": "Labor Day",
    "1982-08-02": "Commonwealth Day",
    "1982-09-28": "Eid al-Adha (estimated)",
    "1982-12-25": "Christmas Day",
    "1982-12-26": "Day after Christmas",
    "1982-12-27": "Christmas Day (observed)",
    "1982-12-28": "Day after Christmas (observed); Prophet's Birthday (estimated)",
    "1983-01-01": "New Year's Day",
    "1983-01-03": "New Year's Day (observed)",
    "1983-02-23": "Republic Day",
    "1983-04-01": "Good Friday",
    "1983-04-04": "Easter Monday",
    "1983-05-01": "Labor Day",
    "1983-05-02": "Labor Day (observed)",
    "1983-08-01": "Commonwealth Day",
    "1983-09-18": "Eid al-Adha (estimated)",
    "1983-09-19": "Eid al-Adha (observed, estimated)",
    "1983-12-17": "Prophet's Birthday (estimated)",
    "1983-12-25": "Christmas Day",
    "1983-12-26": "Day after Christmas",
    "1983-12-27": "Christmas Day (observed)",
    "1984-01-01": "New Year's Day",
    "1984-01-02": "New Year's Day (observed)",
    "1984-02-23": "Republic Day",
    "1984-04-20": "Good Friday",
    "1984-04-23": "Easter Monday",
    "1984-05-01": "Labor Day",
    "1984-08-06": "Commonwealth Day",
    "1984-09-06": "Eid al-Adha (estimated)",
    "1984-12-05": "Prophet's Birthday (estimated)",
    "1984-12-25": "Christmas Day",
    "1984-12-26": "Day after Christmas",
    "1985-01-01": "New Year's Day",
    "1985-02-23": "Republic Day",
    "1985-04-05": "Good Friday",
    "1985-04-08": "Easter Monday",
    "1985-05-01": "Labor Day",
    "1985-08-05": "Commonwealth Day",
    "1985-08-27": "Eid al-Adha (estimated)",
    "1985-11-25": "Prophet's Birthday (estimated)",
    "1985-12-25": "Christmas Day",
    "1985-12-26": "Day after Christmas",
    "1986-01-01": "New Year's Day",
    "1986-02-23": "Republic Day",
    "1986-03-28": "Good Friday",
    "1986-03-31": "Easter Monday",
    "1986-05-01": "Labor Day",
    "1986-08-04": "Commonwealth Day",
    "1986-08-16": "Eid al-Adha (estimated)",
    "1986-11-15": "Prophet's Birthday (estimated)",
    "1986-12-25": "Christmas Day",
    "1986-12-26": "Day after Christmas",
    "1987-01-01": "New Year's Day",
    "1987-02-23": "Republic Day",
    "1987-04-17": "Good Friday",
    "1987-04-20": "Easter Monday",
    "1987-05-01": "Labor Day",
    "1987-08-03": "Commonwealth Day",
    "1987-08-05": "Eid al-Adha (estimated)",
    "1987-11-04": "Prophet's Birthday (estimated)",
    "1987-12-25": "Christmas Day",
    "1987-12-26": "Day after Christmas",
    "1987-12-28": "Day after Christmas (observed)",
    "1988-01-01": "New Year's Day",
    "1988-02-23": "Republic Day",
    "1988-04-01": "Good Friday",
    "1988-04-04": "Easter Monday",
    "1988-05-01": "Labor Day",
    "1988-05-02": "Labor Day (observed)",
    "1988-07-24": "Eid al-Adha (estimated)",
    "1988-07-25": "Eid al-Adha (observed, estimated)",
    "1988-08-01": "Commonwealth Day",
    "1988-10-23": "Prophet's Birthday (estimated)",
    "1988-10-24": "Prophet's Birthday (observed, estimated)",
    "1988-12-25": "Christmas Day",
    "1988-12-26": "Day after Christmas",
    "1988-12-27": "Christmas Day (observed)",
    "1989-01-01": "New Year's Day",
    "1989-01-02": "New Year's Day (observed)",
    "1989-02-23": "Republic Day",
    "1989-03-24": "Good Friday",
    "1989-03-27": "Easter Monday",
    "1989-05-01": "Labor Day",
    "1989-07-14": "Eid al-Adha (estimated)",
    "1989-08-07": "Commonwealth Day",
    "1989-10-12": "Prophet's Birthday (estimated)",
    "1989-12-25": "Christmas Day",
    "1989-12-26": "Day after Christmas",
    "1990-01-01": "New Year's Day",
    "1990-02-23": "Republic Day",
    "1990-04-13": "Good Friday",
    "1990-04-16": "Easter Monday",
    "1990-05-01": "Labor Day",
    "1990-07-03": "Eid al-Adha (estimated)",
    "1990-08-06": "Commonwealth Day",
    "1990-10-02": "Prophet's Birthday (estimated)",
    "1990-12-25": "Christmas Day",
    "1990-12-26": "Day after Christmas",
    "1991-01-01": "New Year's Day",
    "1991-02-23": "Republic Day",
    "1991-03-29": "Good Friday",
    "1991-04-01": "Easter Monday",
    "1991-05-01": "Labor Day",
    "1991-06-23": "Eid al-Adha (estimated)",
    "1991-06-24": "Eid al-Adha (observed, estimated)",
    "1991-08-05": "Commonwealth Day",
    "1991-09-21": "Prophet's Birthday (estimated)",
    "1991-12-25": "Christmas Day",
    "1991-12-26": "Day after Christmas",
    "1992-01-01": "New Year's Day",
    "1992-02-23": "Republic Day",
    "1992-04-17": "Good Friday",
    "1992-04-20": "Easter Monday",
    "1992-05-01": "Labor Day",
    "1992-06-12": "Eid al-Adha (estimated)",
    "1992-08-03": "Commonwealth Day",
    "1992-09-10": "Prophet's Birthday (estimated)",
    "1992-12-25": "Christmas Day",
    "1992-12-26": "Day after Christmas",
    "1992-12-28": "Day after Christmas (observed)",
    "1993-01-01": "New Year's Day",
    "1993-02-23": "Republic Day",
    "1993-04-09": "Good Friday",
    "1993-04-12": "Easter Monday",
    "1993-05-01": "Labor Day",
    "1993-06-01": "Eid al-Adha (estimated)",
    "1993-08-02": "Commonwealth Day",
    "1993-08-30": "Prophet's Birthday (estimated)",
    "1993-12-25": "Christmas Day",
    "1993-12-26": "Day after Christmas",
    "1993-12-27": "Christmas Day (observed)",
    "1993-12-28": "Day after Christmas (observed)",
    "1994-01-01": "New Year's Day",
    "1994-01-03": "New Year's Day (observed)",
    "1994-02-23": "Republic Day",
    "1994-04-01": "Good Friday",
    "1994-04-04": "Easter Monday",
    "1994-05-01": "Labor Day",
    "1994-05-02": "Labor Day (observed)",
    "1994-05-21": "Eid al-Adha (estimated)",
    "1994-08-01": "Commonwealth Day",
    "1994-08-20": "Prophet's Birthday (estimated)",
    "1994-12-25": "Christmas Day",
    "1994-12-26": "Day after Christmas",
    "1994-12-27": "Christmas Day (observed)",
    "1995-01-01": "New Year's Day",
    "1995-01-02": "New Year's Day (observed)",
    "1995-02-23": "Republic Day",
    "1995-04-14": "Good Friday",
    "1995-04-17": "Easter Monday",
    "1995-05-01": "Labor Day",
    "1995-05-10": "Eid al-Adha (estimated)",
    "1995-08-07": "Commonwealth Day",
    "1995-08-09": "Prophet's Birthday (estimated)",
    "1995-12-25": "Christmas Day",
    "1995-12-26": "Day after Christmas",
    "1996-01-01": "New Year's Day",
    "1996-02-23": "Republic Day",
    "1996-04-05": "Good Friday",
    "1996-04-08": "Easter Monday",
    "1996-04-28": "Eid al-Adha (estimated)",
    "1996-04-29": "Eid al-Adha (observed, estimated)",
    "1996-05-01": "Labor Day",
    "1996-07-28": "Prophet's Birthday (estimated)",
    "1996-07-29": "Prophet's Birthday (observed, estimated)",
    "1996-08-05": "Commonwealth Day",
    "1996-12-25": "Christmas Day",
    "1996-12-26": "Day after Christmas",
    "1997-01-01": "New Year's Day",
    "1997-02-23": "Republic Day",
    "1997-03-28": "Good Friday",
    "1997-03-31": "Easter Monday",
    "1997-04-18": "Eid al-Adha (estimated)",
    "1997-05-01": "Labor Day",
    "1997-07-17": "Prophet's Birthday (estimated)",
    "1997-08-04": "Commonwealth Day",
    "1997-12-25": "Christmas Day",
    "1997-12-26": "Day after Christmas",
    "1998-01-01": "New Year's Day",
    "1998-02-23": "Republic Day",
    "1998-04-08": "Eid al-Adha (estimated)",
    "1998-04-10": "Good Friday",
    "1998-04-13": "Easter Monday",
    "1998-05-01": "Labor Day",
    "1998-07-07": "Prophet's Birthday (estimated)",
    "1998-08-03": "Commonwealth Day",
    "1998-12-25": "Christmas Day",
    "1998-12-26": "Day after Christmas",
    "1998-12-28": "Day after Christmas (observed)",
    "1999-01-01": "New Year's Day",
    "1999-02-23": "Republic Day",
    "1999-03-28": "Eid al-Adha (estimated)",
    "1999-03-29": "Eid al-Adha (observed, estimated)",
    "1999-04-02": "Good Friday",
    "1999-04-05": "Easter Monday",
    "1999-05-01": "Labor Day",
    "1999-06-27": "Prophet's Birthday (estimated)",
    "1999-06-28": "Prophet's Birthday (observed, estimated)",
    "1999-08-02": "Commonwealth Day",
    "1999-12-25": "Christmas Day",
    "1999-12-26": "Day after Christmas",
    "1999-12-27": "Christmas Day (observed)",
    "1999-12-28": "Day after Christmas (observed)",
    "2000-01-01": "New Year's Day",
    "2000-01-03": "New Year's Day (observed)",
    "2000-02-23": "Republic Day",
    "2000-03-17": "Eid al-Adha (estimated)",
    "2000-04-21": "Good Friday",
    "2000-04-24": "Easter Monday",
    "2000-05-01": "Labor Day",
    "2000-06-15": "Prophet's Birthday (estimated)",
    "2000-08-07": "Commonwealth Day",
    "2000-12-25": "Christmas Day",
    "2000-12-26": "Day after Christmas",
    "2001-01-01": "New Year's Day",
    "2001-02-23": "Republic Day",
    "2001-03-06": "Eid al-Adha",
    "2001-03-10": "Holi",
    "2001-04-13": "Good Friday",
    "2001-04-16": "Easter Monday",
    "2001-05-01": "Labor Day",
    "2001-06-04": "Prophet's Birthday",
    "2001-08-06": "Commonwealth Day",
    "2001-11-14": "Diwali",
    "2001-12-25": "Christmas Day",
    "2001-12-26": "Day after Christmas",
    "2002-01-01": "New Year's Day",
    "2002-02-23": "Eid al-Adha; Republic Day",
    "2002-03-29": "Good Friday; Holi",
    "2002-04-01": "Easter Monday",
    "2002-05-01": "Labor Day",
    "2002-05-24": "Prophet's Birthday",
    "2002-08-05": "Commonwealth Day",
    "2002-11-04": "Diwali",
    "2002-12-25": "Christmas Day",
    "2002-12-26": "Day after Christmas",
    "2003-01-01": "New Year's Day",
    "2003-02-12": "Eid al-Adha",
    "2003-02-23": "Republic Day",
    "2003-03-18": "Holi",
    "2003-04-18": "Good Friday",
    "2003-04-21": "Easter Monday",
    "2003-05-01": "Labor Day",
    "2003-05-14": "Prophet's Birthday",
    "2003-08-04": "Commonwealth Day",
    "2003-10-25": "Diwali",
    "2003-12-25": "Christmas Day",
    "2003-12-26": "Day after Christmas",
    "2004-01-01": "New Year's Day",
    "2004-02-02": "Eid al-Adha",
    "2004-02-23": "Republic Day",
    "2004-03-07": "Holi",
    "2004-03-08": "Holi (observed)",
    "2004-04-09": "Good Friday",
    "2004-04-12": "Easter Monday",
    "2004-05-01": "Labor Day",
    "2004-05-02": "Prophet's Birthday",
    "2004-05-03": "Prophet's Birthday (observed)",
    "2004-08-02": "Commonwealth Day",
    "2004-11-12": "Diwali",
    "2004-12-25": "Christmas Day",
    "2004-12-26": "Day after Christmas",
    "2004-12-27": "Christmas Day (observed)",
    "2004-12-28": "Day after Christmas (observed)",
    "2005-01-01": "New Year's Day",
    "2005-01-03": "New Year's Day (observed)",
    "2005-01-21": "Eid al-Adha",
    "2005-02-23": "Republic Day",
    "2005-03-25": "Good Friday",
    "2005-03-26": "Holi",
    "2005-03-28": "Easter Monday",
    "2005-04-21": "Prophet's Birthday",
    "2005-05-01": "Labor Day",
    "2005-05-02": "Labor Day (observed)",
    "2005-08-01": "Commonwealth Day",
    "2005-11-01": "Diwali",
    "2005-12-25": "Christmas Day",
    "2005-12-26": "Day after Christmas",
    "2005-12-27": "Christmas Day (observed)",
    "2006-01-01": "New Year's Day",
    "2006-01-02": "New Year's Day (observed)",
    "2006-01-10": "Eid al-Adha",
    "2006-02-23": "Republic Day",
    "2006-03-15": "Holi",
    "2006-04-11": "Prophet's Birthday",
    "2006-04-14": "Good Friday",
    "2006-04-17": "Easter Monday",
    "2006-05-01": "Labor Day",
    "2006-08-07": "Commonwealth Day",
    "2006-10-21": "Diwali",
    "2006-12-25": "Christmas Day",
    "2006-12-26": "Day after Christmas",
    "2006-12-31": "Eid al-Adha",
    "2007-01-01": "New Year's Day",
    "2007-02-23": "Republic Day",
    "2007-03-04": "Holi",
    "2007-03-05": "Holi (observed)",
    "2007-03-31": "Prophet's Birthday",
    "2007-04-06": "Good Friday",
    "2007-04-09": "Easter Monday",
    "2007-05-01": "Labor Day",
    "2007-08-06": "Commonwealth Day",
    "2007-11-09": "Diwali",
    "2007-12-20": "Eid al-Adha",
    "2007-12-25": "Christmas Day",
    "2007-12-26": "Day after Christmas",
    "2008-01-01": "New Year's Day",
    "2008-02-23": "Republic Day",
    "2008-03-20": "Prophet's Birthday",
    "2008-03-21": "Good Friday",
    "2008-03-22": "Holi",
    "2008-03-24": "Easter Monday",
    "2008-05-01": "Labor Day",
    "2008-08-04": "Commonwealth Day",
    "2008-10-28": "Diwali",
    "2008-12-09": "Eid al-Adha",
    "2008-12-25": "Christmas Day",
    "2008-12-26": "Day after Christmas",
    "2009-01-01": "New Year's Day",
    "2009-02-23": "Republic Day",
    "2009-03-09": "Prophet's Birthday",
    "2009-03-11": "Holi",
    "2009-04-10": "Good Friday",
    "2009-04-13": "Easter Monday",
    "2009-05-01": "Labor Day",
    "2009-08-03": "Commonwealth Day",
    "2009-10-17": "Diwali",
    "2009-11-28": "Eid al-Adha",
    "2009-12-25": "Christmas Day",
    "2009-12-26": "Day after Christmas",
    "2009-12-28": "Day after Christmas (observed)",
    "2010-01-01": "New Year's Day",
    "2010-02-23": "Republic Day",
    "2010-02-26": "Prophet's Birthday",
    "2010-03-01": "Holi",
    "2010-04-02": "Good Friday",
    "2010-04-05": "Easter Monday",
    "2010-05-01": "Labor Day",
    "2010-08-02": "Commonwealth Day",
    "2010-11-05": "Diwali",
    "2010-11-17": "Eid al-Adha",
    "2010-12-25": "Christmas Day",
    "2010-12-26": "Day after Christmas",
    "2010-12-27": "Christmas Day (observed)",
    "2010-12-28": "Day after Christmas (observed)",
    "2011-01-01": "New Year's Day",
    "2011-01-03": "New Year's Day (observed)",
    "2011-02-16": "Prophet's Birthday",
    "2011-02-23": "Republic Day",
    "2011-03-20": "Holi",
    "2011-03-21": "Holi (observed)",
    "2011-04-22": "Good Friday",
    "2011-04-25": "Easter Monday",
    "2011-05-01": "Labor Day",
    "2011-05-02": "Labor Day (observed)",
    "2011-08-01": "Commonwealth Day",
    "2011-10-26": "Diwali",
    "2011-11-07": "Eid al-Adha",
    "2011-12-25": "Christmas Day",
    "2011-12-26": "Day after Christmas",
    "2011-12-27": "Christmas Day (observed)",
    "2012-01-01": "New Year's Day",
    "2012-01-02": "New Year's Day (observed)",
    "2012-02-05": "Prophet's Birthday",
    "2012-02-06": "Prophet's Birthday (observed)",
    "2012-02-23": "Republic Day",
    "2012-03-08": "Holi",
    "2012-04-06": "Good Friday",
    "2012-04-09": "Easter Monday",
    "2012-05-01": "Labor Day",
    "2012-08-06": "Commonwealth Day",
    "2012-10-26": "Eid al-Adha",
    "2012-11-13": "Diwali",
    "2012-12-25": "Christmas Day",
    "2012-12-26": "Day after Christmas",
    "2013-01-01": "New Year's Day",
    "2013-01-24": "Prophet's Birthday",
    "2013-02-23": "Republic Day",
    "2013-03-27": "Holi",
    "2013-03-29": "Good Friday",
    "2013-04-01": "Easter Monday",
    "2013-05-01": "Labor Day",
    "2013-08-05": "Commonwealth Day",
    "2013-10-15": "Eid al-Adha",
    "2013-11-03": "Diwali",
    "2013-11-04": "Diwali (observed)",
    "2013-12-25": "Christmas Day",
    "2013-12-26": "Day after Christmas",
    "2014-01-01": "New Year's Day",
    "2014-01-14": "Prophet's Birthday",
    "2014-02-23": "Republic Day",
    "2014-03-17": "Holi",
    "2014-04-18": "Good Friday",
    "2014-04-21": "Easter Monday",
    "2014-05-01": "Labor Day",
    "2014-08-04": "Commonwealth Day",
    "2014-10-05": "Eid al-Adha",
    "2014-10-06": "Eid al-Adha (observed)",
    "2014-10-23": "Diwali",
    "2014-12-25": "Christmas Day",
    "2014-12-26": "Day after Christmas",
    "2015-01-01": "New Year's Day",
    "2015-01-03": "Prophet's Birthday",
    "2015-02-23": "Republic Day",
    "2015-03-06": "Holi",
    "2015-04-03": "Good Friday",
    "2015-04-06": "Easter Monday",
    "2015-05-01": "Labor Day",
    "2015-08-03": "Commonwealth Day",
    "2015-09-24": "Eid al-Adha",
    "2015-11-11": "Diwali",
    "2015-12-24": "Prophet's Birthday",
    "2015-12-25": "Christmas Day",
    "2015-12-26": "Day after Christmas",
    "2015-12-28": "Day after Christmas (observed)",
    "2016-01-01": "New Year's Day",
    "2016-02-23": "Republic Day",
    "2016-03-23": "Holi",
    "2016-03-25": "Good Friday",
    "2016-03-28": "Easter Monday",
    "2016-05-01": "Labor Day",
    "2016-05-02": "Labor Day (observed)",
    "2016-05-26": "Independence Day",
    "2016-07-04": "CARICOM Day",
    "2016-08-01": "Emancipation Day",
    "2016-09-13": "Eid al-Adha",
    "2016-10-30": "Diwali",
    "2016-10-31": "Diwali (observed)",
    "2016-12-12": "Prophet's Birthday",
    "2016-12-25": "Christmas Day",
    "2016-12-26": "Day after Christmas",
    "2016-12-27": "Christmas Day (observed)",
    "2017-01-01": "New Year's Day",
    "2017-01-02": "New Year's Day (observed)",
    "2017-02-23": "Republic Day",
    "2017-03-12": "Holi",
    "2017-03-13": "Holi (observed)",
    "2017-04-14": "Good Friday",
    "2017-04-17": "Easter Monday",
    "2017-05-01": "Labor Day",
    "2017-05-26": "Independence Day",
    "2017-07-03": "CARICOM Day",
    "2017-08-01": "Emancipation Day",
    "2017-09-02": "Eid al-Adha",
    "2017-10-19": "Diwali",
    "2017-12-01": "Prophet's Birthday",
    "2017-12-25": "Christmas Day",
    "2017-12-26": "Day after Christmas",
    "2018-01-01": "New Year's Day",
    "2018-02-23": "Republic Day",
    "2018-03-02": "Holi",
    "2018-03-30": "Good Friday",
    "2018-04-02": "Easter Monday",
    "2018-05-01": "Labor Day",
    "2018-05-26": "Independence Day",
    "2018-07-02": "CARICOM Day",
    "2018-08-01": "Emancipation Day",
    "2018-08-22": "Eid al-Adha",
    "2018-11-07": "Diwali",
    "2018-11-21": "Prophet's Birthday",
    "2018-12-25": "Christmas Day",
    "2018-12-26": "Day after Christmas",
    "2019-01-01": "New Year's Day",
    "2019-02-23": "Republic Day",
    "2019-03-21": "Holi",
    "2019-04-19": "Good Friday",
    "2019-04-22": "Easter Monday",
    "2019-05-01": "Labor Day",
    "2019-05-05": "Arrival Day",
    "2019-05-06": "Arrival Day (observed)",
    "2019-05-26": "Independence Day",
    "2019-07-01": "CARICOM Day",
    "2019-08-01": "Emancipation Day",
    "2019-08-11": "Eid al-Adha",
    "2019-08-12": "Eid al-Adha (observed)",
    "2019-10-27": "Diwali",
    "2019-10-28": "Diwali (observed)",
    "2019-11-10": "Prophet's Birthday",
    "2019-11-11": "Prophet's Birthday (observed)",
    "2019-12-25": "Christmas Day",
    "2019-12-26": "Day after Christmas",
    "2020-01-01": "New Year's Day",
    "2020-02-23": "Republic Day",
    "2020-03-02": "Public Holiday",
    "2020-03-10": "Holi",
    "2020-04-10": "Good Friday",
    "2020-04-13": "Easter Monday",
    "2020-05-01": "Labor Day",
    "2020-05-05": "Arrival Day",
    "2020-05-26": "Independence Day",
    "2020-07-06": "CARICOM Day",
    "2020-07-31": "Eid al-Adha",
    "2020-08-01": "Emancipation Day",
    "2020-10-29": "Prophet's Birthday",
    "2020-11-14": "Diwali",
    "2020-12-25": "Christmas Day",
    "2020-12-26": "Day after Christmas",
    "2020-12-28": "Day after Christmas (observed)",
    "2021-01-01": "New Year's Day",
    "2021-02-23": "Republic Day",
    "2021-03-28": "Holi",
    "2021-03-29": "Holi (observed)",
    "2021-04-02": "Good Friday",
    "2021-04-05": "Easter Monday",
    "2021-05-01": "Labor Day",
    "2021-05-05": "Arrival Day",
    "2021-05-26": "Independence Day",
    "2021-07-05": "CARICOM Day",
    "2021-07-21": "Eid al-Adha",
    "2021-08-01": "Emancipation Day",
    "2021-08-02": "Emancipation Day (observed)",
    "2021-10-19": "Prophet's Birthday",
    "2021-11-04": "Diwali",
    "2021-12-25": "Christmas Day",
    "2021-12-26": "Day after Christmas",
    "2021-12-27": "Christmas Day (observed)",
    "2021-12-28": "Day after Christmas (observed)",
    "2022-01-01": "New Year's Day",
    "2022-01-03": "New Year's Day (observed)",
    "2022-02-23": "Republic Day",
    "2022-03-18": "Holi",
    "2022-04-15": "Good Friday",
    "2022-04-18": "Easter Monday",
    "2022-05-01": "Labor Day",
    "2022-05-02": "Labor Day (observed)",
    "2022-05-05": "Arrival Day",
    "2022-05-26": "Independence Day",
    "2022-07-04": "CARICOM Day",
    "2022-07-09": "Eid al-Adha",
    "2022-08-01": "Emancipation Day",
    "2022-10-09": "Prophet's Birthday",
    "2022-10-10": "Prophet's Birthday (observed)",
    "2022-10-24": "Diwali",
    "2022-12-25": "Christmas Day",
    "2022-12-26": "Day after Christmas",
    "2022-12-27": "Christmas Day (observed)",
    "2023-01-01": "New Year's Day",
    "2023-01-02": "New Year's Day (observed)",
    "2023-02-23": "Republic Day",
    "2023-03-07": "Holi",
    "2023-04-07": "Good Friday",
    "2023-04-10": "Easter Monday",
    "2023-05-01": "Labor Day",
    "2023-05-05": "Arrival Day",
    "2023-05-26": "Independence Day",
    "2023-06-29": "Eid al-Adha",
    "2023-07-03": "CARICOM Day",
    "2023-08-01": "Emancipation Day",
    "2023-09-28": "Prophet's Birthday",
    "2023-11-12": "Diwali",
    "2023-11-13": "Diwali (observed)",
    "2023-12-25": "Christmas Day",
    "2023-12-26": "Day after Christmas",
    "2024-01-01": "New Year's Day",
    "2024-02-23": "Republic Day",
    "2024-03-25": "Holi",
    "2024-03-29": "Good Friday",
    "2024-04-01": "Easter Monday",
    "2024-05-01": "Labor Day",
    "2024-05-05": "Arrival Day",
    "2024-05-06": "Arrival Day (observed)",
    "2024-05-26": "Independence Day",
    "2024-06-17": "Eid al-Adha",
    "2024-07-01": "CARICOM Day",
    "2024-08-01": "Emancipation Day",
    "2024-09-16": "Prophet's Birthday",
    "2024-10-31": "Diwali",
    "2024-12-25": "Christmas Day",
    "2024-12-26": "Day after Christmas",
    "2025-01-01": "New Year's Day",
    "2025-02-23": "Republic Day",
    "2025-03-14": "Holi",
    "2025-04-18": "Good Friday",
    "2025-04-21": "Easter Monday",
    "2025-05-01": "Labor Day",
    "2025-05-05": "Arrival Day",
    "2025-05-26": "Independence Day",
    "2025-06-07": "Eid al-Adha",
    "2025-07-07": "CARICOM Day",
    "2025-08-01": "Emancipation Day",
    "2025-09-05": "Prophet's Birthday",
    "2025-10-20": "Diwali",
    "2025-12-25": "Christmas Day",
    "2025-12-26": "Day after Christmas",
    "2026-01-01": "New Year's Day",
    "2026-02-23": "Republic Day",
    "2026-03-03": "Holi",
    "2026-04-03": "Good Friday",
    "2026-04-06": "Easter Monday",
    "2026-05-01": "Labor Day",
    "2026-05-05": "Arrival Day",
    "2026-05-26": "Independence Day",
    "2026-05-28": "Eid al-Adha (estimated)",
    "2026-07-06": "CARICOM Day",
    "2026-08-01": "Emancipation Day",
    "2026-08-26": "Prophet's Birthday (estimated)",
    "2026-11-08": "Diwali",
    "2026-11-09": "Diwali (observed)",
    "2026-12-25": "Christmas Day",
    "2026-12-26": "Day after Christmas",
    "2026-12-28": "Day after Christmas (observed)",
    "2027-01-01": "New Year's Day",
    "2027-02-23": "Republic Day",
    "2027-03-22": "Holi",
    "2027-03-26": "Good Friday",
    "2027-03-29": "Easter Monday",
    "2027-05-01": "Labor Day",
    "2027-05-05": "Arrival Day",
    "2027-05-17": "Eid al-Adha (estimated)",
    "2027-05-26": "Independence Day",
    "2027-07-05": "CARICOM Day",
    "2027-08-01": "Emancipation Day",
    "2027-08-02": "Emancipation Day (observed)",
    "2027-08-15": "Prophet's Birthday (estimated)",
    "2027-08-16": "Prophet's Birthday (observed, estimated)",
    "2027-10-29": "Diwali",
    "2027-12-25": "Christmas Day",
    "2027-12-26": "Day after Christmas",
    "2027-12-27": "Christmas Day (observed)",
    "2027-12-28": "Day after Christmas (observed)",
    "2028-01-01": "New Year's Day",
    "2028-01-03": "New Year's Day (observed)",
    "2028-02-23": "Republic Day",
    "2028-03-11": "Holi",
    "2028-04-14": "Good Friday",
    "2028-04-17": "Easter Monday",
    "2028-05-01": "Labor Day",
    "2028-05-05": "Arrival Day",
    "2028-05-06": "Eid al-Adha (estimated)",
    "2028-05-26": "Independence Day",
    "2028-07-03": "CARICOM Day",
    "2028-08-01": "Emancipation Day",
    "2028-08-04": "Prophet's Birthday (estimated)",
    "2028-10-17": "Diwali",
    "2028-12-25": "Christmas Day",
    "2028-12-26": "Day after Christmas",
    "2029-01-01": "New Year's Day",
    "2029-02-23": "Republic Day",
    "2029-03-01": "Holi",
    "2029-03-30": "Good Friday",
    "2029-04-02": "Easter Monday",
    "2029-04-25": "Eid al-Adha (estimated)",
    "2029-05-01": "Labor Day",
    "2029-05-05": "Arrival Day",
    "2029-05-26": "Independence Day",
    "2029-07-02": "CARICOM Day",
    "2029-07-25": "Prophet's Birthday (estimated)",
    "2029-08-01": "Emancipation Day",
    "2029-11-05": "Diwali",
    "2029-12-25": "Christmas Day",
    "2029-12-26": "Day after Christmas",
    "2030-01-01": "New Year's Day",
    "2030-02-23": "Republic Day",
    "2030-03-20": "Holi",
    "2030-04-14": "Eid al-Adha (estimated)",
    "2030-04-15": "Eid al-Adha (observed, estimated)",
    "2030-04-19": "Good Friday",
    "2030-04-22": "Easter Monday",
    "2030-05-01": "Labor Day",
    "2030-05-05": "Arrival Day",
    "2030-05-06": "Arrival Day (observed)",
    "2030-05-26": "Independence Day",
    "2030-07-01": "CARICOM Day",
    "2030-07-14": "Prophet's Birthday (estimated)",
    "2030-07-15": "Prophet's Birthday (observed, estimated)",
    "2030-08-01": "Emancipation Day",
    "2030-10-26": "Diwali",
    "2030-12-25": "Christmas Day",
    "2030-12-26": "Day after Christmas",
    "2031-01-01": "New Year's Day",
    "2031-02-23": "Republic Day",
    "2031-03-09": "Holi",
    "2031-03-10": "Holi (observed)",
    "2031-04-03": "Eid al-Adha (estimated)",
    "2031-04-11": "Good Friday",
    "2031-04-14": "Easter Monday",
    "2031-05-01": "Labor Day",
    "2031-05-05": "Arrival Day",
    "2031-05-26": "Independence Day",
    "2031-07-03": "Prophet's Birthday (estimated)",
    "2031-07-07": "CARICOM Day",
    "2031-08-01": "Emancipation Day",
    "2031-11-14": "Diwali",
    "2031-12-25": "Christmas Day",
    "2031-12-26": "Day after Christmas",
    "2032-01-01": "New Year's Day",
    "2032-02-23": "Republic Day",
    "2032-03-23": "Eid al-Adha (estimated)",
    "2032-03-26": "Good Friday",
    "2032-03-27": "Holi",
    "2032-03-29": "Easter Monday",
    "2032-05-01": "Labor Day",
    "2032-05-05": "Arrival Day",
    "2032-05-26": "Independence Day",
    "2032-06-21": "Prophet's Birthday (estimated)",
    "2032-07-05": "CARICOM Day",
    "2032-08-01": "Emancipation Day",
    "2032-08-02": "Emancipation Day (observed)",
    "2032-11-02": "Diwali",
    "2032-12-25": "Christmas Day",
    "2032-12-26": "Day after Christmas",
    "2032-12-27": "Christmas Day (observed)",
    "2032-12-28": "Day after Christmas (observed)",
    "2033-01-01": "New Year's Day",
    "2033-01-03": "New Year's Day (observed)",
    "2033-02-23": "Republic Day",
    "2033-03-12": "Eid al-Adha (estimated)",
    "2033-03-16": "Holi",
    "2033-04-15": "Good Friday",
    "2033-04-18": "Easter Monday",
    "2033-05-01": "Labor Day",
    "2033-05-02": "Labor Day (observed)",
    "2033-05-05": "Arrival Day",
    "2033-05-26": "Independence Day",
    "2033-06-10": "Prophet's Birthday (estimated)",
    "2033-07-04": "CARICOM Day",
    "2033-08-01": "Emancipation Day",
    "2033-10-22": "Diwali",
    "2033-12-25": "Christmas Day",
    "2033-12-26": "Day after Christmas",
    "2033-12-27": "Christmas Day (observed)",
    "2034-01-01": "New Year's Day",
    "2034-01-02": "New Year's Day (observed)",
    "2034-02-23": "Republic Day",
    "2034-03-02": "Eid al-Adha (estimated)",
    "2034-03-05": "Holi",
    "2034-03-06": "Holi (observed)",
    "2034-04-07": "Good Friday",
    "2034-04-10": "Easter Monday",
    "2034-05-01": "Labor Day",
    "2034-05-05": "Arrival Day",
    "2034-05-26": "Independence Day",
    "2034-05-31": "Prophet's Birthday (estimated)",
    "2034-07-03": "CARICOM Day",
    "2034-08-01": "Emancipation Day",
    "2034-11-10": "Diwali",
    "2034-12-25": "Christmas Day",
    "2034-12-26": "Day after Christmas",
    "2035-01-01": "New Year's Day",
    "2035-02-19": "Eid al-Adha (estimated)",
    "2035-02-23": "Republic Day",
    "2035-03-23": "Good Friday",
    "2035-03-24": "Holi",
    "2035-03-26": "Easter Monday",
    "2035-05-01": "Labor Day",
    "2035-05-05": "Arrival Day",
    "2035-05-21": "Prophet's Birthday (estimated)",
    "2035-05-26": "Independence Day",
    "2035-07-02": "CARICOM Day",
    "2035-08-01": "Emancipation Day",
    "2035-10-30": "Diwali",
    "2035-12-25": "Christmas Day",
    "2035-12-26": "Day after Christmas",
    "2036-01-01": "New Year's Day",
    "2036-02-08": "Eid al-Adha (estimated)",
    "2036-02-23": "Republic Day",
    "2036-04-11": "Good Friday",
    "2036-04-14": "Easter Monday",
    "2036-05-01": "Labor Day",
    "2036-05-05": "Arrival Day",
    "2036-05-09": "Prophet's Birthday (estimated)",
    "2036-05-26": "Independence Day",
    "2036-07-07": "CARICOM Day",
    "2036-08-01": "Emancipation Day",
    "2036-12-25": "Christmas Day",
    "2036-12-26": "Day after Christmas",
    "2037-01-01": "New Year's Day",
    "2037-01-27": "Eid al-Adha (estimated)",
    "2037-02-23": "Republic Day",
    "2037-04-03": "Good Friday",
    "2037-04-06": "Easter Monday",
    "2037-04-29": "Prophet's Birthday (estimated)",
    "2037-05-01": "Labor Day",
    "2037-05-05": "Arrival Day",
    "2037-05-26": "Independence Day",
    "2037-07-06": "CARICOM Day",
    "2037-08-01": "Emancipation Day",
    "2037-12-25": "Christmas Day",
    "2037-12-26": "Day after Christmas",
    "2037-12-28": "Day after Christmas (observed)",
    "2038-01-01": "New Year's Day",
    "2038-01-17": "Eid al-Adha (estimated)",
    "2038-01-18": "Eid al-Adha (observed, estimated)",
    "2038-02-23": "Republic Day",
    "2038-04-18": "Prophet's Birthday (estimated)",
    "2038-04-19": "Prophet's Birthday (observed, estimated)",
    "2038-04-23": "Good Friday",
    "2038-04-26": "Easter Monday",
    "2038-05-01": "Labor Day",
    "2038-05-05": "Arrival Day",
    "2038-05-26": "Independence Day",
    "2038-07-05": "CARICOM Day",
    "2038-08-01": "Emancipation Day",
    "2038-08-02": "Emancipation Day (observed)",
    "2038-12-25": "Christmas Day",
    "2038-12-26": "Day after Christmas",
    "2038-12-27": "Christmas Day (observed)",
    "2038-12-28": "Day after Christmas (observed)",
    "2039-01-01": "New Year's Day",
    "2039-01-03": "New Year's Day (observed)",
    "2039-01-06": "Eid al-Adha (estimated)",
    "2039-02-23": "Republic Day",
    "2039-04-07": "Prophet's Birthday (estimated)",
    "2039-04-08": "Good Friday",
    "2039-04-11": "Easter Monday",
    "2039-05-01": "Labor Day",
    "2039-05-02": "Labor Day (observed)",
    "2039-05-05": "Arrival Day",
    "2039-05-26": "Independence Day",
    "2039-07-04": "CARICOM Day",
    "2039-08-01": "Emancipation Day",
    "2039-12-25": "Christmas Day",
    "2039-12-26": "Day after Christmas",
    "2039-12-27": "Christmas Day (observed); Eid al-Adha (estimated)",
    "2040-01-01": "New Year's Day",
    "2040-01-02": "New Year's Day (observed)",
    "2040-02-23": "Republic Day",
    "2040-03-26": "Prophet's Birthday (estimated)",
    "2040-03-30": "Good Friday",
    "2040-04-02": "Easter Monday",
    "2040-05-01": "Labor Day",
    "2040-05-05": "Arrival Day",
    "2040-05-26": "Independence Day",
    "2040-07-02": "CARICOM Day",
    "2040-08-01": "Emancipation Day",
    "2040-12-15": "Eid al-Adha (estimated)",
    "2040-12-25": "Christmas Day",
    "2040-12-26": "Day after Christmas",
    "2041-01-01": "New Year's Day",
    "2041-02-23": "Republic Day",
    "2041-03-16": "Prophet's Birthday (estimated)",
    "2041-04-19": "Good Friday",
    "2041-04-22": "Easter Monday",
    "2041-05-01": "Labor Day",
    "2041-05-05": "Arrival Day",
    "2041-05-06": "Arrival Day (observed)",
    "2041-05-26": "Independence Day",
    "2041-07-01": "CARICOM Day",
    "2041-08-01": "Emancipation Day",
    "2041-12-05": "Eid al-Adha (estimated)",
    "2041-12-25": "Christmas Day",
    "2041-12-26": "Day after Christmas",
    "2042-01-01": "New Year's Day",
    "2042-02-23": "Republic Day",
    "2042-03-05": "Prophet's Birthday (estimated)",
    "2042-04-04": "Good Friday",
    "2042-04-07": "Easter Monday",
    "2042-05-01": "Labor Day",
    "2042-05-05": "Arrival Day",
    "2042-05-26": "Independence Day",
    "2042-07-07": "CARICOM Day",
    "2042-08-01": "Emancipation Day",
    "2042-11-24": "Eid al-Adha (estimated)",
    "2042-12-25": "Christmas Day",
    "2042-12-26": "Day after Christmas",
    "2043-01-01": "New Year's Day",
    "2043-02-23": "Prophet's Birthday (estimated); Republic Day",
    "2043-03-27": "Good Friday",
    "2043-03-30": "Easter Monday",
    "2043-05-01": "Labor Day",
    "2043-05-05": "Arrival Day",
    "2043-05-26": "Independence Day",
    "2043-07-06": "CARICOM Day",
    "2043-08-01": "Emancipation Day",
    "2043-11-13": "Eid al-Adha (estimated)",
    "2043-12-25": "Christmas Day",
    "2043-12-26": "Day after Christmas",
    "2043-12-28": "Day after Christmas (observed)",
    "2044-01-01": "New Year's Day",
    "2044-02-12": "Prophet's Birthday (estimated)",
    "2044-02-23": "Republic Day",
    "2044-04-15": "Good Friday",
    "2044-04-18": "Easter Monday",
    "2044-05-01": "Labor Day",
    "2044-05-02": "Labor Day (observed)",
    "2044-05-05": "Arrival Day",
    "2044-05-26": "Independence Day",
    "2044-07-04": "CARICOM Day",
    "2044-08-01": "Emancipation Day",
    "2044-11-01": "Eid al-Adha (estimated)",
    "2044-12-25": "Christmas Day",
    "2044-12-26": "Day after Christmas",
    "2044-12-27": "Christmas Day (observed)",
    "2045-01-01": "New Year's Day",
    "2045-01-02": "New Year's Day (observed)",
    "2045-01-31": "Prophet's Birthday (estimated)",
    "2045-02-23": "Republic Day",
    "2045-04-07": "Good Friday",
    "2045-04-10": "Easter Monday",
    "2045-05-01": "Labor Day",
    "2045-05-05": "Arrival Day",
    "2045-05-26": "Independence Day",
    "2045-07-03": "CARICOM Day",
    "2045-08-01": "Emancipation Day",
    "2045-10-22": "Eid al-Adha (estimated)",
    "2045-10-23": "Eid al-Adha (observed, estimated)",
    "2045-12-25": "Christmas Day",
    "2045-12-26": "Day after Christmas",
    "2046-01-01": "New Year's Day",
    "2046-01-20": "Prophet's Birthday (estimated)",
    "2046-02-23": "Republic Day",
    "2046-03-23": "Good Friday",
    "2046-03-26": "Easter Monday",
    "2046-05-01": "Labor Day",
    "2046-05-05": "Arrival Day",
    "2046-05-26": "Independence Day",
    "2046-07-02": "CARICOM Day",
    "2046-08-01": "Emancipation Day",
    "2046-10-11": "Eid al-Adha (estimated)",
    "2046-12-25": "Christmas Day",
    "2046-12-26": "Day after Christmas",
    "2047-01-01": "New Year's Day",
    "2047-01-09": "Prophet's Birthday (estimated)",
    "2047-02-23": "Republic Day",
    "2047-04-12": "Good Friday",
    "2047-04-15": "Easter Monday",
    "2047-05-01": "Labor Day",
    "2047-05-05": "Arrival Day",
    "2047-05-06": "Arrival Day (observed)",
    "2047-05-26": "Independence Day",
    "2047-07-01": "CARICOM Day",
    "2047-08-01": "Emancipation Day",
    "2047-10-01": "Eid al-Adha (estimated)",
    "2047-12-25": "Christmas Day",
    "2047-12-26": "Day after Christmas",
    "2047-12-30": "Prophet's Birthday (estimated)",
    "2048-01-01": "New Year's Day",
    "2048-02-23": "Republic Day",
    "2048-04-03": "Good Friday",
    "2048-04-06": "Easter Monday",
    "2048-05-01": "Labor Day",
    "2048-05-05": "Arrival Day",
    "2048-05-26": "Independence Day",
    "2048-07-06": "CARICOM Day",
    "2048-08-01": "Emancipation Day",
    "2048-09-20": "Eid al-Adha (estimated)",
    "2048-09-21": "Eid al-Adha (observed, estimated)",
    "2048-12-19": "Prophet's Birthday (estimated)",
    "2048-12-25": "Christmas Day",
    "2048-12-26": "Day after Christmas",
    "2048-12-28": "Day after Christmas (observed)",
    "2049-01-01": "New Year's Day",
    "2049-02-23": "Republic Day",
    "2049-04-16": "Good Friday",
    "2049-04-19": "Easter Monday",
    "2049-05-01": "Labor Day",
    "2049-05-05": "Arrival Day",
    "2049-05-26": "Independence Day",
    "2049-07-05": "CARICOM Day",
    "2049-08-01": "Emancipation Day",
    "2049-08-02": "Emancipation Day (observed)",
    "2049-09-09": "Eid al-Adha (estimated)",
    "2049-12-08": "Prophet's Birthday (estimated)",
    "2049-12-25": "Christmas Day",
    "2049-12-26": "Day after Christmas",
    "2049-12-27": "Christmas Day (observed)",
    "2049-12-28": "Day after Christmas (observed)",
    "2050-01-01": "New Year's Day",
    "2050-01-03": "New Year's Day (observed)",
    "2050-02-23": "Republic Day",
    "2050-04-08": "Good Friday",
    "2050-04-11": "Easter Monday",
    "2050-05-01": "Labor Day",
    "2050-05-02": "Labor Day (observed)",
    "2050-05-05": "Arrival Day",
    "2050-05-26": "Independence Day",
    "2050-07-04": "CARICOM Day",
    "2050-08-01": "Emancipation Day",
    "2050-08-29": "Eid al-Adha (estimated)",
    "2050-11-27": "Prophet's Birthday (estimated)",
    "2050-11-28": "Prophet's Birthday (observed, estimated)",
    "2050-12-25": "Christmas Day",
    "2050-12-26": "Day after Christmas",
    "2050-12-27": "Christmas Day (observed)"
}
