{
    "1987-01-01": "National Independence Day; New Year's Day",
    "1987-01-02": "Ancestry Day",
    "1987-03-01": "Carnival",
    "1987-03-02": "Shrove Monday",
    "1987-03-03": "Fat Tuesday",
    "1987-03-04": "Ash Wednesday",
    "1987-04-16": "Maundy Thursday",
    "1987-04-17": "Good Friday",
    "1987-04-19": "Easter Sunday",
    "1987-05-01": "Agriculture and Labor Day",
    "1987-05-18": "Flag Day and University Day",
    "1987-05-23": "National Sovereignty Day",
    "1987-05-28": "Ascension Day",
    "1987-06-18": "Corpus Christi",
    "1987-06-27": "Feast of Lady of Perpetual Help, Patroness of Haiti",
    "1987-08-15": "Assumption Day",
    "1987-09-20": "Birth Anniversary of Jean-Jacques Dessalines",
    "1987-10-17": "Death of Dessalines",
    "1987-11-01": "All Saints' Day",
    "1987-11-02": "Day of the Dead",
    "1987-11-18": "Armed Forces Day; Commemoration of the Battle of Vertieres",
    "1987-12-05": "Discovery Day",
    "1987-12-25": "Christmas Day",
    "1988-01-01": "National Independence Day; New Year's Day",
    "1988-01-02": "Ancestry Day",
    "1988-02-14": "Carnival",
    "1988-02-15": "Shrove Monday",
    "1988-02-16": "Fat Tuesday",
    "1988-02-17": "Ash Wednesday",
    "1988-03-31": "Maundy Thursday",
    "1988-04-01": "Good Friday",
    "1988-04-03": "Easter Sunday",
    "1988-05-01": "Agriculture and Labor Day",
    "1988-05-12": "Ascension Day",
    "1988-05-18": "Flag Day and University Day",
    "1988-05-23": "National Sovereignty Day",
    "1988-06-02": "Corpus Christi",
    "1988-06-27": "Feast of Lady of Perpetual Help, Patroness of Haiti",
    "1988-08-15": "Assumption Day",
    "1988-09-20": "Birth Anniversary of Jean-Jacques Dessalines",
    "1988-10-17": "Death of Dessalines",
    "1988-11-01": "All Saints' Day",
    "1988-11-02": "Day of the Dead",
    "1988-11-18": "Armed Forces Day; Commemoration of the Battle of Vertieres",
    "1988-12-05": "Discovery Day",
    "1988-12-25": "Christmas Day",
    "1989-01-01": "National Independence Day; New Year's Day",
    "1989-01-02": "Ancestry Day",
    "1989-02-05": "Carnival",
    "1989-02-06": "Shrove Monday",
    "1989-02-07": "Fat Tuesday",
    "1989-02-08": "Ash Wednesday",
    "1989-03-23": "Maundy Thursday",
    "1989-03-24": "Good Friday",
    "1989-03-26": "Easter Sunday",
    "1989-05-01": "Agriculture and Labor Day",
    "1989-05-04": "Ascension Day",
    "1989-05-18": "Flag Day and University Day",
    "1989-05-23": "National Sovereignty Day",
    "1989-05-25": "Corpus Christi",
    "1989-06-27": "Feast of Lady of Perpetual Help, Patroness of Haiti",
    "1989-08-15": "Assumption Day",
    "1989-09-20": "Birth Anniversary of Jean-Jacques Dessalines",
    "1989-10-17": "Death of Dessalines",
    "1989-11-01": "All Saints' Day",
    "1989-11-02": "Day of the Dead",
    "1989-11-18": "Armed Forces Day; Commemoration of the Battle of Vertieres",
    "1989-12-05": "Discovery Day",
    "1989-12-25": "Christmas Day",
    "1990-01-01": "National Independence Day; New Year's Day",
    "1990-01-02": "Ancestry Day",
    "1990-02-25": "Carnival",
    "1990-02-26": "Shrove Monday",
    "1990-02-27": "Fat Tuesday",
    "1990-02-28": "Ash Wednesday",
    "1990-04-12": "Maundy Thursday",
    "1990-04-13": "Good Friday",
    "1990-04-15": "Easter Sunday",
    "1990-05-01": "Agriculture and Labor Day",
    "1990-05-18": "Flag Day and University Day",
    "1990-05-23": "National Sovereignty Day",
    "1990-05-24": "Ascension Day",
    "1990-06-14": "Corpus Christi",
    "1990-06-27": "Feast of Lady of Perpetual Help, Patroness of Haiti",
    "1990-08-15": "Assumption Day",
    "1990-09-20": "Birth Anniversary of Jean-Jacques Dessalines",
    "1990-10-17": "Death of Dessalines",
    "1990-11-01": "All Saints' Day",
    "1990-11-02": "Day of the Dead",
    "1990-11-18": "Armed Forces Day; Commemoration of the Battle of Vertieres",
    "1990-12-05": "Discovery Day",
    "1990-12-25": "Christmas Day",
    "1991-01-01": "National Independence Day; New Year's Day",
    "1991-01-02": "Ancestry Day",
    "1991-02-10": "Carnival",
    "1991-02-11": "Shrove Monday",
    "1991-02-12": "Fat Tuesday",
    "1991-02-13": "Ash Wednesday",
    "1991-03-28": "Maundy Thursday",
    "1991-03-29": "Good Friday",
    "1991-03-31": "Easter Sunday",
    "1991-05-01": "Agriculture and Labor Day",
    "1991-05-09": "Ascension Day",
    "1991-05-18": "Flag Day and University Day",
    "1991-05-23": "National Sovereignty Day",
    "1991-05-30": "Corpus Christi",
    "1991-06-27": "Feast of Lady of Perpetual Help, Patroness of Haiti",
    "1991-08-15": "Assumption Day",
    "1991-09-20": "Birth Anniversary of Jean-Jacques Dessalines",
    "1991-10-17": "Death of Dessalines",
    "1991-11-01": "All Saints' Day",
    "1991-11-02": "Day of the Dead",
    "1991-11-18": "Armed Forces Day; Commemoration of the Battle of Vertieres",
    "1991-12-05": "Discovery Day",
    "1991-12-25": "Christmas Day",
    "1992-01-01": "National Independence Day; New Year's Day",
    "1992-01-02": "Ancestry Day",
    "1992-03-01": "Carnival",
    "1992-03-02": "Shrove Monday",
    "1992-03-03": "Fat Tuesday",
    "1992-03-04": "Ash Wednesday",
    "1992-04-16": "Maundy Thursday",
    "1992-04-17": "Good Friday",
    "1992-04-19": "Easter Sunday",
    "1992-05-01": "Agriculture and Labor Day",
    "1992-05-18": "Flag Day and University Day",
    "1992-05-23": "National Sovereignty Day",
    "1992-05-28": "Ascension Day",
    "1992-06-18": "Corpus Christi",
    "1992-06-27": "Feast of Lady of Perpetual Help, Patroness of Haiti",
    "1992-08-15": "Assumption Day",
    "1992-09-20": "Birth Anniversary of Jean-Jacques Dessalines",
    "1992-10-17": "Death of Dessalines",
    "1992-11-01": "All Saints' Day",
    "1992-11-02": "Day of the Dead",
    "1992-11-18": "Armed Forces Day; Commemoration of the Battle of Vertieres",
    "1992-12-05": "Discovery Day",
    "1992-12-25": "Christmas Day",
    "1993-01-01": "National Independence Day; New Year's Day",
    "1993-01-02": "Ancestry Day",
    "1993-02-21": "Carnival",
    "1993-02-22": "Shrove Monday",
    "1993-02-23": "Fat Tuesday",
    "1993-02-24": "Ash Wednesday",
    "1993-04-08": "Maundy Thursday",
    "1993-04-09": "Good Friday",
    "1993-04-11": "Easter Sunday",
    "1993-05-01": "Agriculture and Labor Day",
    "1993-05-18": "Flag Day and University Day",
    "1993-05-20": "Ascension Day",
    "1993-05-23": "National Sovereignty Day",
    "1993-06-10": "Corpus Christi",
    "1993-06-27": "Feast of Lady of Perpetual Help, Patroness of Haiti",
    "1993-08-15": "Assumption Day",
    "1993-09-20": "Birth Anniversary of Jean-Jacques Dessalines",
    "1993-10-17": "Death of Dessalines",
    "1993-11-01": "All Saints' Day",
    "1993-11-02": "Day of the Dead",
    "1993-11-18": "Armed Forces Day; Commemoration of the Battle of Vertieres",
    "1993-12-05": "Discovery Day",
    "1993-12-25": "Christmas Day",
    "1994-01-01": "National Independence Day; New Year's Day",
    "1994-01-02": "Ancestry Day",
    "1994-02-13": "Carnival",
    "1994-02-14": "Shrove Monday",
    "1994-02-15": "Fat Tuesday",
    "1994-02-16": "Ash Wednesday",
    "1994-03-31": "Maundy Thursday",
    "1994-04-01": "Good Friday",
    "1994-04-03": "Easter Sunday",
    "1994-05-01": "Agriculture and Labor Day",
    "1994-05-12": "Ascension Day",
    "1994-05-18": "Flag Day and University Day",
    "1994-05-23": "National Sovereignty Day",
    "1994-06-02": "Corpus Christi",
    "1994-06-27": "Feast of Lady of Perpetual Help, Patroness of Haiti",
    "1994-08-15": "Assumption Day",
    "1994-09-20": "Birth Anniversary of Jean-Jacques Dessalines",
    "1994-10-17": "Death of Dessalines",
    "1994-11-01": "All Saints' Day",
    "1994-11-02": "Day of the Dead",
    "1994-11-18": "Armed Forces Day; Commemoration of the Battle of Vertieres",
    "1994-12-05": "Discovery Day",
    "1994-12-25": "Christmas Day",
    "1995-01-01": "National Independence Day; New Year's Day",
    "1995-01-02": "Ancestry Day",
    "1995-02-26": "Carnival",
    "1995-02-27": "Shrove Monday",
    "1995-02-28": "Fat Tuesday",
    "1995-03-01": "Ash Wednesday",
    "1995-04-13": "Maundy Thursday",
    "1995-04-14": "Good Friday",
    "1995-04-16": "Easter Sunday",
    "1995-05-01": "Agriculture and Labor Day",
    "1995-05-18": "Flag Day and University Day",
    "1995-05-23": "National Sovereignty Day",
    "1995-05-25": "Ascension Day",
    "1995-06-15": "Corpus Christi",
    "1995-06-27": "Feast of Lady of Perpetual Help, Patroness of Haiti",
    "1995-08-15": "Assumption Day",
    "1995-09-20": "Birth Anniversary of Jean-Jacques Dessalines",
    "1995-10-17": "Death of Dessalines",
    "1995-11-01": "All Saints' Day",
    "1995-11-02": "Day of the Dead",
    "1995-11-18": "Armed Forces Day; Commemoration of the Battle of Vertieres",
    "1995-12-05": "Discovery Day",
    "1995-12-25": "Christmas Day",
    "1996-01-01": "National Independence Day; New Year's Day",
    "1996-01-02": "Ancestry Day",
    "1996-02-18": "Carnival",
    "1996-02-19": "Shrove Monday",
    "1996-02-20": "Fat Tuesday",
    "1996-02-21": "Ash Wednesday",
    "1996-04-04": "Maundy Thursday",
    "1996-04-05": "Good Friday",
    "1996-04-07": "Easter Sunday",
    "1996-05-01": "Agriculture and Labor Day",
    "1996-05-16": "Ascension Day",
    "1996-05-18": "Flag Day and University Day",
    "1996-05-23": "National Sovereignty Day",
    "1996-06-06": "Corpus Christi",
    "1996-06-27": "Feast of Lady of Perpetual Help, Patroness of Haiti",
    "1996-08-15": "Assumption Day",
    "1996-09-20": "Birth Anniversary of Jean-Jacques Dessalines",
    "1996-10-17": "Death of Dessalines",
    "1996-11-01": "All Saints' Day",
    "1996-11-02": "Day of the Dead",
    "1996-11-18": "Armed Forces Day; Commemoration of the Battle of Vertieres",
    "1996-12-05": "Discovery Day",
    "1996-12-25": "Christmas Day",
    "1997-01-01": "National Independence Day; New Year's Day",
    "1997-01-02": "Ancestry Day",
    "1997-02-09": "Carnival",
    "1997-02-10": "Shrove Monday",
    "1997-02-11": "Fat Tuesday",
    "1997-02-12": "Ash Wednesday",
    "1997-03-27": "Maundy Thursday",
    "1997-03-28": "Good Friday",
    "1997-03-30": "Easter Sunday",
    "1997-05-01": "Agriculture and Labor Day",
    "1997-05-08": "Ascension Day",
    "1997-05-18": "Flag Day and University Day",
    "1997-05-23": "National Sovereignty Day",
    "1997-05-29": "Corpus Christi",
    "1997-06-27": "Feast of Lady of Perpetual Help, Patroness of Haiti",
    "1997-08-15": "Assumption Day",
    "1997-09-20": "Birth Anniversary of Jean-Jacques Dessalines",
    "1997-10-17": "Death of Dessalines",
    "1997-11-01": "All Saints' Day",
    "1997-11-02": "Day of the Dead",
    "1997-11-18": "Armed Forces Day; Commemoration of the Battle of Vertieres",
    "1997-12-05": "Discovery Day",
    "1997-12-25": "Christmas Day",
    "1998-01-01": "National Independence Day; New Year's Day",
    "1998-01-02": "Ancestry Day",
    "1998-02-22": "Carnival",
    "1998-02-23": "Shrove Monday",
    "1998-02-24": "Fat Tuesday",
    "1998-02-25": "Ash Wednesday",
    "1998-04-09": "Maundy Thursday",
    "1998-04-10": "Good Friday",
    "1998-04-12": "Easter Sunday",
    "1998-05-01": "Agriculture and Labor Day",
    "1998-05-18": "Flag Day and University Day",
    "1998-05-21": "Ascension Day",
    "1998-05-23": "National Sovereignty Day",
    "1998-06-11": "Corpus Christi",
    "1998-06-27": "Feast of Lady of Perpetual Help, Patroness of Haiti",
    "1998-08-15": "Assumption Day",
    "1998-09-20": "Birth Anniversary of Jean-Jacques Dessalines",
    "1998-10-17": "Death of Dessalines",
    "1998-11-01": "All Saints' Day",
    "1998-11-02": "Day of the Dead",
    "1998-11-18": "Armed Forces Day; Commemoration of the Battle of Vertieres",
    "1998-12-05": "Discovery Day",
    "1998-12-25": "Christmas Day",
    "1999-01-01": "National Independence Day; New Year's Day",
    "1999-01-02": "Ancestry Day",
    "1999-02-14": "Carnival",
    "1999-02-15": "Shrove Monday",
    "1999-02-16": "Fat Tuesday",
    "1999-02-17": "Ash Wednesday",
    "1999-04-01": "Maundy Thursday",
    "1999-04-02": "Good Friday",
    "1999-04-04": "Easter Sunday",
    "1999-05-01": "Agriculture and Labor Day",
    "1999-05-13": "Ascension Day",
    "1999-05-18": "Flag Day and University Day",
    "1999-05-23": "National Sovereignty Day",
    "1999-06-03": "Corpus Christi",
    "1999-06-27": "Feast of Lady of Perpetual Help, Patroness of Haiti",
    "1999-08-15": "Assumption Day",
    "1999-09-20": "Birth Anniversary of Jean-Jacques Dessalines",
    "1999-10-17": "Death of Dessalines",
    "1999-11-01": "All Saints' Day",
    "1999-11-02": "Day of the Dead",
    "1999-11-18": "Armed Forces Day; Commemoration of the Battle of Vertieres",
    "1999-12-05": "Discovery Day",
    "1999-12-25": "Christmas Day",
    "2000-01-01": "National Independence Day; New Year's Day",
    "2000-01-02": "Ancestry Day",
    "2000-03-05": "Carnival",
    "2000-03-06": "Shrove Monday",
    "2000-03-07": "Fat Tuesday",
    "2000-03-08": "Ash Wednesday",
    "2000-04-20": "Maundy Thursday",
    "2000-04-21": "Good Friday",
    "2000-04-23": "Easter Sunday",
    "2000-05-01": "Agriculture and Labor Day",
    "2000-05-18": "Flag Day and University Day",
    "2000-05-23": "National Sovereignty Day",
    "2000-06-01": "Ascension Day",
    "2000-06-22": "Corpus Christi",
    "2000-06-27": "Feast of Lady of Perpetual Help, Patroness of Haiti",
    "2000-08-15": "Assumption Day",
    "2000-09-20": "Birth Anniversary of Jean-Jacques Dessalines",
    "2000-10-17": "Death of Dessalines",
    "2000-11-01": "All Saints' Day",
    "2000-11-02": "Day of the Dead",
    "2000-11-18": "Armed Forces Day; Commemoration of the Battle of Vertieres",
    "2000-12-05": "Discovery Day",
    "2000-12-25": "Christmas Day",
    "2001-01-01": "National Independence Day; New Year's Day",
    "2001-01-02": "Ancestry Day",
    "2001-02-25": "Carnival",
    "2001-02-26": "Shrove Monday",
    "2001-02-27": "Fat Tuesday",
    "2001-02-28": "Ash Wednesday",
    "2001-04-12": "Maundy Thursday",
    "2001-04-13": "Good Friday",
    "2001-04-15": "Easter Sunday",
    "2001-05-01": "Agriculture and Labor Day",
    "2001-05-18": "Flag Day and University Day",
    "2001-05-23": "National Sovereignty Day",
    "2001-05-24": "Ascension Day",
    "2001-06-14": "Corpus Christi",
    "2001-06-27": "Feast of Lady of Perpetual Help, Patroness of Haiti",
    "2001-08-15": "Assumption Day",
    "2001-09-20": "Birth Anniversary of Jean-Jacques Dessalines",
    "2001-10-17": "Death of Dessalines",
    "2001-11-01": "All Saints' Day",
    "2001-11-02": "Day of the Dead",
    "2001-11-18": "Armed Forces Day; Commemoration of the Battle of Vertieres",
    "2001-12-05": "Discovery Day",
    "2001-12-25": "Christmas Day",
    "2002-01-01": "National Independence Day; New Year's Day",
    "2002-01-02": "Ancestry Day",
    "2002-02-10": "Carnival",
    "2002-02-11": "Shrove Monday",
    "2002-02-12": "Fat Tuesday",
    "2002-02-13": "Ash Wednesday",
    "2002-03-28": "Maundy Thursday",
    "2002-03-29": "Good Friday",
    "2002-03-31": "Easter Sunday",
    "2002-05-01": "Agriculture and Labor Day",
    "2002-05-09": "Ascension Day",
    "2002-05-18": "Flag Day and University Day",
    "2002-05-23": "National Sovereignty Day",
    "2002-05-30": "Corpus Christi",
    "2002-06-27": "Feast of Lady of Perpetual Help, Patroness of Haiti",
    "2002-08-15": "Assumption Day",
    "2002-09-20": "Birth Anniversary of Jean-Jacques Dessalines",
    "2002-10-17": "Death of Dessalines",
    "2002-11-01": "All Saints' Day",
    "2002-11-02": "Day of the Dead",
    "2002-11-18": "Armed Forces Day; Commemoration of the Battle of Vertieres",
    "2002-12-05": "Discovery Day",
    "2002-12-25": "Christmas Day",
    "2003-01-01": "National Independence Day; New Year's Day",
    "2003-01-02": "Ancestry Day",
    "2003-03-02": "Carnival",
    "2003-03-03": "Shrove Monday",
    "2003-03-04": "Fat Tuesday",
    "2003-03-05": "Ash Wednesday",
    "2003-04-17": "Maundy Thursday",
    "2003-04-18": "Good Friday",
    "2003-04-20": "Easter Sunday",
    "2003-05-01": "Agriculture and Labor Day",
    "2003-05-18": "Flag Day and University Day",
    "2003-05-23": "National Sovereignty Day",
    "2003-05-29": "Ascension Day",
    "2003-06-19": "Corpus Christi",
    "2003-06-27": "Feast of Lady of Perpetual Help, Patroness of Haiti",
    "2003-08-15": "Assumption Day",
    "2003-09-20": "Birth Anniversary of Jean-Jacques Dessalines",
    "2003-10-17": "Death of Dessalines",
    "2003-11-01": "All Saints' Day",
    "2003-11-02": "Day of the Dead",
    "2003-11-18": "Armed Forces Day; Commemoration of the Battle of Vertieres",
    "2003-12-05": "Discovery Day",
    "2003-12-25": "Christmas Day",
    "2004-01-01": "National Independence Day; New Year's Day",
    "2004-01-02": "Ancestry Day",
    "2004-02-22": "Carnival",
    "2004-02-23": "Shrove Monday",
    "2004-02-24": "Fat Tuesday",
    "2004-02-25": "Ash Wednesday",
    "2004-04-08": "Maundy Thursday",
    "2004-04-09": "Good Friday",
    "2004-04-11": "Easter Sunday",
    "2004-05-01": "Agriculture and Labor Day",
    "2004-05-18": "Flag Day and University Day",
    "2004-05-20": "Ascension Day",
    "2004-05-23": "National Sovereignty Day",
    "2004-06-10": "Corpus Christi",
    "2004-06-27": "Feast of Lady of Perpetual Help, Patroness of Haiti",
    "2004-08-15": "Assumption Day",
    "2004-09-20": "Birth Anniversary of Jean-Jacques Dessalines",
    "2004-10-17": "Death of Dessalines",
    "2004-11-01": "All Saints' Day",
    "2004-11-02": "Day of the Dead",
    "2004-11-18": "Armed Forces Day; Commemoration of the Battle of Vertieres",
    "2004-12-05": "Discovery Day",
    "2004-12-25": "Christmas Day",
    "2005-01-01": "National Independence Day; New Year's Day",
    "2005-01-02": "Ancestry Day",
    "2005-02-06": "Carnival",
    "2005-02-07": "Shrove Monday",
    "2005-02-08": "Fat Tuesday",
    "2005-02-09": "Ash Wednesday",
    "2005-03-24": "Maundy Thursday",
    "2005-03-25": "Good Friday",
    "2005-03-27": "Easter Sunday",
    "2005-05-01": "Agriculture and Labor Day",
    "2005-05-05": "Ascension Day",
    "2005-05-18": "Flag Day and University Day",
    "2005-05-23": "National Sovereignty Day",
    "2005-05-26": "Corpus Christi",
    "2005-06-27": "Feast of Lady of Perpetual Help, Patroness of Haiti",
    "2005-08-15": "Assumption Day",
    "2005-09-20": "Birth Anniversary of Jean-Jacques Dessalines",
    "2005-10-17": "Death of Dessalines",
    "2005-11-01": "All Saints' Day",
    "2005-11-02": "Day of the Dead",
    "2005-11-18": "Armed Forces Day; Commemoration of the Battle of Vertieres",
    "2005-12-05": "Discovery Day",
    "2005-12-25": "Christmas Day",
    "2006-01-01": "National Independence Day; New Year's Day",
    "2006-01-02": "Ancestry Day",
    "2006-02-26": "Carnival",
    "2006-02-27": "Shrove Monday",
    "2006-02-28": "Fat Tuesday",
    "2006-03-01": "Ash Wednesday",
    "2006-04-13": "Maundy Thursday",
    "2006-04-14": "Good Friday",
    "2006-04-16": "Easter Sunday",
    "2006-05-01": "Agriculture and Labor Day",
    "2006-05-18": "Flag Day and University Day",
    "2006-05-23": "National Sovereignty Day",
    "2006-05-25": "Ascension Day",
    "2006-06-15": "Corpus Christi",
    "2006-06-27": "Feast of Lady of Perpetual Help, Patroness of Haiti",
    "2006-08-15": "Assumption Day",
    "2006-09-20": "Birth Anniversary of Jean-Jacques Dessalines",
    "2006-10-17": "Death of Dessalines",
    "2006-11-01": "All Saints' Day",
    "2006-11-02": "Day of the Dead",
    "2006-11-18": "Armed Forces Day; Commemoration of the Battle of Vertieres",
    "2006-12-05": "Discovery Day",
    "2006-12-25": "Christmas Day",
    "2007-01-01": "National Independence Day; New Year's Day",
    "2007-01-02": "Ancestry Day",
    "2007-02-18": "Carnival",
    "2007-02-19": "Shrove Monday",
    "2007-02-20": "Fat Tuesday",
    "2007-02-21": "Ash Wednesday",
    "2007-04-05": "Maundy Thursday",
    "2007-04-06": "Good Friday",
    "2007-04-08": "Easter Sunday",
    "2007-05-01": "Agriculture and Labor Day",
    "2007-05-17": "Ascension Day",
    "2007-05-18": "Flag Day and University Day",
    "2007-05-23": "National Sovereignty Day",
    "2007-06-07": "Corpus Christi",
    "2007-06-27": "Feast of Lady of Perpetual Help, Patroness of Haiti",
    "2007-08-15": "Assumption Day",
    "2007-09-20": "Birth Anniversary of Jean-Jacques Dessalines",
    "2007-10-17": "Death of Dessalines",
    "2007-11-01": "All Saints' Day",
    "2007-11-02": "Day of the Dead",
    "2007-11-18": "Armed Forces Day; Commemoration of the Battle of Vertieres",
    "2007-12-05": "Discovery Day",
    "2007-12-25": "Christmas Day",
    "2008-01-01": "National Independence Day; New Year's Day",
    "2008-01-02": "Ancestry Day",
    "2008-02-03": "Carnival",
    "2008-02-04": "Shrove Monday",
    "2008-02-05": "Fat Tuesday",
    "2008-02-06": "Ash Wednesday",
    "2008-03-20": "Maundy Thursday",
    "2008-03-21": "Good Friday",
    "2008-03-23": "Easter Sunday",
    "2008-05-01": "Agriculture and Labor Day; Ascension Day",
    "2008-05-18": "Flag Day and University Day",
    "2008-05-22": "Corpus Christi",
    "2008-05-23": "National Sovereignty Day",
    "2008-06-27": "Feast of Lady of Perpetual Help, Patroness of Haiti",
    "2008-08-15": "Assumption Day",
    "2008-09-20": "Birth Anniversary of Jean-Jacques Dessalines",
    "2008-10-17": "Death of Dessalines",
    "2008-11-01": "All Saints' Day",
    "2008-11-02": "Day of the Dead",
    "2008-11-18": "Armed Forces Day; Commemoration of the Battle of Vertieres",
    "2008-12-05": "Discovery Day",
    "2008-12-25": "Christmas Day",
    "2009-01-01": "National Independence Day; New Year's Day",
    "2009-01-02": "Ancestry Day",
    "2009-02-22": "Carnival",
    "2009-02-23": "Shrove Monday",
    "2009-02-24": "Fat Tuesday",
    "2009-02-25": "Ash Wednesday",
    "2009-04-09": "Maundy Thursday",
    "2009-04-10": "Good Friday",
    "2009-04-12": "Easter Sunday",
    "2009-05-01": "Agriculture and Labor Day",
    "2009-05-18": "Flag Day and University Day",
    "2009-05-21": "Ascension Day",
    "2009-05-23": "National Sovereignty Day",
    "2009-06-11": "Corpus Christi",
    "2009-06-27": "Feast of Lady of Perpetual Help, Patroness of Haiti",
    "2009-08-15": "Assumption Day",
    "2009-09-20": "Birth Anniversary of Jean-Jacques Dessalines",
    "2009-10-17": "Death of Dessalines",
    "2009-11-01": "All Saints' Day",
    "2009-11-02": "Day of the Dead",
    "2009-11-18": "Armed Forces Day; Commemoration of the Battle of Vertieres",
    "2009-12-05": "Discovery Day",
    "2009-12-25": "Christmas Day",
    "2010-01-01": "National Independence Day; New Year's Day",
    "2010-01-02": "Ancestry Day",
    "2010-02-14": "Carnival",
    "2010-02-15": "Shrove Monday",
    "2010-02-16": "Fat Tuesday",
    "2010-02-17": "Ash Wednesday",
    "2010-04-01": "Maundy Thursday",
    "2010-04-02": "Good Friday",
    "2010-04-04": "Easter Sunday",
    "2010-05-01": "Agriculture and Labor Day",
    "2010-05-13": "Ascension Day",
    "2010-05-18": "Flag Day and University Day",
    "2010-05-23": "National Sovereignty Day",
    "2010-06-03": "Corpus Christi",
    "2010-06-27": "Feast of Lady of Perpetual Help, Patroness of Haiti",
    "2010-08-15": "Assumption Day",
    "2010-09-20": "Birth Anniversary of Jean-Jacques Dessalines",
    "2010-10-17": "Death of Dessalines",
    "2010-11-01": "All Saints' Day",
    "2010-11-02": "Day of the Dead",
    "2010-11-18": "Armed Forces Day; Commemoration of the Battle of Vertieres",
    "2010-12-05": "Discovery Day",
    "2010-12-25": "Christmas Day",
    "2011-01-01": "National Independence Day; New Year's Day",
    "2011-01-02": "Ancestry Day",
    "2011-03-06": "Carnival",
    "2011-03-07": "Shrove Monday",
    "2011-03-08": "Fat Tuesday",
    "2011-03-09": "Ash Wednesday",
    "2011-04-21": "Maundy Thursday",
    "2011-04-22": "Good Friday",
    "2011-04-24": "Easter Sunday",
    "2011-05-01": "Agriculture and Labor Day",
    "2011-05-18": "Flag Day and University Day",
    "2011-05-23": "National Sovereignty Day",
    "2011-06-02": "Ascension Day",
    "2011-06-23": "Corpus Christi",
    "2011-06-27": "Feast of Lady of Perpetual Help, Patroness of Haiti",
    "2011-08-15": "Assumption Day",
    "2011-09-20": "Birth Anniversary of Jean-Jacques Dessalines",
    "2011-10-17": "Death of Dessalines",
    "2011-11-01": "All Saints' Day",
    "2011-11-02": "Day of the Dead",
    "2011-11-18": "Armed Forces Day; Commemoration of the Battle of Vertieres",
    "2011-12-05": "Discovery Day",
    "2011-12-25": "Christmas Day",
    "2012-01-01": "National Independence Day; New Year's Day",
    "2012-01-02": "Ancestry Day",
    "2012-02-19": "Carnival",
    "2012-02-20": "Shrove Monday",
    "2012-02-21": "Fat Tuesday",
    "2012-02-22": "Ash Wednesday",
    "2012-04-05": "Maundy Thursday",
    "2012-04-06": "Good Friday",
    "2012-04-08": "Easter Sunday",
    "2012-05-01": "Agriculture and Labor Day",
    "2012-05-17": "Ascension Day",
    "2012-05-18": "Flag Day and University Day",
    "2012-05-23": "National Sovereignty Day",
    "2012-06-07": "Corpus Christi",
    "2012-06-27": "Feast of Lady of Perpetual Help, Patroness of Haiti",
    "2012-08-15": "Assumption Day",
    "2012-09-20": "Birth Anniversary of Jean-Jacques Dessalines",
    "2012-10-17": "Death of Dessalines",
    "2012-11-01": "All Saints' Day",
    "2012-11-02": "Day of the Dead",
    "2012-11-18": "Armed Forces Day; Commemoration of the Battle of Vertieres",
    "2012-12-05": "Discovery Day",
    "2012-12-25": "Christmas Day",
    "2013-01-01": "National Independence Day; New Year's Day",
    "2013-01-02": "Ancestry Day",
    "2013-02-10": "Carnival",
    "2013-02-11": "Shrove Monday",
    "2013-02-12": "Fat Tuesday",
    "2013-02-13": "Ash Wednesday",
    "2013-03-28": "Maundy Thursday",
    "2013-03-29": "Good Friday",
    "2013-03-31": "Easter Sunday",
    "2013-05-01": "Agriculture and Labor Day",
    "2013-05-09": "Ascension Day",
    "2013-05-18": "Flag Day and University Day",
    "2013-05-23": "National Sovereignty Day",
    "2013-05-30": "Corpus Christi",
    "2013-06-27": "Feast of Lady of Perpetual Help, Patroness of Haiti",
    "2013-08-15": "Assumption Day",
    "2013-09-20": "Birth Anniversary of Jean-Jacques Dessalines",
    "2013-10-17": "Death of Dessalines",
    "2013-11-01": "All Saints' Day",
    "2013-11-02": "Day of the Dead",
    "2013-11-18": "Armed Forces Day; Commemoration of the Battle of Vertieres",
    "2013-12-05": "Discovery Day",
    "2013-12-25": "Christmas Day",
    "2014-01-01": "National Independence Day; New Year's Day",
    "2014-01-02": "Ancestry Day",
    "2014-03-02": "Carnival",
    "2014-03-03": "Shrove Monday",
    "2014-03-04": "Fat Tuesday",
    "2014-03-05": "Ash Wednesday",
    "2014-04-17": "Maundy Thursday",
    "2014-04-18": "Good Friday",
    "2014-04-20": "Easter Sunday",
    "2014-05-01": "Agriculture and Labor Day",
    "2014-05-18": "Flag Day and University Day",
    "2014-05-23": "National Sovereignty Day",
    "2014-05-29": "Ascension Day",
    "2014-06-19": "Corpus Christi",
    "2014-06-27": "Feast of Lady of Perpetual Help, Patroness of Haiti",
    "2014-08-15": "Assumption Day",
    "2014-09-20": "Birth Anniversary of Jean-Jacques Dessalines",
    "2014-10-17": "Death of Dessalines",
    "2014-11-01": "All Saints' Day",
    "2014-11-02": "Day of the Dead",
    "2014-11-18": "Armed Forces Day; Commemoration of the Battle of Vertieres",
    "2014-12-05": "Discovery Day",
    "2014-12-25": "Christmas Day",
    "2015-01-01": "National Independence Day; New Year's Day",
    "2015-01-02": "Ancestry Day",
    "2015-02-15": "Carnival",
    "2015-02-16": "Shrove Monday",
    "2015-02-17": "Fat Tuesday",
    "2015-02-18": "Ash Wednesday",
    "2015-04-02": "Maundy Thursday",
    "2015-04-03": "Good Friday",
    "2015-04-05": "Easter Sunday",
    "2015-05-01": "Agriculture and Labor Day",
    "2015-05-14": "Ascension Day",
    "2015-05-18": "Flag Day and University Day",
    "2015-05-23": "National Sovereignty Day",
    "2015-06-04": "Corpus Christi",
    "2015-06-27": "Feast of Lady of Perpetual Help, Patroness of Haiti",
    "2015-08-15": "Assumption Day",
    "2015-09-20": "Birth Anniversary of Jean-Jacques Dessalines",
    "2015-10-17": "Death of Dessalines",
    "2015-11-01": "All Saints' Day",
    "2015-11-02": "Day of the Dead",
    "2015-11-18": "Armed Forces Day; Commemoration of the Battle of Vertieres",
    "2015-12-05": "Discovery Day",
    "2015-12-25": "Christmas Day",
    "2016-01-01": "National Independence Day; New Year's Day",
    "2016-01-02": "Ancestry Day",
    "2016-02-07": "Carnival",
    "2016-02-08": "Shrove Monday",
    "2016-02-09": "Fat Tuesday",
    "2016-02-10": "Ash Wednesday",
    "2016-03-24": "Maundy Thursday",
    "2016-03-25": "Good Friday",
    "2016-03-27": "Easter Sunday",
    "2016-05-01": "Agriculture and Labor Day",
    "2016-05-05": "Ascension Day",
    "2016-05-18": "Flag Day and University Day",
    "2016-05-23": "National Sovereignty Day",
    "2016-05-26": "Corpus Christi",
    "2016-06-27": "Feast of Lady of Perpetual Help, Patroness of Haiti",
    "2016-08-15": "Assumption Day",
    "2016-09-20": "Birth Anniversary of Jean-Jacques Dessalines",
    "2016-10-17": "Death of Dessalines",
    "2016-11-01": "All Saints' Day",
    "2016-11-02": "Day of the Dead",
    "2016-11-18": "Armed Forces Day; Commemoration of the Battle of Vertieres",
    "2016-12-05": "Discovery Day",
    "2016-12-25": "Christmas Day",
    "2017-01-01": "National Independence Day; New Year's Day",
    "2017-01-02": "Ancestry Day",
    "2017-02-26": "Carnival",
    "2017-02-27": "Shrove Monday",
    "2017-02-28": "Fat Tuesday",
    "2017-03-01": "Ash Wednesday",
    "2017-04-13": "Maundy Thursday",
    "2017-04-14": "Good Friday",
    "2017-04-16": "Easter Sunday",
    "2017-05-01": "Agriculture and Labor Day",
    "2017-05-18": "Flag Day and University Day",
    "2017-05-23": "National Sovereignty Day",
    "2017-05-25": "Ascension Day",
    "2017-06-15": "Corpus Christi",
    "2017-06-27": "Feast of Lady of Perpetual Help, Patroness of Haiti",
    "2017-08-15": "Assumption Day",
    "2017-09-20": "Birth Anniversary of Jean-Jacques Dessalines",
    "2017-10-17": "Death of Dessalines",
    "2017-11-01": "All Saints' Day",
    "2017-11-02": "Day of the Dead",
    "2017-11-18": "Armed Forces Day; Commemoration of the Battle of Vertieres",
    "2017-12-05": "Discovery Day",
    "2017-12-25": "Christmas Day",
    "2018-01-01": "National Independence Day; New Year's Day",
    "2018-01-02": "Ancestry Day",
    "2018-02-11": "Carnival",
    "2018-02-12": "Shrove Monday",
    "2018-02-13": "Fat Tuesday",
    "2018-02-14": "Ash Wednesday",
    "2018-03-29": "Maundy Thursday",
    "2018-03-30": "Good Friday",
    "2018-04-01": "Easter Sunday",
    "2018-05-01": "Agriculture and Labor Day",
    "2018-05-10": "Ascension Day",
    "2018-05-18": "Flag Day and University Day",
    "2018-05-23": "National Sovereignty Day",
    "2018-05-31": "Corpus Christi",
    "2018-06-27": "Feast of Lady of Perpetual Help, Patroness of Haiti",
    "2018-08-15": "Assumption Day",
    "2018-09-20": "Birth Anniversary of Jean-Jacques Dessalines",
    "2018-10-17": "Death of Dessalines",
    "2018-11-01": "All Saints' Day",
    "2018-11-02": "Day of the Dead",
    "2018-11-18": "Armed Forces Day; Commemoration of the Battle of Vertieres",
    "2018-12-05": "Discovery Day",
    "2018-12-25": "Christmas Day",
    "2019-01-01": "National Independence Day; New Year's Day",
    "2019-01-02": "Ancestry Day",
    "2019-03-03": "Carnival",
    "2019-03-04": "Shrove Monday",
    "2019-03-05": "Fat Tuesday",
    "2019-03-06": "Ash Wednesday",
    "2019-04-18": "Maundy Thursday",
    "2019-04-19": "Good Friday",
    "2019-04-21": "Easter Sunday",
    "2019-05-01": "Agriculture and Labor Day",
    "2019-05-18": "Flag Day and University Day",
    "2019-05-23": "National Sovereignty Day",
    "2019-05-30": "Ascension Day",
    "2019-06-20": "Corpus Christi",
    "2019-06-27": "Feast of Lady of Perpetual Help, Patroness of Haiti",
    "2019-08-15": "Assumption Day",
    "2019-09-20": "Birth Anniversary of Jean-Jacques Dessalines",
    "2019-10-17": "Death of Dessalines",
    "2019-11-01": "All Saints' Day",
    "2019-11-02": "Day of the Dead",
    "2019-11-18": "Armed Forces Day; Commemoration of the Battle of Vertieres",
    "2019-12-05": "Discovery Day",
    "2019-12-25": "Christmas Day",
    "2020-01-01": "National Independence Day; New Year's Day",
    "2020-01-02": "Ancestry Day",
    "2020-02-23": "Carnival",
    "2020-02-24": "Shrove Monday",
    "2020-02-25": "Fat Tuesday",
    "2020-02-26": "Ash Wednesday",
    "2020-04-09": "Maundy Thursday",
    "2020-04-10": "Good Friday",
    "2020-04-12": "Easter Sunday",
    "2020-05-01": "Agriculture and Labor Day",
    "2020-05-18": "Flag Day and University Day",
    "2020-05-21": "Ascension Day",
    "2020-05-23": "National Sovereignty Day",
    "2020-06-11": "Corpus Christi",
    "2020-06-27": "Feast of Lady of Perpetual Help, Patroness of Haiti",
    "2020-08-15": "Assumption Day",
    "2020-09-20": "Birth Anniversary of Jean-Jacques Dessalines",
    "2020-10-17": "Death of Dessalines",
    "2020-11-01": "All Saints' Day",
    "2020-11-02": "Day of the Dead",
    "2020-11-18": "Armed Forces Day; Commemoration of the Battle of Vertieres",
    "2020-12-05": "Discovery Day",
    "2020-12-25": "Christmas Day",
    "2021-01-01": "National Independence Day; New Year's Day",
    "2021-01-02": "Ancestry Day",
    "2021-02-14": "Carnival",
    "2021-02-15": "Shrove Monday",
    "2021-02-16": "Fat Tuesday",
    "2021-02-17": "Ash Wednesday",
    "2021-04-01": "Maundy Thursday",
    "2021-04-02": "Good Friday",
    "2021-04-04": "Easter Sunday",
    "2021-05-01": "Agriculture and Labor Day",
    "2021-05-13": "Ascension Day",
    "2021-05-18": "Flag Day and University Day",
    "2021-05-23": "National Sovereignty Day",
    "2021-06-03": "Corpus Christi",
    "2021-06-27": "Feast of Lady of Perpetual Help, Patroness of Haiti",
    "2021-08-15": "Assumption Day",
    "2021-09-20": "Birth Anniversary of Jean-Jacques Dessalines",
    "2021-10-17": "Death of Dessalines",
    "2021-11-01": "All Saints' Day",
    "2021-11-02": "Day of the Dead",
    "2021-11-18": "Armed Forces Day; Commemoration of the Battle of Vertieres",
    "2021-12-05": "Discovery Day",
    "2021-12-25": "Christmas Day",
    "2022-01-01": "National Independence Day; New Year's Day",
    "2022-01-02": "Ancestry Day",
    "2022-02-27": "Carnival",
    "2022-02-28": "Shrove Monday",
    "2022-03-01": "Fat Tuesday",
    "2022-03-02": "Ash Wednesday",
    "2022-04-14": "Maundy Thursday",
    "2022-04-15": "Good Friday",
    "2022-04-17": "Easter Sunday",
    "2022-05-01": "Agriculture and Labor Day",
    "2022-05-18": "Flag Day and University Day",
    "2022-05-23": "National Sovereignty Day",
    "2022-05-26": "Ascension Day",
    "2022-06-16": "Corpus Christi",
    "2022-06-27": "Feast of Lady of Perpetual Help, Patroness of Haiti",
    "2022-08-15": "Assumption Day",
    "2022-09-20": "Birth Anniversary of Jean-Jacques Dessalines",
    "2022-10-17": "Death of Dessalines",
    "2022-11-01": "All Saints' Day",
    "2022-11-02": "Day of the Dead",
    "2022-11-18": "Armed Forces Day; Commemoration of the Battle of Vertieres",
    "2022-12-05": "Discovery Day",
    "2022-12-25": "Christmas Day",
    "2023-01-01": "National Independence Day; New Year's Day",
    "2023-01-02": "Ancestry Day",
    "2023-02-19": "Carnival",
    "2023-02-20": "Shrove Monday",
    "2023-02-21": "Fat Tuesday",
    "2023-02-22": "Ash Wednesday",
    "2023-04-06": "Maundy Thursday",
    "2023-04-07": "Good Friday",
    "2023-04-09": "Easter Sunday",
    "2023-05-01": "Agriculture and Labor Day",
    "2023-05-18": "Ascension Day; Flag Day and University Day",
    "2023-05-23": "National Sovereignty Day",
    "2023-06-08": "Corpus Christi",
    "2023-06-27": "Feast of Lady of Perpetual Help, Patroness of Haiti",
    "2023-08-15": "Assumption Day",
    "2023-09-20": "Birth Anniversary of Jean-Jacques Dessalines",
    "2023-10-17": "Death of Dessalines",
    "2023-11-01": "All Saints' Day",
    "2023-11-02": "Day of the Dead",
    "2023-11-18": "Armed Forces Day; Commemoration of the Battle of Vertieres",
    "2023-12-05": "Discovery Day",
    "2023-12-25": "Christmas Day",
    "2024-01-01": "National Independence Day; New Year's Day",
    "2024-01-02": "Ancestry Day",
    "2024-02-11": "Carnival",
    "2024-02-12": "Shrove Monday",
    "2024-02-13": "Fat Tuesday",
    "2024-02-14": "Ash Wednesday",
    "2024-03-28": "Maundy Thursday",
    "2024-03-29": "Good Friday",
    "2024-03-31": "Easter Sunday",
    "2024-05-01": "Agriculture and Labor Day",
    "2024-05-09": "Ascension Day",
    "2024-05-18": "Flag Day and University Day",
    "2024-05-23": "National Sovereignty Day",
    "2024-05-30": "Corpus Christi",
    "2024-06-27": "Feast of Lady of Perpetual Help, Patroness of Haiti",
    "2024-08-15": "Assumption Day",
    "2024-09-20": "Birth Anniversary of Jean-Jacques Dessalines",
    "2024-10-17": "Death of Dessalines",
    "2024-11-01": "All Saints' Day",
    "2024-11-02": "Day of the Dead",
    "2024-11-18": "Armed Forces Day; Commemoration of the Battle of Vertieres",
    "2024-12-05": "Discovery Day",
    "2024-12-25": "Christmas Day",
    "2025-01-01": "National Independence Day; New Year's Day",
    "2025-01-02": "Ancestry Day",
    "2025-03-02": "Carnival",
    "2025-03-03": "Shrove Monday",
    "2025-03-04": "Fat Tuesday",
    "2025-03-05": "Ash Wednesday",
    "2025-04-17": "Maundy Thursday",
    "2025-04-18": "Good Friday",
    "2025-04-20": "Easter Sunday",
    "2025-05-01": "Agriculture and Labor Day",
    "2025-05-18": "Flag Day and University Day",
    "2025-05-23": "National Sovereignty Day",
    "2025-05-29": "Ascension Day",
    "2025-06-19": "Corpus Christi",
    "2025-06-27": "Feast of Lady of Perpetual Help, Patroness of Haiti",
    "2025-08-15": "Assumption Day",
    "2025-09-20": "Birth Anniversary of Jean-Jacques Dessalines",
    "2025-10-17": "Death of Dessalines",
    "2025-11-01": "All Saints' Day",
    "2025-11-02": "Day of the Dead",
    "2025-11-18": "Armed Forces Day; Commemoration of the Battle of Vertieres",
    "2025-12-05": "Discovery Day",
    "2025-12-25": "Christmas Day",
    "2026-01-01": "National Independence Day; New Year's Day",
    "2026-01-02": "Ancestry Day",
    "2026-02-15": "Carnival",
    "2026-02-16": "Shrove Monday",
    "2026-02-17": "Fat Tuesday",
    "2026-02-18": "Ash Wednesday",
    "2026-04-02": "Maundy Thursday",
    "2026-04-03": "Good Friday",
    "2026-04-05": "Easter Sunday",
    "2026-05-01": "Agriculture and Labor Day",
    "2026-05-14": "Ascension Day",
    "2026-05-18": "Flag Day and University Day",
    "2026-05-23": "National Sovereignty Day",
    "2026-06-04": "Corpus Christi",
    "2026-06-27": "Feast of Lady of Perpetual Help, Patroness of Haiti",
    "2026-08-15": "Assumption Day",
    "2026-09-20": "Birth Anniversary of Jean-Jacques Dessalines",
    "2026-10-17": "Death of Dessalines",
    "2026-11-01": "All Saints' Day",
    "2026-11-02": "Day of the Dead",
    "2026-11-18": "Armed Forces Day; Commemoration of the Battle of Vertieres",
    "2026-12-05": "Discovery Day",
    "2026-12-25": "Christmas Day",
    "2027-01-01": "National Independence Day; New Year's Day",
    "2027-01-02": "Ancestry Day",
    "2027-02-07": "Carnival",
    "2027-02-08": "Shrove Monday",
    "2027-02-09": "Fat Tuesday",
    "2027-02-10": "Ash Wednesday",
    "2027-03-25": "Maundy Thursday",
    "2027-03-26": "Good Friday",
    "2027-03-28": "Easter Sunday",
    "2027-05-01": "Agriculture and Labor Day",
    "2027-05-06": "Ascension Day",
    "2027-05-18": "Flag Day and University Day",
    "2027-05-23": "National Sovereignty Day",
    "2027-05-27": "Corpus Christi",
    "2027-06-27": "Feast of Lady of Perpetual Help, Patroness of Haiti",
    "2027-08-15": "Assumption Day",
    "2027-09-20": "Birth Anniversary of Jean-Jacques Dessalines",
    "2027-10-17": "Death of Dessalines",
    "2027-11-01": "All Saints' Day",
    "2027-11-02": "Day of the Dead",
    "2027-11-18": "Armed Forces Day; Commemoration of the Battle of Vertieres",
    "2027-12-05": "Discovery Day",
    "2027-12-25": "Christmas Day",
    "2028-01-01": "National Independence Day; New Year's Day",
    "2028-01-02": "Ancestry Day",
    "2028-02-27": "Carnival",
    "2028-02-28": "Shrove Monday",
    "2028-02-29": "Fat Tuesday",
    "2028-03-01": "Ash Wednesday",
    "2028-04-13": "Maundy Thursday",
    "2028-04-14": "Good Friday",
    "2028-04-16": "Easter Sunday",
    "2028-05-01": "Agriculture and Labor Day",
    "2028-05-18": "Flag Day and University Day",
    "2028-05-23": "National Sovereignty Day",
    "2028-05-25": "Ascension Day",
    "2028-06-15": "Corpus Christi",
    "2028-06-27": "Feast of Lady of Perpetual Help, Patroness of Haiti",
    "2028-08-15": "Assumption Day",
    "2028-09-20": "Birth Anniversary of Jean-Jacques Dessalines",
    "2028-10-17": "Death of Dessalines",
    "2028-11-01": "All Saints' Day",
    "2028-11-02": "Day of the Dead",
    "2028-11-18": "Armed Forces Day; Commemoration of the Battle of Vertieres",
    "2028-12-05": "Discovery Day",
    "2028-12-25": "Christmas Day",
    "2029-01-01": "National Independence Day; New Year's Day",
    "2029-01-02": "Ancestry Day",
    "2029-02-11": "Carnival",
    "2029-02-12": "Shrove Monday",
    "2029-02-13": "Fat Tuesday",
    "2029-02-14": "Ash Wednesday",
    "2029-03-29": "Maundy Thursday",
    "2029-03-30": "Good Friday",
    "2029-04-01": "Easter Sunday",
    "2029-05-01": "Agriculture and Labor Day",
    "2029-05-10": "Ascension Day",
    "2029-05-18": "Flag Day and University Day",
    "2029-05-23": "National Sovereignty Day",
    "2029-05-31": "Corpus Christi",
    "2029-06-27": "Feast of Lady of Perpetual Help, Patroness of Haiti",
    "2029-08-15": "Assumption Day",
    "2029-09-20": "Birth Anniversary of Jean-Jacques Dessalines",
    "2029-10-17": "Death of Dessalines",
    "2029-11-01": "All Saints' Day",
    "2029-11-02": "Day of the Dead",
    "2029-11-18": "Armed Forces Day; Commemoration of the Battle of Vertieres",
    "2029-12-05": "Discovery Day",
    "2029-12-25": "Christmas Day",
    "2030-01-01": "National Independence Day; New Year's Day",
    "2030-01-02": "Ancestry Day",
    "2030-03-03": "Carnival",
    "2030-03-04": "Shrove Monday",
    "2030-03-05": "Fat Tuesday",
    "2030-03-06": "Ash Wednesday",
    "2030-04-18": "Maundy Thursday",
    "2030-04-19": "Good Friday",
    "2030-04-21": "Easter Sunday",
    "2030-05-01": "Agriculture and Labor Day",
    "2030-05-18": "Flag Day and University Day",
    "2030-05-23": "National Sovereignty Day",
    "2030-05-30": "Ascension Day",
    "2030-06-20": "Corpus Christi",
    "2030-06-27": "Feast of Lady of Perpetual Help, Patroness of Haiti",
    "2030-08-15": "Assumption Day",
    "2030-09-20": "Birth Anniversary of Jean-Jacques Dessalines",
    "2030-10-17": "Death of Dessalines",
    "2030-11-01": "All Saints' Day",
    "2030-11-02": "Day of the Dead",
    "2030-11-18": "Armed Forces Day; Commemoration of the Battle of Vertieres",
    "2030-12-05": "Discovery Day",
    "2030-12-25": "Christmas Day",
    "2031-01-01": "National Independence Day; New Year's Day",
    "2031-01-02": "Ancestry Day",
    "2031-02-23": "Carnival",
    "2031-02-24": "Shrove Monday",
    "2031-02-25": "Fat Tuesday",
    "2031-02-26": "Ash Wednesday",
    "2031-04-10": "Maundy Thursday",
    "2031-04-11": "Good Friday",
    "2031-04-13": "Easter Sunday",
    "2031-05-01": "Agriculture and Labor Day",
    "2031-05-18": "Flag Day and University Day",
    "2031-05-22": "Ascension Day",
    "2031-05-23": "National Sovereignty Day",
    "2031-06-12": "Corpus Christi",
    "2031-06-27": "Feast of Lady of Perpetual Help, Patroness of Haiti",
    "2031-08-15": "Assumption Day",
    "2031-09-20": "Birth Anniversary of Jean-Jacques Dessalines",
    "2031-10-17": "Death of Dessalines",
    "2031-11-01": "All Saints' Day",
    "2031-11-02": "Day of the Dead",
    "2031-11-18": "Armed Forces Day; Commemoration of the Battle of Vertieres",
    "2031-12-05": "Discovery Day",
    "2031-12-25": "Christmas Day",
    "2032-01-01": "National Independence Day; New Year's Day",
    "2032-01-02": "Ancestry Day",
    "2032-02-08": "Carnival",
    "2032-02-09": "Shrove Monday",
    "2032-02-10": "Fat Tuesday",
    "2032-02-11": "Ash Wednesday",
    "2032-03-25": "Maundy Thursday",
    "2032-03-26": "Good Friday",
    "2032-03-28": "Easter Sunday",
    "2032-05-01": "Agriculture and Labor Day",
    "2032-05-06": "Ascension Day",
    "2032-05-18": "Flag Day and University Day",
    "2032-05-23": "National Sovereignty Day",
    "2032-05-27": "Corpus Christi",
    "2032-06-27": "Feast of Lady of Perpetual Help, Patroness of Haiti",
    "2032-08-15": "Assumption Day",
    "2032-09-20": "Birth Anniversary of Jean-Jacques Dessalines",
    "2032-10-17": "Death of Dessalines",
    "2032-11-01": "All Saints' Day",
    "2032-11-02": "Day of the Dead",
    "2032-11-18": "Armed Forces Day; Commemoration of the Battle of Vertieres",
    "2032-12-05": "Discovery Day",
    "2032-12-25": "Christmas Day",
    "2033-01-01": "National Independence Day; New Year's Day",
    "2033-01-02": "Ancestry Day",
    "2033-02-27": "Carnival",
    "2033-02-28": "Shrove Monday",
    "2033-03-01": "Fat Tuesday",
    "2033-03-02": "Ash Wednesday",
    "2033-04-14": "Maundy Thursday",
    "2033-04-15": "Good Friday",
    "2033-04-17": "Easter Sunday",
    "2033-05-01": "Agriculture and Labor Day",
    "2033-05-18": "Flag Day and University Day",
    "2033-05-23": "National Sovereignty Day",
    "2033-05-26": "Ascension Day",
    "2033-06-16": "Corpus Christi",
    "2033-06-27": "Feast of Lady of Perpetual Help, Patroness of Haiti",
    "2033-08-15": "Assumption Day",
    "2033-09-20": "Birth Anniversary of Jean-Jacques Dessalines",
    "2033-10-17": "Death of Dessalines",
    "2033-11-01": "All Saints' Day",
    "2033-11-02": "Day of the Dead",
    "2033-11-18": "Armed Forces Day; Commemoration of the Battle of Vertieres",
    "2033-12-05": "Discovery Day",
    "2033-12-25": "Christmas Day",
    "2034-01-01": "National Independence Day; New Year's Day",
    "2034-01-02": "Ancestry Day",
    "2034-02-19": "Carnival",
    "2034-02-20": "Shrove Monday",
    "2034-02-21": "Fat Tuesday",
    "2034-02-22": "Ash Wednesday",
    "2034-04-06": "Maundy Thursday",
    "2034-04-07": "Good Friday",
    "2034-04-09": "Easter Sunday",
    "2034-05-01": "Agriculture and Labor Day",
    "2034-05-18": "Ascension Day; Flag Day and University Day",
    "2034-05-23": "National Sovereignty Day",
    "2034-06-08": "Corpus Christi",
    "2034-06-27": "Feast of Lady of Perpetual Help, Patroness of Haiti",
    "2034-08-15": "Assumption Day",
    "2034-09-20": "Birth Anniversary of Jean-Jacques Dessalines",
    "2034-10-17": "Death of Dessalines",
    "2034-11-01": "All Saints' Day",
    "2034-11-02": "Day of the Dead",
    "2034-11-18": "Armed Forces Day; Commemoration of the Battle of Vertieres",
    "2034-12-05": "Discovery Day",
    "2034-12-25": "Christmas Day",
    "2035-01-01": "National Independence Day; New Year's Day",
    "2035-01-02": "Ancestry Day",
    "2035-02-04": "Carnival",
    "2035-02-05": "Shrove Monday",
    "2035-02-06": "Fat Tuesday",
    "2035-02-07": "Ash Wednesday",
    "2035-03-22": "Maundy Thursday",
    "2035-03-23": "Good Friday",
    "2035-03-25": "Easter Sunday",
    "2035-05-01": "Agriculture and Labor Day",
    "2035-05-03": "Ascension Day",
    "2035-05-18": "Flag Day and University Day",
    "2035-05-23": "National Sovereignty Day",
    "2035-05-24": "Corpus Christi",
    "2035-06-27": "Feast of Lady of Perpetual Help, Patroness of Haiti",
    "2035-08-15": "Assumption Day",
    "2035-09-20": "Birth Anniversary of Jean-Jacques Dessalines",
    "2035-10-17": "Death of Dessalines",
    "2035-11-01": "All Saints' Day",
    "2035-11-02": "Day of the Dead",
    "2035-11-18": "Armed Forces Day; Commemoration of the Battle of Vertieres",
    "2035-12-05": "Discovery Day",
    "2035-12-25": "Christmas Day",
    "2036-01-01": "National Independence Day; New Year's Day",
    "2036-01-02": "Ancestry Day",
    "2036-02-24": "Carnival",
    "2036-02-25": "Shrove Monday",
    "2036-02-26": "Fat Tuesday",
    "2036-02-27": "Ash Wednesday",
    "2036-04-10": "Maundy Thursday",
    "2036-04-11": "Good Friday",
    "2036-04-13": "Easter Sunday",
    "2036-05-01": "Agriculture and Labor Day",
    "2036-05-18": "Flag Day and University Day",
    "2036-05-22": "Ascension Day",
    "2036-05-23": "National Sovereignty Day",
    "2036-06-12": "Corpus Christi",
    "2036-06-27": "Feast of Lady of Perpetual Help, Patroness of Haiti",
    "2036-08-15": "Assumption Day",
    "2036-09-20": "Birth Anniversary of Jean-Jacques Dessalines",
    "2036-10-17": "Death of Dessalines",
    "2036-11-01": "All Saints' Day",
    "2036-11-02": "Day of the Dead",
    "2036-11-18": "Armed Forces Day; Commemoration of the Battle of Vertieres",
    "2036-12-05": "Discovery Day",
    "2036-12-25": "Christmas Day",
    "2037-01-01": "National Independence Day; New Year's Day",
    "2037-01-02": "Ancestry Day",
    "2037-02-15": "Carnival",
    "2037-02-16": "Shrove Monday",
    "2037-02-17": "Fat Tuesday",
    "2037-02-18": "Ash Wednesday",
    "2037-04-02": "Maundy Thursday",
    "2037-04-03": "Good Friday",
    "2037-04-05": "Easter Sunday",
    "2037-05-01": "Agriculture and Labor Day",
    "2037-05-14": "Ascension Day",
    "2037-05-18": "Flag Day and University Day",
    "2037-05-23": "National Sovereignty Day",
    "2037-06-04": "Corpus Christi",
    "2037-06-27": "Feast of Lady of Perpetual Help, Patroness of Haiti",
    "2037-08-15": "Assumption Day",
    "2037-09-20": "Birth Anniversary of Jean-Jacques Dessalines",
    "2037-10-17": "Death of Dessalines",
    "2037-11-01": "All Saints' Day",
    "2037-11-02": "Day of the Dead",
    "2037-11-18": "Armed Forces Day; Commemoration of the Battle of Vertieres",
    "2037-12-05": "Discovery Day",
    "2037-12-25": "Christmas Day",
    "2038-01-01": "National Independence Day; New Year's Day",
    "2038-01-02": "Ancestry Day",
    "2038-03-07": "Carnival",
    "2038-03-08": "Shrove Monday",
    "2038-03-09": "Fat Tuesday",
    "2038-03-10": "Ash Wednesday",
    "2038-04-22": "Maundy Thursday",
    "2038-04-23": "Good Friday",
    "2038-04-25": "Easter Sunday",
    "2038-05-01": "Agriculture and Labor Day",
    "2038-05-18": "Flag Day and University Day",
    "2038-05-23": "National Sovereignty Day",
    "2038-06-03": "Ascension Day",
    "2038-06-24": "Corpus Christi",
    "2038-06-27": "Feast of Lady of Perpetual Help, Patroness of Haiti",
    "2038-08-15": "Assumption Day",
    "2038-09-20": "Birth Anniversary of Jean-Jacques Dessalines",
    "2038-10-17": "Death of Dessalines",
    "2038-11-01": "All Saints' Day",
    "2038-11-02": "Day of the Dead",
    "2038-11-18": "Armed Forces Day; Commemoration of the Battle of Vertieres",
    "2038-12-05": "Discovery Day",
    "2038-12-25": "Christmas Day",
    "2039-01-01": "National Independence Day; New Year's Day",
    "2039-01-02": "Ancestry Day",
    "2039-02-20": "Carnival",
    "2039-02-21": "Shrove Monday",
    "2039-02-22": "Fat Tuesday",
    "2039-02-23": "Ash Wednesday",
    "2039-04-07": "Maundy Thursday",
    "2039-04-08": "Good Friday",
    "2039-04-10": "Easter Sunday",
    "2039-05-01": "Agriculture and Labor Day",
    "2039-05-18": "Flag Day and University Day",
    "2039-05-19": "Ascension Day",
    "2039-05-23": "National Sovereignty Day",
    "2039-06-09": "Corpus Christi",
    "2039-06-27": "Feast of Lady of Perpetual Help, Patroness of Haiti",
    "2039-08-15": "Assumption Day",
    "2039-09-20": "Birth Anniversary of Jean-Jacques Dessalines",
    "2039-10-17": "Death of Dessalines",
    "2039-11-01": "All Saints' Day",
    "2039-11-02": "Day of the Dead",
    "2039-11-18": "Armed Forces Day; Commemoration of the Battle of Vertieres",
    "2039-12-05": "Discovery Day",
    "2039-12-25": "Christmas Day",
    "2040-01-01": "National Independence Day; New Year's Day",
    "2040-01-02": "Ancestry Day",
    "2040-02-12": "Carnival",
    "2040-02-13": "Shrove Monday",
    "2040-02-14": "Fat Tuesday",
    "2040-02-15": "Ash Wednesday",
    "2040-03-29": "Maundy Thursday",
    "2040-03-30": "Good Friday",
    "2040-04-01": "Easter Sunday",
    "2040-05-01": "Agriculture and Labor Day",
    "2040-05-10": "Ascension Day",
    "2040-05-18": "Flag Day and University Day",
    "2040-05-23": "National Sovereignty Day",
    "2040-05-31": "Corpus Christi",
    "2040-06-27": "Feast of Lady of Perpetual Help, Patroness of Haiti",
    "2040-08-15": "Assumption Day",
    "2040-09-20": "Birth Anniversary of Jean-Jacques Dessalines",
    "2040-10-17": "Death of Dessalines",
    "2040-11-01": "All Saints' Day",
    "2040-11-02": "Day of the Dead",
    "2040-11-18": "Armed Forces Day; Commemoration of the Battle of Vertieres",
    "2040-12-05": "Discovery Day",
    "2040-12-25": "Christmas Day",
    "2041-01-01": "National Independence Day; New Year's Day",
    "2041-01-02": "Ancestry Day",
    "2041-03-03": "Carnival",
    "2041-03-04": "Shrove Monday",
    "2041-03-05": "Fat Tuesday",
    "2041-03-06": "Ash Wednesday",
    "2041-04-18": "Maundy Thursday",
    "2041-04-19": "Good Friday",
    "2041-04-21": "Easter Sunday",
    "2041-05-01": "Agriculture and Labor Day",
    "2041-05-18": "Flag Day and University Day",
    "2041-05-23": "National Sovereignty Day",
    "2041-05-30": "Ascension Day",
    "2041-06-20": "Corpus Christi",
    "2041-06-27": "Feast of Lady of Perpetual Help, Patroness of Haiti",
    "2041-08-15": "Assumption Day",
    "2041-09-20": "Birth Anniversary of Jean-Jacques Dessalines",
    "2041-10-17": "Death of Dessalines",
    "2041-11-01": "All Saints' Day",
    "2041-11-02": "Day of the Dead",
    "2041-11-18": "Armed Forces Day; Commemoration of the Battle of Vertieres",
    "2041-12-05": "Discovery Day",
    "2041-12-25": "Christmas Day",
    "2042-01-01": "National Independence Day; New Year's Day",
    "2042-01-02": "Ancestry Day",
    "2042-02-16": "Carnival",
    "2042-02-17": "Shrove Monday",
    "2042-02-18": "Fat Tuesday",
    "2042-02-19": "Ash Wednesday",
    "2042-04-03": "Maundy Thursday",
    "2042-04-04": "Good Friday",
    "2042-04-06": "Easter Sunday",
    "2042-05-01": "Agriculture and Labor Day",
    "2042-05-15": "Ascension Day",
    "2042-05-18": "Flag Day and University Day",
    "2042-05-23": "National Sovereignty Day",
    "2042-06-05": "Corpus Christi",
    "2042-06-27": "Feast of Lady of Perpetual Help, Patroness of Haiti",
    "2042-08-15": "Assumption Day",
    "2042-09-20": "Birth Anniversary of Jean-Jacques Dessalines",
    "2042-10-17": "Death of Dessalines",
    "2042-11-01": "All Saints' Day",
    "2042-11-02": "Day of the Dead",
    "2042-11-18": "Armed Forces Day; Commemoration of the Battle of Vertieres",
    "2042-12-05": "Discovery Day",
    "2042-12-25": "Christmas Day",
    "2043-01-01": "National Independence Day; New Year's Day",
    "2043-01-02": "Ancestry Day",
    "2043-02-08": "Carnival",
    "2043-02-09": "Shrove Monday",
    "2043-02-10": "Fat Tuesday",
    "2043-02-11": "Ash Wednesday",
    "2043-03-26": "Maundy Thursday",
    "2043-03-27": "Good Friday",
    "2043-03-29": "Easter Sunday",
    "2043-05-01": "Agriculture and Labor Day",
    "2043-05-07": "Ascension Day",
    "2043-05-18": "Flag Day and University Day",
    "2043-05-23": "National Sovereignty Day",
    "2043-05-28": "Corpus Christi",
    "2043-06-27": "Feast of Lady of Perpetual Help, Patroness of Haiti",
    "2043-08-15": "Assumption Day",
    "2043-09-20": "Birth Anniversary of Jean-Jacques Dessalines",
    "2043-10-17": "Death of Dessalines",
    "2043-11-01": "All Saints' Day",
    "2043-11-02": "Day of the Dead",
    "2043-11-18": "Armed Forces Day; Commemoration of the Battle of Vertieres",
    "2043-12-05": "Discovery Day",
    "2043-12-25": "Christmas Day",
    "2044-01-01": "National Independence Day; New Year's Day",
    "2044-01-02": "Ancestry Day",
    "2044-02-28": "Carnival",
    "2044-02-29": "Shrove Monday",
    "2044-03-01": "Fat Tuesday",
    "2044-03-02": "Ash Wednesday",
    "2044-04-14": "Maundy Thursday",
    "2044-04-15": "Good Friday",
    "2044-04-17": "Easter Sunday",
    "2044-05-01": "Agriculture and Labor Day",
    "2044-05-18": "Flag Day and University Day",
    "2044-05-23": "National Sovereignty Day",
    "2044-05-26": "Ascension Day",
    "2044-06-16": "Corpus Christi",
    "2044-06-27": "Feast of Lady of Perpetual Help, Patroness of Haiti",
    "2044-08-15": "Assumption Day",
    "2044-09-20": "Birth Anniversary of Jean-Jacques Dessalines",
    "2044-10-17": "Death of Dessalines",
    "2044-11-01": "All Saints' Day",
    "2044-11-02": "Day of the Dead",
    "2044-11-18": "Armed Forces Day; Commemoration of the Battle of Vertieres",
    "2044-12-05": "Discovery Day",
    "2044-12-25": "Christmas Day",
    "2045-01-01": "National Independence Day; New Year's Day",
    "2045-01-02": "Ancestry Day",
    "2045-02-19": "Carnival",
    "2045-02-20": "Shrove Monday",
    "2045-02-21": "Fat Tuesday",
    "2045-02-22": "Ash Wednesday",
    "2045-04-06": "Maundy Thursday",
    "2045-04-07": "Good Friday",
    "2045-04-09": "Easter Sunday",
    "2045-05-01": "Agriculture and Labor Day",
    "2045-05-18": "Ascension Day; Flag Day and University Day",
    "2045-05-23": "National Sovereignty Day",
    "2045-06-08": "Corpus Christi",
    "2045-06-27": "Feast of Lady of Perpetual Help, Patroness of Haiti",
    "2045-08-15": "Assumption Day",
    "2045-09-20": "Birth Anniversary of Jean-Jacques Dessalines",
    "2045-10-17": "Death of Dessalines",
    "2045-11-01": "All Saints' Day",
    "2045-11-02": "Day of the Dead",
    "2045-11-18": "Armed Forces Day; Commemoration of the Battle of Vertieres",
    "2045-12-05": "Discovery Day",
    "2045-12-25": "Christmas Day",
    "2046-01-01": "National Independence Day; New Year's Day",
    "2046-01-02": "Ancestry Day",
    "2046-02-04": "Carnival",
    "2046-02-05": "Shrove Monday",
    "2046-02-06": "Fat Tuesday",
    "2046-02-07": "Ash Wednesday",
    "2046-03-22": "Maundy Thursday",
    "2046-03-23": "Good Friday",
    "2046-03-25": "Easter Sunday",
    "2046-05-01": "Agriculture and Labor Day",
    "2046-05-03": "Ascension Day",
    "2046-05-18": "Flag Day and University Day",
    "2046-05-23": "National Sovereignty Day",
    "2046-05-24": "Corpus Christi",
    "2046-06-27": "Feast of Lady of Perpetual Help, Patroness of Haiti",
    "2046-08-15": "Assumption Day",
    "2046-09-20": "Birth Anniversary of Jean-Jacques Dessalines",
    "2046-10-17": "Death of Dessalines",
    "2046-11-01": "All Saints' Day",
    "2046-11-02": "Day of the Dead",
    "2046-11-18": "Armed Forces Day; Commemoration of the Battle of Vertieres",
    "2046-12-05": "Discovery Day",
    "2046-12-25": "Christmas Day",
    "2047-01-01": "National Independence Day; New Year's Day",
    "2047-01-02": "Ancestry Day",
    "2047-02-24": "Carnival",
    "2047-02-25": "Shrove Monday",
    "2047-02-26": "Fat Tuesday",
    "2047-02-27": "Ash Wednesday",
    "2047-04-11": "Maundy Thursday",
    "2047-04-12": "Good Friday",
    "2047-04-14": "Easter Sunday",
    "2047-05-01": "Agriculture and Labor Day",
    "2047-05-18": "Flag Day and University Day",
    "2047-05-23": "Ascension Day; National Sovereignty Day",
    "2047-06-13": "Corpus Christi",
    "2047-06-27": "Feast of Lady of Perpetual Help, Patroness of Haiti",
    "2047-08-15": "Assumption Day",
    "2047-09-20": "Birth Anniversary of Jean-Jacques Dessalines",
    "2047-10-17": "Death of Dessalines",
    "2047-11-01": "All Saints' Day",
    "2047-11-02": "Day of the Dead",
    "2047-11-18": "Armed Forces Day; Commemoration of the Battle of Vertieres",
    "2047-12-05": "Discovery Day",
    "2047-12-25": "Christmas Day",
    "2048-01-01": "National Independence Day; New Year's Day",
    "2048-01-02": "Ancestry Day",
    "2048-02-16": "Carnival",
    "2048-02-17": "Shrove Monday",
    "2048-02-18": "Fat Tuesday",
    "2048-02-19": "Ash Wednesday",
    "2048-04-02": "Maundy Thursday",
    "2048-04-03": "Good Friday",
    "2048-04-05": "Easter Sunday",
    "2048-05-01": "Agriculture and Labor Day",
    "2048-05-14": "Ascension Day",
    "2048-05-18": "Flag Day and University Day",
    "2048-05-23": "National Sovereignty Day",
    "2048-06-04": "Corpus Christi",
    "2048-06-27": "Feast of Lady of Perpetual Help, Patroness of Haiti",
    "2048-08-15": "Assumption Day",
    "2048-09-20": "Birth Anniversary of Jean-Jacques Dessalines",
    "2048-10-17": "Death of Dessalines",
    "2048-11-01": "All Saints' Day",
    "2048-11-02": "Day of the Dead",
    "2048-11-18": "Armed Forces Day; Commemoration of the Battle of Vertieres",
    "2048-12-05": "Discovery Day",
    "2048-12-25": "Christmas Day",
    "2049-01-01": "National Independence Day; New Year's Day",
    "2049-01-02": "Ancestry Day",
    "2049-02-28": "Carnival",
    "2049-03-01": "Shrove Monday",
    "2049-03-02": "Fat Tuesday",
    "2049-03-03": "Ash Wednesday",
    "2049-04-15": "Maundy Thursday",
    "2049-04-16": "Good Friday",
    "2049-04-18": "Easter Sunday",
    "2049-05-01": "Agriculture and Labor Day",
    "2049-05-18": "Flag Day and University Day",
    "2049-05-23": "National Sovereignty Day",
    "2049-05-27": "Ascension Day",
    "2049-06-17": "Corpus Christi",
    "2049-06-27": "Feast of Lady of Perpetual Help, Patroness of Haiti",
    "2049-08-15": "Assumption Day",
    "2049-09-20": "Birth Anniversary of Jean-Jacques Dessalines",
    "2049-10-17": "Death of Dessalines",
    "2049-11-01": "All Saints' Day",
    "2049-11-02": "Day of the Dead",
    "2049-11-18": "Armed Forces Day; Commemoration of the Battle of Vertieres",
    "2049-12-05": "Discovery Day",
    "2049-12-25": "Christmas Day",
    "2050-01-01": "National Independence Day; New Year's Day",
    "2050-01-02": "Ancestry Day",
    "2050-02-20": "Carnival",
    "2050-02-21": "Shrove Monday",
    "2050-02-22": "Fat Tuesday",
    "2050-02-23": "Ash Wednesday",
    "2050-04-07": "Maundy Thursday",
    "2050-04-08": "Good Friday",
    "2050-04-10": "Easter Sunday",
    "2050-05-01": "Agriculture and Labor Day",
    "2050-05-18": "Flag Day and University Day",
    "2050-05-19": "Ascension Day",
    "2050-05-23": "National Sovereignty Day",
    "2050-06-09": "Corpus Christi",
    "2050-06-27": "Feast of Lady of Perpetual Help, Patroness of Haiti",
    "2050-08-15": "Assumption Day",
    "2050-09-20": "Birth Anniversary of Jean-Jacques Dessalines",
    "2050-10-17": "Death of Dessalines",
    "2050-11-01": "All Saints' Day",
    "2050-11-02": "Day of the Dead",
    "2050-11-18": "Armed Forces Day; Commemoration of the Battle of Vertieres",
    "2050-12-05": "Discovery Day",
    "2050-12-25": "Christmas Day"
}
