{
    "1950-01-01": "Prophet's Birthday (estimated)",
    "1950-01-26": "Republic Day",
    "1950-03-30": "Rajasthan Day",
    "1950-04-02": "Palm Sunday",
    "1950-04-07": "Good Friday",
    "1950-04-09": "Easter Sunday",
    "1950-04-14": "Dr. B. R. Ambedkar's Jayanti",
    "1950-05-01": "Labor Day",
    "1950-06-15": "Maharana Pratap Jayanti",
    "1950-07-16": "Eid al-Fitr (estimated)",
    "1950-08-15": "Independence Day",
    "1950-09-23": "Eid al-Adha (estimated)",
    "1950-10-02": "Gandhi Jayanti",
    "1950-10-22": "Ashura (estimated)",
    "1950-11-14": "Children's Day",
    "1950-12-22": "Prophet's Birthday (estimated)",
    "1950-12-25": "Christmas",
    "1951-01-26": "Republic Day",
    "1951-03-18": "Palm Sunday",
    "1951-03-23": "Good Friday",
    "1951-03-25": "Easter Sunday",
    "1951-03-30": "Rajasthan Day",
    "1951-04-14": "Dr. B. R. Ambedkar's Jayanti",
    "1951-05-01": "Labor Day",
    "1951-06-15": "Maharana Pratap Jayanti",
    "1951-07-06": "Eid al-Fitr (estimated)",
    "1951-08-15": "Independence Day",
    "1951-09-12": "Eid al-Adha (estimated)",
    "1951-10-02": "Gandhi Jayanti",
    "1951-10-11": "Ashura (estimated)",
    "1951-11-14": "Children's Day",
    "1951-12-11": "Prophet's Birthday (estimated)",
    "1951-12-25": "Christmas",
    "1952-01-26": "Republic Day",
    "1952-03-30": "Rajasthan Day",
    "1952-04-06": "Palm Sunday",
    "1952-04-11": "Good Friday",
    "1952-04-13": "Easter Sunday",
    "1952-04-14": "Dr. B. R. Ambedkar's Jayanti",
    "1952-05-01": "Labor Day",
    "1952-06-15": "Maharana Pratap Jayanti",
    "1952-06-23": "Eid al-Fitr (estimated)",
    "1952-08-15": "Independence Day",
    "1952-08-31": "Eid al-Adha (estimated)",
    "1952-09-30": "Ashura (estimated)",
    "1952-10-02": "Gandhi Jayanti",
    "1952-11-14": "Children's Day",
    "1952-11-30": "Prophet's Birthday (estimated)",
    "1952-12-25": "Christmas",
    "1953-01-26": "Republic Day",
    "1953-03-29": "Palm Sunday",
    "1953-03-30": "Rajasthan Day",
    "1953-04-03": "Good Friday",
    "1953-04-05": "Easter Sunday",
    "1953-04-14": "Dr. B. R. Ambedkar's Jayanti",
    "1953-05-01": "Labor Day",
    "1953-06-13": "Eid al-Fitr (estimated)",
    "1953-06-15": "Maharana Pratap Jayanti",
    "1953-08-15": "Independence Day",
    "1953-08-20": "Eid al-Adha (estimated)",
    "1953-09-19": "Ashura (estimated)",
    "1953-10-02": "Gandhi Jayanti",
    "1953-11-14": "Children's Day",
    "1953-11-19": "Prophet's Birthday (estimated)",
    "1953-12-25": "Christmas",
    "1954-01-26": "Republic Day",
    "1954-03-30": "Rajasthan Day",
    "1954-04-11": "Palm Sunday",
    "1954-04-14": "Dr. B. R. Ambedkar's Jayanti",
    "1954-04-16": "Good Friday",
    "1954-04-18": "Easter Sunday",
    "1954-05-01": "Labor Day",
    "1954-06-02": "Eid al-Fitr (estimated)",
    "1954-06-15": "Maharana Pratap Jayanti",
    "1954-08-09": "Eid al-Adha (estimated)",
    "1954-08-15": "Independence Day",
    "1954-09-08": "Ashura (estimated)",
    "1954-10-02": "Gandhi Jayanti",
    "1954-11-08": "Prophet's Birthday (estimated)",
    "1954-11-14": "Children's Day",
    "1954-12-25": "Christmas",
    "1955-01-26": "Republic Day",
    "1955-03-30": "Rajasthan Day",
    "1955-04-03": "Palm Sunday",
    "1955-04-08": "Good Friday",
    "1955-04-10": "Easter Sunday",
    "1955-04-14": "Dr. B. R. Ambedkar's Jayanti",
    "1955-05-01": "Labor Day",
    "1955-05-23": "Eid al-Fitr (estimated)",
    "1955-06-15": "Maharana Pratap Jayanti",
    "1955-07-30": "Eid al-Adha (estimated)",
    "1955-08-15": "Independence Day",
    "1955-08-29": "Ashura (estimated)",
    "1955-10-02": "Gandhi Jayanti",
    "1955-10-29": "Prophet's Birthday (estimated)",
    "1955-11-14": "Children's Day",
    "1955-12-25": "Christmas",
    "1956-01-26": "Republic Day",
    "1956-03-25": "Palm Sunday",
    "1956-03-30": "Good Friday; Rajasthan Day",
    "1956-04-01": "Easter Sunday",
    "1956-04-14": "Dr. B. R. Ambedkar's Jayanti",
    "1956-05-01": "Labor Day",
    "1956-05-11": "Eid al-Fitr (estimated)",
    "1956-06-15": "Maharana Pratap Jayanti",
    "1956-07-19": "Eid al-Adha (estimated)",
    "1956-08-15": "Independence Day",
    "1956-08-17": "Ashura (estimated)",
    "1956-10-02": "Gandhi Jayanti",
    "1956-10-17": "Prophet's Birthday (estimated)",
    "1956-11-14": "Children's Day",
    "1956-12-25": "Christmas",
    "1957-01-26": "Republic Day",
    "1957-03-30": "Rajasthan Day",
    "1957-04-14": "Dr. B. R. Ambedkar's Jayanti; Palm Sunday",
    "1957-04-19": "Good Friday",
    "1957-04-21": "Easter Sunday",
    "1957-05-01": "Eid al-Fitr (estimated); Labor Day",
    "1957-06-15": "Maharana Pratap Jayanti",
    "1957-07-08": "Eid al-Adha (estimated)",
    "1957-08-06": "Ashura (estimated)",
    "1957-08-15": "Independence Day",
    "1957-10-02": "Gandhi Jayanti",
    "1957-10-06": "Prophet's Birthday (estimated)",
    "1957-11-14": "Children's Day",
    "1957-12-25": "Christmas",
    "1958-01-26": "Republic Day",
    "1958-03-30": "Palm Sunday; Rajasthan Day",
    "1958-04-04": "Good Friday",
    "1958-04-06": "Easter Sunday",
    "1958-04-14": "Dr. B. R. Ambedkar's Jayanti",
    "1958-04-20": "Eid al-Fitr (estimated)",
    "1958-05-01": "Labor Day",
    "1958-06-15": "Maharana Pratap Jayanti",
    "1958-06-27": "Eid al-Adha (estimated)",
    "1958-07-27": "Ashura (estimated)",
    "1958-08-15": "Independence Day",
    "1958-09-26": "Prophet's Birthday (estimated)",
    "1958-10-02": "Gandhi Jayanti",
    "1958-11-14": "Children's Day",
    "1958-12-25": "Christmas",
    "1959-01-26": "Republic Day",
    "1959-03-22": "Palm Sunday",
    "1959-03-27": "Good Friday",
    "1959-03-29": "Easter Sunday",
    "1959-03-30": "Rajasthan Day",
    "1959-04-10": "Eid al-Fitr (estimated)",
    "1959-04-14": "Dr. B. R. Ambedkar's Jayanti",
    "1959-05-01": "Labor Day",
    "1959-06-15": "Maharana Pratap Jayanti",
    "1959-06-17": "Eid al-Adha (estimated)",
    "1959-07-16": "Ashura (estimated)",
    "1959-08-15": "Independence Day",
    "1959-09-15": "Prophet's Birthday (estimated)",
    "1959-10-02": "Gandhi Jayanti",
    "1959-11-14": "Children's Day",
    "1959-12-25": "Christmas",
    "1960-01-26": "Republic Day",
    "1960-03-28": "Eid al-Fitr (estimated)",
    "1960-03-30": "Rajasthan Day",
    "1960-04-10": "Palm Sunday",
    "1960-04-14": "Dr. B. R. Ambedkar's Jayanti",
    "1960-04-15": "Good Friday",
    "1960-04-17": "Easter Sunday",
    "1960-05-01": "Labor Day",
    "1960-06-04": "Eid al-Adha (estimated)",
    "1960-06-15": "Maharana Pratap Jayanti",
    "1960-07-04": "Ashura (estimated)",
    "1960-08-15": "Independence Day",
    "1960-09-03": "Prophet's Birthday (estimated)",
    "1960-10-02": "Gandhi Jayanti",
    "1960-11-14": "Children's Day",
    "1960-12-25": "Christmas",
    "1961-01-26": "Republic Day",
    "1961-03-18": "Eid al-Fitr (estimated)",
    "1961-03-26": "Palm Sunday",
    "1961-03-30": "Rajasthan Day",
    "1961-03-31": "Good Friday",
    "1961-04-02": "Easter Sunday",
    "1961-04-14": "Dr. B. R. Ambedkar's Jayanti",
    "1961-05-01": "Labor Day",
    "1961-05-25": "Eid al-Adha (estimated)",
    "1961-06-15": "Maharana Pratap Jayanti",
    "1961-06-23": "Ashura (estimated)",
    "1961-08-15": "Independence Day",
    "1961-08-23": "Prophet's Birthday (estimated)",
    "1961-10-02": "Gandhi Jayanti",
    "1961-11-14": "Children's Day",
    "1961-12-25": "Christmas",
    "1962-01-26": "Republic Day",
    "1962-03-07": "Eid al-Fitr (estimated)",
    "1962-03-30": "Rajasthan Day",
    "1962-04-14": "Dr. B. R. Ambedkar's Jayanti",
    "1962-04-15": "Palm Sunday",
    "1962-04-20": "Good Friday",
    "1962-04-22": "Easter Sunday",
    "1962-05-01": "Labor Day",
    "1962-05-14": "Eid al-Adha (estimated)",
    "1962-06-12": "Ashura (estimated)",
    "1962-06-15": "Maharana Pratap Jayanti",
    "1962-08-12": "Prophet's Birthday (estimated)",
    "1962-08-15": "Independence Day",
    "1962-10-02": "Gandhi Jayanti",
    "1962-11-14": "Children's Day",
    "1962-12-25": "Christmas",
    "1963-01-26": "Republic Day",
    "1963-02-24": "Eid al-Fitr (estimated)",
    "1963-03-30": "Rajasthan Day",
    "1963-04-07": "Palm Sunday",
    "1963-04-12": "Good Friday",
    "1963-04-14": "Dr. B. R. Ambedkar's Jayanti; Easter Sunday",
    "1963-05-01": "Labor Day",
    "1963-05-03": "Eid al-Adha (estimated)",
    "1963-06-02": "Ashura (estimated)",
    "1963-06-15": "Maharana Pratap Jayanti",
    "1963-08-02": "Prophet's Birthday (estimated)",
    "1963-08-15": "Independence Day",
    "1963-10-02": "Gandhi Jayanti",
    "1963-11-14": "Children's Day",
    "1963-12-25": "Christmas",
    "1964-01-26": "Republic Day",
    "1964-02-14": "Eid al-Fitr (estimated)",
    "1964-03-22": "Palm Sunday",
    "1964-03-27": "Good Friday",
    "1964-03-29": "Easter Sunday",
    "1964-03-30": "Rajasthan Day",
    "1964-04-14": "Dr. B. R. Ambedkar's Jayanti",
    "1964-04-22": "Eid al-Adha (estimated)",
    "1964-05-01": "Labor Day",
    "1964-05-21": "Ashura (estimated)",
    "1964-06-15": "Maharana Pratap Jayanti",
    "1964-07-21": "Prophet's Birthday (estimated)",
    "1964-08-15": "Independence Day",
    "1964-10-02": "Gandhi Jayanti",
    "1964-11-14": "Children's Day",
    "1964-12-25": "Christmas",
    "1965-01-26": "Republic Day",
    "1965-02-02": "Eid al-Fitr (estimated)",
    "1965-03-30": "Rajasthan Day",
    "1965-04-11": "Eid al-Adha (estimated); Palm Sunday",
    "1965-04-14": "Dr. B. R. Ambedkar's Jayanti",
    "1965-04-16": "Good Friday",
    "1965-04-18": "Easter Sunday",
    "1965-05-01": "Labor Day",
    "1965-05-10": "Ashura (estimated)",
    "1965-06-15": "Maharana Pratap Jayanti",
    "1965-07-10": "Prophet's Birthday (estimated)",
    "1965-08-15": "Independence Day",
    "1965-10-02": "Gandhi Jayanti",
    "1965-11-14": "Children's Day",
    "1965-12-25": "Christmas",
    "1966-01-22": "Eid al-Fitr (estimated)",
    "1966-01-26": "Republic Day",
    "1966-03-30": "Rajasthan Day",
    "1966-04-01": "Eid al-Adha (estimated)",
    "1966-04-03": "Palm Sunday",
    "1966-04-08": "Good Friday",
    "1966-04-10": "Easter Sunday",
    "1966-04-14": "Dr. B. R. Ambedkar's Jayanti",
    "1966-04-30": "Ashura (estimated)",
    "1966-05-01": "Labor Day",
    "1966-06-15": "Maharana Pratap Jayanti",
    "1966-07-01": "Prophet's Birthday (estimated)",
    "1966-08-15": "Independence Day",
    "1966-10-02": "Gandhi Jayanti",
    "1966-11-14": "Children's Day",
    "1966-12-25": "Christmas",
    "1967-01-12": "Eid al-Fitr (estimated)",
    "1967-01-26": "Republic Day",
    "1967-03-19": "Palm Sunday",
    "1967-03-21": "Eid al-Adha (estimated)",
    "1967-03-24": "Good Friday",
    "1967-03-26": "Easter Sunday",
    "1967-03-30": "Rajasthan Day",
    "1967-04-14": "Dr. B. R. Ambedkar's Jayanti",
    "1967-04-20": "Ashura (estimated)",
    "1967-05-01": "Labor Day",
    "1967-06-15": "Maharana Pratap Jayanti",
    "1967-06-19": "Prophet's Birthday (estimated)",
    "1967-08-15": "Independence Day",
    "1967-10-02": "Gandhi Jayanti",
    "1967-11-14": "Children's Day",
    "1967-12-25": "Christmas",
    "1968-01-01": "Eid al-Fitr (estimated)",
    "1968-01-26": "Republic Day",
    "1968-03-09": "Eid al-Adha (estimated)",
    "1968-03-30": "Rajasthan Day",
    "1968-04-07": "Palm Sunday",
    "1968-04-08": "Ashura (estimated)",
    "1968-04-12": "Good Friday",
    "1968-04-14": "Dr. B. R. Ambedkar's Jayanti; Easter Sunday",
    "1968-05-01": "Labor Day",
    "1968-06-08": "Prophet's Birthday (estimated)",
    "1968-06-15": "Maharana Pratap Jayanti",
    "1968-08-15": "Independence Day",
    "1968-10-02": "Gandhi Jayanti",
    "1968-11-14": "Children's Day",
    "1968-12-21": "Eid al-Fitr (estimated)",
    "1968-12-25": "Christmas",
    "1969-01-26": "Republic Day",
    "1969-02-27": "Eid al-Adha (estimated)",
    "1969-03-28": "Ashura (estimated)",
    "1969-03-30": "Palm Sunday; Rajasthan Day",
    "1969-04-04": "Good Friday",
    "1969-04-06": "Easter Sunday",
    "1969-04-14": "Dr. B. R. Ambedkar's Jayanti",
    "1969-05-01": "Labor Day",
    "1969-05-28": "Prophet's Birthday (estimated)",
    "1969-06-15": "Maharana Pratap Jayanti",
    "1969-08-15": "Independence Day",
    "1969-10-02": "Gandhi Jayanti",
    "1969-11-14": "Children's Day",
    "1969-12-10": "Eid al-Fitr (estimated)",
    "1969-12-25": "Christmas",
    "1970-01-26": "Republic Day",
    "1970-02-16": "Eid al-Adha (estimated)",
    "1970-03-18": "Ashura (estimated)",
    "1970-03-22": "Palm Sunday",
    "1970-03-27": "Good Friday",
    "1970-03-29": "Easter Sunday",
    "1970-03-30": "Rajasthan Day",
    "1970-04-14": "Dr. B. R. Ambedkar's Jayanti",
    "1970-05-01": "Labor Day",
    "1970-05-18": "Prophet's Birthday (estimated)",
    "1970-06-15": "Maharana Pratap Jayanti",
    "1970-08-15": "Independence Day",
    "1970-10-02": "Gandhi Jayanti",
    "1970-11-14": "Children's Day",
    "1970-11-30": "Eid al-Fitr (estimated)",
    "1970-12-25": "Christmas",
    "1971-01-26": "Republic Day",
    "1971-02-06": "Eid al-Adha (estimated)",
    "1971-03-07": "Ashura (estimated)",
    "1971-03-30": "Rajasthan Day",
    "1971-04-04": "Palm Sunday",
    "1971-04-09": "Good Friday",
    "1971-04-11": "Easter Sunday",
    "1971-04-14": "Dr. B. R. Ambedkar's Jayanti",
    "1971-05-01": "Labor Day",
    "1971-05-07": "Prophet's Birthday (estimated)",
    "1971-06-15": "Maharana Pratap Jayanti",
    "1971-08-15": "Independence Day",
    "1971-10-02": "Gandhi Jayanti",
    "1971-11-14": "Children's Day",
    "1971-11-19": "Eid al-Fitr (estimated)",
    "1971-12-25": "Christmas",
    "1972-01-26": "Eid al-Adha (estimated); Republic Day",
    "1972-02-25": "Ashura (estimated)",
    "1972-03-26": "Palm Sunday",
    "1972-03-30": "Rajasthan Day",
    "1972-03-31": "Good Friday",
    "1972-04-02": "Easter Sunday",
    "1972-04-14": "Dr. B. R. Ambedkar's Jayanti",
    "1972-04-25": "Prophet's Birthday (estimated)",
    "1972-05-01": "Labor Day",
    "1972-06-15": "Maharana Pratap Jayanti",
    "1972-08-15": "Independence Day",
    "1972-10-02": "Gandhi Jayanti",
    "1972-11-07": "Eid al-Fitr (estimated)",
    "1972-11-14": "Children's Day",
    "1972-12-25": "Christmas",
    "1973-01-14": "Eid al-Adha (estimated)",
    "1973-01-26": "Republic Day",
    "1973-02-13": "Ashura (estimated)",
    "1973-03-30": "Rajasthan Day",
    "1973-04-14": "Dr. B. R. Ambedkar's Jayanti",
    "1973-04-15": "Palm Sunday; Prophet's Birthday (estimated)",
    "1973-04-20": "Good Friday",
    "1973-04-22": "Easter Sunday",
    "1973-05-01": "Labor Day",
    "1973-06-15": "Maharana Pratap Jayanti",
    "1973-08-15": "Independence Day",
    "1973-10-02": "Gandhi Jayanti",
    "1973-10-27": "Eid al-Fitr (estimated)",
    "1973-11-14": "Children's Day",
    "1973-12-25": "Christmas",
    "1974-01-03": "Eid al-Adha (estimated)",
    "1974-01-26": "Republic Day",
    "1974-02-02": "Ashura (estimated)",
    "1974-03-30": "Rajasthan Day",
    "1974-04-04": "Prophet's Birthday (estimated)",
    "1974-04-07": "Palm Sunday",
    "1974-04-12": "Good Friday",
    "1974-04-14": "Dr. B. R. Ambedkar's Jayanti; Easter Sunday",
    "1974-05-01": "Labor Day",
    "1974-06-15": "Maharana Pratap Jayanti",
    "1974-08-15": "Independence Day",
    "1974-10-02": "Gandhi Jayanti",
    "1974-10-16": "Eid al-Fitr (estimated)",
    "1974-11-14": "Children's Day",
    "1974-12-24": "Eid al-Adha (estimated)",
    "1974-12-25": "Christmas",
    "1975-01-22": "Ashura (estimated)",
    "1975-01-26": "Republic Day",
    "1975-03-23": "Palm Sunday",
    "1975-03-24": "Prophet's Birthday (estimated)",
    "1975-03-28": "Good Friday",
    "1975-03-30": "Easter Sunday; Rajasthan Day",
    "1975-04-14": "Dr. B. R. Ambedkar's Jayanti",
    "1975-05-01": "Labor Day",
    "1975-06-15": "Maharana Pratap Jayanti",
    "1975-08-15": "Independence Day",
    "1975-10-02": "Gandhi Jayanti",
    "1975-10-06": "Eid al-Fitr (estimated)",
    "1975-11-14": "Children's Day",
    "1975-12-13": "Eid al-Adha (estimated)",
    "1975-12-25": "Christmas",
    "1976-01-11": "Ashura (estimated)",
    "1976-01-26": "Republic Day",
    "1976-03-12": "Prophet's Birthday (estimated)",
    "1976-03-30": "Rajasthan Day",
    "1976-04-11": "Palm Sunday",
    "1976-04-14": "Dr. B. R. Ambedkar's Jayanti",
    "1976-04-16": "Good Friday",
    "1976-04-18": "Easter Sunday",
    "1976-05-01": "Labor Day",
    "1976-06-15": "Maharana Pratap Jayanti",
    "1976-08-15": "Independence Day",
    "1976-09-24": "Eid al-Fitr (estimated)",
    "1976-10-02": "Gandhi Jayanti",
    "1976-11-14": "Children's Day",
    "1976-12-01": "Eid al-Adha (estimated)",
    "1976-12-25": "Christmas",
    "1976-12-31": "Ashura (estimated)",
    "1977-01-26": "Republic Day",
    "1977-03-02": "Prophet's Birthday (estimated)",
    "1977-03-30": "Rajasthan Day",
    "1977-04-03": "Palm Sunday",
    "1977-04-08": "Good Friday",
    "1977-04-10": "Easter Sunday",
    "1977-04-14": "Dr. B. R. Ambedkar's Jayanti",
    "1977-05-01": "Labor Day",
    "1977-06-15": "Maharana Pratap Jayanti",
    "1977-08-15": "Independence Day",
    "1977-09-14": "Eid al-Fitr (estimated)",
    "1977-10-02": "Gandhi Jayanti",
    "1977-11-14": "Children's Day",
    "1977-11-21": "Eid al-Adha (estimated)",
    "1977-12-20": "Ashura (estimated)",
    "1977-12-25": "Christmas",
    "1978-01-26": "Republic Day",
    "1978-02-19": "Prophet's Birthday (estimated)",
    "1978-03-19": "Palm Sunday",
    "1978-03-24": "Good Friday",
    "1978-03-26": "Easter Sunday",
    "1978-03-30": "Rajasthan Day",
    "1978-04-14": "Dr. B. R. Ambedkar's Jayanti",
    "1978-05-01": "Labor Day",
    "1978-06-15": "Maharana Pratap Jayanti",
    "1978-08-15": "Independence Day",
    "1978-09-03": "Eid al-Fitr (estimated)",
    "1978-10-02": "Gandhi Jayanti",
    "1978-11-10": "Eid al-Adha (estimated)",
    "1978-11-14": "Children's Day",
    "1978-12-10": "Ashura (estimated)",
    "1978-12-25": "Christmas",
    "1979-01-26": "Republic Day",
    "1979-02-09": "Prophet's Birthday (estimated)",
    "1979-03-30": "Rajasthan Day",
    "1979-04-08": "Palm Sunday",
    "1979-04-13": "Good Friday",
    "1979-04-14": "Dr. B. R. Ambedkar's Jayanti",
    "1979-04-15": "Easter Sunday",
    "1979-05-01": "Labor Day",
    "1979-06-15": "Maharana Pratap Jayanti",
    "1979-08-15": "Independence Day",
    "1979-08-23": "Eid al-Fitr (estimated)",
    "1979-10-02": "Gandhi Jayanti",
    "1979-10-31": "Eid al-Adha (estimated)",
    "1979-11-14": "Children's Day",
    "1979-11-29": "Ashura (estimated)",
    "1979-12-25": "Christmas",
    "1980-01-26": "Republic Day",
    "1980-01-30": "Prophet's Birthday (estimated)",
    "1980-03-30": "Palm Sunday; Rajasthan Day",
    "1980-04-04": "Good Friday",
    "1980-04-06": "Easter Sunday",
    "1980-04-14": "Dr. B. R. Ambedkar's Jayanti",
    "1980-05-01": "Labor Day",
    "1980-06-15": "Maharana Pratap Jayanti",
    "1980-08-12": "Eid al-Fitr (estimated)",
    "1980-08-15": "Independence Day",
    "1980-10-02": "Gandhi Jayanti",
    "1980-10-19": "Eid al-Adha (estimated)",
    "1980-11-14": "Children's Day",
    "1980-11-18": "Ashura (estimated)",
    "1980-12-25": "Christmas",
    "1981-01-18": "Prophet's Birthday (estimated)",
    "1981-01-26": "Republic Day",
    "1981-03-30": "Rajasthan Day",
    "1981-04-12": "Palm Sunday",
    "1981-04-14": "Dr. B. R. Ambedkar's Jayanti",
    "1981-04-17": "Good Friday",
    "1981-04-19": "Easter Sunday",
    "1981-05-01": "Labor Day",
    "1981-06-15": "Maharana Pratap Jayanti",
    "1981-08-01": "Eid al-Fitr (estimated)",
    "1981-08-15": "Independence Day",
    "1981-10-02": "Gandhi Jayanti",
    "1981-10-08": "Eid al-Adha (estimated)",
    "1981-11-06": "Ashura (estimated)",
    "1981-11-14": "Children's Day",
    "1981-12-25": "Christmas",
    "1982-01-07": "Prophet's Birthday (estimated)",
    "1982-01-26": "Republic Day",
    "1982-03-30": "Rajasthan Day",
    "1982-04-04": "Palm Sunday",
    "1982-04-09": "Good Friday",
    "1982-04-11": "Easter Sunday",
    "1982-04-14": "Dr. B. R. Ambedkar's Jayanti",
    "1982-05-01": "Labor Day",
    "1982-06-15": "Maharana Pratap Jayanti",
    "1982-07-21": "Eid al-Fitr (estimated)",
    "1982-08-15": "Independence Day",
    "1982-09-27": "Eid al-Adha (estimated)",
    "1982-10-02": "Gandhi Jayanti",
    "1982-10-27": "Ashura (estimated)",
    "1982-11-14": "Children's Day",
    "1982-12-25": "Christmas",
    "1982-12-27": "Prophet's Birthday (estimated)",
    "1983-01-26": "Republic Day",
    "1983-03-27": "Palm Sunday",
    "1983-03-30": "Rajasthan Day",
    "1983-04-01": "Good Friday",
    "1983-04-03": "Easter Sunday",
    "1983-04-14": "Dr. B. R. Ambedkar's Jayanti",
    "1983-05-01": "Labor Day",
    "1983-06-15": "Maharana Pratap Jayanti",
    "1983-07-11": "Eid al-Fitr (estimated)",
    "1983-08-15": "Independence Day",
    "1983-09-17": "Eid al-Adha (estimated)",
    "1983-10-02": "Gandhi Jayanti",
    "1983-10-16": "Ashura (estimated)",
    "1983-11-14": "Children's Day",
    "1983-12-16": "Prophet's Birthday (estimated)",
    "1983-12-25": "Christmas",
    "1984-01-26": "Republic Day",
    "1984-03-30": "Rajasthan Day",
    "1984-04-14": "Dr. B. R. Ambedkar's Jayanti",
    "1984-04-15": "Palm Sunday",
    "1984-04-20": "Good Friday",
    "1984-04-22": "Easter Sunday",
    "1984-05-01": "Labor Day",
    "1984-06-15": "Maharana Pratap Jayanti",
    "1984-06-30": "Eid al-Fitr (estimated)",
    "1984-08-15": "Independence Day",
    "1984-09-05": "Eid al-Adha (estimated)",
    "1984-10-02": "Gandhi Jayanti",
    "1984-10-05": "Ashura (estimated)",
    "1984-11-14": "Children's Day",
    "1984-12-04": "Prophet's Birthday (estimated)",
    "1984-12-25": "Christmas",
    "1985-01-26": "Republic Day",
    "1985-03-30": "Rajasthan Day",
    "1985-03-31": "Palm Sunday",
    "1985-04-05": "Good Friday",
    "1985-04-07": "Easter Sunday",
    "1985-04-14": "Dr. B. R. Ambedkar's Jayanti",
    "1985-05-01": "Labor Day",
    "1985-06-15": "Maharana Pratap Jayanti",
    "1985-06-19": "Eid al-Fitr (estimated)",
    "1985-08-15": "Independence Day",
    "1985-08-26": "Eid al-Adha (estimated)",
    "1985-09-24": "Ashura (estimated)",
    "1985-10-02": "Gandhi Jayanti",
    "1985-11-14": "Children's Day",
    "1985-11-24": "Prophet's Birthday (estimated)",
    "1985-12-25": "Christmas",
    "1986-01-26": "Republic Day",
    "1986-03-23": "Palm Sunday",
    "1986-03-28": "Good Friday",
    "1986-03-30": "Easter Sunday; Rajasthan Day",
    "1986-04-14": "Dr. B. R. Ambedkar's Jayanti",
    "1986-05-01": "Labor Day",
    "1986-06-08": "Eid al-Fitr (estimated)",
    "1986-06-15": "Maharana Pratap Jayanti",
    "1986-08-15": "Eid al-Adha (estimated); Independence Day",
    "1986-09-14": "Ashura (estimated)",
    "1986-10-02": "Gandhi Jayanti",
    "1986-11-14": "Children's Day; Prophet's Birthday (estimated)",
    "1986-12-25": "Christmas",
    "1987-01-26": "Republic Day",
    "1987-03-30": "Rajasthan Day",
    "1987-04-12": "Palm Sunday",
    "1987-04-14": "Dr. B. R. Ambedkar's Jayanti",
    "1987-04-17": "Good Friday",
    "1987-04-19": "Easter Sunday",
    "1987-05-01": "Labor Day",
    "1987-05-28": "Eid al-Fitr (estimated)",
    "1987-06-15": "Maharana Pratap Jayanti",
    "1987-08-04": "Eid al-Adha (estimated)",
    "1987-08-15": "Independence Day",
    "1987-09-03": "Ashura (estimated)",
    "1987-10-02": "Gandhi Jayanti",
    "1987-11-03": "Prophet's Birthday (estimated)",
    "1987-11-14": "Children's Day",
    "1987-12-25": "Christmas",
    "1988-01-26": "Republic Day",
    "1988-03-27": "Palm Sunday",
    "1988-03-30": "Rajasthan Day",
    "1988-04-01": "Good Friday",
    "1988-04-03": "Easter Sunday",
    "1988-04-14": "Dr. B. R. Ambedkar's Jayanti",
    "1988-05-01": "Labor Day",
    "1988-05-16": "Eid al-Fitr (estimated)",
    "1988-06-15": "Maharana Pratap Jayanti",
    "1988-07-23": "Eid al-Adha (estimated)",
    "1988-08-15": "Independence Day",
    "1988-08-22": "Ashura (estimated)",
    "1988-10-02": "Gandhi Jayanti",
    "1988-10-22": "Prophet's Birthday (estimated)",
    "1988-11-14": "Children's Day",
    "1988-12-25": "Christmas",
    "1989-01-26": "Republic Day",
    "1989-03-19": "Palm Sunday",
    "1989-03-24": "Good Friday",
    "1989-03-26": "Easter Sunday",
    "1989-03-30": "Rajasthan Day",
    "1989-04-14": "Dr. B. R. Ambedkar's Jayanti",
    "1989-05-01": "Labor Day",
    "1989-05-06": "Eid al-Fitr (estimated)",
    "1989-06-15": "Maharana Pratap Jayanti",
    "1989-07-13": "Eid al-Adha (estimated)",
    "1989-08-11": "Ashura (estimated)",
    "1989-08-15": "Independence Day",
    "1989-10-02": "Gandhi Jayanti",
    "1989-10-11": "Prophet's Birthday (estimated)",
    "1989-11-14": "Children's Day",
    "1989-12-25": "Christmas",
    "1990-01-26": "Republic Day",
    "1990-03-30": "Rajasthan Day",
    "1990-04-08": "Palm Sunday",
    "1990-04-13": "Good Friday",
    "1990-04-14": "Dr. B. R. Ambedkar's Jayanti",
    "1990-04-15": "Easter Sunday",
    "1990-04-26": "Eid al-Fitr (estimated)",
    "1990-05-01": "Labor Day",
    "1990-06-15": "Maharana Pratap Jayanti",
    "1990-07-02": "Eid al-Adha (estimated)",
    "1990-08-01": "Ashura (estimated)",
    "1990-08-15": "Independence Day",
    "1990-10-01": "Prophet's Birthday (estimated)",
    "1990-10-02": "Gandhi Jayanti",
    "1990-11-14": "Children's Day",
    "1990-12-25": "Christmas",
    "1991-01-26": "Republic Day",
    "1991-03-24": "Palm Sunday",
    "1991-03-29": "Good Friday",
    "1991-03-30": "Rajasthan Day",
    "1991-03-31": "Easter Sunday",
    "1991-04-14": "Dr. B. R. Ambedkar's Jayanti",
    "1991-04-15": "Eid al-Fitr (estimated)",
    "1991-05-01": "Labor Day",
    "1991-06-15": "Maharana Pratap Jayanti",
    "1991-06-22": "Eid al-Adha (estimated)",
    "1991-07-21": "Ashura (estimated)",
    "1991-08-15": "Independence Day",
    "1991-09-20": "Prophet's Birthday (estimated)",
    "1991-10-02": "Gandhi Jayanti",
    "1991-11-14": "Children's Day",
    "1991-12-25": "Christmas",
    "1992-01-26": "Republic Day",
    "1992-03-30": "Rajasthan Day",
    "1992-04-04": "Eid al-Fitr (estimated)",
    "1992-04-12": "Palm Sunday",
    "1992-04-14": "Dr. B. R. Ambedkar's Jayanti",
    "1992-04-17": "Good Friday",
    "1992-04-19": "Easter Sunday",
    "1992-05-01": "Labor Day",
    "1992-06-11": "Eid al-Adha (estimated)",
    "1992-06-15": "Maharana Pratap Jayanti",
    "1992-07-10": "Ashura (estimated)",
    "1992-08-15": "Independence Day",
    "1992-09-09": "Prophet's Birthday (estimated)",
    "1992-10-02": "Gandhi Jayanti",
    "1992-11-14": "Children's Day",
    "1992-12-25": "Christmas",
    "1993-01-26": "Republic Day",
    "1993-03-24": "Eid al-Fitr (estimated)",
    "1993-03-30": "Rajasthan Day",
    "1993-04-04": "Palm Sunday",
    "1993-04-09": "Good Friday",
    "1993-04-11": "Easter Sunday",
    "1993-04-14": "Dr. B. R. Ambedkar's Jayanti",
    "1993-05-01": "Labor Day",
    "1993-05-31": "Eid al-Adha (estimated)",
    "1993-06-15": "Maharana Pratap Jayanti",
    "1993-06-30": "Ashura (estimated)",
    "1993-08-15": "Independence Day",
    "1993-08-29": "Prophet's Birthday (estimated)",
    "1993-10-02": "Gandhi Jayanti",
    "1993-11-14": "Children's Day",
    "1993-12-25": "Christmas",
    "1994-01-26": "Republic Day",
    "1994-03-13": "Eid al-Fitr (estimated)",
    "1994-03-27": "Palm Sunday",
    "1994-03-30": "Rajasthan Day",
    "1994-04-01": "Good Friday",
    "1994-04-03": "Easter Sunday",
    "1994-04-14": "Dr. B. R. Ambedkar's Jayanti",
    "1994-05-01": "Labor Day",
    "1994-05-20": "Eid al-Adha (estimated)",
    "1994-06-15": "Maharana Pratap Jayanti",
    "1994-06-19": "Ashura (estimated)",
    "1994-08-15": "Independence Day",
    "1994-08-19": "Prophet's Birthday (estimated)",
    "1994-10-02": "Gandhi Jayanti",
    "1994-11-14": "Children's Day",
    "1994-12-25": "Christmas",
    "1995-01-26": "Republic Day",
    "1995-03-02": "Eid al-Fitr (estimated)",
    "1995-03-30": "Rajasthan Day",
    "1995-04-09": "Palm Sunday",
    "1995-04-14": "Dr. B. R. Ambedkar's Jayanti; Good Friday",
    "1995-04-16": "Easter Sunday",
    "1995-05-01": "Labor Day",
    "1995-05-09": "Eid al-Adha (estimated)",
    "1995-06-08": "Ashura (estimated)",
    "1995-06-15": "Maharana Pratap Jayanti",
    "1995-08-08": "Prophet's Birthday (estimated)",
    "1995-08-15": "Independence Day",
    "1995-10-02": "Gandhi Jayanti",
    "1995-11-14": "Children's Day",
    "1995-12-25": "Christmas",
    "1996-01-26": "Republic Day",
    "1996-02-19": "Eid al-Fitr (estimated)",
    "1996-03-30": "Rajasthan Day",
    "1996-03-31": "Palm Sunday",
    "1996-04-05": "Good Friday",
    "1996-04-07": "Easter Sunday",
    "1996-04-14": "Dr. B. R. Ambedkar's Jayanti",
    "1996-04-27": "Eid al-Adha (estimated)",
    "1996-05-01": "Labor Day",
    "1996-05-27": "Ashura (estimated)",
    "1996-06-15": "Maharana Pratap Jayanti",
    "1996-07-27": "Prophet's Birthday (estimated)",
    "1996-08-15": "Independence Day",
    "1996-10-02": "Gandhi Jayanti",
    "1996-11-14": "Children's Day",
    "1996-12-25": "Christmas",
    "1997-01-26": "Republic Day",
    "1997-02-08": "Eid al-Fitr (estimated)",
    "1997-03-23": "Palm Sunday",
    "1997-03-28": "Good Friday",
    "1997-03-30": "Easter Sunday; Rajasthan Day",
    "1997-04-14": "Dr. B. R. Ambedkar's Jayanti",
    "1997-04-17": "Eid al-Adha (estimated)",
    "1997-05-01": "Labor Day",
    "1997-05-16": "Ashura (estimated)",
    "1997-06-15": "Maharana Pratap Jayanti",
    "1997-07-16": "Prophet's Birthday (estimated)",
    "1997-08-15": "Independence Day",
    "1997-10-02": "Gandhi Jayanti",
    "1997-11-14": "Children's Day",
    "1997-12-25": "Christmas",
    "1998-01-26": "Republic Day",
    "1998-01-29": "Eid al-Fitr (estimated)",
    "1998-03-30": "Rajasthan Day",
    "1998-04-05": "Palm Sunday",
    "1998-04-07": "Eid al-Adha (estimated)",
    "1998-04-10": "Good Friday",
    "1998-04-12": "Easter Sunday",
    "1998-04-14": "Dr. B. R. Ambedkar's Jayanti",
    "1998-05-01": "Labor Day",
    "1998-05-06": "Ashura (estimated)",
    "1998-06-15": "Maharana Pratap Jayanti",
    "1998-07-06": "Prophet's Birthday (estimated)",
    "1998-08-15": "Independence Day",
    "1998-10-02": "Gandhi Jayanti",
    "1998-11-14": "Children's Day",
    "1998-12-25": "Christmas",
    "1999-01-18": "Eid al-Fitr (estimated)",
    "1999-01-26": "Republic Day",
    "1999-03-27": "Eid al-Adha (estimated)",
    "1999-03-28": "Palm Sunday",
    "1999-03-30": "Rajasthan Day",
    "1999-04-02": "Good Friday",
    "1999-04-04": "Easter Sunday",
    "1999-04-14": "Dr. B. R. Ambedkar's Jayanti",
    "1999-04-26": "Ashura (estimated)",
    "1999-05-01": "Labor Day",
    "1999-06-15": "Maharana Pratap Jayanti",
    "1999-06-26": "Prophet's Birthday (estimated)",
    "1999-08-15": "Independence Day",
    "1999-10-02": "Gandhi Jayanti",
    "1999-11-14": "Children's Day",
    "1999-12-25": "Christmas",
    "2000-01-08": "Eid al-Fitr (estimated)",
    "2000-01-26": "Republic Day",
    "2000-03-16": "Eid al-Adha (estimated)",
    "2000-03-30": "Rajasthan Day",
    "2000-04-14": "Dr. B. R. Ambedkar's Jayanti",
    "2000-04-15": "Ashura (estimated)",
    "2000-04-16": "Palm Sunday",
    "2000-04-21": "Good Friday",
    "2000-04-23": "Easter Sunday",
    "2000-05-01": "Labor Day",
    "2000-06-14": "Prophet's Birthday (estimated)",
    "2000-06-15": "Maharana Pratap Jayanti",
    "2000-08-15": "Independence Day",
    "2000-10-02": "Gandhi Jayanti",
    "2000-11-14": "Children's Day",
    "2000-12-25": "Christmas",
    "2000-12-27": "Eid al-Fitr (estimated)",
    "2001-01-14": "Makar Sankranti",
    "2001-01-26": "Republic Day",
    "2001-02-21": "Maha Shivaratri",
    "2001-03-06": "Eid al-Adha",
    "2001-03-10": "Holi",
    "2001-03-30": "Rajasthan Day",
    "2001-04-02": "Ram Navami",
    "2001-04-04": "Ashura",
    "2001-04-06": "Mahavir Jayanti",
    "2001-04-08": "Palm Sunday",
    "2001-04-13": "Good Friday",
    "2001-04-14": "Dr. B. R. Ambedkar's Jayanti",
    "2001-04-15": "Easter Sunday",
    "2001-04-30": "Buddha Purnima",
    "2001-05-01": "Labor Day",
    "2001-06-05": "Prophet's Birthday",
    "2001-06-15": "Maharana Pratap Jayanti",
    "2001-08-04": "Raksha Bandhan",
    "2001-08-12": "Janmashtami",
    "2001-08-15": "Independence Day",
    "2001-08-22": "Ganesh Chaturthi",
    "2001-10-02": "Gandhi Jayanti",
    "2001-10-17": "Navratri / Sharad Navratri",
    "2001-10-25": "Maha Navami",
    "2001-10-26": "Dussehra",
    "2001-11-14": "Children's Day; Diwali",
    "2001-11-15": "Govardhan Puja",
    "2001-11-30": "Guru Nanak Jayanti",
    "2001-12-17": "Eid al-Fitr",
    "2001-12-25": "Christmas",
    "2002-01-14": "Makar Sankranti",
    "2002-01-26": "Republic Day",
    "2002-02-23": "Eid al-Adha",
    "2002-03-12": "Maha Shivaratri",
    "2002-03-24": "Ashura; Palm Sunday",
    "2002-03-29": "Good Friday; Holi",
    "2002-03-30": "Rajasthan Day",
    "2002-03-31": "Easter Sunday",
    "2002-04-14": "Dr. B. R. Ambedkar's Jayanti",
    "2002-04-21": "Ram Navami",
    "2002-04-25": "Mahavir Jayanti",
    "2002-05-01": "Labor Day",
    "2002-05-19": "Buddha Purnima",
    "2002-05-25": "Prophet's Birthday",
    "2002-06-15": "Maharana Pratap Jayanti",
    "2002-08-15": "Independence Day",
    "2002-08-22": "Raksha Bandhan",
    "2002-08-31": "Janmashtami",
    "2002-09-10": "Ganesh Chaturthi",
    "2002-10-02": "Gandhi Jayanti",
    "2002-10-07": "Navratri / Sharad Navratri",
    "2002-10-14": "Maha Navami",
    "2002-10-15": "Dussehra",
    "2002-11-04": "Diwali",
    "2002-11-05": "Govardhan Puja",
    "2002-11-14": "Children's Day",
    "2002-11-19": "Guru Nanak Jayanti",
    "2002-12-06": "Eid al-Fitr",
    "2002-12-25": "Christmas",
    "2003-01-14": "Makar Sankranti",
    "2003-01-26": "Republic Day",
    "2003-02-12": "Eid al-Adha",
    "2003-03-01": "Maha Shivaratri",
    "2003-03-14": "Ashura",
    "2003-03-18": "Holi",
    "2003-03-30": "Rajasthan Day",
    "2003-04-11": "Ram Navami",
    "2003-04-13": "Palm Sunday",
    "2003-04-14": "Dr. B. R. Ambedkar's Jayanti",
    "2003-04-15": "Mahavir Jayanti",
    "2003-04-18": "Good Friday",
    "2003-04-20": "Easter Sunday",
    "2003-05-01": "Labor Day",
    "2003-05-08": "Buddha Purnima",
    "2003-05-15": "Prophet's Birthday",
    "2003-06-15": "Maharana Pratap Jayanti",
    "2003-08-12": "Raksha Bandhan",
    "2003-08-15": "Independence Day",
    "2003-08-20": "Janmashtami",
    "2003-08-31": "Ganesh Chaturthi",
    "2003-09-26": "Navratri / Sharad Navratri",
    "2003-10-02": "Gandhi Jayanti",
    "2003-10-03": "Maha Navami",
    "2003-10-05": "Dussehra",
    "2003-10-25": "Diwali",
    "2003-10-26": "Govardhan Puja",
    "2003-11-08": "Guru Nanak Jayanti",
    "2003-11-14": "Children's Day",
    "2003-11-26": "Eid al-Fitr",
    "2003-12-25": "Christmas",
    "2004-01-15": "Makar Sankranti",
    "2004-01-26": "Republic Day",
    "2004-02-02": "Eid al-Adha",
    "2004-02-18": "Maha Shivaratri",
    "2004-03-02": "Ashura",
    "2004-03-07": "Holi",
    "2004-03-30": "Rajasthan Day; Ram Navami",
    "2004-04-03": "Mahavir Jayanti",
    "2004-04-04": "Palm Sunday",
    "2004-04-09": "Good Friday",
    "2004-04-11": "Easter Sunday",
    "2004-04-14": "Dr. B. R. Ambedkar's Jayanti",
    "2004-05-01": "Labor Day",
    "2004-05-03": "Prophet's Birthday",
    "2004-05-26": "Buddha Purnima",
    "2004-06-15": "Maharana Pratap Jayanti",
    "2004-08-15": "Independence Day",
    "2004-08-29": "Raksha Bandhan",
    "2004-09-07": "Janmashtami",
    "2004-09-18": "Ganesh Chaturthi",
    "2004-10-02": "Gandhi Jayanti",
    "2004-10-14": "Navratri / Sharad Navratri",
    "2004-10-21": "Maha Navami",
    "2004-10-22": "Dussehra",
    "2004-11-12": "Diwali",
    "2004-11-13": "Govardhan Puja",
    "2004-11-14": "Children's Day; Eid al-Fitr",
    "2004-11-26": "Guru Nanak Jayanti",
    "2004-12-25": "Christmas",
    "2005-01-14": "Makar Sankranti",
    "2005-01-21": "Eid al-Adha",
    "2005-01-26": "Republic Day",
    "2005-02-19": "Ashura",
    "2005-03-08": "Maha Shivaratri",
    "2005-03-20": "Palm Sunday",
    "2005-03-25": "Good Friday",
    "2005-03-26": "Holi",
    "2005-03-27": "Easter Sunday",
    "2005-03-30": "Rajasthan Day",
    "2005-04-14": "Dr. B. R. Ambedkar's Jayanti",
    "2005-04-18": "Ram Navami",
    "2005-04-22": "Mahavir Jayanti; Prophet's Birthday",
    "2005-05-01": "Labor Day",
    "2005-05-23": "Buddha Purnima",
    "2005-06-15": "Maharana Pratap Jayanti",
    "2005-08-15": "Independence Day",
    "2005-08-19": "Raksha Bandhan",
    "2005-08-27": "Janmashtami",
    "2005-09-07": "Ganesh Chaturthi",
    "2005-10-02": "Gandhi Jayanti",
    "2005-10-04": "Navratri / Sharad Navratri",
    "2005-10-11": "Maha Navami",
    "2005-10-12": "Dussehra",
    "2005-11-01": "Diwali",
    "2005-11-02": "Govardhan Puja",
    "2005-11-03": "Eid al-Fitr",
    "2005-11-14": "Children's Day",
    "2005-11-15": "Guru Nanak Jayanti",
    "2005-12-25": "Christmas",
    "2006-01-11": "Eid al-Adha",
    "2006-01-14": "Makar Sankranti",
    "2006-01-26": "Republic Day",
    "2006-02-09": "Ashura",
    "2006-02-26": "Maha Shivaratri",
    "2006-03-15": "Holi",
    "2006-03-30": "Rajasthan Day",
    "2006-04-06": "Ram Navami",
    "2006-04-09": "Palm Sunday",
    "2006-04-11": "Mahavir Jayanti; Prophet's Birthday",
    "2006-04-14": "Dr. B. R. Ambedkar's Jayanti; Good Friday",
    "2006-04-16": "Easter Sunday",
    "2006-05-01": "Labor Day",
    "2006-05-13": "Buddha Purnima",
    "2006-06-15": "Maharana Pratap Jayanti",
    "2006-08-09": "Raksha Bandhan",
    "2006-08-15": "Independence Day",
    "2006-08-16": "Janmashtami",
    "2006-08-27": "Ganesh Chaturthi",
    "2006-09-23": "Navratri / Sharad Navratri",
    "2006-10-01": "Maha Navami",
    "2006-10-02": "Dussehra; Gandhi Jayanti",
    "2006-10-21": "Diwali",
    "2006-10-22": "Govardhan Puja",
    "2006-10-24": "Eid al-Fitr",
    "2006-11-05": "Guru Nanak Jayanti",
    "2006-11-14": "Children's Day",
    "2006-12-25": "Christmas",
    "2006-12-31": "Eid al-Adha",
    "2007-01-15": "Makar Sankranti",
    "2007-01-26": "Republic Day",
    "2007-01-30": "Ashura",
    "2007-02-16": "Maha Shivaratri",
    "2007-03-04": "Holi",
    "2007-03-26": "Ram Navami",
    "2007-03-30": "Rajasthan Day",
    "2007-03-31": "Mahavir Jayanti",
    "2007-04-01": "Palm Sunday; Prophet's Birthday",
    "2007-04-06": "Good Friday",
    "2007-04-08": "Easter Sunday",
    "2007-04-14": "Dr. B. R. Ambedkar's Jayanti",
    "2007-05-01": "Labor Day",
    "2007-05-02": "Buddha Purnima",
    "2007-06-15": "Maharana Pratap Jayanti",
    "2007-08-15": "Independence Day",
    "2007-08-28": "Raksha Bandhan",
    "2007-09-04": "Janmashtami",
    "2007-09-15": "Ganesh Chaturthi",
    "2007-10-02": "Gandhi Jayanti",
    "2007-10-12": "Navratri / Sharad Navratri",
    "2007-10-13": "Eid al-Fitr",
    "2007-10-20": "Maha Navami",
    "2007-10-21": "Dussehra",
    "2007-11-09": "Diwali",
    "2007-11-10": "Govardhan Puja",
    "2007-11-14": "Children's Day",
    "2007-11-24": "Guru Nanak Jayanti",
    "2007-12-20": "Eid al-Adha",
    "2007-12-25": "Christmas",
    "2008-01-15": "Makar Sankranti",
    "2008-01-19": "Ashura",
    "2008-01-26": "Republic Day",
    "2008-03-06": "Maha Shivaratri",
    "2008-03-16": "Palm Sunday",
    "2008-03-21": "Good Friday; Prophet's Birthday",
    "2008-03-22": "Holi",
    "2008-03-23": "Easter Sunday",
    "2008-03-30": "Rajasthan Day",
    "2008-04-13": "Ram Navami",
    "2008-04-14": "Dr. B. R. Ambedkar's Jayanti",
    "2008-04-18": "Mahavir Jayanti",
    "2008-05-01": "Labor Day",
    "2008-05-20": "Buddha Purnima",
    "2008-06-15": "Maharana Pratap Jayanti",
    "2008-08-15": "Independence Day",
    "2008-08-16": "Raksha Bandhan",
    "2008-08-24": "Janmashtami",
    "2008-09-03": "Ganesh Chaturthi",
    "2008-09-30": "Navratri / Sharad Navratri",
    "2008-10-02": "Eid al-Fitr; Gandhi Jayanti",
    "2008-10-08": "Maha Navami",
    "2008-10-09": "Dussehra",
    "2008-10-28": "Diwali",
    "2008-10-29": "Govardhan Puja",
    "2008-11-13": "Guru Nanak Jayanti",
    "2008-11-14": "Children's Day",
    "2008-12-09": "Eid al-Adha",
    "2008-12-25": "Christmas",
    "2009-01-07": "Ashura",
    "2009-01-14": "Makar Sankranti",
    "2009-01-26": "Republic Day",
    "2009-02-23": "Maha Shivaratri",
    "2009-03-09": "Prophet's Birthday",
    "2009-03-11": "Holi",
    "2009-03-30": "Rajasthan Day",
    "2009-04-03": "Ram Navami",
    "2009-04-05": "Palm Sunday",
    "2009-04-07": "Mahavir Jayanti",
    "2009-04-10": "Good Friday",
    "2009-04-12": "Easter Sunday",
    "2009-04-14": "Dr. B. R. Ambedkar's Jayanti",
    "2009-05-01": "Labor Day",
    "2009-05-08": "Buddha Purnima",
    "2009-06-15": "Maharana Pratap Jayanti",
    "2009-08-05": "Raksha Bandhan",
    "2009-08-14": "Janmashtami",
    "2009-08-15": "Independence Day",
    "2009-08-23": "Ganesh Chaturthi",
    "2009-09-19": "Navratri / Sharad Navratri",
    "2009-09-21": "Eid al-Fitr",
    "2009-09-27": "Maha Navami",
    "2009-09-28": "Dussehra",
    "2009-10-02": "Gandhi Jayanti",
    "2009-10-17": "Diwali",
    "2009-10-18": "Govardhan Puja",
    "2009-11-02": "Guru Nanak Jayanti",
    "2009-11-14": "Children's Day",
    "2009-11-28": "Eid al-Adha",
    "2009-12-25": "Christmas",
    "2009-12-28": "Ashura",
    "2010-01-14": "Makar Sankranti",
    "2010-01-26": "Republic Day",
    "2010-02-12": "Maha Shivaratri",
    "2010-02-27": "Prophet's Birthday",
    "2010-03-01": "Holi",
    "2010-03-24": "Ram Navami",
    "2010-03-28": "Palm Sunday",
    "2010-03-30": "Rajasthan Day",
    "2010-04-02": "Good Friday",
    "2010-04-04": "Easter Sunday",
    "2010-04-14": "Dr. B. R. Ambedkar's Jayanti",
    "2010-04-28": "Mahavir Jayanti",
    "2010-05-01": "Labor Day",
    "2010-05-27": "Buddha Purnima",
    "2010-06-15": "Maharana Pratap Jayanti",
    "2010-08-15": "Independence Day",
    "2010-08-24": "Raksha Bandhan",
    "2010-09-02": "Janmashtami",
    "2010-09-10": "Eid al-Fitr",
    "2010-09-11": "Ganesh Chaturthi",
    "2010-10-02": "Gandhi Jayanti",
    "2010-10-08": "Navratri / Sharad Navratri",
    "2010-10-16": "Maha Navami",
    "2010-10-17": "Dussehra",
    "2010-11-05": "Diwali",
    "2010-11-06": "Govardhan Puja",
    "2010-11-14": "Children's Day",
    "2010-11-17": "Eid al-Adha",
    "2010-11-21": "Guru Nanak Jayanti",
    "2010-12-17": "Ashura",
    "2010-12-25": "Christmas",
    "2011-01-15": "Makar Sankranti",
    "2011-01-26": "Republic Day",
    "2011-02-16": "Prophet's Birthday",
    "2011-03-02": "Maha Shivaratri",
    "2011-03-20": "Holi",
    "2011-03-30": "Rajasthan Day",
    "2011-04-12": "Ram Navami",
    "2011-04-14": "Dr. B. R. Ambedkar's Jayanti",
    "2011-04-16": "Mahavir Jayanti",
    "2011-04-17": "Palm Sunday",
    "2011-04-22": "Good Friday",
    "2011-04-24": "Easter Sunday",
    "2011-05-01": "Labor Day",
    "2011-05-17": "Buddha Purnima",
    "2011-06-15": "Maharana Pratap Jayanti",
    "2011-08-13": "Raksha Bandhan",
    "2011-08-15": "Independence Day",
    "2011-08-22": "Janmashtami",
    "2011-08-31": "Eid al-Fitr",
    "2011-09-01": "Ganesh Chaturthi",
    "2011-09-28": "Navratri / Sharad Navratri",
    "2011-10-02": "Gandhi Jayanti",
    "2011-10-05": "Maha Navami",
    "2011-10-06": "Dussehra",
    "2011-10-26": "Diwali",
    "2011-10-27": "Govardhan Puja",
    "2011-11-07": "Eid al-Adha",
    "2011-11-10": "Guru Nanak Jayanti",
    "2011-11-14": "Children's Day",
    "2011-12-06": "Ashura",
    "2011-12-25": "Christmas",
    "2012-01-15": "Makar Sankranti",
    "2012-01-26": "Republic Day",
    "2012-02-05": "Prophet's Birthday",
    "2012-02-20": "Maha Shivaratri",
    "2012-03-08": "Holi",
    "2012-03-30": "Rajasthan Day",
    "2012-04-01": "Palm Sunday; Ram Navami",
    "2012-04-05": "Mahavir Jayanti",
    "2012-04-06": "Good Friday",
    "2012-04-08": "Easter Sunday",
    "2012-04-14": "Dr. B. R. Ambedkar's Jayanti",
    "2012-05-01": "Labor Day",
    "2012-05-06": "Buddha Purnima",
    "2012-06-15": "Maharana Pratap Jayanti",
    "2012-08-02": "Raksha Bandhan",
    "2012-08-10": "Janmashtami",
    "2012-08-15": "Independence Day",
    "2012-08-20": "Eid al-Fitr",
    "2012-09-19": "Ganesh Chaturthi",
    "2012-10-02": "Gandhi Jayanti",
    "2012-10-16": "Navratri / Sharad Navratri",
    "2012-10-23": "Maha Navami",
    "2012-10-24": "Dussehra",
    "2012-10-27": "Eid al-Adha",
    "2012-11-13": "Diwali",
    "2012-11-14": "Children's Day; Govardhan Puja",
    "2012-11-25": "Ashura",
    "2012-11-28": "Guru Nanak Jayanti",
    "2012-12-25": "Christmas",
    "2013-01-14": "Makar Sankranti",
    "2013-01-25": "Prophet's Birthday",
    "2013-01-26": "Republic Day",
    "2013-03-10": "Maha Shivaratri",
    "2013-03-24": "Palm Sunday",
    "2013-03-27": "Holi",
    "2013-03-29": "Good Friday",
    "2013-03-30": "Rajasthan Day",
    "2013-03-31": "Easter Sunday",
    "2013-04-14": "Dr. B. R. Ambedkar's Jayanti",
    "2013-04-19": "Ram Navami",
    "2013-04-24": "Mahavir Jayanti",
    "2013-05-01": "Labor Day",
    "2013-05-25": "Buddha Purnima",
    "2013-06-15": "Maharana Pratap Jayanti",
    "2013-08-08": "Eid al-Fitr",
    "2013-08-15": "Independence Day",
    "2013-08-20": "Raksha Bandhan",
    "2013-08-28": "Janmashtami",
    "2013-09-09": "Ganesh Chaturthi",
    "2013-10-02": "Gandhi Jayanti",
    "2013-10-05": "Navratri / Sharad Navratri",
    "2013-10-12": "Maha Navami",
    "2013-10-13": "Dussehra",
    "2013-10-16": "Eid al-Adha",
    "2013-11-03": "Diwali",
    "2013-11-04": "Govardhan Puja",
    "2013-11-14": "Ashura; Children's Day",
    "2013-11-17": "Guru Nanak Jayanti",
    "2013-12-25": "Christmas",
    "2014-01-14": "Makar Sankranti; Prophet's Birthday",
    "2014-01-26": "Republic Day",
    "2014-02-27": "Maha Shivaratri",
    "2014-03-17": "Holi",
    "2014-03-30": "Rajasthan Day",
    "2014-04-08": "Ram Navami",
    "2014-04-13": "Mahavir Jayanti; Palm Sunday",
    "2014-04-14": "Dr. B. R. Ambedkar's Jayanti",
    "2014-04-18": "Good Friday",
    "2014-04-20": "Easter Sunday",
    "2014-05-01": "Labor Day",
    "2014-05-14": "Buddha Purnima",
    "2014-06-15": "Maharana Pratap Jayanti",
    "2014-07-29": "Eid al-Fitr",
    "2014-08-10": "Raksha Bandhan",
    "2014-08-15": "Independence Day",
    "2014-08-18": "Janmashtami",
    "2014-08-29": "Ganesh Chaturthi",
    "2014-09-25": "Navratri / Sharad Navratri",
    "2014-10-02": "Gandhi Jayanti; Maha Navami",
    "2014-10-03": "Dussehra",
    "2014-10-06": "Eid al-Adha",
    "2014-10-23": "Diwali",
    "2014-10-24": "Govardhan Puja",
    "2014-11-04": "Ashura",
    "2014-11-06": "Guru Nanak Jayanti",
    "2014-11-14": "Children's Day",
    "2014-12-25": "Christmas",
    "2015-01-04": "Prophet's Birthday",
    "2015-01-15": "Makar Sankranti",
    "2015-01-26": "Republic Day",
    "2015-02-17": "Maha Shivaratri",
    "2015-03-06": "Holi",
    "2015-03-28": "Ram Navami",
    "2015-03-29": "Palm Sunday",
    "2015-03-30": "Rajasthan Day",
    "2015-04-02": "Mahavir Jayanti",
    "2015-04-03": "Good Friday",
    "2015-04-05": "Easter Sunday",
    "2015-04-14": "Dr. B. R. Ambedkar's Jayanti",
    "2015-05-01": "Labor Day",
    "2015-05-04": "Buddha Purnima",
    "2015-06-15": "Maharana Pratap Jayanti",
    "2015-07-18": "Eid al-Fitr",
    "2015-08-15": "Independence Day",
    "2015-08-29": "Raksha Bandhan",
    "2015-09-05": "Janmashtami",
    "2015-09-17": "Ganesh Chaturthi",
    "2015-09-25": "Eid al-Adha",
    "2015-10-02": "Gandhi Jayanti",
    "2015-10-13": "Navratri / Sharad Navratri",
    "2015-10-21": "Maha Navami",
    "2015-10-22": "Dussehra",
    "2015-10-24": "Ashura",
    "2015-11-11": "Diwali",
    "2015-11-12": "Govardhan Puja",
    "2015-11-14": "Children's Day",
    "2015-11-25": "Guru Nanak Jayanti",
    "2015-12-25": "Christmas; Prophet's Birthday",
    "2016-01-15": "Makar Sankranti",
    "2016-01-26": "Republic Day",
    "2016-03-07": "Maha Shivaratri",
    "2016-03-20": "Palm Sunday",
    "2016-03-24": "Holi",
    "2016-03-25": "Good Friday",
    "2016-03-27": "Easter Sunday",
    "2016-03-30": "Rajasthan Day",
    "2016-04-14": "Dr. B. R. Ambedkar's Jayanti",
    "2016-04-15": "Ram Navami",
    "2016-04-20": "Mahavir Jayanti",
    "2016-05-01": "Labor Day",
    "2016-05-21": "Buddha Purnima",
    "2016-06-15": "Maharana Pratap Jayanti",
    "2016-07-07": "Eid al-Fitr",
    "2016-08-15": "Independence Day",
    "2016-08-18": "Raksha Bandhan",
    "2016-08-25": "Janmashtami",
    "2016-09-05": "Ganesh Chaturthi",
    "2016-09-13": "Eid al-Adha",
    "2016-10-01": "Navratri / Sharad Navratri",
    "2016-10-02": "Gandhi Jayanti",
    "2016-10-10": "Maha Navami",
    "2016-10-11": "Dussehra",
    "2016-10-12": "Ashura",
    "2016-10-30": "Diwali",
    "2016-10-31": "Govardhan Puja",
    "2016-11-14": "Children's Day; Guru Nanak Jayanti",
    "2016-12-13": "Prophet's Birthday",
    "2016-12-25": "Christmas",
    "2017-01-14": "Makar Sankranti",
    "2017-01-26": "Republic Day",
    "2017-02-24": "Maha Shivaratri",
    "2017-03-13": "Holi",
    "2017-03-30": "Rajasthan Day",
    "2017-04-04": "Ram Navami",
    "2017-04-09": "Mahavir Jayanti; Palm Sunday",
    "2017-04-14": "Dr. B. R. Ambedkar's Jayanti; Good Friday",
    "2017-04-16": "Easter Sunday",
    "2017-05-01": "Labor Day",
    "2017-05-10": "Buddha Purnima",
    "2017-06-15": "Maharana Pratap Jayanti",
    "2017-06-26": "Eid al-Fitr",
    "2017-08-07": "Raksha Bandhan",
    "2017-08-15": "Independence Day; Janmashtami",
    "2017-08-25": "Ganesh Chaturthi",
    "2017-09-02": "Eid al-Adha",
    "2017-09-21": "Navratri / Sharad Navratri",
    "2017-09-29": "Maha Navami",
    "2017-09-30": "Dussehra",
    "2017-10-01": "Ashura",
    "2017-10-02": "Gandhi Jayanti",
    "2017-10-19": "Diwali",
    "2017-10-20": "Govardhan Puja",
    "2017-11-04": "Guru Nanak Jayanti",
    "2017-11-14": "Children's Day",
    "2017-12-02": "Prophet's Birthday",
    "2017-12-25": "Christmas",
    "2018-01-14": "Makar Sankranti",
    "2018-01-26": "Republic Day",
    "2018-02-13": "Maha Shivaratri",
    "2018-03-02": "Holi",
    "2018-03-25": "Palm Sunday; Ram Navami",
    "2018-03-29": "Mahavir Jayanti",
    "2018-03-30": "Good Friday; Rajasthan Day",
    "2018-04-01": "Easter Sunday",
    "2018-04-14": "Dr. B. R. Ambedkar's Jayanti",
    "2018-04-30": "Buddha Purnima",
    "2018-05-01": "Labor Day",
    "2018-06-15": "Maharana Pratap Jayanti",
    "2018-06-16": "Eid al-Fitr",
    "2018-08-15": "Independence Day",
    "2018-08-22": "Eid al-Adha",
    "2018-08-26": "Raksha Bandhan",
    "2018-09-03": "Janmashtami",
    "2018-09-13": "Ganesh Chaturthi",
    "2018-09-21": "Ashura",
    "2018-10-02": "Gandhi Jayanti",
    "2018-10-10": "Navratri / Sharad Navratri",
    "2018-10-17": "Maha Navami",
    "2018-10-19": "Dussehra",
    "2018-11-07": "Diwali",
    "2018-11-08": "Govardhan Puja",
    "2018-11-14": "Children's Day",
    "2018-11-21": "Prophet's Birthday",
    "2018-11-23": "Guru Nanak Jayanti",
    "2018-12-25": "Christmas",
    "2019-01-15": "Makar Sankranti",
    "2019-01-26": "Republic Day",
    "2019-03-04": "Maha Shivaratri",
    "2019-03-21": "Holi",
    "2019-03-30": "Rajasthan Day",
    "2019-04-13": "Ram Navami",
    "2019-04-14": "Dr. B. R. Ambedkar's Jayanti; Palm Sunday",
    "2019-04-17": "Mahavir Jayanti",
    "2019-04-19": "Good Friday",
    "2019-04-21": "Easter Sunday",
    "2019-05-01": "Labor Day",
    "2019-05-18": "Buddha Purnima",
    "2019-06-05": "Eid al-Fitr",
    "2019-06-15": "Maharana Pratap Jayanti",
    "2019-08-12": "Eid al-Adha",
    "2019-08-15": "Independence Day; Raksha Bandhan",
    "2019-08-24": "Janmashtami",
    "2019-09-02": "Ganesh Chaturthi",
    "2019-09-10": "Ashura",
    "2019-09-29": "Navratri / Sharad Navratri",
    "2019-10-02": "Gandhi Jayanti",
    "2019-10-06": "Maha Navami",
    "2019-10-08": "Dussehra",
    "2019-10-27": "Diwali",
    "2019-10-28": "Govardhan Puja",
    "2019-11-10": "Prophet's Birthday",
    "2019-11-12": "Guru Nanak Jayanti",
    "2019-11-14": "Children's Day",
    "2019-12-25": "Christmas",
    "2020-01-15": "Makar Sankranti",
    "2020-01-26": "Republic Day",
    "2020-02-21": "Maha Shivaratri",
    "2020-03-10": "Holi",
    "2020-03-30": "Rajasthan Day",
    "2020-04-02": "Ram Navami",
    "2020-04-05": "Palm Sunday",
    "2020-04-06": "Mahavir Jayanti",
    "2020-04-10": "Good Friday",
    "2020-04-12": "Easter Sunday",
    "2020-04-14": "Dr. B. R. Ambedkar's Jayanti",
    "2020-05-01": "Labor Day",
    "2020-05-07": "Buddha Purnima",
    "2020-05-25": "Eid al-Fitr",
    "2020-06-15": "Maharana Pratap Jayanti",
    "2020-08-01": "Eid al-Adha",
    "2020-08-03": "Raksha Bandhan",
    "2020-08-12": "Janmashtami",
    "2020-08-15": "Independence Day",
    "2020-08-22": "Ganesh Chaturthi",
    "2020-08-30": "Ashura",
    "2020-10-02": "Gandhi Jayanti",
    "2020-10-17": "Navratri / Sharad Navratri",
    "2020-10-24": "Maha Navami",
    "2020-10-25": "Dussehra",
    "2020-10-30": "Prophet's Birthday",
    "2020-11-14": "Children's Day; Diwali",
    "2020-11-15": "Govardhan Puja",
    "2020-11-30": "Guru Nanak Jayanti",
    "2020-12-25": "Christmas",
    "2021-01-14": "Makar Sankranti",
    "2021-01-26": "Republic Day",
    "2021-03-11": "Maha Shivaratri",
    "2021-03-28": "Palm Sunday",
    "2021-03-29": "Holi",
    "2021-03-30": "Rajasthan Day",
    "2021-04-02": "Good Friday",
    "2021-04-04": "Easter Sunday",
    "2021-04-14": "Dr. B. R. Ambedkar's Jayanti",
    "2021-04-21": "Ram Navami",
    "2021-04-25": "Mahavir Jayanti",
    "2021-05-01": "Labor Day",
    "2021-05-14": "Eid al-Fitr",
    "2021-05-26": "Buddha Purnima",
    "2021-06-15": "Maharana Pratap Jayanti",
    "2021-07-21": "Eid al-Adha",
    "2021-08-15": "Independence Day",
    "2021-08-20": "Ashura",
    "2021-08-22": "Raksha Bandhan",
    "2021-08-30": "Janmashtami",
    "2021-09-10": "Ganesh Chaturthi",
    "2021-10-02": "Gandhi Jayanti",
    "2021-10-07": "Navratri / Sharad Navratri",
    "2021-10-14": "Maha Navami",
    "2021-10-15": "Dussehra",
    "2021-10-19": "Prophet's Birthday",
    "2021-11-04": "Diwali",
    "2021-11-05": "Govardhan Puja",
    "2021-11-14": "Children's Day",
    "2021-11-19": "Guru Nanak Jayanti",
    "2021-12-25": "Christmas",
    "2022-01-14": "Makar Sankranti",
    "2022-01-26": "Republic Day",
    "2022-03-01": "Maha Shivaratri",
    "2022-03-18": "Holi",
    "2022-03-30": "Rajasthan Day",
    "2022-04-10": "Palm Sunday; Ram Navami",
    "2022-04-14": "Dr. B. R. Ambedkar's Jayanti; Mahavir Jayanti",
    "2022-04-15": "Good Friday",
    "2022-04-17": "Easter Sunday",
    "2022-05-01": "Labor Day",
    "2022-05-03": "Eid al-Fitr",
    "2022-05-16": "Buddha Purnima",
    "2022-06-15": "Maharana Pratap Jayanti",
    "2022-07-10": "Eid al-Adha",
    "2022-08-09": "Ashura",
    "2022-08-11": "Raksha Bandhan",
    "2022-08-15": "Independence Day",
    "2022-08-19": "Janmashtami",
    "2022-08-31": "Ganesh Chaturthi",
    "2022-09-26": "Navratri / Sharad Navratri",
    "2022-10-02": "Gandhi Jayanti",
    "2022-10-04": "Maha Navami",
    "2022-10-05": "Dussehra",
    "2022-10-09": "Prophet's Birthday",
    "2022-10-24": "Diwali",
    "2022-10-25": "Govardhan Puja",
    "2022-11-08": "Guru Nanak Jayanti",
    "2022-11-14": "Children's Day",
    "2022-12-25": "Christmas",
    "2023-01-14": "Makar Sankranti",
    "2023-01-26": "Republic Day",
    "2023-02-18": "Maha Shivaratri",
    "2023-03-08": "Holi",
    "2023-03-30": "Rajasthan Day; Ram Navami",
    "2023-04-02": "Palm Sunday",
    "2023-04-04": "Mahavir Jayanti",
    "2023-04-07": "Good Friday",
    "2023-04-09": "Easter Sunday",
    "2023-04-14": "Dr. B. R. Ambedkar's Jayanti",
    "2023-04-22": "Eid al-Fitr",
    "2023-05-01": "Labor Day",
    "2023-05-05": "Buddha Purnima",
    "2023-06-15": "Maharana Pratap Jayanti",
    "2023-06-29": "Eid al-Adha",
    "2023-07-29": "Ashura",
    "2023-08-15": "Independence Day",
    "2023-08-30": "Raksha Bandhan",
    "2023-09-07": "Janmashtami",
    "2023-09-19": "Ganesh Chaturthi",
    "2023-09-28": "Prophet's Birthday",
    "2023-10-02": "Gandhi Jayanti",
    "2023-10-15": "Navratri / Sharad Navratri",
    "2023-10-23": "Maha Navami",
    "2023-10-24": "Dussehra",
    "2023-11-12": "Diwali",
    "2023-11-13": "Govardhan Puja",
    "2023-11-14": "Children's Day",
    "2023-11-27": "Guru Nanak Jayanti",
    "2023-12-25": "Christmas",
    "2024-01-14": "Makar Sankranti",
    "2024-01-26": "Republic Day",
    "2024-03-08": "Maha Shivaratri",
    "2024-03-24": "Palm Sunday",
    "2024-03-25": "Holi",
    "2024-03-29": "Good Friday",
    "2024-03-30": "Rajasthan Day",
    "2024-03-31": "Easter Sunday",
    "2024-04-11": "Eid al-Fitr",
    "2024-04-14": "Dr. B. R. Ambedkar's Jayanti",
    "2024-04-17": "Ram Navami",
    "2024-04-21": "Mahavir Jayanti",
    "2024-05-01": "Labor Day",
    "2024-05-23": "Buddha Purnima",
    "2024-06-15": "Maharana Pratap Jayanti",
    "2024-06-17": "Eid al-Adha",
    "2024-07-17": "Ashura",
    "2024-08-15": "Independence Day",
    "2024-08-19": "Raksha Bandhan",
    "2024-08-26": "Janmashtami",
    "2024-09-07": "Ganesh Chaturthi",
    "2024-09-16": "Prophet's Birthday",
    "2024-10-02": "Gandhi Jayanti",
    "2024-10-03": "Navratri / Sharad Navratri",
    "2024-10-11": "Maha Navami",
    "2024-10-12": "Dussehra",
    "2024-10-31": "Diwali",
    "2024-11-02": "Govardhan Puja",
    "2024-11-14": "Children's Day",
    "2024-11-15": "Guru Nanak Jayanti",
    "2024-12-25": "Christmas",
    "2025-01-14": "Makar Sankranti",
    "2025-01-26": "Republic Day",
    "2025-02-26": "Maha Shivaratri",
    "2025-03-14": "Holi",
    "2025-03-30": "Rajasthan Day",
    "2025-03-31": "Eid al-Fitr",
    "2025-04-06": "Ram Navami",
    "2025-04-10": "Mahavir Jayanti",
    "2025-04-13": "Palm Sunday",
    "2025-04-14": "Dr. B. R. Ambedkar's Jayanti",
    "2025-04-18": "Good Friday",
    "2025-04-20": "Easter Sunday",
    "2025-05-01": "Labor Day",
    "2025-05-12": "Buddha Purnima",
    "2025-06-07": "Eid al-Adha",
    "2025-06-15": "Maharana Pratap Jayanti",
    "2025-07-06": "Ashura",
    "2025-08-09": "Raksha Bandhan",
    "2025-08-15": "Independence Day",
    "2025-08-16": "Janmashtami",
    "2025-08-27": "Ganesh Chaturthi",
    "2025-09-05": "Prophet's Birthday",
    "2025-09-22": "Navratri / Sharad Navratri",
    "2025-10-01": "Maha Navami",
    "2025-10-02": "Dussehra; Gandhi Jayanti",
    "2025-10-20": "Diwali",
    "2025-10-22": "Govardhan Puja",
    "2025-11-05": "Guru Nanak Jayanti",
    "2025-11-14": "Children's Day",
    "2025-12-25": "Christmas",
    "2026-01-14": "Makar Sankranti",
    "2026-01-26": "Republic Day",
    "2026-02-15": "Maha Shivaratri",
    "2026-03-04": "Holi",
    "2026-03-20": "Eid al-Fitr (estimated)",
    "2026-03-26": "Ram Navami",
    "2026-03-29": "Palm Sunday",
    "2026-03-30": "Rajasthan Day",
    "2026-03-31": "Mahavir Jayanti",
    "2026-04-03": "Good Friday",
    "2026-04-05": "Easter Sunday",
    "2026-04-14": "Dr. B. R. Ambedkar's Jayanti",
    "2026-05-01": "Buddha Purnima; Labor Day",
    "2026-05-27": "Eid al-Adha (estimated)",
    "2026-06-15": "Maharana Pratap Jayanti",
    "2026-06-25": "Ashura (estimated)",
    "2026-08-15": "Independence Day",
    "2026-08-25": "Prophet's Birthday (estimated)",
    "2026-08-28": "Raksha Bandhan",
    "2026-09-04": "Janmashtami",
    "2026-09-14": "Ganesh Chaturthi",
    "2026-10-02": "Gandhi Jayanti",
    "2026-10-11": "Navratri / Sharad Navratri",
    "2026-10-19": "Maha Navami",
    "2026-10-20": "Dussehra",
    "2026-11-08": "Diwali",
    "2026-11-10": "Govardhan Puja",
    "2026-11-14": "Children's Day",
    "2026-11-24": "Guru Nanak Jayanti",
    "2026-12-25": "Christmas",
    "2027-01-15": "Makar Sankranti",
    "2027-01-26": "Republic Day",
    "2027-03-06": "Maha Shivaratri",
    "2027-03-09": "Eid al-Fitr (estimated)",
    "2027-03-21": "Palm Sunday",
    "2027-03-22": "Holi",
    "2027-03-26": "Good Friday",
    "2027-03-28": "Easter Sunday",
    "2027-03-30": "Rajasthan Day",
    "2027-04-14": "Dr. B. R. Ambedkar's Jayanti",
    "2027-04-15": "Ram Navami",
    "2027-04-18": "Mahavir Jayanti",
    "2027-05-01": "Labor Day",
    "2027-05-16": "Eid al-Adha (estimated)",
    "2027-05-20": "Buddha Purnima",
    "2027-06-15": "Ashura (estimated); Maharana Pratap Jayanti",
    "2027-08-14": "Prophet's Birthday (estimated)",
    "2027-08-15": "Independence Day",
    "2027-08-17": "Raksha Bandhan",
    "2027-08-25": "Janmashtami",
    "2027-09-04": "Ganesh Chaturthi",
    "2027-09-30": "Navratri / Sharad Navratri",
    "2027-10-02": "Gandhi Jayanti",
    "2027-10-08": "Maha Navami",
    "2027-10-09": "Dussehra",
    "2027-10-29": "Diwali",
    "2027-10-30": "Govardhan Puja",
    "2027-11-14": "Children's Day; Guru Nanak Jayanti",
    "2027-12-25": "Christmas",
    "2028-01-15": "Makar Sankranti",
    "2028-01-26": "Republic Day",
    "2028-02-23": "Maha Shivaratri",
    "2028-02-26": "Eid al-Fitr (estimated)",
    "2028-03-11": "Holi",
    "2028-03-30": "Rajasthan Day",
    "2028-04-03": "Ram Navami",
    "2028-04-07": "Mahavir Jayanti",
    "2028-04-09": "Palm Sunday",
    "2028-04-14": "Dr. B. R. Ambedkar's Jayanti; Good Friday",
    "2028-04-16": "Easter Sunday",
    "2028-05-01": "Labor Day",
    "2028-05-05": "Eid al-Adha (estimated)",
    "2028-05-08": "Buddha Purnima",
    "2028-06-03": "Ashura (estimated)",
    "2028-06-15": "Maharana Pratap Jayanti",
    "2028-08-03": "Prophet's Birthday (estimated)",
    "2028-08-05": "Raksha Bandhan",
    "2028-08-13": "Janmashtami",
    "2028-08-15": "Independence Day",
    "2028-08-23": "Ganesh Chaturthi",
    "2028-09-19": "Navratri / Sharad Navratri",
    "2028-09-26": "Maha Navami",
    "2028-09-27": "Dussehra",
    "2028-10-02": "Gandhi Jayanti",
    "2028-10-17": "Diwali",
    "2028-10-18": "Govardhan Puja",
    "2028-11-02": "Guru Nanak Jayanti",
    "2028-11-14": "Children's Day",
    "2028-12-25": "Christmas",
    "2029-01-14": "Makar Sankranti",
    "2029-01-26": "Republic Day",
    "2029-02-11": "Maha Shivaratri",
    "2029-02-14": "Eid al-Fitr (estimated)",
    "2029-03-01": "Holi",
    "2029-03-25": "Palm Sunday",
    "2029-03-30": "Good Friday; Rajasthan Day",
    "2029-04-01": "Easter Sunday",
    "2029-04-14": "Dr. B. R. Ambedkar's Jayanti",
    "2029-04-22": "Ram Navami",
    "2029-04-24": "Eid al-Adha (estimated)",
    "2029-04-26": "Mahavir Jayanti",
    "2029-05-01": "Labor Day",
    "2029-05-23": "Ashura (estimated)",
    "2029-05-27": "Buddha Purnima",
    "2029-06-15": "Maharana Pratap Jayanti",
    "2029-07-24": "Prophet's Birthday (estimated)",
    "2029-08-15": "Independence Day",
    "2029-08-23": "Raksha Bandhan",
    "2029-09-01": "Janmashtami",
    "2029-09-11": "Ganesh Chaturthi",
    "2029-10-02": "Gandhi Jayanti",
    "2029-10-08": "Navratri / Sharad Navratri",
    "2029-10-15": "Maha Navami",
    "2029-10-16": "Dussehra",
    "2029-11-05": "Diwali",
    "2029-11-06": "Govardhan Puja",
    "2029-11-14": "Children's Day",
    "2029-11-21": "Guru Nanak Jayanti",
    "2029-12-25": "Christmas",
    "2030-01-14": "Makar Sankranti",
    "2030-01-26": "Republic Day",
    "2030-02-04": "Eid al-Fitr (estimated)",
    "2030-03-02": "Maha Shivaratri",
    "2030-03-20": "Holi",
    "2030-03-30": "Rajasthan Day",
    "2030-04-12": "Ram Navami",
    "2030-04-13": "Eid al-Adha (estimated)",
    "2030-04-14": "Dr. B. R. Ambedkar's Jayanti; Palm Sunday",
    "2030-04-16": "Mahavir Jayanti",
    "2030-04-19": "Good Friday",
    "2030-04-21": "Easter Sunday",
    "2030-05-01": "Labor Day",
    "2030-05-12": "Ashura (estimated)",
    "2030-05-17": "Buddha Purnima",
    "2030-06-15": "Maharana Pratap Jayanti",
    "2030-07-13": "Prophet's Birthday (estimated)",
    "2030-08-13": "Raksha Bandhan",
    "2030-08-15": "Independence Day",
    "2030-08-21": "Janmashtami",
    "2030-09-01": "Ganesh Chaturthi",
    "2030-09-28": "Navratri / Sharad Navratri",
    "2030-10-02": "Gandhi Jayanti",
    "2030-10-05": "Maha Navami",
    "2030-10-06": "Dussehra",
    "2030-10-26": "Diwali",
    "2030-10-27": "Govardhan Puja",
    "2030-11-10": "Guru Nanak Jayanti",
    "2030-11-14": "Children's Day",
    "2030-12-25": "Christmas",
    "2031-01-15": "Makar Sankranti",
    "2031-01-24": "Eid al-Fitr (estimated)",
    "2031-01-26": "Republic Day",
    "2031-02-20": "Maha Shivaratri",
    "2031-03-09": "Holi",
    "2031-03-30": "Rajasthan Day",
    "2031-04-01": "Ram Navami",
    "2031-04-02": "Eid al-Adha (estimated)",
    "2031-04-05": "Mahavir Jayanti",
    "2031-04-06": "Palm Sunday",
    "2031-04-11": "Good Friday",
    "2031-04-13": "Easter Sunday",
    "2031-04-14": "Dr. B. R. Ambedkar's Jayanti",
    "2031-05-01": "Labor Day",
    "2031-05-02": "Ashura (estimated)",
    "2031-05-07": "Buddha Purnima",
    "2031-06-15": "Maharana Pratap Jayanti",
    "2031-07-02": "Prophet's Birthday (estimated)",
    "2031-08-02": "Raksha Bandhan",
    "2031-08-10": "Janmashtami",
    "2031-08-15": "Independence Day",
    "2031-09-20": "Ganesh Chaturthi",
    "2031-10-02": "Gandhi Jayanti",
    "2031-10-17": "Navratri / Sharad Navratri",
    "2031-10-24": "Maha Navami",
    "2031-10-25": "Dussehra",
    "2031-11-14": "Children's Day; Diwali",
    "2031-11-15": "Govardhan Puja",
    "2031-11-28": "Guru Nanak Jayanti",
    "2031-12-25": "Christmas",
    "2032-01-14": "Eid al-Fitr (estimated)",
    "2032-01-15": "Makar Sankranti",
    "2032-01-26": "Republic Day",
    "2032-03-10": "Maha Shivaratri",
    "2032-03-21": "Palm Sunday",
    "2032-03-22": "Eid al-Adha (estimated)",
    "2032-03-26": "Good Friday",
    "2032-03-27": "Holi",
    "2032-03-28": "Easter Sunday",
    "2032-03-30": "Rajasthan Day",
    "2032-04-14": "Dr. B. R. Ambedkar's Jayanti",
    "2032-04-19": "Ram Navami",
    "2032-04-20": "Ashura (estimated)",
    "2032-04-23": "Mahavir Jayanti",
    "2032-05-01": "Labor Day",
    "2032-05-25": "Buddha Purnima",
    "2032-06-15": "Maharana Pratap Jayanti",
    "2032-06-20": "Prophet's Birthday (estimated)",
    "2032-08-15": "Independence Day",
    "2032-08-20": "Raksha Bandhan",
    "2032-08-28": "Janmashtami",
    "2032-09-08": "Ganesh Chaturthi",
    "2032-10-02": "Gandhi Jayanti",
    "2032-10-05": "Navratri / Sharad Navratri",
    "2032-10-13": "Maha Navami",
    "2032-10-14": "Dussehra",
    "2032-11-02": "Diwali",
    "2032-11-03": "Govardhan Puja",
    "2032-11-14": "Children's Day",
    "2032-11-17": "Guru Nanak Jayanti",
    "2032-12-25": "Christmas",
    "2033-01-02": "Eid al-Fitr (estimated)",
    "2033-01-14": "Makar Sankranti",
    "2033-01-26": "Republic Day",
    "2033-02-27": "Maha Shivaratri",
    "2033-03-11": "Eid al-Adha (estimated)",
    "2033-03-16": "Holi",
    "2033-03-30": "Rajasthan Day",
    "2033-04-07": "Ram Navami",
    "2033-04-10": "Ashura (estimated); Palm Sunday",
    "2033-04-12": "Mahavir Jayanti",
    "2033-04-14": "Dr. B. R. Ambedkar's Jayanti",
    "2033-04-15": "Good Friday",
    "2033-04-17": "Easter Sunday",
    "2033-05-01": "Labor Day",
    "2033-05-14": "Buddha Purnima",
    "2033-06-09": "Prophet's Birthday (estimated)",
    "2033-06-15": "Maharana Pratap Jayanti",
    "2033-08-10": "Raksha Bandhan",
    "2033-08-15": "Independence Day",
    "2033-08-17": "Janmashtami",
    "2033-08-28": "Ganesh Chaturthi",
    "2033-09-24": "Navratri / Sharad Navratri",
    "2033-10-02": "Gandhi Jayanti; Maha Navami",
    "2033-10-03": "Dussehra",
    "2033-10-22": "Diwali",
    "2033-10-23": "Govardhan Puja",
    "2033-11-06": "Guru Nanak Jayanti",
    "2033-11-14": "Children's Day",
    "2033-12-23": "Eid al-Fitr (estimated)",
    "2033-12-25": "Christmas",
    "2034-01-14": "Makar Sankranti",
    "2034-01-26": "Republic Day",
    "2034-02-17": "Maha Shivaratri",
    "2034-03-01": "Eid al-Adha (estimated)",
    "2034-03-05": "Holi",
    "2034-03-28": "Ram Navami",
    "2034-03-30": "Ashura (estimated); Rajasthan Day",
    "2034-04-01": "Mahavir Jayanti",
    "2034-04-02": "Palm Sunday",
    "2034-04-07": "Good Friday",
    "2034-04-09": "Easter Sunday",
    "2034-04-14": "Dr. B. R. Ambedkar's Jayanti",
    "2034-05-01": "Labor Day",
    "2034-05-03": "Buddha Purnima",
    "2034-05-30": "Prophet's Birthday (estimated)",
    "2034-06-15": "Maharana Pratap Jayanti",
    "2034-08-15": "Independence Day",
    "2034-08-29": "Raksha Bandhan",
    "2034-09-06": "Janmashtami",
    "2034-09-16": "Ganesh Chaturthi",
    "2034-10-02": "Gandhi Jayanti",
    "2034-10-13": "Navratri / Sharad Navratri",
    "2034-10-21": "Maha Navami",
    "2034-10-22": "Dussehra",
    "2034-11-10": "Diwali",
    "2034-11-11": "Govardhan Puja",
    "2034-11-14": "Children's Day",
    "2034-11-25": "Guru Nanak Jayanti",
    "2034-12-12": "Eid al-Fitr (estimated)",
    "2034-12-25": "Christmas",
    "2035-01-15": "Makar Sankranti",
    "2035-01-26": "Republic Day",
    "2035-02-18": "Eid al-Adha (estimated)",
    "2035-03-08": "Maha Shivaratri",
    "2035-03-18": "Palm Sunday",
    "2035-03-20": "Ashura (estimated)",
    "2035-03-23": "Good Friday",
    "2035-03-24": "Holi",
    "2035-03-25": "Easter Sunday",
    "2035-03-30": "Rajasthan Day",
    "2035-04-14": "Dr. B. R. Ambedkar's Jayanti",
    "2035-04-16": "Ram Navami",
    "2035-04-20": "Mahavir Jayanti",
    "2035-05-01": "Labor Day",
    "2035-05-20": "Prophet's Birthday (estimated)",
    "2035-05-22": "Buddha Purnima",
    "2035-06-15": "Maharana Pratap Jayanti",
    "2035-08-15": "Independence Day",
    "2035-08-18": "Raksha Bandhan",
    "2035-08-26": "Janmashtami",
    "2035-09-05": "Ganesh Chaturthi",
    "2035-10-02": "Gandhi Jayanti; Navratri / Sharad Navratri",
    "2035-10-10": "Maha Navami",
    "2035-10-11": "Dussehra",
    "2035-10-30": "Diwali",
    "2035-10-31": "Govardhan Puja",
    "2035-11-14": "Children's Day",
    "2035-11-15": "Guru Nanak Jayanti",
    "2035-12-01": "Eid al-Fitr (estimated)",
    "2035-12-25": "Christmas",
    "2036-01-26": "Republic Day",
    "2036-02-07": "Eid al-Adha (estimated)",
    "2036-03-08": "Ashura (estimated)",
    "2036-03-30": "Rajasthan Day",
    "2036-04-06": "Palm Sunday",
    "2036-04-11": "Good Friday",
    "2036-04-13": "Easter Sunday",
    "2036-04-14": "Dr. B. R. Ambedkar's Jayanti",
    "2036-05-01": "Labor Day",
    "2036-05-08": "Prophet's Birthday (estimated)",
    "2036-06-15": "Maharana Pratap Jayanti",
    "2036-08-15": "Independence Day",
    "2036-10-02": "Gandhi Jayanti",
    "2036-11-14": "Children's Day",
    "2036-11-19": "Eid al-Fitr (estimated)",
    "2036-12-25": "Christmas",
    "2037-01-26": "Eid al-Adha (estimated); Republic Day",
    "2037-02-25": "Ashura (estimated)",
    "2037-03-29": "Palm Sunday",
    "2037-03-30": "Rajasthan Day",
    "2037-04-03": "Good Friday",
    "2037-04-05": "Easter Sunday",
    "2037-04-14": "Dr. B. R. Ambedkar's Jayanti",
    "2037-04-28": "Prophet's Birthday (estimated)",
    "2037-05-01": "Labor Day",
    "2037-06-15": "Maharana Pratap Jayanti",
    "2037-08-15": "Independence Day",
    "2037-10-02": "Gandhi Jayanti",
    "2037-11-08": "Eid al-Fitr (estimated)",
    "2037-11-14": "Children's Day",
    "2037-12-25": "Christmas",
    "2038-01-16": "Eid al-Adha (estimated)",
    "2038-01-26": "Republic Day",
    "2038-02-14": "Ashura (estimated)",
    "2038-03-30": "Rajasthan Day",
    "2038-04-14": "Dr. B. R. Ambedkar's Jayanti",
    "2038-04-17": "Prophet's Birthday (estimated)",
    "2038-04-18": "Palm Sunday",
    "2038-04-23": "Good Friday",
    "2038-04-25": "Easter Sunday",
    "2038-05-01": "Labor Day",
    "2038-06-15": "Maharana Pratap Jayanti",
    "2038-08-15": "Independence Day",
    "2038-10-02": "Gandhi Jayanti",
    "2038-10-29": "Eid al-Fitr (estimated)",
    "2038-11-14": "Children's Day",
    "2038-12-25": "Christmas",
    "2039-01-05": "Eid al-Adha (estimated)",
    "2039-01-26": "Republic Day",
    "2039-02-04": "Ashura (estimated)",
    "2039-03-30": "Rajasthan Day",
    "2039-04-03": "Palm Sunday",
    "2039-04-06": "Prophet's Birthday (estimated)",
    "2039-04-08": "Good Friday",
    "2039-04-10": "Easter Sunday",
    "2039-04-14": "Dr. B. R. Ambedkar's Jayanti",
    "2039-05-01": "Labor Day",
    "2039-06-15": "Maharana Pratap Jayanti",
    "2039-08-15": "Independence Day",
    "2039-10-02": "Gandhi Jayanti",
    "2039-10-19": "Eid al-Fitr (estimated)",
    "2039-11-14": "Children's Day",
    "2039-12-25": "Christmas",
    "2039-12-26": "Eid al-Adha (estimated)",
    "2040-01-24": "Ashura (estimated)",
    "2040-01-26": "Republic Day",
    "2040-03-25": "Palm Sunday; Prophet's Birthday (estimated)",
    "2040-03-30": "Good Friday; Rajasthan Day",
    "2040-04-01": "Easter Sunday",
    "2040-04-14": "Dr. B. R. Ambedkar's Jayanti",
    "2040-05-01": "Labor Day",
    "2040-06-15": "Maharana Pratap Jayanti",
    "2040-08-15": "Independence Day",
    "2040-10-02": "Gandhi Jayanti",
    "2040-10-07": "Eid al-Fitr (estimated)",
    "2040-11-14": "Children's Day",
    "2040-12-14": "Eid al-Adha (estimated)",
    "2040-12-25": "Christmas",
    "2041-01-13": "Ashura (estimated)",
    "2041-01-26": "Republic Day",
    "2041-03-15": "Prophet's Birthday (estimated)",
    "2041-03-30": "Rajasthan Day",
    "2041-04-14": "Dr. B. R. Ambedkar's Jayanti; Palm Sunday",
    "2041-04-19": "Good Friday",
    "2041-04-21": "Easter Sunday",
    "2041-05-01": "Labor Day",
    "2041-06-15": "Maharana Pratap Jayanti",
    "2041-08-15": "Independence Day",
    "2041-09-26": "Eid al-Fitr (estimated)",
    "2041-10-02": "Gandhi Jayanti",
    "2041-11-14": "Children's Day",
    "2041-12-04": "Eid al-Adha (estimated)",
    "2041-12-25": "Christmas",
    "2042-01-02": "Ashura (estimated)",
    "2042-01-26": "Republic Day",
    "2042-03-04": "Prophet's Birthday (estimated)",
    "2042-03-30": "Palm Sunday; Rajasthan Day",
    "2042-04-04": "Good Friday",
    "2042-04-06": "Easter Sunday",
    "2042-04-14": "Dr. B. R. Ambedkar's Jayanti",
    "2042-05-01": "Labor Day",
    "2042-06-15": "Maharana Pratap Jayanti",
    "2042-08-15": "Independence Day",
    "2042-09-15": "Eid al-Fitr (estimated)",
    "2042-10-02": "Gandhi Jayanti",
    "2042-11-14": "Children's Day",
    "2042-11-23": "Eid al-Adha (estimated)",
    "2042-12-23": "Ashura (estimated)",
    "2042-12-25": "Christmas",
    "2043-01-26": "Republic Day",
    "2043-02-22": "Prophet's Birthday (estimated)",
    "2043-03-22": "Palm Sunday",
    "2043-03-27": "Good Friday",
    "2043-03-29": "Easter Sunday",
    "2043-03-30": "Rajasthan Day",
    "2043-04-14": "Dr. B. R. Ambedkar's Jayanti",
    "2043-05-01": "Labor Day",
    "2043-06-15": "Maharana Pratap Jayanti",
    "2043-08-15": "Independence Day",
    "2043-09-04": "Eid al-Fitr (estimated)",
    "2043-10-02": "Gandhi Jayanti",
    "2043-11-12": "Eid al-Adha (estimated)",
    "2043-11-14": "Children's Day",
    "2043-12-12": "Ashura (estimated)",
    "2043-12-25": "Christmas",
    "2044-01-26": "Republic Day",
    "2044-02-11": "Prophet's Birthday (estimated)",
    "2044-03-30": "Rajasthan Day",
    "2044-04-10": "Palm Sunday",
    "2044-04-14": "Dr. B. R. Ambedkar's Jayanti",
    "2044-04-15": "Good Friday",
    "2044-04-17": "Easter Sunday",
    "2044-05-01": "Labor Day",
    "2044-06-15": "Maharana Pratap Jayanti",
    "2044-08-15": "Independence Day",
    "2044-08-24": "Eid al-Fitr (estimated)",
    "2044-10-02": "Gandhi Jayanti",
    "2044-10-31": "Eid al-Adha (estimated)",
    "2044-11-14": "Children's Day",
    "2044-11-30": "Ashura (estimated)",
    "2044-12-25": "Christmas",
    "2045-01-26": "Republic Day",
    "2045-01-30": "Prophet's Birthday (estimated)",
    "2045-03-30": "Rajasthan Day",
    "2045-04-02": "Palm Sunday",
    "2045-04-07": "Good Friday",
    "2045-04-09": "Easter Sunday",
    "2045-04-14": "Dr. B. R. Ambedkar's Jayanti",
    "2045-05-01": "Labor Day",
    "2045-06-15": "Maharana Pratap Jayanti",
    "2045-08-14": "Eid al-Fitr (estimated)",
    "2045-08-15": "Independence Day",
    "2045-10-02": "Gandhi Jayanti",
    "2045-10-21": "Eid al-Adha (estimated)",
    "2045-11-14": "Children's Day",
    "2045-11-19": "Ashura (estimated)",
    "2045-12-25": "Christmas",
    "2046-01-19": "Prophet's Birthday (estimated)",
    "2046-01-26": "Republic Day",
    "2046-03-18": "Palm Sunday",
    "2046-03-23": "Good Friday",
    "2046-03-25": "Easter Sunday",
    "2046-03-30": "Rajasthan Day",
    "2046-04-14": "Dr. B. R. Ambedkar's Jayanti",
    "2046-05-01": "Labor Day",
    "2046-06-15": "Maharana Pratap Jayanti",
    "2046-08-03": "Eid al-Fitr (estimated)",
    "2046-08-15": "Independence Day",
    "2046-10-02": "Gandhi Jayanti",
    "2046-10-10": "Eid al-Adha (estimated)",
    "2046-11-09": "Ashura (estimated)",
    "2046-11-14": "Children's Day",
    "2046-12-25": "Christmas",
    "2047-01-08": "Prophet's Birthday (estimated)",
    "2047-01-26": "Republic Day",
    "2047-03-30": "Rajasthan Day",
    "2047-04-07": "Palm Sunday",
    "2047-04-12": "Good Friday",
    "2047-04-14": "Dr. B. R. Ambedkar's Jayanti; Easter Sunday",
    "2047-05-01": "Labor Day",
    "2047-06-15": "Maharana Pratap Jayanti",
    "2047-07-24": "Eid al-Fitr (estimated)",
    "2047-08-15": "Independence Day",
    "2047-09-30": "Eid al-Adha (estimated)",
    "2047-10-02": "Gandhi Jayanti",
    "2047-10-29": "Ashura (estimated)",
    "2047-11-14": "Children's Day",
    "2047-12-25": "Christmas",
    "2047-12-29": "Prophet's Birthday (estimated)",
    "2048-01-26": "Republic Day",
    "2048-03-29": "Palm Sunday",
    "2048-03-30": "Rajasthan Day",
    "2048-04-03": "Good Friday",
    "2048-04-05": "Easter Sunday",
    "2048-04-14": "Dr. B. R. Ambedkar's Jayanti",
    "2048-05-01": "Labor Day",
    "2048-06-15": "Maharana Pratap Jayanti",
    "2048-07-12": "Eid al-Fitr (estimated)",
    "2048-08-15": "Independence Day",
    "2048-09-19": "Eid al-Adha (estimated)",
    "2048-10-02": "Gandhi Jayanti",
    "2048-10-18": "Ashura (estimated)",
    "2048-11-14": "Children's Day",
    "2048-12-18": "Prophet's Birthday (estimated)",
    "2048-12-25": "Christmas",
    "2049-01-26": "Republic Day",
    "2049-03-30": "Rajasthan Day",
    "2049-04-11": "Palm Sunday",
    "2049-04-14": "Dr. B. R. Ambedkar's Jayanti",
    "2049-04-16": "Good Friday",
    "2049-04-18": "Easter Sunday",
    "2049-05-01": "Labor Day",
    "2049-06-15": "Maharana Pratap Jayanti",
    "2049-07-01": "Eid al-Fitr (estimated)",
    "2049-08-15": "Independence Day",
    "2049-09-08": "Eid al-Adha (estimated)",
    "2049-10-02": "Gandhi Jayanti",
    "2049-10-07": "Ashura (estimated)",
    "2049-11-14": "Children's Day",
    "2049-12-07": "Prophet's Birthday (estimated)",
    "2049-12-25": "Christmas",
    "2050-01-26": "Republic Day",
    "2050-03-30": "Rajasthan Day",
    "2050-04-03": "Palm Sunday",
    "2050-04-08": "Good Friday",
    "2050-04-10": "Easter Sunday",
    "2050-04-14": "Dr. B. R. Ambedkar's Jayanti",
    "2050-05-01": "Labor Day",
    "2050-06-15": "Maharana Pratap Jayanti",
    "2050-06-20": "Eid al-Fitr (estimated)",
    "2050-08-15": "Independence Day",
    "2050-08-28": "Eid al-Adha (estimated)",
    "2050-09-26": "Ashura (estimated)",
    "2050-10-02": "Gandhi Jayanti",
    "2050-11-14": "Children's Day",
    "2050-11-26": "Prophet's Birthday (estimated)",
    "2050-12-25": "Christmas"
}
