{
    "1950-01-01": "Mawlid (estimated)",
    "1950-01-14": "Makar Sankranti / Pongal",
    "1950-01-26": "Republic Day",
    "1950-04-02": "Palm Sunday",
    "1950-04-07": "Good Friday",
    "1950-04-09": "Easter Sunday",
    "1950-04-14": "Dr. B. R. Ambedkar's Jayanti; Puthandu (Tamil New Year)",
    "1950-04-15": "Puthandu (Tamil New Year)",
    "1950-05-01": "Labour Day",
    "1950-05-28": "Feast of Pentecost",
    "1950-07-16": "Eid ul-Fitr (estimated)",
    "1950-07-17": "Eid ul-Fitr (estimated)",
    "1950-08-15": "Independence Day",
    "1950-09-23": "Eid al-Adha (estimated)",
    "1950-09-24": "Eid al-Adha (estimated)",
    "1950-10-02": "Gandhi Jayanti",
    "1950-10-22": "Day of Ashura (estimated)",
    "1950-12-22": "Mawlid (estimated)",
    "1950-12-25": "Christmas Day",
    "1951-01-14": "Makar Sankranti / Pongal",
    "1951-01-26": "Republic Day",
    "1951-03-18": "Palm Sunday",
    "1951-03-23": "Good Friday",
    "1951-03-25": "Easter Sunday",
    "1951-04-14": "Dr. B. R. Ambedkar's Jayanti; Puthandu (Tamil New Year)",
    "1951-04-15": "Puthandu (Tamil New Year)",
    "1951-05-01": "Labour Day",
    "1951-05-13": "Feast of Pentecost",
    "1951-07-06": "Eid ul-Fitr (estimated)",
    "1951-07-07": "Eid ul-Fitr (estimated)",
    "1951-08-15": "Independence Day",
    "1951-09-12": "Eid al-Adha (estimated)",
    "1951-09-13": "Eid al-Adha (estimated)",
    "1951-10-02": "Gandhi Jayanti",
    "1951-10-11": "Day of Ashura (estimated)",
    "1951-12-11": "Mawlid (estimated)",
    "1951-12-25": "Christmas Day",
    "1952-01-14": "Makar Sankranti / Pongal",
    "1952-01-26": "Republic Day",
    "1952-04-06": "Palm Sunday",
    "1952-04-11": "Good Friday",
    "1952-04-13": "Easter Sunday",
    "1952-04-14": "Dr. B. R. Ambedkar's Jayanti; Puthandu (Tamil New Year)",
    "1952-04-15": "Puthandu (Tamil New Year)",
    "1952-05-01": "Labour Day",
    "1952-06-01": "Feast of Pentecost",
    "1952-06-23": "Eid ul-Fitr (estimated)",
    "1952-06-24": "Eid ul-Fitr (estimated)",
    "1952-08-15": "Independence Day",
    "1952-08-31": "Eid al-Adha (estimated)",
    "1952-09-01": "Eid al-Adha (estimated)",
    "1952-09-30": "Day of Ashura (estimated)",
    "1952-10-02": "Gandhi Jayanti",
    "1952-11-30": "Mawlid (estimated)",
    "1952-12-25": "Christmas Day",
    "1953-01-14": "Makar Sankranti / Pongal",
    "1953-01-26": "Republic Day",
    "1953-03-29": "Palm Sunday",
    "1953-04-03": "Good Friday",
    "1953-04-05": "Easter Sunday",
    "1953-04-14": "Dr. B. R. Ambedkar's Jayanti; Puthandu (Tamil New Year)",
    "1953-04-15": "Puthandu (Tamil New Year)",
    "1953-05-01": "Labour Day",
    "1953-05-24": "Feast of Pentecost",
    "1953-06-13": "Eid ul-Fitr (estimated)",
    "1953-06-14": "Eid ul-Fitr (estimated)",
    "1953-08-15": "Independence Day",
    "1953-08-20": "Eid al-Adha (estimated)",
    "1953-08-21": "Eid al-Adha (estimated)",
    "1953-09-19": "Day of Ashura (estimated)",
    "1953-10-02": "Gandhi Jayanti",
    "1953-11-19": "Mawlid (estimated)",
    "1953-12-25": "Christmas Day",
    "1954-01-14": "Makar Sankranti / Pongal",
    "1954-01-26": "Republic Day",
    "1954-04-11": "Palm Sunday",
    "1954-04-14": "Dr. B. R. Ambedkar's Jayanti; Puthandu (Tamil New Year)",
    "1954-04-15": "Puthandu (Tamil New Year)",
    "1954-04-16": "Good Friday",
    "1954-04-18": "Easter Sunday",
    "1954-05-01": "Labour Day",
    "1954-06-02": "Eid ul-Fitr (estimated)",
    "1954-06-03": "Eid ul-Fitr (estimated)",
    "1954-06-06": "Feast of Pentecost",
    "1954-08-09": "Eid al-Adha (estimated)",
    "1954-08-10": "Eid al-Adha (estimated)",
    "1954-08-15": "Independence Day",
    "1954-09-08": "Day of Ashura (estimated)",
    "1954-10-02": "Gandhi Jayanti",
    "1954-11-08": "Mawlid (estimated)",
    "1954-12-25": "Christmas Day",
    "1955-01-14": "Makar Sankranti / Pongal",
    "1955-01-26": "Republic Day",
    "1955-04-03": "Palm Sunday",
    "1955-04-08": "Good Friday",
    "1955-04-10": "Easter Sunday",
    "1955-04-14": "Dr. B. R. Ambedkar's Jayanti; Puthandu (Tamil New Year)",
    "1955-04-15": "Puthandu (Tamil New Year)",
    "1955-05-01": "Labour Day",
    "1955-05-23": "Eid ul-Fitr (estimated)",
    "1955-05-24": "Eid ul-Fitr (estimated)",
    "1955-05-29": "Feast of Pentecost",
    "1955-07-30": "Eid al-Adha (estimated)",
    "1955-07-31": "Eid al-Adha (estimated)",
    "1955-08-15": "Independence Day",
    "1955-08-29": "Day of Ashura (estimated)",
    "1955-10-02": "Gandhi Jayanti",
    "1955-10-29": "Mawlid (estimated)",
    "1955-12-25": "Christmas Day",
    "1956-01-14": "Makar Sankranti / Pongal",
    "1956-01-26": "Republic Day",
    "1956-03-25": "Palm Sunday",
    "1956-03-30": "Good Friday",
    "1956-04-01": "Easter Sunday",
    "1956-04-14": "Dr. B. R. Ambedkar's Jayanti; Puthandu (Tamil New Year)",
    "1956-04-15": "Puthandu (Tamil New Year)",
    "1956-05-01": "Labour Day",
    "1956-05-11": "Eid ul-Fitr (estimated)",
    "1956-05-12": "Eid ul-Fitr (estimated)",
    "1956-05-20": "Feast of Pentecost",
    "1956-07-19": "Eid al-Adha (estimated)",
    "1956-07-20": "Eid al-Adha (estimated)",
    "1956-08-15": "Independence Day",
    "1956-08-17": "Day of Ashura (estimated)",
    "1956-10-02": "Gandhi Jayanti",
    "1956-10-17": "Mawlid (estimated)",
    "1956-12-25": "Christmas Day",
    "1957-01-14": "Makar Sankranti / Pongal",
    "1957-01-26": "Republic Day",
    "1957-04-14": "Dr. B. R. Ambedkar's Jayanti; Palm Sunday; Puthandu (Tamil New Year)",
    "1957-04-15": "Puthandu (Tamil New Year)",
    "1957-04-19": "Good Friday",
    "1957-04-21": "Easter Sunday",
    "1957-05-01": "Eid ul-Fitr (estimated); Labour Day",
    "1957-05-02": "Eid ul-Fitr (estimated)",
    "1957-06-09": "Feast of Pentecost",
    "1957-07-08": "Eid al-Adha (estimated)",
    "1957-07-09": "Eid al-Adha (estimated)",
    "1957-08-06": "Day of Ashura (estimated)",
    "1957-08-15": "Independence Day",
    "1957-10-02": "Gandhi Jayanti",
    "1957-10-06": "Mawlid (estimated)",
    "1957-12-25": "Christmas Day",
    "1958-01-14": "Makar Sankranti / Pongal",
    "1958-01-26": "Republic Day",
    "1958-03-30": "Palm Sunday",
    "1958-04-04": "Good Friday",
    "1958-04-06": "Easter Sunday",
    "1958-04-14": "Dr. B. R. Ambedkar's Jayanti; Puthandu (Tamil New Year)",
    "1958-04-15": "Puthandu (Tamil New Year)",
    "1958-04-20": "Eid ul-Fitr (estimated)",
    "1958-04-21": "Eid ul-Fitr (estimated)",
    "1958-05-01": "Labour Day",
    "1958-05-25": "Feast of Pentecost",
    "1958-06-27": "Eid al-Adha (estimated)",
    "1958-06-28": "Eid al-Adha (estimated)",
    "1958-07-27": "Day of Ashura (estimated)",
    "1958-08-15": "Independence Day",
    "1958-09-26": "Mawlid (estimated)",
    "1958-10-02": "Gandhi Jayanti",
    "1958-12-25": "Christmas Day",
    "1959-01-14": "Makar Sankranti / Pongal",
    "1959-01-26": "Republic Day",
    "1959-03-22": "Palm Sunday",
    "1959-03-27": "Good Friday",
    "1959-03-29": "Easter Sunday",
    "1959-04-10": "Eid ul-Fitr (estimated)",
    "1959-04-11": "Eid ul-Fitr (estimated)",
    "1959-04-14": "Dr. B. R. Ambedkar's Jayanti; Puthandu (Tamil New Year)",
    "1959-04-15": "Puthandu (Tamil New Year)",
    "1959-05-01": "Labour Day",
    "1959-05-17": "Feast of Pentecost",
    "1959-06-17": "Eid al-Adha (estimated)",
    "1959-06-18": "Eid al-Adha (estimated)",
    "1959-07-16": "Day of Ashura (estimated)",
    "1959-08-15": "Independence Day",
    "1959-09-15": "Mawlid (estimated)",
    "1959-10-02": "Gandhi Jayanti",
    "1959-12-25": "Christmas Day",
    "1960-01-14": "Makar Sankranti / Pongal",
    "1960-01-26": "Republic Day",
    "1960-03-28": "Eid ul-Fitr (estimated)",
    "1960-03-29": "Eid ul-Fitr (estimated)",
    "1960-04-10": "Palm Sunday",
    "1960-04-14": "Dr. B. R. Ambedkar's Jayanti; Puthandu (Tamil New Year)",
    "1960-04-15": "Good Friday; Puthandu (Tamil New Year)",
    "1960-04-17": "Easter Sunday",
    "1960-05-01": "Labour Day",
    "1960-06-04": "Eid al-Adha (estimated)",
    "1960-06-05": "Eid al-Adha (estimated); Feast of Pentecost",
    "1960-07-04": "Day of Ashura (estimated)",
    "1960-08-15": "Independence Day",
    "1960-09-03": "Mawlid (estimated)",
    "1960-10-02": "Gandhi Jayanti",
    "1960-12-25": "Christmas Day",
    "1961-01-14": "Makar Sankranti / Pongal",
    "1961-01-26": "Republic Day",
    "1961-03-18": "Eid ul-Fitr (estimated)",
    "1961-03-19": "Eid ul-Fitr (estimated)",
    "1961-03-26": "Palm Sunday",
    "1961-03-31": "Good Friday",
    "1961-04-02": "Easter Sunday",
    "1961-04-14": "Dr. B. R. Ambedkar's Jayanti; Puthandu (Tamil New Year)",
    "1961-04-15": "Puthandu (Tamil New Year)",
    "1961-05-01": "Labour Day",
    "1961-05-21": "Feast of Pentecost",
    "1961-05-25": "Eid al-Adha (estimated)",
    "1961-05-26": "Eid al-Adha (estimated)",
    "1961-06-23": "Day of Ashura (estimated)",
    "1961-08-15": "Independence Day",
    "1961-08-23": "Mawlid (estimated)",
    "1961-10-02": "Gandhi Jayanti",
    "1961-12-25": "Christmas Day",
    "1962-01-14": "Makar Sankranti / Pongal",
    "1962-01-26": "Republic Day",
    "1962-03-07": "Eid ul-Fitr (estimated)",
    "1962-03-08": "Eid ul-Fitr (estimated)",
    "1962-04-14": "Dr. B. R. Ambedkar's Jayanti; Puthandu (Tamil New Year)",
    "1962-04-15": "Palm Sunday; Puthandu (Tamil New Year)",
    "1962-04-20": "Good Friday",
    "1962-04-22": "Easter Sunday",
    "1962-05-01": "Labour Day",
    "1962-05-14": "Eid al-Adha (estimated)",
    "1962-05-15": "Eid al-Adha (estimated)",
    "1962-06-10": "Feast of Pentecost",
    "1962-06-12": "Day of Ashura (estimated)",
    "1962-08-12": "Mawlid (estimated)",
    "1962-08-15": "Independence Day",
    "1962-10-02": "Gandhi Jayanti",
    "1962-12-25": "Christmas Day",
    "1963-01-14": "Makar Sankranti / Pongal",
    "1963-01-26": "Republic Day",
    "1963-02-24": "Eid ul-Fitr (estimated)",
    "1963-02-25": "Eid ul-Fitr (estimated)",
    "1963-04-07": "Palm Sunday",
    "1963-04-12": "Good Friday",
    "1963-04-14": "Dr. B. R. Ambedkar's Jayanti; Easter Sunday; Puthandu (Tamil New Year)",
    "1963-04-15": "Puthandu (Tamil New Year)",
    "1963-05-01": "Labour Day",
    "1963-05-03": "Eid al-Adha (estimated)",
    "1963-05-04": "Eid al-Adha (estimated)",
    "1963-06-02": "Day of Ashura (estimated); Feast of Pentecost",
    "1963-08-02": "Mawlid (estimated)",
    "1963-08-15": "Independence Day",
    "1963-10-02": "Gandhi Jayanti",
    "1963-12-25": "Christmas Day",
    "1964-01-14": "Makar Sankranti / Pongal",
    "1964-01-26": "Republic Day",
    "1964-02-14": "Eid ul-Fitr (estimated)",
    "1964-02-15": "Eid ul-Fitr (estimated)",
    "1964-03-22": "Palm Sunday",
    "1964-03-27": "Good Friday",
    "1964-03-29": "Easter Sunday",
    "1964-04-14": "Dr. B. R. Ambedkar's Jayanti; Puthandu (Tamil New Year)",
    "1964-04-15": "Puthandu (Tamil New Year)",
    "1964-04-22": "Eid al-Adha (estimated)",
    "1964-04-23": "Eid al-Adha (estimated)",
    "1964-05-01": "Labour Day",
    "1964-05-17": "Feast of Pentecost",
    "1964-05-21": "Day of Ashura (estimated)",
    "1964-07-21": "Mawlid (estimated)",
    "1964-08-15": "Independence Day",
    "1964-10-02": "Gandhi Jayanti",
    "1964-12-25": "Christmas Day",
    "1965-01-14": "Makar Sankranti / Pongal",
    "1965-01-26": "Republic Day",
    "1965-02-02": "Eid ul-Fitr (estimated)",
    "1965-02-03": "Eid ul-Fitr (estimated)",
    "1965-04-11": "Eid al-Adha (estimated); Palm Sunday",
    "1965-04-12": "Eid al-Adha (estimated)",
    "1965-04-14": "Dr. B. R. Ambedkar's Jayanti; Puthandu (Tamil New Year)",
    "1965-04-15": "Puthandu (Tamil New Year)",
    "1965-04-16": "Good Friday",
    "1965-04-18": "Easter Sunday",
    "1965-05-01": "Labour Day",
    "1965-05-10": "Day of Ashura (estimated)",
    "1965-06-06": "Feast of Pentecost",
    "1965-07-10": "Mawlid (estimated)",
    "1965-08-15": "Independence Day",
    "1965-10-02": "Gandhi Jayanti",
    "1965-12-25": "Christmas Day",
    "1966-01-14": "Makar Sankranti / Pongal",
    "1966-01-22": "Eid ul-Fitr (estimated)",
    "1966-01-23": "Eid ul-Fitr (estimated)",
    "1966-01-26": "Republic Day",
    "1966-04-01": "Eid al-Adha (estimated)",
    "1966-04-02": "Eid al-Adha (estimated)",
    "1966-04-03": "Palm Sunday",
    "1966-04-08": "Good Friday",
    "1966-04-10": "Easter Sunday",
    "1966-04-14": "Dr. B. R. Ambedkar's Jayanti; Puthandu (Tamil New Year)",
    "1966-04-15": "Puthandu (Tamil New Year)",
    "1966-04-30": "Day of Ashura (estimated)",
    "1966-05-01": "Labour Day",
    "1966-05-29": "Feast of Pentecost",
    "1966-07-01": "Mawlid (estimated)",
    "1966-08-15": "Independence Day",
    "1966-10-02": "Gandhi Jayanti",
    "1966-12-25": "Christmas Day",
    "1967-01-12": "Eid ul-Fitr (estimated)",
    "1967-01-13": "Eid ul-Fitr (estimated)",
    "1967-01-14": "Makar Sankranti / Pongal",
    "1967-01-26": "Republic Day",
    "1967-03-19": "Palm Sunday",
    "1967-03-21": "Eid al-Adha (estimated)",
    "1967-03-22": "Eid al-Adha (estimated)",
    "1967-03-24": "Good Friday",
    "1967-03-26": "Easter Sunday",
    "1967-04-14": "Dr. B. R. Ambedkar's Jayanti; Puthandu (Tamil New Year)",
    "1967-04-15": "Puthandu (Tamil New Year)",
    "1967-04-20": "Day of Ashura (estimated)",
    "1967-05-01": "Labour Day",
    "1967-05-14": "Feast of Pentecost",
    "1967-06-19": "Mawlid (estimated)",
    "1967-08-15": "Independence Day",
    "1967-10-02": "Gandhi Jayanti",
    "1967-12-25": "Christmas Day",
    "1968-01-01": "Eid ul-Fitr (estimated)",
    "1968-01-02": "Eid ul-Fitr (estimated)",
    "1968-01-14": "Makar Sankranti / Pongal",
    "1968-01-26": "Republic Day",
    "1968-03-09": "Eid al-Adha (estimated)",
    "1968-03-10": "Eid al-Adha (estimated)",
    "1968-04-07": "Palm Sunday",
    "1968-04-08": "Day of Ashura (estimated)",
    "1968-04-12": "Good Friday",
    "1968-04-14": "Dr. B. R. Ambedkar's Jayanti; Easter Sunday; Puthandu (Tamil New Year)",
    "1968-04-15": "Puthandu (Tamil New Year)",
    "1968-05-01": "Labour Day",
    "1968-06-02": "Feast of Pentecost",
    "1968-06-08": "Mawlid (estimated)",
    "1968-08-15": "Independence Day",
    "1968-10-02": "Gandhi Jayanti",
    "1968-12-21": "Eid ul-Fitr (estimated)",
    "1968-12-22": "Eid ul-Fitr (estimated)",
    "1968-12-25": "Christmas Day",
    "1969-01-14": "Makar Sankranti / Pongal",
    "1969-01-26": "Republic Day",
    "1969-02-27": "Eid al-Adha (estimated)",
    "1969-02-28": "Eid al-Adha (estimated)",
    "1969-03-28": "Day of Ashura (estimated)",
    "1969-03-30": "Palm Sunday",
    "1969-04-04": "Good Friday",
    "1969-04-06": "Easter Sunday",
    "1969-04-14": "Dr. B. R. Ambedkar's Jayanti; Puthandu (Tamil New Year)",
    "1969-04-15": "Puthandu (Tamil New Year)",
    "1969-05-01": "Labour Day",
    "1969-05-25": "Feast of Pentecost",
    "1969-05-28": "Mawlid (estimated)",
    "1969-08-15": "Independence Day",
    "1969-10-02": "Gandhi Jayanti",
    "1969-12-10": "Eid ul-Fitr (estimated)",
    "1969-12-11": "Eid ul-Fitr (estimated)",
    "1969-12-25": "Christmas Day",
    "1970-01-14": "Makar Sankranti / Pongal",
    "1970-01-26": "Republic Day",
    "1970-02-16": "Eid al-Adha (estimated)",
    "1970-02-17": "Eid al-Adha (estimated)",
    "1970-03-18": "Day of Ashura (estimated)",
    "1970-03-22": "Palm Sunday",
    "1970-03-27": "Good Friday",
    "1970-03-29": "Easter Sunday",
    "1970-04-14": "Dr. B. R. Ambedkar's Jayanti; Puthandu (Tamil New Year)",
    "1970-04-15": "Puthandu (Tamil New Year)",
    "1970-05-01": "Labour Day",
    "1970-05-17": "Feast of Pentecost",
    "1970-05-18": "Mawlid (estimated)",
    "1970-08-15": "Independence Day",
    "1970-10-02": "Gandhi Jayanti",
    "1970-11-30": "Eid ul-Fitr (estimated)",
    "1970-12-01": "Eid ul-Fitr (estimated)",
    "1970-12-25": "Christmas Day",
    "1971-01-14": "Makar Sankranti / Pongal",
    "1971-01-26": "Republic Day",
    "1971-02-06": "Eid al-Adha (estimated)",
    "1971-02-07": "Eid al-Adha (estimated)",
    "1971-03-07": "Day of Ashura (estimated)",
    "1971-04-04": "Palm Sunday",
    "1971-04-09": "Good Friday",
    "1971-04-11": "Easter Sunday",
    "1971-04-14": "Dr. B. R. Ambedkar's Jayanti; Puthandu (Tamil New Year)",
    "1971-04-15": "Puthandu (Tamil New Year)",
    "1971-05-01": "Labour Day",
    "1971-05-07": "Mawlid (estimated)",
    "1971-05-30": "Feast of Pentecost",
    "1971-08-15": "Independence Day",
    "1971-10-02": "Gandhi Jayanti",
    "1971-11-19": "Eid ul-Fitr (estimated)",
    "1971-11-20": "Eid ul-Fitr (estimated)",
    "1971-12-25": "Christmas Day",
    "1972-01-14": "Makar Sankranti / Pongal",
    "1972-01-26": "Eid al-Adha (estimated); Republic Day",
    "1972-01-27": "Eid al-Adha (estimated)",
    "1972-02-25": "Day of Ashura (estimated)",
    "1972-03-26": "Palm Sunday",
    "1972-03-31": "Good Friday",
    "1972-04-02": "Easter Sunday",
    "1972-04-14": "Dr. B. R. Ambedkar's Jayanti; Puthandu (Tamil New Year)",
    "1972-04-15": "Puthandu (Tamil New Year)",
    "1972-04-25": "Mawlid (estimated)",
    "1972-05-01": "Labour Day",
    "1972-05-21": "Feast of Pentecost",
    "1972-08-15": "Independence Day",
    "1972-10-02": "Gandhi Jayanti",
    "1972-11-07": "Eid ul-Fitr (estimated)",
    "1972-11-08": "Eid ul-Fitr (estimated)",
    "1972-12-25": "Christmas Day",
    "1973-01-14": "Eid al-Adha (estimated); Makar Sankranti / Pongal",
    "1973-01-15": "Eid al-Adha (estimated)",
    "1973-01-26": "Republic Day",
    "1973-02-13": "Day of Ashura (estimated)",
    "1973-04-14": "Dr. B. R. Ambedkar's Jayanti; Puthandu (Tamil New Year)",
    "1973-04-15": "Mawlid (estimated); Palm Sunday; Puthandu (Tamil New Year)",
    "1973-04-20": "Good Friday",
    "1973-04-22": "Easter Sunday",
    "1973-05-01": "Labour Day",
    "1973-06-10": "Feast of Pentecost",
    "1973-08-15": "Independence Day",
    "1973-10-02": "Gandhi Jayanti",
    "1973-10-27": "Eid ul-Fitr (estimated)",
    "1973-10-28": "Eid ul-Fitr (estimated)",
    "1973-12-25": "Christmas Day",
    "1974-01-03": "Eid al-Adha (estimated)",
    "1974-01-04": "Eid al-Adha (estimated)",
    "1974-01-14": "Makar Sankranti / Pongal",
    "1974-01-26": "Republic Day",
    "1974-02-02": "Day of Ashura (estimated)",
    "1974-04-04": "Mawlid (estimated)",
    "1974-04-07": "Palm Sunday",
    "1974-04-12": "Good Friday",
    "1974-04-14": "Dr. B. R. Ambedkar's Jayanti; Easter Sunday; Puthandu (Tamil New Year)",
    "1974-04-15": "Puthandu (Tamil New Year)",
    "1974-05-01": "Labour Day",
    "1974-06-02": "Feast of Pentecost",
    "1974-08-15": "Independence Day",
    "1974-10-02": "Gandhi Jayanti",
    "1974-10-16": "Eid ul-Fitr (estimated)",
    "1974-10-17": "Eid ul-Fitr (estimated)",
    "1974-12-24": "Eid al-Adha (estimated)",
    "1974-12-25": "Christmas Day; Eid al-Adha (estimated)",
    "1975-01-14": "Makar Sankranti / Pongal",
    "1975-01-22": "Day of Ashura (estimated)",
    "1975-01-26": "Republic Day",
    "1975-03-23": "Palm Sunday",
    "1975-03-24": "Mawlid (estimated)",
    "1975-03-28": "Good Friday",
    "1975-03-30": "Easter Sunday",
    "1975-04-14": "Dr. B. R. Ambedkar's Jayanti; Puthandu (Tamil New Year)",
    "1975-04-15": "Puthandu (Tamil New Year)",
    "1975-05-01": "Labour Day",
    "1975-05-18": "Feast of Pentecost",
    "1975-08-15": "Independence Day",
    "1975-10-02": "Gandhi Jayanti",
    "1975-10-06": "Eid ul-Fitr (estimated)",
    "1975-10-07": "Eid ul-Fitr (estimated)",
    "1975-12-13": "Eid al-Adha (estimated)",
    "1975-12-14": "Eid al-Adha (estimated)",
    "1975-12-25": "Christmas Day",
    "1976-01-11": "Day of Ashura (estimated)",
    "1976-01-14": "Makar Sankranti / Pongal",
    "1976-01-26": "Republic Day",
    "1976-03-12": "Mawlid (estimated)",
    "1976-04-11": "Palm Sunday",
    "1976-04-14": "Dr. B. R. Ambedkar's Jayanti; Puthandu (Tamil New Year)",
    "1976-04-15": "Puthandu (Tamil New Year)",
    "1976-04-16": "Good Friday",
    "1976-04-18": "Easter Sunday",
    "1976-05-01": "Labour Day",
    "1976-06-06": "Feast of Pentecost",
    "1976-08-15": "Independence Day",
    "1976-09-24": "Eid ul-Fitr (estimated)",
    "1976-09-25": "Eid ul-Fitr (estimated)",
    "1976-10-02": "Gandhi Jayanti",
    "1976-12-01": "Eid al-Adha (estimated)",
    "1976-12-02": "Eid al-Adha (estimated)",
    "1976-12-25": "Christmas Day",
    "1976-12-31": "Day of Ashura (estimated)",
    "1977-01-14": "Makar Sankranti / Pongal",
    "1977-01-26": "Republic Day",
    "1977-03-02": "Mawlid (estimated)",
    "1977-04-03": "Palm Sunday",
    "1977-04-08": "Good Friday",
    "1977-04-10": "Easter Sunday",
    "1977-04-14": "Dr. B. R. Ambedkar's Jayanti; Puthandu (Tamil New Year)",
    "1977-04-15": "Puthandu (Tamil New Year)",
    "1977-05-01": "Labour Day",
    "1977-05-29": "Feast of Pentecost",
    "1977-08-15": "Independence Day",
    "1977-09-14": "Eid ul-Fitr (estimated)",
    "1977-09-15": "Eid ul-Fitr (estimated)",
    "1977-10-02": "Gandhi Jayanti",
    "1977-11-21": "Eid al-Adha (estimated)",
    "1977-11-22": "Eid al-Adha (estimated)",
    "1977-12-20": "Day of Ashura (estimated)",
    "1977-12-25": "Christmas Day",
    "1978-01-14": "Makar Sankranti / Pongal",
    "1978-01-26": "Republic Day",
    "1978-02-19": "Mawlid (estimated)",
    "1978-03-19": "Palm Sunday",
    "1978-03-24": "Good Friday",
    "1978-03-26": "Easter Sunday",
    "1978-04-14": "Dr. B. R. Ambedkar's Jayanti; Puthandu (Tamil New Year)",
    "1978-04-15": "Puthandu (Tamil New Year)",
    "1978-05-01": "Labour Day",
    "1978-05-14": "Feast of Pentecost",
    "1978-08-15": "Independence Day",
    "1978-09-03": "Eid ul-Fitr (estimated)",
    "1978-09-04": "Eid ul-Fitr (estimated)",
    "1978-10-02": "Gandhi Jayanti",
    "1978-11-10": "Eid al-Adha (estimated)",
    "1978-11-11": "Eid al-Adha (estimated)",
    "1978-12-10": "Day of Ashura (estimated)",
    "1978-12-25": "Christmas Day",
    "1979-01-14": "Makar Sankranti / Pongal",
    "1979-01-26": "Republic Day",
    "1979-02-09": "Mawlid (estimated)",
    "1979-04-08": "Palm Sunday",
    "1979-04-13": "Good Friday",
    "1979-04-14": "Dr. B. R. Ambedkar's Jayanti; Puthandu (Tamil New Year)",
    "1979-04-15": "Easter Sunday; Puthandu (Tamil New Year)",
    "1979-05-01": "Labour Day",
    "1979-06-03": "Feast of Pentecost",
    "1979-08-15": "Independence Day",
    "1979-08-23": "Eid ul-Fitr (estimated)",
    "1979-08-24": "Eid ul-Fitr (estimated)",
    "1979-10-02": "Gandhi Jayanti",
    "1979-10-31": "Eid al-Adha (estimated)",
    "1979-11-01": "Eid al-Adha (estimated)",
    "1979-11-29": "Day of Ashura (estimated)",
    "1979-12-25": "Christmas Day",
    "1980-01-14": "Makar Sankranti / Pongal",
    "1980-01-26": "Republic Day",
    "1980-01-30": "Mawlid (estimated)",
    "1980-03-30": "Palm Sunday",
    "1980-04-04": "Good Friday",
    "1980-04-06": "Easter Sunday",
    "1980-04-14": "Dr. B. R. Ambedkar's Jayanti; Puthandu (Tamil New Year)",
    "1980-04-15": "Puthandu (Tamil New Year)",
    "1980-05-01": "Labour Day",
    "1980-05-25": "Feast of Pentecost",
    "1980-08-12": "Eid ul-Fitr (estimated)",
    "1980-08-13": "Eid ul-Fitr (estimated)",
    "1980-08-15": "Independence Day",
    "1980-10-02": "Gandhi Jayanti",
    "1980-10-19": "Eid al-Adha (estimated)",
    "1980-10-20": "Eid al-Adha (estimated)",
    "1980-11-18": "Day of Ashura (estimated)",
    "1980-12-25": "Christmas Day",
    "1981-01-14": "Makar Sankranti / Pongal",
    "1981-01-18": "Mawlid (estimated)",
    "1981-01-26": "Republic Day",
    "1981-04-12": "Palm Sunday",
    "1981-04-14": "Dr. B. R. Ambedkar's Jayanti; Puthandu (Tamil New Year)",
    "1981-04-15": "Puthandu (Tamil New Year)",
    "1981-04-17": "Good Friday",
    "1981-04-19": "Easter Sunday",
    "1981-05-01": "Labour Day",
    "1981-06-07": "Feast of Pentecost",
    "1981-08-01": "Eid ul-Fitr (estimated)",
    "1981-08-02": "Eid ul-Fitr (estimated)",
    "1981-08-15": "Independence Day",
    "1981-10-02": "Gandhi Jayanti",
    "1981-10-08": "Eid al-Adha (estimated)",
    "1981-10-09": "Eid al-Adha (estimated)",
    "1981-11-06": "Day of Ashura (estimated)",
    "1981-12-25": "Christmas Day",
    "1982-01-07": "Mawlid (estimated)",
    "1982-01-14": "Makar Sankranti / Pongal",
    "1982-01-26": "Republic Day",
    "1982-04-04": "Palm Sunday",
    "1982-04-09": "Good Friday",
    "1982-04-11": "Easter Sunday",
    "1982-04-14": "Dr. B. R. Ambedkar's Jayanti; Puthandu (Tamil New Year)",
    "1982-04-15": "Puthandu (Tamil New Year)",
    "1982-05-01": "Labour Day",
    "1982-05-30": "Feast of Pentecost",
    "1982-07-21": "Eid ul-Fitr (estimated)",
    "1982-07-22": "Eid ul-Fitr (estimated)",
    "1982-08-15": "Independence Day",
    "1982-09-27": "Eid al-Adha (estimated)",
    "1982-09-28": "Eid al-Adha (estimated)",
    "1982-10-02": "Gandhi Jayanti",
    "1982-10-27": "Day of Ashura (estimated)",
    "1982-12-25": "Christmas Day",
    "1982-12-27": "Mawlid (estimated)",
    "1983-01-14": "Makar Sankranti / Pongal",
    "1983-01-26": "Republic Day",
    "1983-03-27": "Palm Sunday",
    "1983-04-01": "Good Friday",
    "1983-04-03": "Easter Sunday",
    "1983-04-14": "Dr. B. R. Ambedkar's Jayanti; Puthandu (Tamil New Year)",
    "1983-04-15": "Puthandu (Tamil New Year)",
    "1983-05-01": "Labour Day",
    "1983-05-22": "Feast of Pentecost",
    "1983-07-11": "Eid ul-Fitr (estimated)",
    "1983-07-12": "Eid ul-Fitr (estimated)",
    "1983-08-15": "Independence Day",
    "1983-09-17": "Eid al-Adha (estimated)",
    "1983-09-18": "Eid al-Adha (estimated)",
    "1983-10-02": "Gandhi Jayanti",
    "1983-10-16": "Day of Ashura (estimated)",
    "1983-12-16": "Mawlid (estimated)",
    "1983-12-25": "Christmas Day",
    "1984-01-14": "Makar Sankranti / Pongal",
    "1984-01-26": "Republic Day",
    "1984-04-14": "Dr. B. R. Ambedkar's Jayanti; Puthandu (Tamil New Year)",
    "1984-04-15": "Palm Sunday; Puthandu (Tamil New Year)",
    "1984-04-20": "Good Friday",
    "1984-04-22": "Easter Sunday",
    "1984-05-01": "Labour Day",
    "1984-06-10": "Feast of Pentecost",
    "1984-06-30": "Eid ul-Fitr (estimated)",
    "1984-07-01": "Eid ul-Fitr (estimated)",
    "1984-08-15": "Independence Day",
    "1984-09-05": "Eid al-Adha (estimated)",
    "1984-09-06": "Eid al-Adha (estimated)",
    "1984-10-02": "Gandhi Jayanti",
    "1984-10-05": "Day of Ashura (estimated)",
    "1984-12-04": "Mawlid (estimated)",
    "1984-12-25": "Christmas Day",
    "1985-01-14": "Makar Sankranti / Pongal",
    "1985-01-26": "Republic Day",
    "1985-03-31": "Palm Sunday",
    "1985-04-05": "Good Friday",
    "1985-04-07": "Easter Sunday",
    "1985-04-14": "Dr. B. R. Ambedkar's Jayanti; Puthandu (Tamil New Year)",
    "1985-04-15": "Puthandu (Tamil New Year)",
    "1985-05-01": "Labour Day",
    "1985-05-26": "Feast of Pentecost",
    "1985-06-19": "Eid ul-Fitr (estimated)",
    "1985-06-20": "Eid ul-Fitr (estimated)",
    "1985-08-15": "Independence Day",
    "1985-08-26": "Eid al-Adha (estimated)",
    "1985-08-27": "Eid al-Adha (estimated)",
    "1985-09-24": "Day of Ashura (estimated)",
    "1985-10-02": "Gandhi Jayanti",
    "1985-11-24": "Mawlid (estimated)",
    "1985-12-25": "Christmas Day",
    "1986-01-14": "Makar Sankranti / Pongal",
    "1986-01-26": "Republic Day",
    "1986-03-23": "Palm Sunday",
    "1986-03-28": "Good Friday",
    "1986-03-30": "Easter Sunday",
    "1986-04-14": "Dr. B. R. Ambedkar's Jayanti; Puthandu (Tamil New Year)",
    "1986-04-15": "Puthandu (Tamil New Year)",
    "1986-05-01": "Labour Day",
    "1986-05-18": "Feast of Pentecost",
    "1986-06-08": "Eid ul-Fitr (estimated)",
    "1986-06-09": "Eid ul-Fitr (estimated)",
    "1986-08-15": "Eid al-Adha (estimated); Independence Day",
    "1986-08-16": "Eid al-Adha (estimated)",
    "1986-09-14": "Day of Ashura (estimated)",
    "1986-10-02": "Gandhi Jayanti",
    "1986-11-14": "Mawlid (estimated)",
    "1986-12-25": "Christmas Day",
    "1987-01-14": "Makar Sankranti / Pongal",
    "1987-01-26": "Republic Day",
    "1987-04-12": "Palm Sunday",
    "1987-04-14": "Dr. B. R. Ambedkar's Jayanti; Puthandu (Tamil New Year)",
    "1987-04-15": "Puthandu (Tamil New Year)",
    "1987-04-17": "Good Friday",
    "1987-04-19": "Easter Sunday",
    "1987-05-01": "Labour Day",
    "1987-05-28": "Eid ul-Fitr (estimated)",
    "1987-05-29": "Eid ul-Fitr (estimated)",
    "1987-06-07": "Feast of Pentecost",
    "1987-08-04": "Eid al-Adha (estimated)",
    "1987-08-05": "Eid al-Adha (estimated)",
    "1987-08-15": "Independence Day",
    "1987-09-03": "Day of Ashura (estimated)",
    "1987-10-02": "Gandhi Jayanti",
    "1987-11-03": "Mawlid (estimated)",
    "1987-12-25": "Christmas Day",
    "1988-01-14": "Makar Sankranti / Pongal",
    "1988-01-26": "Republic Day",
    "1988-03-27": "Palm Sunday",
    "1988-04-01": "Good Friday",
    "1988-04-03": "Easter Sunday",
    "1988-04-14": "Dr. B. R. Ambedkar's Jayanti; Puthandu (Tamil New Year)",
    "1988-04-15": "Puthandu (Tamil New Year)",
    "1988-05-01": "Labour Day",
    "1988-05-16": "Eid ul-Fitr (estimated)",
    "1988-05-17": "Eid ul-Fitr (estimated)",
    "1988-05-22": "Feast of Pentecost",
    "1988-07-23": "Eid al-Adha (estimated)",
    "1988-07-24": "Eid al-Adha (estimated)",
    "1988-08-15": "Independence Day",
    "1988-08-22": "Day of Ashura (estimated)",
    "1988-10-02": "Gandhi Jayanti",
    "1988-10-22": "Mawlid (estimated)",
    "1988-12-25": "Christmas Day",
    "1989-01-14": "Makar Sankranti / Pongal",
    "1989-01-26": "Republic Day",
    "1989-03-19": "Palm Sunday",
    "1989-03-24": "Good Friday",
    "1989-03-26": "Easter Sunday",
    "1989-04-14": "Dr. B. R. Ambedkar's Jayanti; Puthandu (Tamil New Year)",
    "1989-04-15": "Puthandu (Tamil New Year)",
    "1989-05-01": "Labour Day",
    "1989-05-06": "Eid ul-Fitr (estimated)",
    "1989-05-07": "Eid ul-Fitr (estimated)",
    "1989-05-14": "Feast of Pentecost",
    "1989-07-13": "Eid al-Adha (estimated)",
    "1989-07-14": "Eid al-Adha (estimated)",
    "1989-08-11": "Day of Ashura (estimated)",
    "1989-08-15": "Independence Day",
    "1989-10-02": "Gandhi Jayanti",
    "1989-10-11": "Mawlid (estimated)",
    "1989-12-25": "Christmas Day",
    "1990-01-14": "Makar Sankranti / Pongal",
    "1990-01-26": "Republic Day",
    "1990-04-08": "Palm Sunday",
    "1990-04-13": "Good Friday",
    "1990-04-14": "Dr. B. R. Ambedkar's Jayanti; Puthandu (Tamil New Year)",
    "1990-04-15": "Easter Sunday; Puthandu (Tamil New Year)",
    "1990-04-26": "Eid ul-Fitr (estimated)",
    "1990-04-27": "Eid ul-Fitr (estimated)",
    "1990-05-01": "Labour Day",
    "1990-06-03": "Feast of Pentecost",
    "1990-07-02": "Eid al-Adha (estimated)",
    "1990-07-03": "Eid al-Adha (estimated)",
    "1990-08-01": "Day of Ashura (estimated)",
    "1990-08-15": "Independence Day",
    "1990-10-01": "Mawlid (estimated)",
    "1990-10-02": "Gandhi Jayanti",
    "1990-12-25": "Christmas Day",
    "1991-01-14": "Makar Sankranti / Pongal",
    "1991-01-26": "Republic Day",
    "1991-03-24": "Palm Sunday",
    "1991-03-29": "Good Friday",
    "1991-03-31": "Easter Sunday",
    "1991-04-14": "Dr. B. R. Ambedkar's Jayanti; Puthandu (Tamil New Year)",
    "1991-04-15": "Eid ul-Fitr (estimated); Puthandu (Tamil New Year)",
    "1991-04-16": "Eid ul-Fitr (estimated)",
    "1991-05-01": "Labour Day",
    "1991-05-19": "Feast of Pentecost",
    "1991-06-22": "Eid al-Adha (estimated)",
    "1991-06-23": "Eid al-Adha (estimated)",
    "1991-07-21": "Day of Ashura (estimated)",
    "1991-08-15": "Independence Day",
    "1991-09-20": "Mawlid (estimated)",
    "1991-10-02": "Gandhi Jayanti",
    "1991-12-25": "Christmas Day",
    "1992-01-14": "Makar Sankranti / Pongal",
    "1992-01-26": "Republic Day",
    "1992-04-04": "Eid ul-Fitr (estimated)",
    "1992-04-05": "Eid ul-Fitr (estimated)",
    "1992-04-12": "Palm Sunday",
    "1992-04-14": "Dr. B. R. Ambedkar's Jayanti; Puthandu (Tamil New Year)",
    "1992-04-15": "Puthandu (Tamil New Year)",
    "1992-04-17": "Good Friday",
    "1992-04-19": "Easter Sunday",
    "1992-05-01": "Labour Day",
    "1992-06-07": "Feast of Pentecost",
    "1992-06-11": "Eid al-Adha (estimated)",
    "1992-06-12": "Eid al-Adha (estimated)",
    "1992-07-10": "Day of Ashura (estimated)",
    "1992-08-15": "Independence Day",
    "1992-09-09": "Mawlid (estimated)",
    "1992-10-02": "Gandhi Jayanti",
    "1992-12-25": "Christmas Day",
    "1993-01-14": "Makar Sankranti / Pongal",
    "1993-01-26": "Republic Day",
    "1993-03-24": "Eid ul-Fitr (estimated)",
    "1993-03-25": "Eid ul-Fitr (estimated)",
    "1993-04-04": "Palm Sunday",
    "1993-04-09": "Good Friday",
    "1993-04-11": "Easter Sunday",
    "1993-04-14": "Dr. B. R. Ambedkar's Jayanti; Puthandu (Tamil New Year)",
    "1993-04-15": "Puthandu (Tamil New Year)",
    "1993-05-01": "Labour Day",
    "1993-05-30": "Feast of Pentecost",
    "1993-05-31": "Eid al-Adha (estimated)",
    "1993-06-01": "Eid al-Adha (estimated)",
    "1993-06-30": "Day of Ashura (estimated)",
    "1993-08-15": "Independence Day",
    "1993-08-29": "Mawlid (estimated)",
    "1993-10-02": "Gandhi Jayanti",
    "1993-12-25": "Christmas Day",
    "1994-01-14": "Makar Sankranti / Pongal",
    "1994-01-26": "Republic Day",
    "1994-03-13": "Eid ul-Fitr (estimated)",
    "1994-03-14": "Eid ul-Fitr (estimated)",
    "1994-03-27": "Palm Sunday",
    "1994-04-01": "Good Friday",
    "1994-04-03": "Easter Sunday",
    "1994-04-14": "Dr. B. R. Ambedkar's Jayanti; Puthandu (Tamil New Year)",
    "1994-04-15": "Puthandu (Tamil New Year)",
    "1994-05-01": "Labour Day",
    "1994-05-20": "Eid al-Adha (estimated)",
    "1994-05-21": "Eid al-Adha (estimated)",
    "1994-05-22": "Feast of Pentecost",
    "1994-06-19": "Day of Ashura (estimated)",
    "1994-08-15": "Independence Day",
    "1994-08-19": "Mawlid (estimated)",
    "1994-10-02": "Gandhi Jayanti",
    "1994-12-25": "Christmas Day",
    "1995-01-14": "Makar Sankranti / Pongal",
    "1995-01-26": "Republic Day",
    "1995-03-02": "Eid ul-Fitr (estimated)",
    "1995-03-03": "Eid ul-Fitr (estimated)",
    "1995-04-09": "Palm Sunday",
    "1995-04-14": "Dr. B. R. Ambedkar's Jayanti; Good Friday; Puthandu (Tamil New Year)",
    "1995-04-15": "Puthandu (Tamil New Year)",
    "1995-04-16": "Easter Sunday",
    "1995-05-01": "Labour Day",
    "1995-05-09": "Eid al-Adha (estimated)",
    "1995-05-10": "Eid al-Adha (estimated)",
    "1995-06-04": "Feast of Pentecost",
    "1995-06-08": "Day of Ashura (estimated)",
    "1995-08-08": "Mawlid (estimated)",
    "1995-08-15": "Independence Day",
    "1995-10-02": "Gandhi Jayanti",
    "1995-12-25": "Christmas Day",
    "1996-01-14": "Makar Sankranti / Pongal",
    "1996-01-26": "Republic Day",
    "1996-02-19": "Eid ul-Fitr (estimated)",
    "1996-02-20": "Eid ul-Fitr (estimated)",
    "1996-03-31": "Palm Sunday",
    "1996-04-05": "Good Friday",
    "1996-04-07": "Easter Sunday",
    "1996-04-14": "Dr. B. R. Ambedkar's Jayanti; Puthandu (Tamil New Year)",
    "1996-04-15": "Puthandu (Tamil New Year)",
    "1996-04-27": "Eid al-Adha (estimated)",
    "1996-04-28": "Eid al-Adha (estimated)",
    "1996-05-01": "Labour Day",
    "1996-05-26": "Feast of Pentecost",
    "1996-05-27": "Day of Ashura (estimated)",
    "1996-07-27": "Mawlid (estimated)",
    "1996-08-15": "Independence Day",
    "1996-10-02": "Gandhi Jayanti",
    "1996-12-25": "Christmas Day",
    "1997-01-14": "Makar Sankranti / Pongal",
    "1997-01-26": "Republic Day",
    "1997-02-08": "Eid ul-Fitr (estimated)",
    "1997-02-09": "Eid ul-Fitr (estimated)",
    "1997-03-23": "Palm Sunday",
    "1997-03-28": "Good Friday",
    "1997-03-30": "Easter Sunday",
    "1997-04-14": "Dr. B. R. Ambedkar's Jayanti; Puthandu (Tamil New Year)",
    "1997-04-15": "Puthandu (Tamil New Year)",
    "1997-04-17": "Eid al-Adha (estimated)",
    "1997-04-18": "Eid al-Adha (estimated)",
    "1997-05-01": "Labour Day",
    "1997-05-16": "Day of Ashura (estimated)",
    "1997-05-18": "Feast of Pentecost",
    "1997-07-16": "Mawlid (estimated)",
    "1997-08-15": "Independence Day",
    "1997-10-02": "Gandhi Jayanti",
    "1997-12-25": "Christmas Day",
    "1998-01-14": "Makar Sankranti / Pongal",
    "1998-01-26": "Republic Day",
    "1998-01-29": "Eid ul-Fitr (estimated)",
    "1998-01-30": "Eid ul-Fitr (estimated)",
    "1998-04-05": "Palm Sunday",
    "1998-04-07": "Eid al-Adha (estimated)",
    "1998-04-08": "Eid al-Adha (estimated)",
    "1998-04-10": "Good Friday",
    "1998-04-12": "Easter Sunday",
    "1998-04-14": "Dr. B. R. Ambedkar's Jayanti; Puthandu (Tamil New Year)",
    "1998-04-15": "Puthandu (Tamil New Year)",
    "1998-05-01": "Labour Day",
    "1998-05-06": "Day of Ashura (estimated)",
    "1998-05-31": "Feast of Pentecost",
    "1998-07-06": "Mawlid (estimated)",
    "1998-08-15": "Independence Day",
    "1998-10-02": "Gandhi Jayanti",
    "1998-12-25": "Christmas Day",
    "1999-01-14": "Makar Sankranti / Pongal",
    "1999-01-18": "Eid ul-Fitr (estimated)",
    "1999-01-19": "Eid ul-Fitr (estimated)",
    "1999-01-26": "Republic Day",
    "1999-03-27": "Eid al-Adha (estimated)",
    "1999-03-28": "Eid al-Adha (estimated); Palm Sunday",
    "1999-04-02": "Good Friday",
    "1999-04-04": "Easter Sunday",
    "1999-04-14": "Dr. B. R. Ambedkar's Jayanti; Puthandu (Tamil New Year)",
    "1999-04-15": "Puthandu (Tamil New Year)",
    "1999-04-26": "Day of Ashura (estimated)",
    "1999-05-01": "Labour Day",
    "1999-05-23": "Feast of Pentecost",
    "1999-06-26": "Mawlid (estimated)",
    "1999-08-15": "Independence Day",
    "1999-10-02": "Gandhi Jayanti",
    "1999-12-25": "Christmas Day",
    "2000-01-08": "Eid ul-Fitr (estimated)",
    "2000-01-09": "Eid ul-Fitr (estimated)",
    "2000-01-14": "Makar Sankranti / Pongal",
    "2000-01-26": "Republic Day",
    "2000-03-16": "Eid al-Adha (estimated)",
    "2000-03-17": "Eid al-Adha (estimated)",
    "2000-04-14": "Dr. B. R. Ambedkar's Jayanti; Puthandu (Tamil New Year)",
    "2000-04-15": "Day of Ashura (estimated); Puthandu (Tamil New Year)",
    "2000-04-16": "Palm Sunday",
    "2000-04-21": "Good Friday",
    "2000-04-23": "Easter Sunday",
    "2000-05-01": "Labour Day",
    "2000-06-11": "Feast of Pentecost",
    "2000-06-14": "Mawlid (estimated)",
    "2000-08-15": "Independence Day",
    "2000-10-02": "Gandhi Jayanti",
    "2000-12-25": "Christmas Day",
    "2000-12-27": "Eid ul-Fitr (estimated)",
    "2000-12-28": "Eid ul-Fitr (estimated)",
    "2001-01-14": "Makar Sankranti / Pongal",
    "2001-01-26": "Republic Day",
    "2001-03-05": "Eid al-Adha (estimated)",
    "2001-03-06": "Eid al-Adha (estimated)",
    "2001-03-10": "Holi",
    "2001-04-04": "Day of Ashura (estimated)",
    "2001-04-08": "Palm Sunday",
    "2001-04-13": "Good Friday",
    "2001-04-14": "Dr. B. R. Ambedkar's Jayanti; Puthandu (Tamil New Year)",
    "2001-04-15": "Easter Sunday; Puthandu (Tamil New Year)",
    "2001-05-01": "Labour Day",
    "2001-06-03": "Feast of Pentecost",
    "2001-06-04": "Mawlid (estimated)",
    "2001-08-15": "Independence Day",
    "2001-10-02": "Gandhi Jayanti",
    "2001-11-14": "Diwali",
    "2001-12-16": "Eid ul-Fitr (estimated)",
    "2001-12-17": "Eid ul-Fitr (estimated)",
    "2001-12-25": "Christmas Day",
    "2002-01-14": "Makar Sankranti / Pongal",
    "2002-01-26": "Republic Day",
    "2002-02-22": "Eid al-Adha (estimated)",
    "2002-02-23": "Eid al-Adha (estimated)",
    "2002-03-24": "Day of Ashura (estimated); Palm Sunday",
    "2002-03-29": "Good Friday; Holi",
    "2002-03-31": "Easter Sunday",
    "2002-04-14": "Dr. B. R. Ambedkar's Jayanti; Puthandu (Tamil New Year)",
    "2002-04-15": "Puthandu (Tamil New Year)",
    "2002-05-01": "Labour Day",
    "2002-05-19": "Feast of Pentecost",
    "2002-05-24": "Mawlid (estimated)",
    "2002-08-15": "Independence Day",
    "2002-10-02": "Gandhi Jayanti",
    "2002-11-04": "Diwali",
    "2002-12-05": "Eid ul-Fitr (estimated)",
    "2002-12-06": "Eid ul-Fitr (estimated)",
    "2002-12-25": "Christmas Day",
    "2003-01-14": "Makar Sankranti / Pongal",
    "2003-01-26": "Republic Day",
    "2003-02-11": "Eid al-Adha (estimated)",
    "2003-02-12": "Eid al-Adha (estimated)",
    "2003-03-13": "Day of Ashura (estimated)",
    "2003-03-18": "Holi",
    "2003-04-13": "Palm Sunday",
    "2003-04-14": "Dr. B. R. Ambedkar's Jayanti; Puthandu (Tamil New Year)",
    "2003-04-15": "Puthandu (Tamil New Year)",
    "2003-04-18": "Good Friday",
    "2003-04-20": "Easter Sunday",
    "2003-05-01": "Labour Day",
    "2003-05-13": "Mawlid (estimated)",
    "2003-06-08": "Feast of Pentecost",
    "2003-08-15": "Independence Day",
    "2003-10-02": "Gandhi Jayanti",
    "2003-10-25": "Diwali",
    "2003-11-25": "Eid ul-Fitr (estimated)",
    "2003-11-26": "Eid ul-Fitr (estimated)",
    "2003-12-25": "Christmas Day",
    "2004-01-14": "Makar Sankranti / Pongal",
    "2004-01-26": "Republic Day",
    "2004-02-01": "Eid al-Adha (estimated)",
    "2004-02-02": "Eid al-Adha (estimated)",
    "2004-03-01": "Day of Ashura (estimated)",
    "2004-03-07": "Holi",
    "2004-04-04": "Palm Sunday",
    "2004-04-09": "Good Friday",
    "2004-04-11": "Easter Sunday",
    "2004-04-14": "Dr. B. R. Ambedkar's Jayanti; Puthandu (Tamil New Year)",
    "2004-04-15": "Puthandu (Tamil New Year)",
    "2004-05-01": "Labour Day; Mawlid (estimated)",
    "2004-05-30": "Feast of Pentecost",
    "2004-08-15": "Independence Day",
    "2004-10-02": "Gandhi Jayanti",
    "2004-11-12": "Diwali",
    "2004-11-14": "Eid ul-Fitr (estimated)",
    "2004-11-15": "Eid ul-Fitr (estimated)",
    "2004-12-25": "Christmas Day",
    "2005-01-14": "Makar Sankranti / Pongal",
    "2005-01-21": "Eid al-Adha (estimated)",
    "2005-01-22": "Eid al-Adha (estimated)",
    "2005-01-26": "Republic Day",
    "2005-02-19": "Day of Ashura (estimated)",
    "2005-03-20": "Palm Sunday",
    "2005-03-25": "Good Friday",
    "2005-03-26": "Holi",
    "2005-03-27": "Easter Sunday",
    "2005-04-14": "Dr. B. R. Ambedkar's Jayanti; Puthandu (Tamil New Year)",
    "2005-04-15": "Puthandu (Tamil New Year)",
    "2005-04-21": "Mawlid (estimated)",
    "2005-05-01": "Labour Day",
    "2005-05-15": "Feast of Pentecost",
    "2005-08-15": "Independence Day",
    "2005-10-02": "Gandhi Jayanti",
    "2005-11-01": "Diwali",
    "2005-11-03": "Eid ul-Fitr (estimated)",
    "2005-11-04": "Eid ul-Fitr (estimated)",
    "2005-12-25": "Christmas Day",
    "2006-01-10": "Eid al-Adha (estimated)",
    "2006-01-11": "Eid al-Adha (estimated)",
    "2006-01-14": "Makar Sankranti / Pongal",
    "2006-01-26": "Republic Day",
    "2006-02-09": "Day of Ashura (estimated)",
    "2006-03-15": "Holi",
    "2006-04-09": "Palm Sunday",
    "2006-04-10": "Mawlid (estimated)",
    "2006-04-14": "Dr. B. R. Ambedkar's Jayanti; Good Friday; Puthandu (Tamil New Year)",
    "2006-04-15": "Puthandu (Tamil New Year)",
    "2006-04-16": "Easter Sunday",
    "2006-05-01": "Labour Day",
    "2006-06-04": "Feast of Pentecost",
    "2006-08-15": "Independence Day",
    "2006-10-02": "Gandhi Jayanti",
    "2006-10-21": "Diwali",
    "2006-10-23": "Eid ul-Fitr (estimated)",
    "2006-10-24": "Eid ul-Fitr (estimated)",
    "2006-12-25": "Christmas Day",
    "2006-12-31": "Eid al-Adha (estimated)",
    "2007-01-01": "Eid al-Adha (estimated)",
    "2007-01-14": "Makar Sankranti / Pongal",
    "2007-01-26": "Republic Day",
    "2007-01-29": "Day of Ashura (estimated)",
    "2007-03-04": "Holi",
    "2007-03-31": "Mawlid (estimated)",
    "2007-04-01": "Palm Sunday",
    "2007-04-06": "Good Friday",
    "2007-04-08": "Easter Sunday",
    "2007-04-14": "Dr. B. R. Ambedkar's Jayanti; Puthandu (Tamil New Year)",
    "2007-04-15": "Puthandu (Tamil New Year)",
    "2007-05-01": "Labour Day",
    "2007-05-27": "Feast of Pentecost",
    "2007-08-15": "Independence Day",
    "2007-10-02": "Gandhi Jayanti",
    "2007-10-13": "Eid ul-Fitr (estimated)",
    "2007-10-14": "Eid ul-Fitr (estimated)",
    "2007-11-09": "Diwali",
    "2007-12-20": "Eid al-Adha (estimated)",
    "2007-12-21": "Eid al-Adha (estimated)",
    "2007-12-25": "Christmas Day",
    "2008-01-14": "Makar Sankranti / Pongal",
    "2008-01-19": "Day of Ashura (estimated)",
    "2008-01-26": "Republic Day",
    "2008-03-16": "Palm Sunday",
    "2008-03-20": "Mawlid (estimated)",
    "2008-03-21": "Good Friday",
    "2008-03-22": "Holi",
    "2008-03-23": "Easter Sunday",
    "2008-04-14": "Dr. B. R. Ambedkar's Jayanti; Puthandu (Tamil New Year)",
    "2008-04-15": "Puthandu (Tamil New Year)",
    "2008-05-01": "Labour Day",
    "2008-05-11": "Feast of Pentecost",
    "2008-08-15": "Independence Day",
    "2008-10-01": "Eid ul-Fitr (estimated)",
    "2008-10-02": "Eid ul-Fitr (estimated); Gandhi Jayanti",
    "2008-10-28": "Diwali",
    "2008-12-08": "Eid al-Adha (estimated)",
    "2008-12-09": "Eid al-Adha (estimated)",
    "2008-12-25": "Christmas Day",
    "2009-01-07": "Day of Ashura (estimated)",
    "2009-01-14": "Makar Sankranti / Pongal",
    "2009-01-26": "Republic Day",
    "2009-03-09": "Mawlid (estimated)",
    "2009-03-11": "Holi",
    "2009-04-05": "Palm Sunday",
    "2009-04-10": "Good Friday",
    "2009-04-12": "Easter Sunday",
    "2009-04-14": "Dr. B. R. Ambedkar's Jayanti; Puthandu (Tamil New Year)",
    "2009-04-15": "Puthandu (Tamil New Year)",
    "2009-05-01": "Labour Day",
    "2009-05-31": "Feast of Pentecost",
    "2009-08-15": "Independence Day",
    "2009-09-20": "Eid ul-Fitr (estimated)",
    "2009-09-21": "Eid ul-Fitr (estimated)",
    "2009-10-02": "Gandhi Jayanti",
    "2009-10-17": "Diwali",
    "2009-11-27": "Eid al-Adha (estimated)",
    "2009-11-28": "Eid al-Adha (estimated)",
    "2009-12-25": "Christmas Day",
    "2009-12-27": "Day of Ashura (estimated)",
    "2010-01-14": "Makar Sankranti / Pongal",
    "2010-01-26": "Republic Day",
    "2010-02-26": "Mawlid (estimated)",
    "2010-03-01": "Holi",
    "2010-03-28": "Palm Sunday",
    "2010-04-02": "Good Friday",
    "2010-04-04": "Easter Sunday",
    "2010-04-14": "Dr. B. R. Ambedkar's Jayanti; Puthandu (Tamil New Year)",
    "2010-04-15": "Puthandu (Tamil New Year)",
    "2010-05-01": "Labour Day",
    "2010-05-23": "Feast of Pentecost",
    "2010-08-15": "Independence Day",
    "2010-09-10": "Eid ul-Fitr (estimated)",
    "2010-09-11": "Eid ul-Fitr (estimated)",
    "2010-10-02": "Gandhi Jayanti",
    "2010-11-05": "Diwali",
    "2010-11-16": "Eid al-Adha (estimated)",
    "2010-11-17": "Eid al-Adha (estimated)",
    "2010-12-16": "Day of Ashura (estimated)",
    "2010-12-25": "Christmas Day",
    "2011-01-14": "Makar Sankranti / Pongal",
    "2011-01-26": "Republic Day",
    "2011-02-15": "Mawlid (estimated)",
    "2011-03-20": "Holi",
    "2011-04-14": "Dr. B. R. Ambedkar's Jayanti; Puthandu (Tamil New Year)",
    "2011-04-15": "Puthandu (Tamil New Year)",
    "2011-04-17": "Palm Sunday",
    "2011-04-22": "Good Friday",
    "2011-04-24": "Easter Sunday",
    "2011-05-01": "Labour Day",
    "2011-06-12": "Feast of Pentecost",
    "2011-08-15": "Independence Day",
    "2011-08-30": "Eid ul-Fitr (estimated)",
    "2011-08-31": "Eid ul-Fitr (estimated)",
    "2011-10-02": "Gandhi Jayanti",
    "2011-10-26": "Diwali",
    "2011-11-06": "Eid al-Adha (estimated)",
    "2011-11-07": "Eid al-Adha (estimated)",
    "2011-12-05": "Day of Ashura (estimated)",
    "2011-12-25": "Christmas Day",
    "2012-01-14": "Makar Sankranti / Pongal",
    "2012-01-26": "Republic Day",
    "2012-02-04": "Mawlid (estimated)",
    "2012-03-08": "Holi",
    "2012-04-01": "Palm Sunday",
    "2012-04-06": "Good Friday",
    "2012-04-08": "Easter Sunday",
    "2012-04-14": "Dr. B. R. Ambedkar's Jayanti; Puthandu (Tamil New Year)",
    "2012-04-15": "Puthandu (Tamil New Year)",
    "2012-05-01": "Labour Day",
    "2012-05-27": "Feast of Pentecost",
    "2012-08-15": "Independence Day",
    "2012-08-19": "Eid ul-Fitr (estimated)",
    "2012-08-20": "Eid ul-Fitr (estimated)",
    "2012-10-02": "Gandhi Jayanti",
    "2012-10-26": "Eid al-Adha (estimated)",
    "2012-10-27": "Eid al-Adha (estimated)",
    "2012-11-13": "Diwali",
    "2012-11-24": "Day of Ashura (estimated)",
    "2012-12-25": "Christmas Day",
    "2013-01-14": "Makar Sankranti / Pongal",
    "2013-01-24": "Mawlid (estimated)",
    "2013-01-26": "Republic Day",
    "2013-03-24": "Palm Sunday",
    "2013-03-27": "Holi",
    "2013-03-29": "Good Friday",
    "2013-03-31": "Easter Sunday",
    "2013-04-14": "Dr. B. R. Ambedkar's Jayanti; Puthandu (Tamil New Year)",
    "2013-04-15": "Puthandu (Tamil New Year)",
    "2013-05-01": "Labour Day",
    "2013-05-19": "Feast of Pentecost",
    "2013-08-08": "Eid ul-Fitr (estimated)",
    "2013-08-09": "Eid ul-Fitr (estimated)",
    "2013-08-15": "Independence Day",
    "2013-10-02": "Gandhi Jayanti",
    "2013-10-15": "Eid al-Adha (estimated)",
    "2013-10-16": "Eid al-Adha (estimated)",
    "2013-11-03": "Diwali",
    "2013-11-13": "Day of Ashura (estimated)",
    "2013-12-25": "Christmas Day",
    "2014-01-13": "Mawlid (estimated)",
    "2014-01-14": "Makar Sankranti / Pongal",
    "2014-01-26": "Republic Day",
    "2014-03-17": "Holi",
    "2014-04-13": "Palm Sunday",
    "2014-04-14": "Dr. B. R. Ambedkar's Jayanti; Puthandu (Tamil New Year)",
    "2014-04-15": "Puthandu (Tamil New Year)",
    "2014-04-18": "Good Friday",
    "2014-04-20": "Easter Sunday",
    "2014-05-01": "Labour Day",
    "2014-06-08": "Feast of Pentecost",
    "2014-07-28": "Eid ul-Fitr (estimated)",
    "2014-07-29": "Eid ul-Fitr (estimated)",
    "2014-08-15": "Independence Day",
    "2014-10-02": "Gandhi Jayanti",
    "2014-10-04": "Eid al-Adha (estimated)",
    "2014-10-05": "Eid al-Adha (estimated)",
    "2014-10-23": "Diwali",
    "2014-11-03": "Day of Ashura (estimated)",
    "2014-12-25": "Christmas Day",
    "2015-01-03": "Mawlid (estimated)",
    "2015-01-14": "Makar Sankranti / Pongal",
    "2015-01-26": "Republic Day",
    "2015-03-06": "Holi",
    "2015-03-29": "Palm Sunday",
    "2015-04-03": "Good Friday",
    "2015-04-05": "Easter Sunday",
    "2015-04-14": "Dr. B. R. Ambedkar's Jayanti; Puthandu (Tamil New Year)",
    "2015-04-15": "Puthandu (Tamil New Year)",
    "2015-05-01": "Labour Day",
    "2015-05-24": "Feast of Pentecost",
    "2015-07-17": "Eid ul-Fitr (estimated)",
    "2015-07-18": "Eid ul-Fitr (estimated)",
    "2015-08-15": "Independence Day",
    "2015-09-23": "Eid al-Adha (estimated)",
    "2015-09-24": "Eid al-Adha (estimated)",
    "2015-10-02": "Gandhi Jayanti",
    "2015-10-23": "Day of Ashura (estimated)",
    "2015-11-11": "Diwali",
    "2015-12-23": "Mawlid (estimated)",
    "2015-12-25": "Christmas Day",
    "2016-01-14": "Makar Sankranti / Pongal",
    "2016-01-26": "Republic Day",
    "2016-03-20": "Palm Sunday",
    "2016-03-24": "Holi",
    "2016-03-25": "Good Friday",
    "2016-03-27": "Easter Sunday",
    "2016-04-14": "Dr. B. R. Ambedkar's Jayanti; Puthandu (Tamil New Year)",
    "2016-04-15": "Puthandu (Tamil New Year)",
    "2016-05-01": "Labour Day",
    "2016-05-15": "Feast of Pentecost",
    "2016-07-06": "Eid ul-Fitr (estimated)",
    "2016-07-07": "Eid ul-Fitr (estimated)",
    "2016-08-15": "Independence Day",
    "2016-09-11": "Eid al-Adha (estimated)",
    "2016-09-12": "Eid al-Adha (estimated)",
    "2016-10-02": "Gandhi Jayanti",
    "2016-10-11": "Day of Ashura (estimated)",
    "2016-10-30": "Diwali",
    "2016-12-11": "Mawlid (estimated)",
    "2016-12-25": "Christmas Day",
    "2017-01-14": "Makar Sankranti / Pongal",
    "2017-01-26": "Republic Day",
    "2017-03-13": "Holi",
    "2017-04-09": "Palm Sunday",
    "2017-04-14": "Dr. B. R. Ambedkar's Jayanti; Good Friday; Puthandu (Tamil New Year)",
    "2017-04-15": "Puthandu (Tamil New Year)",
    "2017-04-16": "Easter Sunday",
    "2017-05-01": "Labour Day",
    "2017-06-04": "Feast of Pentecost",
    "2017-06-25": "Eid ul-Fitr (estimated)",
    "2017-06-26": "Eid ul-Fitr (estimated)",
    "2017-08-15": "Independence Day",
    "2017-09-01": "Eid al-Adha (estimated)",
    "2017-09-02": "Eid al-Adha (estimated)",
    "2017-09-30": "Day of Ashura (estimated)",
    "2017-10-02": "Gandhi Jayanti",
    "2017-10-19": "Diwali",
    "2017-11-30": "Mawlid (estimated)",
    "2017-12-25": "Christmas Day",
    "2018-01-14": "Makar Sankranti / Pongal",
    "2018-01-26": "Republic Day",
    "2018-03-02": "Holi",
    "2018-03-25": "Palm Sunday",
    "2018-03-30": "Good Friday",
    "2018-04-01": "Easter Sunday",
    "2018-04-14": "Dr. B. R. Ambedkar's Jayanti; Puthandu (Tamil New Year)",
    "2018-04-15": "Puthandu (Tamil New Year)",
    "2018-05-01": "Labour Day",
    "2018-05-20": "Feast of Pentecost",
    "2018-06-15": "Eid ul-Fitr (estimated)",
    "2018-06-16": "Eid ul-Fitr (estimated)",
    "2018-08-15": "Independence Day",
    "2018-08-21": "Eid al-Adha (estimated)",
    "2018-08-22": "Eid al-Adha (estimated)",
    "2018-09-20": "Day of Ashura (estimated)",
    "2018-10-02": "Gandhi Jayanti",
    "2018-11-07": "Diwali",
    "2018-11-20": "Mawlid (estimated)",
    "2018-12-25": "Christmas Day",
    "2019-01-14": "Makar Sankranti / Pongal",
    "2019-01-26": "Republic Day",
    "2019-03-21": "Holi",
    "2019-04-14": "Dr. B. R. Ambedkar's Jayanti; Palm Sunday; Puthandu (Tamil New Year)",
    "2019-04-15": "Puthandu (Tamil New Year)",
    "2019-04-19": "Good Friday",
    "2019-04-21": "Easter Sunday",
    "2019-05-01": "Labour Day",
    "2019-06-04": "Eid ul-Fitr (estimated)",
    "2019-06-05": "Eid ul-Fitr (estimated)",
    "2019-06-09": "Feast of Pentecost",
    "2019-08-11": "Eid al-Adha (estimated)",
    "2019-08-12": "Eid al-Adha (estimated)",
    "2019-08-15": "Independence Day",
    "2019-09-09": "Day of Ashura (estimated)",
    "2019-10-02": "Gandhi Jayanti",
    "2019-10-27": "Diwali",
    "2019-11-09": "Mawlid (estimated)",
    "2019-12-25": "Christmas Day",
    "2020-01-14": "Makar Sankranti / Pongal",
    "2020-01-26": "Republic Day",
    "2020-03-10": "Holi",
    "2020-04-05": "Palm Sunday",
    "2020-04-10": "Good Friday",
    "2020-04-12": "Easter Sunday",
    "2020-04-14": "Dr. B. R. Ambedkar's Jayanti; Puthandu (Tamil New Year)",
    "2020-04-15": "Puthandu (Tamil New Year)",
    "2020-05-01": "Labour Day",
    "2020-05-24": "Eid ul-Fitr (estimated)",
    "2020-05-25": "Eid ul-Fitr (estimated)",
    "2020-05-31": "Feast of Pentecost",
    "2020-07-31": "Eid al-Adha (estimated)",
    "2020-08-01": "Eid al-Adha (estimated)",
    "2020-08-15": "Independence Day",
    "2020-08-29": "Day of Ashura (estimated)",
    "2020-10-02": "Gandhi Jayanti",
    "2020-10-29": "Mawlid (estimated)",
    "2020-11-14": "Diwali",
    "2020-12-25": "Christmas Day",
    "2021-01-14": "Makar Sankranti / Pongal",
    "2021-01-26": "Republic Day",
    "2021-03-28": "Palm Sunday",
    "2021-03-29": "Holi",
    "2021-04-02": "Good Friday",
    "2021-04-04": "Easter Sunday",
    "2021-04-14": "Dr. B. R. Ambedkar's Jayanti; Puthandu (Tamil New Year)",
    "2021-04-15": "Puthandu (Tamil New Year)",
    "2021-05-01": "Labour Day",
    "2021-05-13": "Eid ul-Fitr (estimated)",
    "2021-05-14": "Eid ul-Fitr (estimated)",
    "2021-05-23": "Feast of Pentecost",
    "2021-07-20": "Eid al-Adha (estimated)",
    "2021-07-21": "Eid al-Adha (estimated)",
    "2021-08-15": "Independence Day",
    "2021-08-18": "Day of Ashura (estimated)",
    "2021-10-02": "Gandhi Jayanti",
    "2021-10-18": "Mawlid (estimated)",
    "2021-11-04": "Diwali",
    "2021-12-25": "Christmas Day",
    "2022-01-14": "Makar Sankranti / Pongal",
    "2022-01-26": "Republic Day",
    "2022-03-18": "Holi",
    "2022-04-10": "Palm Sunday",
    "2022-04-14": "Dr. B. R. Ambedkar's Jayanti; Puthandu (Tamil New Year)",
    "2022-04-15": "Good Friday; Puthandu (Tamil New Year)",
    "2022-04-17": "Easter Sunday",
    "2022-05-01": "Labour Day",
    "2022-05-02": "Eid ul-Fitr (estimated)",
    "2022-05-03": "Eid ul-Fitr (estimated)",
    "2022-06-05": "Feast of Pentecost",
    "2022-07-09": "Eid al-Adha (estimated)",
    "2022-07-10": "Eid al-Adha (estimated)",
    "2022-08-08": "Day of Ashura (estimated)",
    "2022-08-15": "Independence Day",
    "2022-10-02": "Gandhi Jayanti",
    "2022-10-08": "Mawlid (estimated)",
    "2022-10-24": "Diwali",
    "2022-12-25": "Christmas Day",
    "2023-01-14": "Makar Sankranti / Pongal",
    "2023-01-26": "Republic Day",
    "2023-03-08": "Holi",
    "2023-04-02": "Palm Sunday",
    "2023-04-07": "Good Friday",
    "2023-04-09": "Easter Sunday",
    "2023-04-14": "Dr. B. R. Ambedkar's Jayanti; Puthandu (Tamil New Year)",
    "2023-04-15": "Puthandu (Tamil New Year)",
    "2023-04-21": "Eid ul-Fitr (estimated)",
    "2023-04-22": "Eid ul-Fitr (estimated)",
    "2023-05-01": "Labour Day",
    "2023-05-28": "Feast of Pentecost",
    "2023-06-28": "Eid al-Adha (estimated)",
    "2023-06-29": "Eid al-Adha (estimated)",
    "2023-07-28": "Day of Ashura (estimated)",
    "2023-08-15": "Independence Day",
    "2023-09-27": "Mawlid (estimated)",
    "2023-10-02": "Gandhi Jayanti",
    "2023-11-12": "Diwali",
    "2023-12-25": "Christmas Day",
    "2024-01-14": "Makar Sankranti / Pongal",
    "2024-01-26": "Republic Day",
    "2024-03-24": "Palm Sunday",
    "2024-03-25": "Holi",
    "2024-03-29": "Good Friday",
    "2024-03-31": "Easter Sunday",
    "2024-04-10": "Eid ul-Fitr (estimated)",
    "2024-04-11": "Eid ul-Fitr (estimated)",
    "2024-04-14": "Dr. B. R. Ambedkar's Jayanti; Puthandu (Tamil New Year)",
    "2024-04-15": "Puthandu (Tamil New Year)",
    "2024-05-01": "Labour Day",
    "2024-05-19": "Feast of Pentecost",
    "2024-06-16": "Eid al-Adha (estimated)",
    "2024-06-17": "Eid al-Adha (estimated)",
    "2024-07-16": "Day of Ashura (estimated)",
    "2024-08-15": "Independence Day",
    "2024-09-15": "Mawlid (estimated)",
    "2024-10-02": "Gandhi Jayanti",
    "2024-11-01": "Diwali",
    "2024-12-25": "Christmas Day",
    "2025-01-14": "Makar Sankranti / Pongal",
    "2025-01-26": "Republic Day",
    "2025-03-14": "Holi",
    "2025-03-30": "Eid ul-Fitr (estimated)",
    "2025-03-31": "Eid ul-Fitr (estimated)",
    "2025-04-13": "Palm Sunday",
    "2025-04-14": "Dr. B. R. Ambedkar's Jayanti; Puthandu (Tamil New Year)",
    "2025-04-15": "Puthandu (Tamil New Year)",
    "2025-04-18": "Good Friday",
    "2025-04-20": "Easter Sunday",
    "2025-05-01": "Labour Day",
    "2025-06-06": "Eid al-Adha (estimated)",
    "2025-06-07": "Eid al-Adha (estimated)",
    "2025-06-08": "Feast of Pentecost",
    "2025-07-05": "Day of Ashura (estimated)",
    "2025-08-15": "Independence Day",
    "2025-09-04": "Mawlid (estimated)",
    "2025-10-02": "Gandhi Jayanti",
    "2025-10-20": "Diwali",
    "2025-12-25": "Christmas Day",
    "2026-01-14": "Makar Sankranti / Pongal",
    "2026-01-26": "Republic Day",
    "2026-03-04": "Holi",
    "2026-03-20": "Eid ul-Fitr (estimated)",
    "2026-03-21": "Eid ul-Fitr (estimated)",
    "2026-03-29": "Palm Sunday",
    "2026-04-03": "Good Friday",
    "2026-04-05": "Easter Sunday",
    "2026-04-14": "Dr. B. R. Ambedkar's Jayanti; Puthandu (Tamil New Year)",
    "2026-04-15": "Puthandu (Tamil New Year)",
    "2026-05-01": "Labour Day",
    "2026-05-24": "Feast of Pentecost",
    "2026-05-27": "Eid al-Adha (estimated)",
    "2026-05-28": "Eid al-Adha (estimated)",
    "2026-06-25": "Day of Ashura (estimated)",
    "2026-08-15": "Independence Day",
    "2026-08-25": "Mawlid (estimated)",
    "2026-10-02": "Gandhi Jayanti",
    "2026-11-08": "Diwali",
    "2026-12-25": "Christmas Day",
    "2027-01-14": "Makar Sankranti / Pongal",
    "2027-01-26": "Republic Day",
    "2027-03-09": "Eid ul-Fitr (estimated)",
    "2027-03-10": "Eid ul-Fitr (estimated)",
    "2027-03-21": "Palm Sunday",
    "2027-03-22": "Holi",
    "2027-03-26": "Good Friday",
    "2027-03-28": "Easter Sunday",
    "2027-04-14": "Dr. B. R. Ambedkar's Jayanti; Puthandu (Tamil New Year)",
    "2027-04-15": "Puthandu (Tamil New Year)",
    "2027-05-01": "Labour Day",
    "2027-05-16": "Eid al-Adha (estimated); Feast of Pentecost",
    "2027-05-17": "Eid al-Adha (estimated)",
    "2027-06-15": "Day of Ashura (estimated)",
    "2027-08-14": "Mawlid (estimated)",
    "2027-08-15": "Independence Day",
    "2027-10-02": "Gandhi Jayanti",
    "2027-10-29": "Diwali",
    "2027-12-25": "Christmas Day",
    "2028-01-14": "Makar Sankranti / Pongal",
    "2028-01-26": "Republic Day",
    "2028-02-26": "Eid ul-Fitr (estimated)",
    "2028-02-27": "Eid ul-Fitr (estimated)",
    "2028-03-11": "Holi",
    "2028-04-09": "Palm Sunday",
    "2028-04-14": "Dr. B. R. Ambedkar's Jayanti; Good Friday; Puthandu (Tamil New Year)",
    "2028-04-15": "Puthandu (Tamil New Year)",
    "2028-04-16": "Easter Sunday",
    "2028-05-01": "Labour Day",
    "2028-05-05": "Eid al-Adha (estimated)",
    "2028-05-06": "Eid al-Adha (estimated)",
    "2028-06-03": "Day of Ashura (estimated)",
    "2028-06-04": "Feast of Pentecost",
    "2028-08-03": "Mawlid (estimated)",
    "2028-08-15": "Independence Day",
    "2028-10-02": "Gandhi Jayanti",
    "2028-10-17": "Diwali",
    "2028-12-25": "Christmas Day",
    "2029-01-14": "Makar Sankranti / Pongal",
    "2029-01-26": "Republic Day",
    "2029-02-14": "Eid ul-Fitr (estimated)",
    "2029-02-15": "Eid ul-Fitr (estimated)",
    "2029-03-01": "Holi",
    "2029-03-25": "Palm Sunday",
    "2029-03-30": "Good Friday",
    "2029-04-01": "Easter Sunday",
    "2029-04-14": "Dr. B. R. Ambedkar's Jayanti; Puthandu (Tamil New Year)",
    "2029-04-15": "Puthandu (Tamil New Year)",
    "2029-04-24": "Eid al-Adha (estimated)",
    "2029-04-25": "Eid al-Adha (estimated)",
    "2029-05-01": "Labour Day",
    "2029-05-20": "Feast of Pentecost",
    "2029-05-23": "Day of Ashura (estimated)",
    "2029-07-24": "Mawlid (estimated)",
    "2029-08-15": "Independence Day",
    "2029-10-02": "Gandhi Jayanti",
    "2029-11-05": "Diwali",
    "2029-12-25": "Christmas Day",
    "2030-01-14": "Makar Sankranti / Pongal",
    "2030-01-26": "Republic Day",
    "2030-02-04": "Eid ul-Fitr (estimated)",
    "2030-02-05": "Eid ul-Fitr (estimated)",
    "2030-03-20": "Holi",
    "2030-04-13": "Eid al-Adha (estimated)",
    "2030-04-14": "Dr. B. R. Ambedkar's Jayanti; Eid al-Adha (estimated); Palm Sunday; Puthandu (Tamil New Year)",
    "2030-04-15": "Puthandu (Tamil New Year)",
    "2030-04-19": "Good Friday",
    "2030-04-21": "Easter Sunday",
    "2030-05-01": "Labour Day",
    "2030-05-12": "Day of Ashura (estimated)",
    "2030-06-09": "Feast of Pentecost",
    "2030-07-13": "Mawlid (estimated)",
    "2030-08-15": "Independence Day",
    "2030-10-02": "Gandhi Jayanti",
    "2030-10-26": "Diwali",
    "2030-12-25": "Christmas Day",
    "2031-01-14": "Makar Sankranti / Pongal",
    "2031-01-24": "Eid ul-Fitr (estimated)",
    "2031-01-25": "Eid ul-Fitr (estimated)",
    "2031-01-26": "Republic Day",
    "2031-04-02": "Eid al-Adha (estimated)",
    "2031-04-03": "Eid al-Adha (estimated)",
    "2031-04-06": "Palm Sunday",
    "2031-04-11": "Good Friday",
    "2031-04-13": "Easter Sunday",
    "2031-04-14": "Dr. B. R. Ambedkar's Jayanti; Puthandu (Tamil New Year)",
    "2031-04-15": "Puthandu (Tamil New Year)",
    "2031-05-01": "Labour Day",
    "2031-05-02": "Day of Ashura (estimated)",
    "2031-06-01": "Feast of Pentecost",
    "2031-07-02": "Mawlid (estimated)",
    "2031-08-15": "Independence Day",
    "2031-10-02": "Gandhi Jayanti",
    "2031-12-25": "Christmas Day",
    "2032-01-14": "Eid ul-Fitr (estimated); Makar Sankranti / Pongal",
    "2032-01-15": "Eid ul-Fitr (estimated)",
    "2032-01-26": "Republic Day",
    "2032-03-21": "Palm Sunday",
    "2032-03-22": "Eid al-Adha (estimated)",
    "2032-03-23": "Eid al-Adha (estimated)",
    "2032-03-26": "Good Friday",
    "2032-03-28": "Easter Sunday",
    "2032-04-14": "Dr. B. R. Ambedkar's Jayanti; Puthandu (Tamil New Year)",
    "2032-04-15": "Puthandu (Tamil New Year)",
    "2032-04-20": "Day of Ashura (estimated)",
    "2032-05-01": "Labour Day",
    "2032-05-16": "Feast of Pentecost",
    "2032-06-20": "Mawlid (estimated)",
    "2032-08-15": "Independence Day",
    "2032-10-02": "Gandhi Jayanti",
    "2032-12-25": "Christmas Day",
    "2033-01-02": "Eid ul-Fitr (estimated)",
    "2033-01-03": "Eid ul-Fitr (estimated)",
    "2033-01-14": "Makar Sankranti / Pongal",
    "2033-01-26": "Republic Day",
    "2033-03-11": "Eid al-Adha (estimated)",
    "2033-03-12": "Eid al-Adha (estimated)",
    "2033-04-10": "Day of Ashura (estimated); Palm Sunday",
    "2033-04-14": "Dr. B. R. Ambedkar's Jayanti; Puthandu (Tamil New Year)",
    "2033-04-15": "Good Friday; Puthandu (Tamil New Year)",
    "2033-04-17": "Easter Sunday",
    "2033-05-01": "Labour Day",
    "2033-06-05": "Feast of Pentecost",
    "2033-06-09": "Mawlid (estimated)",
    "2033-08-15": "Independence Day",
    "2033-10-02": "Gandhi Jayanti",
    "2033-12-23": "Eid ul-Fitr (estimated)",
    "2033-12-24": "Eid ul-Fitr (estimated)",
    "2033-12-25": "Christmas Day",
    "2034-01-14": "Makar Sankranti / Pongal",
    "2034-01-26": "Republic Day",
    "2034-03-01": "Eid al-Adha (estimated)",
    "2034-03-02": "Eid al-Adha (estimated)",
    "2034-03-30": "Day of Ashura (estimated)",
    "2034-04-02": "Palm Sunday",
    "2034-04-07": "Good Friday",
    "2034-04-09": "Easter Sunday",
    "2034-04-14": "Dr. B. R. Ambedkar's Jayanti; Puthandu (Tamil New Year)",
    "2034-04-15": "Puthandu (Tamil New Year)",
    "2034-05-01": "Labour Day",
    "2034-05-28": "Feast of Pentecost",
    "2034-05-30": "Mawlid (estimated)",
    "2034-08-15": "Independence Day",
    "2034-10-02": "Gandhi Jayanti",
    "2034-12-12": "Eid ul-Fitr (estimated)",
    "2034-12-13": "Eid ul-Fitr (estimated)",
    "2034-12-25": "Christmas Day",
    "2035-01-14": "Makar Sankranti / Pongal",
    "2035-01-26": "Republic Day",
    "2035-02-18": "Eid al-Adha (estimated)",
    "2035-02-19": "Eid al-Adha (estimated)",
    "2035-03-18": "Palm Sunday",
    "2035-03-20": "Day of Ashura (estimated)",
    "2035-03-23": "Good Friday",
    "2035-03-25": "Easter Sunday",
    "2035-04-14": "Dr. B. R. Ambedkar's Jayanti; Puthandu (Tamil New Year)",
    "2035-04-15": "Puthandu (Tamil New Year)",
    "2035-05-01": "Labour Day",
    "2035-05-13": "Feast of Pentecost",
    "2035-05-20": "Mawlid (estimated)",
    "2035-08-15": "Independence Day",
    "2035-10-02": "Gandhi Jayanti",
    "2035-12-01": "Eid ul-Fitr (estimated)",
    "2035-12-02": "Eid ul-Fitr (estimated)",
    "2035-12-25": "Christmas Day",
    "2036-01-14": "Makar Sankranti / Pongal",
    "2036-01-26": "Republic Day",
    "2036-02-07": "Eid al-Adha (estimated)",
    "2036-02-08": "Eid al-Adha (estimated)",
    "2036-03-08": "Day of Ashura (estimated)",
    "2036-04-06": "Palm Sunday",
    "2036-04-11": "Good Friday",
    "2036-04-13": "Easter Sunday",
    "2036-04-14": "Dr. B. R. Ambedkar's Jayanti; Puthandu (Tamil New Year)",
    "2036-04-15": "Puthandu (Tamil New Year)",
    "2036-05-01": "Labour Day",
    "2036-05-08": "Mawlid (estimated)",
    "2036-06-01": "Feast of Pentecost",
    "2036-08-15": "Independence Day",
    "2036-10-02": "Gandhi Jayanti",
    "2036-11-19": "Eid ul-Fitr (estimated)",
    "2036-11-20": "Eid ul-Fitr (estimated)",
    "2036-12-25": "Christmas Day",
    "2037-01-14": "Makar Sankranti / Pongal",
    "2037-01-26": "Eid al-Adha (estimated); Republic Day",
    "2037-01-27": "Eid al-Adha (estimated)",
    "2037-02-25": "Day of Ashura (estimated)",
    "2037-03-29": "Palm Sunday",
    "2037-04-03": "Good Friday",
    "2037-04-05": "Easter Sunday",
    "2037-04-14": "Dr. B. R. Ambedkar's Jayanti; Puthandu (Tamil New Year)",
    "2037-04-15": "Puthandu (Tamil New Year)",
    "2037-04-28": "Mawlid (estimated)",
    "2037-05-01": "Labour Day",
    "2037-05-24": "Feast of Pentecost",
    "2037-08-15": "Independence Day",
    "2037-10-02": "Gandhi Jayanti",
    "2037-11-08": "Eid ul-Fitr (estimated)",
    "2037-11-09": "Eid ul-Fitr (estimated)",
    "2037-12-25": "Christmas Day",
    "2038-01-14": "Makar Sankranti / Pongal",
    "2038-01-16": "Eid al-Adha (estimated)",
    "2038-01-17": "Eid al-Adha (estimated)",
    "2038-01-26": "Republic Day",
    "2038-02-14": "Day of Ashura (estimated)",
    "2038-04-14": "Dr. B. R. Ambedkar's Jayanti; Puthandu (Tamil New Year)",
    "2038-04-15": "Puthandu (Tamil New Year)",
    "2038-04-17": "Mawlid (estimated)",
    "2038-04-18": "Palm Sunday",
    "2038-04-23": "Good Friday",
    "2038-04-25": "Easter Sunday",
    "2038-05-01": "Labour Day",
    "2038-06-13": "Feast of Pentecost",
    "2038-08-15": "Independence Day",
    "2038-10-02": "Gandhi Jayanti",
    "2038-10-29": "Eid ul-Fitr (estimated)",
    "2038-10-30": "Eid ul-Fitr (estimated)",
    "2038-12-25": "Christmas Day",
    "2039-01-05": "Eid al-Adha (estimated)",
    "2039-01-06": "Eid al-Adha (estimated)",
    "2039-01-14": "Makar Sankranti / Pongal",
    "2039-01-26": "Republic Day",
    "2039-02-04": "Day of Ashura (estimated)",
    "2039-04-03": "Palm Sunday",
    "2039-04-06": "Mawlid (estimated)",
    "2039-04-08": "Good Friday",
    "2039-04-10": "Easter Sunday",
    "2039-04-14": "Dr. B. R. Ambedkar's Jayanti; Puthandu (Tamil New Year)",
    "2039-04-15": "Puthandu (Tamil New Year)",
    "2039-05-01": "Labour Day",
    "2039-05-29": "Feast of Pentecost",
    "2039-08-15": "Independence Day",
    "2039-10-02": "Gandhi Jayanti",
    "2039-10-19": "Eid ul-Fitr (estimated)",
    "2039-10-20": "Eid ul-Fitr (estimated)",
    "2039-12-25": "Christmas Day",
    "2039-12-26": "Eid al-Adha (estimated)",
    "2039-12-27": "Eid al-Adha (estimated)",
    "2040-01-14": "Makar Sankranti / Pongal",
    "2040-01-24": "Day of Ashura (estimated)",
    "2040-01-26": "Republic Day",
    "2040-03-25": "Mawlid (estimated); Palm Sunday",
    "2040-03-30": "Good Friday",
    "2040-04-01": "Easter Sunday",
    "2040-04-14": "Dr. B. R. Ambedkar's Jayanti; Puthandu (Tamil New Year)",
    "2040-04-15": "Puthandu (Tamil New Year)",
    "2040-05-01": "Labour Day",
    "2040-05-20": "Feast of Pentecost",
    "2040-08-15": "Independence Day",
    "2040-10-02": "Gandhi Jayanti",
    "2040-10-07": "Eid ul-Fitr (estimated)",
    "2040-10-08": "Eid ul-Fitr (estimated)",
    "2040-12-14": "Eid al-Adha (estimated)",
    "2040-12-15": "Eid al-Adha (estimated)",
    "2040-12-25": "Christmas Day",
    "2041-01-13": "Day of Ashura (estimated)",
    "2041-01-14": "Makar Sankranti / Pongal",
    "2041-01-26": "Republic Day",
    "2041-03-15": "Mawlid (estimated)",
    "2041-04-14": "Dr. B. R. Ambedkar's Jayanti; Palm Sunday; Puthandu (Tamil New Year)",
    "2041-04-15": "Puthandu (Tamil New Year)",
    "2041-04-19": "Good Friday",
    "2041-04-21": "Easter Sunday",
    "2041-05-01": "Labour Day",
    "2041-06-09": "Feast of Pentecost",
    "2041-08-15": "Independence Day",
    "2041-09-26": "Eid ul-Fitr (estimated)",
    "2041-09-27": "Eid ul-Fitr (estimated)",
    "2041-10-02": "Gandhi Jayanti",
    "2041-12-04": "Eid al-Adha (estimated)",
    "2041-12-05": "Eid al-Adha (estimated)",
    "2041-12-25": "Christmas Day",
    "2042-01-02": "Day of Ashura (estimated)",
    "2042-01-14": "Makar Sankranti / Pongal",
    "2042-01-26": "Republic Day",
    "2042-03-04": "Mawlid (estimated)",
    "2042-03-30": "Palm Sunday",
    "2042-04-04": "Good Friday",
    "2042-04-06": "Easter Sunday",
    "2042-04-14": "Dr. B. R. Ambedkar's Jayanti; Puthandu (Tamil New Year)",
    "2042-04-15": "Puthandu (Tamil New Year)",
    "2042-05-01": "Labour Day",
    "2042-05-25": "Feast of Pentecost",
    "2042-08-15": "Independence Day",
    "2042-09-15": "Eid ul-Fitr (estimated)",
    "2042-09-16": "Eid ul-Fitr (estimated)",
    "2042-10-02": "Gandhi Jayanti",
    "2042-11-23": "Eid al-Adha (estimated)",
    "2042-11-24": "Eid al-Adha (estimated)",
    "2042-12-23": "Day of Ashura (estimated)",
    "2042-12-25": "Christmas Day",
    "2043-01-14": "Makar Sankranti / Pongal",
    "2043-01-26": "Republic Day",
    "2043-02-22": "Mawlid (estimated)",
    "2043-03-22": "Palm Sunday",
    "2043-03-27": "Good Friday",
    "2043-03-29": "Easter Sunday",
    "2043-04-14": "Dr. B. R. Ambedkar's Jayanti; Puthandu (Tamil New Year)",
    "2043-04-15": "Puthandu (Tamil New Year)",
    "2043-05-01": "Labour Day",
    "2043-05-17": "Feast of Pentecost",
    "2043-08-15": "Independence Day",
    "2043-09-04": "Eid ul-Fitr (estimated)",
    "2043-09-05": "Eid ul-Fitr (estimated)",
    "2043-10-02": "Gandhi Jayanti",
    "2043-11-12": "Eid al-Adha (estimated)",
    "2043-11-13": "Eid al-Adha (estimated)",
    "2043-12-12": "Day of Ashura (estimated)",
    "2043-12-25": "Christmas Day",
    "2044-01-14": "Makar Sankranti / Pongal",
    "2044-01-26": "Republic Day",
    "2044-02-11": "Mawlid (estimated)",
    "2044-04-10": "Palm Sunday",
    "2044-04-14": "Dr. B. R. Ambedkar's Jayanti; Puthandu (Tamil New Year)",
    "2044-04-15": "Good Friday; Puthandu (Tamil New Year)",
    "2044-04-17": "Easter Sunday",
    "2044-05-01": "Labour Day",
    "2044-06-05": "Feast of Pentecost",
    "2044-08-15": "Independence Day",
    "2044-08-24": "Eid ul-Fitr (estimated)",
    "2044-08-25": "Eid ul-Fitr (estimated)",
    "2044-10-02": "Gandhi Jayanti",
    "2044-10-31": "Eid al-Adha (estimated)",
    "2044-11-01": "Eid al-Adha (estimated)",
    "2044-11-30": "Day of Ashura (estimated)",
    "2044-12-25": "Christmas Day",
    "2045-01-14": "Makar Sankranti / Pongal",
    "2045-01-26": "Republic Day",
    "2045-01-30": "Mawlid (estimated)",
    "2045-04-02": "Palm Sunday",
    "2045-04-07": "Good Friday",
    "2045-04-09": "Easter Sunday",
    "2045-04-14": "Dr. B. R. Ambedkar's Jayanti; Puthandu (Tamil New Year)",
    "2045-04-15": "Puthandu (Tamil New Year)",
    "2045-05-01": "Labour Day",
    "2045-05-28": "Feast of Pentecost",
    "2045-08-14": "Eid ul-Fitr (estimated)",
    "2045-08-15": "Eid ul-Fitr (estimated); Independence Day",
    "2045-10-02": "Gandhi Jayanti",
    "2045-10-21": "Eid al-Adha (estimated)",
    "2045-10-22": "Eid al-Adha (estimated)",
    "2045-11-19": "Day of Ashura (estimated)",
    "2045-12-25": "Christmas Day",
    "2046-01-14": "Makar Sankranti / Pongal",
    "2046-01-19": "Mawlid (estimated)",
    "2046-01-26": "Republic Day",
    "2046-03-18": "Palm Sunday",
    "2046-03-23": "Good Friday",
    "2046-03-25": "Easter Sunday",
    "2046-04-14": "Dr. B. R. Ambedkar's Jayanti; Puthandu (Tamil New Year)",
    "2046-04-15": "Puthandu (Tamil New Year)",
    "2046-05-01": "Labour Day",
    "2046-05-13": "Feast of Pentecost",
    "2046-08-03": "Eid ul-Fitr (estimated)",
    "2046-08-04": "Eid ul-Fitr (estimated)",
    "2046-08-15": "Independence Day",
    "2046-10-02": "Gandhi Jayanti",
    "2046-10-10": "Eid al-Adha (estimated)",
    "2046-10-11": "Eid al-Adha (estimated)",
    "2046-11-09": "Day of Ashura (estimated)",
    "2046-12-25": "Christmas Day",
    "2047-01-08": "Mawlid (estimated)",
    "2047-01-14": "Makar Sankranti / Pongal",
    "2047-01-26": "Republic Day",
    "2047-04-07": "Palm Sunday",
    "2047-04-12": "Good Friday",
    "2047-04-14": "Dr. B. R. Ambedkar's Jayanti; Easter Sunday; Puthandu (Tamil New Year)",
    "2047-04-15": "Puthandu (Tamil New Year)",
    "2047-05-01": "Labour Day",
    "2047-06-02": "Feast of Pentecost",
    "2047-07-24": "Eid ul-Fitr (estimated)",
    "2047-07-25": "Eid ul-Fitr (estimated)",
    "2047-08-15": "Independence Day",
    "2047-09-30": "Eid al-Adha (estimated)",
    "2047-10-01": "Eid al-Adha (estimated)",
    "2047-10-02": "Gandhi Jayanti",
    "2047-10-29": "Day of Ashura (estimated)",
    "2047-12-25": "Christmas Day",
    "2047-12-29": "Mawlid (estimated)",
    "2048-01-14": "Makar Sankranti / Pongal",
    "2048-01-26": "Republic Day",
    "2048-03-29": "Palm Sunday",
    "2048-04-03": "Good Friday",
    "2048-04-05": "Easter Sunday",
    "2048-04-14": "Dr. B. R. Ambedkar's Jayanti; Puthandu (Tamil New Year)",
    "2048-04-15": "Puthandu (Tamil New Year)",
    "2048-05-01": "Labour Day",
    "2048-05-24": "Feast of Pentecost",
    "2048-07-12": "Eid ul-Fitr (estimated)",
    "2048-07-13": "Eid ul-Fitr (estimated)",
    "2048-08-15": "Independence Day",
    "2048-09-19": "Eid al-Adha (estimated)",
    "2048-09-20": "Eid al-Adha (estimated)",
    "2048-10-02": "Gandhi Jayanti",
    "2048-10-18": "Day of Ashura (estimated)",
    "2048-12-18": "Mawlid (estimated)",
    "2048-12-25": "Christmas Day",
    "2049-01-14": "Makar Sankranti / Pongal",
    "2049-01-26": "Republic Day",
    "2049-04-11": "Palm Sunday",
    "2049-04-14": "Dr. B. R. Ambedkar's Jayanti; Puthandu (Tamil New Year)",
    "2049-04-15": "Puthandu (Tamil New Year)",
    "2049-04-16": "Good Friday",
    "2049-04-18": "Easter Sunday",
    "2049-05-01": "Labour Day",
    "2049-06-06": "Feast of Pentecost",
    "2049-07-01": "Eid ul-Fitr (estimated)",
    "2049-07-02": "Eid ul-Fitr (estimated)",
    "2049-08-15": "Independence Day",
    "2049-09-08": "Eid al-Adha (estimated)",
    "2049-09-09": "Eid al-Adha (estimated)",
    "2049-10-02": "Gandhi Jayanti",
    "2049-10-07": "Day of Ashura (estimated)",
    "2049-12-07": "Mawlid (estimated)",
    "2049-12-25": "Christmas Day",
    "2050-01-14": "Makar Sankranti / Pongal",
    "2050-01-26": "Republic Day",
    "2050-04-03": "Palm Sunday",
    "2050-04-08": "Good Friday",
    "2050-04-10": "Easter Sunday",
    "2050-04-14": "Dr. B. R. Ambedkar's Jayanti; Puthandu (Tamil New Year)",
    "2050-04-15": "Puthandu (Tamil New Year)",
    "2050-05-01": "Labour Day",
    "2050-05-29": "Feast of Pentecost",
    "2050-06-20": "Eid ul-Fitr (estimated)",
    "2050-06-21": "Eid ul-Fitr (estimated)",
    "2050-08-15": "Independence Day",
    "2050-08-28": "Eid al-Adha (estimated)",
    "2050-08-29": "Eid al-Adha (estimated)",
    "2050-09-26": "Day of Ashura (estimated)",
    "2050-10-02": "Gandhi Jayanti",
    "2050-11-26": "Mawlid (estimated)",
    "2050-12-25": "Christmas Day"
}
