{
    "1980-01-08": "Arbaeen (estimated)",
    "1980-01-16": "Death of Prophet Muhammad and Martyrdom of Hasan ibn Ali (estimated)",
    "1980-01-18": "Martyrdom of Ali al-Rida (estimated)",
    "1980-01-26": "Martyrdom of Hasan al-Askari (estimated)",
    "1980-02-04": "Birthday of Muhammad and Imam Ja'far al-Sadiq (estimated)",
    "1980-02-11": "Islamic Revolution Day",
    "1980-03-19": "Iranian Oil Industry Nationalization Day",
    "1980-03-20": "Last Day of Year",
    "1980-03-21": "Nowruz",
    "1980-03-22": "Nowruz Holiday",
    "1980-03-23": "Nowruz Holiday",
    "1980-03-24": "Nowruz Holiday",
    "1980-04-01": "Islamic Republic Day",
    "1980-04-02": "Nature's Day",
    "1980-04-18": "Martyrdom of Fatima (estimated)",
    "1980-05-27": "Birthday of Imam Ali (estimated)",
    "1980-06-04": "Death of Imam Khomeini",
    "1980-06-05": "Khordad National Uprising",
    "1980-06-10": "Isra' and Mi'raj (estimated)",
    "1980-06-28": "Birthday of Mahdi (estimated)",
    "1980-08-02": "Martyrdom of Imam Ali (estimated)",
    "1980-08-12": "Eid al-Fitr (estimated)",
    "1980-08-13": "Eid al-Fitr Holiday (estimated)",
    "1980-09-05": "Martyrdom of Imam Ja'far al-Sadiq (estimated)",
    "1980-10-19": "Eid al-Adha (estimated)",
    "1980-10-27": "Eid al-Ghadeer (estimated)",
    "1980-11-17": "Tasua (estimated)",
    "1980-11-18": "Ashura (estimated)",
    "1980-12-27": "Arbaeen (estimated)",
    "1981-01-04": "Death of Prophet Muhammad and Martyrdom of Hasan ibn Ali (estimated)",
    "1981-01-06": "Martyrdom of Ali al-Rida (estimated)",
    "1981-01-14": "Martyrdom of Hasan al-Askari (estimated)",
    "1981-01-23": "Birthday of Muhammad and Imam Ja'far al-Sadiq (estimated)",
    "1981-02-11": "Islamic Revolution Day",
    "1981-03-20": "Iranian Oil Industry Nationalization Day",
    "1981-03-21": "Nowruz",
    "1981-03-22": "Nowruz Holiday",
    "1981-03-23": "Nowruz Holiday",
    "1981-03-24": "Nowruz Holiday",
    "1981-04-01": "Islamic Republic Day",
    "1981-04-02": "Nature's Day",
    "1981-04-07": "Martyrdom of Fatima (estimated)",
    "1981-05-17": "Birthday of Imam Ali (estimated)",
    "1981-05-31": "Isra' and Mi'raj (estimated)",
    "1981-06-04": "Death of Imam Khomeini",
    "1981-06-05": "Khordad National Uprising",
    "1981-06-17": "Birthday of Mahdi (estimated)",
    "1981-07-22": "Martyrdom of Imam Ali (estimated)",
    "1981-08-01": "Eid al-Fitr (estimated)",
    "1981-08-02": "Eid al-Fitr Holiday (estimated)",
    "1981-08-25": "Martyrdom of Imam Ja'far al-Sadiq (estimated)",
    "1981-10-08": "Eid al-Adha (estimated)",
    "1981-10-16": "Eid al-Ghadeer (estimated)",
    "1981-11-05": "Tasua (estimated)",
    "1981-11-06": "Ashura (estimated)",
    "1981-12-16": "Arbaeen (estimated)",
    "1981-12-24": "Death of Prophet Muhammad and Martyrdom of Hasan ibn Ali (estimated)",
    "1981-12-26": "Martyrdom of Ali al-Rida (estimated)",
    "1982-01-03": "Martyrdom of Hasan al-Askari (estimated)",
    "1982-01-12": "Birthday of Muhammad and Imam Ja'far al-Sadiq (estimated)",
    "1982-02-11": "Islamic Revolution Day",
    "1982-03-20": "Iranian Oil Industry Nationalization Day",
    "1982-03-21": "Nowruz",
    "1982-03-22": "Nowruz Holiday",
    "1982-03-23": "Nowruz Holiday",
    "1982-03-24": "Nowruz Holiday",
    "1982-03-28": "Martyrdom of Fatima (estimated)",
    "1982-04-01": "Islamic Republic Day",
    "1982-04-02": "Nature's Day",
    "1982-05-06": "Birthday of Imam Ali (estimated)",
    "1982-05-20": "Isra' and Mi'raj (estimated)",
    "1982-06-04": "Death of Imam Khomeini",
    "1982-06-05": "Khordad National Uprising",
    "1982-06-07": "Birthday of Mahdi (estimated)",
    "1982-07-12": "Martyrdom of Imam Ali (estimated)",
    "1982-07-21": "Eid al-Fitr (estimated)",
    "1982-07-22": "Eid al-Fitr Holiday (estimated)",
    "1982-08-14": "Martyrdom of Imam Ja'far al-Sadiq (estimated)",
    "1982-09-27": "Eid al-Adha (estimated)",
    "1982-10-05": "Eid al-Ghadeer (estimated)",
    "1982-10-26": "Tasua (estimated)",
    "1982-10-27": "Ashura (estimated)",
    "1982-12-05": "Arbaeen (estimated)",
    "1982-12-13": "Death of Prophet Muhammad and Martyrdom of Hasan ibn Ali (estimated)",
    "1982-12-15": "Martyrdom of Ali al-Rida (estimated)",
    "1982-12-23": "Martyrdom of Hasan al-Askari (estimated)",
    "1983-01-01": "Birthday of Muhammad and Imam Ja'far al-Sadiq (estimated)",
    "1983-02-11": "Islamic Revolution Day",
    "1983-03-17": "Martyrdom of Fatima (estimated)",
    "1983-03-20": "Iranian Oil Industry Nationalization Day",
    "1983-03-21": "Nowruz",
    "1983-03-22": "Nowruz Holiday",
    "1983-03-23": "Nowruz Holiday",
    "1983-03-24": "Nowruz Holiday",
    "1983-04-01": "Islamic Republic Day",
    "1983-04-02": "Nature's Day",
    "1983-04-26": "Birthday of Imam Ali (estimated)",
    "1983-05-10": "Isra' and Mi'raj (estimated)",
    "1983-05-27": "Birthday of Mahdi (estimated)",
    "1983-06-04": "Death of Imam Khomeini",
    "1983-06-05": "Khordad National Uprising",
    "1983-07-02": "Martyrdom of Imam Ali (estimated)",
    "1983-07-11": "Eid al-Fitr (estimated)",
    "1983-07-12": "Eid al-Fitr Holiday (estimated)",
    "1983-08-04": "Martyrdom of Imam Ja'far al-Sadiq (estimated)",
    "1983-09-17": "Eid al-Adha (estimated)",
    "1983-09-25": "Eid al-Ghadeer (estimated)",
    "1983-10-15": "Tasua (estimated)",
    "1983-10-16": "Ashura (estimated)",
    "1983-11-24": "Arbaeen (estimated)",
    "1983-12-02": "Death of Prophet Muhammad and Martyrdom of Hasan ibn Ali (estimated)",
    "1983-12-04": "Martyrdom of Ali al-Rida (estimated)",
    "1983-12-12": "Martyrdom of Hasan al-Askari (estimated)",
    "1983-12-21": "Birthday of Muhammad and Imam Ja'far al-Sadiq (estimated)",
    "1984-02-11": "Islamic Revolution Day",
    "1984-03-05": "Martyrdom of Fatima (estimated)",
    "1984-03-19": "Iranian Oil Industry Nationalization Day",
    "1984-03-20": "Last Day of Year",
    "1984-03-21": "Nowruz",
    "1984-03-22": "Nowruz Holiday",
    "1984-03-23": "Nowruz Holiday",
    "1984-03-24": "Nowruz Holiday",
    "1984-04-01": "Islamic Republic Day",
    "1984-04-02": "Nature's Day",
    "1984-04-14": "Birthday of Imam Ali (estimated)",
    "1984-04-28": "Isra' and Mi'raj (estimated)",
    "1984-05-16": "Birthday of Mahdi (estimated)",
    "1984-06-04": "Death of Imam Khomeini",
    "1984-06-05": "Khordad National Uprising",
    "1984-06-20": "Martyrdom of Imam Ali (estimated)",
    "1984-06-30": "Eid al-Fitr (estimated)",
    "1984-07-01": "Eid al-Fitr Holiday (estimated)",
    "1984-07-24": "Martyrdom of Imam Ja'far al-Sadiq (estimated)",
    "1984-09-05": "Eid al-Adha (estimated)",
    "1984-09-13": "Eid al-Ghadeer (estimated)",
    "1984-10-04": "Tasua (estimated)",
    "1984-10-05": "Ashura (estimated)",
    "1984-11-13": "Arbaeen (estimated)",
    "1984-11-21": "Death of Prophet Muhammad and Martyrdom of Hasan ibn Ali (estimated)",
    "1984-11-22": "Martyrdom of Ali al-Rida (estimated)",
    "1984-11-30": "Martyrdom of Hasan al-Askari (estimated)",
    "1984-12-09": "Birthday of Muhammad and Imam Ja'far al-Sadiq (estimated)",
    "1985-02-11": "Islamic Revolution Day",
    "1985-02-22": "Martyrdom of Fatima (estimated)",
    "1985-03-20": "Iranian Oil Industry Nationalization Day",
    "1985-03-21": "Nowruz",
    "1985-03-22": "Nowruz Holiday",
    "1985-03-23": "Nowruz Holiday",
    "1985-03-24": "Nowruz Holiday",
    "1985-04-01": "Islamic Republic Day",
    "1985-04-02": "Nature's Day",
    "1985-04-03": "Birthday of Imam Ali (estimated)",
    "1985-04-17": "Isra' and Mi'raj (estimated)",
    "1985-05-05": "Birthday of Mahdi (estimated)",
    "1985-06-04": "Death of Imam Khomeini",
    "1985-06-05": "Khordad National Uprising",
    "1985-06-09": "Martyrdom of Imam Ali (estimated)",
    "1985-06-19": "Eid al-Fitr (estimated)",
    "1985-06-20": "Eid al-Fitr Holiday (estimated)",
    "1985-07-13": "Martyrdom of Imam Ja'far al-Sadiq (estimated)",
    "1985-08-26": "Eid al-Adha (estimated)",
    "1985-09-03": "Eid al-Ghadeer (estimated)",
    "1985-09-23": "Tasua (estimated)",
    "1985-09-24": "Ashura (estimated)",
    "1985-11-03": "Arbaeen (estimated)",
    "1985-11-11": "Death of Prophet Muhammad and Martyrdom of Hasan ibn Ali (estimated)",
    "1985-11-12": "Martyrdom of Ali al-Rida (estimated)",
    "1985-11-20": "Martyrdom of Hasan al-Askari (estimated)",
    "1985-11-29": "Birthday of Muhammad and Imam Ja'far al-Sadiq (estimated)",
    "1986-02-11": "Islamic Revolution Day",
    "1986-02-12": "Martyrdom of Fatima (estimated)",
    "1986-03-20": "Iranian Oil Industry Nationalization Day",
    "1986-03-21": "Nowruz",
    "1986-03-22": "Nowruz Holiday",
    "1986-03-23": "Birthday of Imam Ali (estimated); Nowruz Holiday",
    "1986-03-24": "Nowruz Holiday",
    "1986-04-01": "Islamic Republic Day",
    "1986-04-02": "Nature's Day",
    "1986-04-06": "Isra' and Mi'raj (estimated)",
    "1986-04-24": "Birthday of Mahdi (estimated)",
    "1986-05-29": "Martyrdom of Imam Ali (estimated)",
    "1986-06-04": "Death of Imam Khomeini",
    "1986-06-05": "Khordad National Uprising",
    "1986-06-08": "Eid al-Fitr (estimated)",
    "1986-06-09": "Eid al-Fitr Holiday (estimated)",
    "1986-07-02": "Martyrdom of Imam Ja'far al-Sadiq (estimated)",
    "1986-08-15": "Eid al-Adha (estimated)",
    "1986-08-23": "Eid al-Ghadeer (estimated)",
    "1986-09-13": "Tasua (estimated)",
    "1986-09-14": "Ashura (estimated)",
    "1986-10-23": "Arbaeen (estimated)",
    "1986-10-31": "Death of Prophet Muhammad and Martyrdom of Hasan ibn Ali (estimated)",
    "1986-11-02": "Martyrdom of Ali al-Rida (estimated)",
    "1986-11-10": "Martyrdom of Hasan al-Askari (estimated)",
    "1986-11-19": "Birthday of Muhammad and Imam Ja'far al-Sadiq (estimated)",
    "1987-02-01": "Martyrdom of Fatima (estimated)",
    "1987-02-11": "Islamic Revolution Day",
    "1987-03-13": "Birthday of Imam Ali (estimated)",
    "1987-03-20": "Iranian Oil Industry Nationalization Day",
    "1987-03-21": "Nowruz",
    "1987-03-22": "Nowruz Holiday",
    "1987-03-23": "Nowruz Holiday",
    "1987-03-24": "Nowruz Holiday",
    "1987-03-27": "Isra' and Mi'raj (estimated)",
    "1987-04-01": "Islamic Republic Day",
    "1987-04-02": "Nature's Day",
    "1987-04-13": "Birthday of Mahdi (estimated)",
    "1987-05-19": "Martyrdom of Imam Ali (estimated)",
    "1987-05-28": "Eid al-Fitr (estimated)",
    "1987-05-29": "Eid al-Fitr Holiday (estimated)",
    "1987-06-04": "Death of Imam Khomeini",
    "1987-06-05": "Khordad National Uprising",
    "1987-06-21": "Martyrdom of Imam Ja'far al-Sadiq (estimated)",
    "1987-08-04": "Eid al-Adha (estimated)",
    "1987-08-12": "Eid al-Ghadeer (estimated)",
    "1987-09-02": "Tasua (estimated)",
    "1987-09-03": "Ashura (estimated)",
    "1987-10-13": "Arbaeen (estimated)",
    "1987-10-21": "Death of Prophet Muhammad and Martyrdom of Hasan ibn Ali (estimated)",
    "1987-10-22": "Martyrdom of Ali al-Rida (estimated)",
    "1987-10-30": "Martyrdom of Hasan al-Askari (estimated)",
    "1987-11-08": "Birthday of Muhammad and Imam Ja'far al-Sadiq (estimated)",
    "1988-01-22": "Martyrdom of Fatima (estimated)",
    "1988-02-11": "Islamic Revolution Day",
    "1988-03-01": "Birthday of Imam Ali (estimated)",
    "1988-03-15": "Isra' and Mi'raj (estimated)",
    "1988-03-19": "Iranian Oil Industry Nationalization Day",
    "1988-03-20": "Last Day of Year",
    "1988-03-21": "Nowruz",
    "1988-03-22": "Nowruz Holiday",
    "1988-03-23": "Nowruz Holiday",
    "1988-03-24": "Nowruz Holiday",
    "1988-04-01": "Islamic Republic Day",
    "1988-04-02": "Birthday of Mahdi (estimated); Nature's Day",
    "1988-05-07": "Martyrdom of Imam Ali (estimated)",
    "1988-05-16": "Eid al-Fitr (estimated)",
    "1988-05-17": "Eid al-Fitr Holiday (estimated)",
    "1988-06-04": "Death of Imam Khomeini",
    "1988-06-05": "Khordad National Uprising",
    "1988-06-09": "Martyrdom of Imam Ja'far al-Sadiq (estimated)",
    "1988-07-23": "Eid al-Adha (estimated)",
    "1988-07-31": "Eid al-Ghadeer (estimated)",
    "1988-08-21": "Tasua (estimated)",
    "1988-08-22": "Ashura (estimated)",
    "1988-10-01": "Arbaeen (estimated)",
    "1988-10-09": "Death of Prophet Muhammad and Martyrdom of Hasan ibn Ali (estimated)",
    "1988-10-10": "Martyrdom of Ali al-Rida (estimated)",
    "1988-10-18": "Martyrdom of Hasan al-Askari (estimated)",
    "1988-10-27": "Birthday of Muhammad and Imam Ja'far al-Sadiq (estimated)",
    "1989-01-10": "Martyrdom of Fatima (estimated)",
    "1989-02-11": "Islamic Revolution Day",
    "1989-02-19": "Birthday of Imam Ali (estimated)",
    "1989-03-05": "Isra' and Mi'raj (estimated)",
    "1989-03-20": "Iranian Oil Industry Nationalization Day",
    "1989-03-21": "Nowruz",
    "1989-03-22": "Birthday of Mahdi (estimated); Nowruz Holiday",
    "1989-03-23": "Nowruz Holiday",
    "1989-03-24": "Nowruz Holiday",
    "1989-04-01": "Islamic Republic Day",
    "1989-04-02": "Nature's Day",
    "1989-04-27": "Martyrdom of Imam Ali (estimated)",
    "1989-05-06": "Eid al-Fitr (estimated)",
    "1989-05-07": "Eid al-Fitr Holiday (estimated)",
    "1989-05-30": "Martyrdom of Imam Ja'far al-Sadiq (estimated)",
    "1989-06-04": "Death of Imam Khomeini",
    "1989-06-05": "Khordad National Uprising",
    "1989-07-13": "Eid al-Adha (estimated)",
    "1989-07-21": "Eid al-Ghadeer (estimated)",
    "1989-08-10": "Tasua (estimated)",
    "1989-08-11": "Ashura (estimated)",
    "1989-09-20": "Arbaeen (estimated)",
    "1989-09-28": "Death of Prophet Muhammad and Martyrdom of Hasan ibn Ali (estimated)",
    "1989-09-29": "Martyrdom of Ali al-Rida (estimated)",
    "1989-10-07": "Martyrdom of Hasan al-Askari (estimated)",
    "1989-10-16": "Birthday of Muhammad and Imam Ja'far al-Sadiq (estimated)",
    "1989-12-31": "Martyrdom of Fatima (estimated)",
    "1990-02-08": "Birthday of Imam Ali (estimated)",
    "1990-02-11": "Islamic Revolution Day",
    "1990-02-22": "Isra' and Mi'raj (estimated)",
    "1990-03-12": "Birthday of Mahdi (estimated)",
    "1990-03-20": "Iranian Oil Industry Nationalization Day",
    "1990-03-21": "Nowruz",
    "1990-03-22": "Nowruz Holiday",
    "1990-03-23": "Nowruz Holiday",
    "1990-03-24": "Nowruz Holiday",
    "1990-04-01": "Islamic Republic Day",
    "1990-04-02": "Nature's Day",
    "1990-04-16": "Martyrdom of Imam Ali (estimated)",
    "1990-04-26": "Eid al-Fitr (estimated)",
    "1990-04-27": "Eid al-Fitr Holiday (estimated)",
    "1990-05-20": "Martyrdom of Imam Ja'far al-Sadiq (estimated)",
    "1990-06-04": "Death of Imam Khomeini",
    "1990-06-05": "Khordad National Uprising",
    "1990-07-02": "Eid al-Adha (estimated)",
    "1990-07-10": "Eid al-Ghadeer (estimated)",
    "1990-07-31": "Tasua (estimated)",
    "1990-08-01": "Ashura (estimated)",
    "1990-09-09": "Arbaeen (estimated)",
    "1990-09-17": "Death of Prophet Muhammad and Martyrdom of Hasan ibn Ali (estimated)",
    "1990-09-19": "Martyrdom of Ali al-Rida (estimated)",
    "1990-09-27": "Martyrdom of Hasan al-Askari (estimated)",
    "1990-10-06": "Birthday of Muhammad and Imam Ja'far al-Sadiq (estimated)",
    "1990-12-20": "Martyrdom of Fatima (estimated)",
    "1991-01-28": "Birthday of Imam Ali (estimated)",
    "1991-02-11": "Islamic Revolution Day; Isra' and Mi'raj (estimated)",
    "1991-03-01": "Birthday of Mahdi (estimated)",
    "1991-03-20": "Iranian Oil Industry Nationalization Day",
    "1991-03-21": "Nowruz",
    "1991-03-22": "Nowruz Holiday",
    "1991-03-23": "Nowruz Holiday",
    "1991-03-24": "Nowruz Holiday",
    "1991-04-01": "Islamic Republic Day",
    "1991-04-02": "Nature's Day",
    "1991-04-06": "Martyrdom of Imam Ali (estimated)",
    "1991-04-15": "Eid al-Fitr (estimated)",
    "1991-04-16": "Eid al-Fitr Holiday (estimated)",
    "1991-05-09": "Martyrdom of Imam Ja'far al-Sadiq (estimated)",
    "1991-06-04": "Death of Imam Khomeini",
    "1991-06-05": "Khordad National Uprising",
    "1991-06-22": "Eid al-Adha (estimated)",
    "1991-06-30": "Eid al-Ghadeer (estimated)",
    "1991-07-20": "Tasua (estimated)",
    "1991-07-21": "Ashura (estimated)",
    "1991-08-30": "Arbaeen (estimated)",
    "1991-09-07": "Death of Prophet Muhammad and Martyrdom of Hasan ibn Ali (estimated)",
    "1991-09-08": "Martyrdom of Ali al-Rida (estimated)",
    "1991-09-16": "Martyrdom of Hasan al-Askari (estimated)",
    "1991-09-25": "Birthday of Muhammad and Imam Ja'far al-Sadiq (estimated)",
    "1991-12-09": "Martyrdom of Fatima (estimated)",
    "1992-01-17": "Birthday of Imam Ali (estimated)",
    "1992-01-31": "Isra' and Mi'raj (estimated)",
    "1992-02-11": "Islamic Revolution Day",
    "1992-02-18": "Birthday of Mahdi (estimated)",
    "1992-03-19": "Iranian Oil Industry Nationalization Day",
    "1992-03-20": "Last Day of Year",
    "1992-03-21": "Nowruz",
    "1992-03-22": "Nowruz Holiday",
    "1992-03-23": "Nowruz Holiday",
    "1992-03-24": "Nowruz Holiday",
    "1992-03-25": "Martyrdom of Imam Ali (estimated)",
    "1992-04-01": "Islamic Republic Day",
    "1992-04-02": "Nature's Day",
    "1992-04-04": "Eid al-Fitr (estimated)",
    "1992-04-05": "Eid al-Fitr Holiday (estimated)",
    "1992-04-28": "Martyrdom of Imam Ja'far al-Sadiq (estimated)",
    "1992-06-04": "Death of Imam Khomeini",
    "1992-06-05": "Khordad National Uprising",
    "1992-06-11": "Eid al-Adha (estimated)",
    "1992-06-19": "Eid al-Ghadeer (estimated)",
    "1992-07-09": "Tasua (estimated)",
    "1992-07-10": "Ashura (estimated)",
    "1992-08-18": "Arbaeen (estimated)",
    "1992-08-26": "Death of Prophet Muhammad and Martyrdom of Hasan ibn Ali (estimated)",
    "1992-08-28": "Martyrdom of Ali al-Rida (estimated)",
    "1992-09-05": "Martyrdom of Hasan al-Askari (estimated)",
    "1992-09-14": "Birthday of Muhammad and Imam Ja'far al-Sadiq (estimated)",
    "1992-11-27": "Martyrdom of Fatima (estimated)",
    "1993-01-06": "Birthday of Imam Ali (estimated)",
    "1993-01-20": "Isra' and Mi'raj (estimated)",
    "1993-02-06": "Birthday of Mahdi (estimated)",
    "1993-02-11": "Islamic Revolution Day",
    "1993-03-14": "Martyrdom of Imam Ali (estimated)",
    "1993-03-20": "Iranian Oil Industry Nationalization Day",
    "1993-03-21": "Nowruz",
    "1993-03-22": "Nowruz Holiday",
    "1993-03-23": "Nowruz Holiday",
    "1993-03-24": "Eid al-Fitr (estimated); Nowruz Holiday",
    "1993-03-25": "Eid al-Fitr Holiday (estimated)",
    "1993-04-01": "Islamic Republic Day",
    "1993-04-02": "Nature's Day",
    "1993-04-17": "Martyrdom of Imam Ja'far al-Sadiq (estimated)",
    "1993-05-31": "Eid al-Adha (estimated)",
    "1993-06-04": "Death of Imam Khomeini",
    "1993-06-05": "Khordad National Uprising",
    "1993-06-08": "Eid al-Ghadeer (estimated)",
    "1993-06-29": "Tasua (estimated)",
    "1993-06-30": "Ashura (estimated)",
    "1993-08-08": "Arbaeen (estimated)",
    "1993-08-16": "Death of Prophet Muhammad and Martyrdom of Hasan ibn Ali (estimated)",
    "1993-08-17": "Martyrdom of Ali al-Rida (estimated)",
    "1993-08-25": "Martyrdom of Hasan al-Askari (estimated)",
    "1993-09-03": "Birthday of Muhammad and Imam Ja'far al-Sadiq (estimated)",
    "1993-11-16": "Martyrdom of Fatima (estimated)",
    "1993-12-26": "Birthday of Imam Ali (estimated)",
    "1994-01-09": "Isra' and Mi'raj (estimated)",
    "1994-01-26": "Birthday of Mahdi (estimated)",
    "1994-02-11": "Islamic Revolution Day",
    "1994-03-03": "Martyrdom of Imam Ali (estimated)",
    "1994-03-13": "Eid al-Fitr (estimated)",
    "1994-03-14": "Eid al-Fitr Holiday (estimated)",
    "1994-03-20": "Iranian Oil Industry Nationalization Day",
    "1994-03-21": "Nowruz",
    "1994-03-22": "Nowruz Holiday",
    "1994-03-23": "Nowruz Holiday",
    "1994-03-24": "Nowruz Holiday",
    "1994-04-01": "Islamic Republic Day",
    "1994-04-02": "Nature's Day",
    "1994-04-06": "Martyrdom of Imam Ja'far al-Sadiq (estimated)",
    "1994-05-20": "Eid al-Adha (estimated)",
    "1994-05-28": "Eid al-Ghadeer (estimated)",
    "1994-06-04": "Death of Imam Khomeini",
    "1994-06-05": "Khordad National Uprising",
    "1994-06-18": "Tasua (estimated)",
    "1994-06-19": "Ashura (estimated)",
    "1994-07-28": "Arbaeen (estimated)",
    "1994-08-05": "Death of Prophet Muhammad and Martyrdom of Hasan ibn Ali (estimated)",
    "1994-08-07": "Martyrdom of Ali al-Rida (estimated)",
    "1994-08-15": "Martyrdom of Hasan al-Askari (estimated)",
    "1994-08-24": "Birthday of Muhammad and Imam Ja'far al-Sadiq (estimated)",
    "1994-11-06": "Martyrdom of Fatima (estimated)",
    "1994-12-15": "Birthday of Imam Ali (estimated)",
    "1994-12-29": "Isra' and Mi'raj (estimated)",
    "1995-01-16": "Birthday of Mahdi (estimated)",
    "1995-02-11": "Islamic Revolution Day",
    "1995-02-20": "Martyrdom of Imam Ali (estimated)",
    "1995-03-02": "Eid al-Fitr (estimated)",
    "1995-03-03": "Eid al-Fitr Holiday (estimated)",
    "1995-03-20": "Iranian Oil Industry Nationalization Day",
    "1995-03-21": "Nowruz",
    "1995-03-22": "Nowruz Holiday",
    "1995-03-23": "Nowruz Holiday",
    "1995-03-24": "Nowruz Holiday",
    "1995-03-26": "Martyrdom of Imam Ja'far al-Sadiq (estimated)",
    "1995-04-01": "Islamic Republic Day",
    "1995-04-02": "Nature's Day",
    "1995-05-09": "Eid al-Adha (estimated)",
    "1995-05-17": "Eid al-Ghadeer (estimated)",
    "1995-06-04": "Death of Imam Khomeini",
    "1995-06-05": "Khordad National Uprising",
    "1995-06-07": "Tasua (estimated)",
    "1995-06-08": "Ashura (estimated)",
    "1995-07-18": "Arbaeen (estimated)",
    "1995-07-26": "Death of Prophet Muhammad and Martyrdom of Hasan ibn Ali (estimated)",
    "1995-07-27": "Martyrdom of Ali al-Rida (estimated)",
    "1995-08-04": "Martyrdom of Hasan al-Askari (estimated)",
    "1995-08-13": "Birthday of Muhammad and Imam Ja'far al-Sadiq (estimated)",
    "1995-10-27": "Martyrdom of Fatima (estimated)",
    "1995-12-05": "Birthday of Imam Ali (estimated)",
    "1995-12-19": "Isra' and Mi'raj (estimated)",
    "1996-01-06": "Birthday of Mahdi (estimated)",
    "1996-02-10": "Martyrdom of Imam Ali (estimated)",
    "1996-02-11": "Islamic Revolution Day",
    "1996-02-19": "Eid al-Fitr (estimated)",
    "1996-02-20": "Eid al-Fitr Holiday (estimated)",
    "1996-03-14": "Martyrdom of Imam Ja'far al-Sadiq (estimated)",
    "1996-03-19": "Iranian Oil Industry Nationalization Day",
    "1996-03-20": "Nowruz",
    "1996-03-21": "Nowruz Holiday",
    "1996-03-22": "Nowruz Holiday",
    "1996-03-23": "Nowruz Holiday",
    "1996-03-31": "Islamic Republic Day",
    "1996-04-01": "Nature's Day",
    "1996-04-27": "Eid al-Adha (estimated)",
    "1996-05-05": "Eid al-Ghadeer (estimated)",
    "1996-05-26": "Tasua (estimated)",
    "1996-05-27": "Ashura (estimated)",
    "1996-06-03": "Death of Imam Khomeini",
    "1996-06-04": "Khordad National Uprising",
    "1996-07-06": "Arbaeen (estimated)",
    "1996-07-14": "Death of Prophet Muhammad and Martyrdom of Hasan ibn Ali (estimated)",
    "1996-07-15": "Martyrdom of Ali al-Rida (estimated)",
    "1996-07-23": "Martyrdom of Hasan al-Askari (estimated)",
    "1996-08-01": "Birthday of Muhammad and Imam Ja'far al-Sadiq (estimated)",
    "1996-10-15": "Martyrdom of Fatima (estimated)",
    "1996-11-24": "Birthday of Imam Ali (estimated)",
    "1996-12-08": "Isra' and Mi'raj (estimated)",
    "1996-12-25": "Birthday of Mahdi (estimated)",
    "1997-01-30": "Martyrdom of Imam Ali (estimated)",
    "1997-02-08": "Eid al-Fitr (estimated)",
    "1997-02-09": "Eid al-Fitr Holiday (estimated)",
    "1997-02-10": "Islamic Revolution Day",
    "1997-03-04": "Martyrdom of Imam Ja'far al-Sadiq (estimated)",
    "1997-03-19": "Iranian Oil Industry Nationalization Day",
    "1997-03-20": "Last Day of Year",
    "1997-03-21": "Nowruz",
    "1997-03-22": "Nowruz Holiday",
    "1997-03-23": "Nowruz Holiday",
    "1997-03-24": "Nowruz Holiday",
    "1997-04-01": "Islamic Republic Day",
    "1997-04-02": "Nature's Day",
    "1997-04-17": "Eid al-Adha (estimated)",
    "1997-04-25": "Eid al-Ghadeer (estimated)",
    "1997-05-15": "Tasua (estimated)",
    "1997-05-16": "Ashura (estimated)",
    "1997-06-04": "Death of Imam Khomeini",
    "1997-06-05": "Khordad National Uprising",
    "1997-06-25": "Arbaeen (estimated)",
    "1997-07-03": "Death of Prophet Muhammad and Martyrdom of Hasan ibn Ali (estimated)",
    "1997-07-04": "Martyrdom of Ali al-Rida (estimated)",
    "1997-07-12": "Martyrdom of Hasan al-Askari (estimated)",
    "1997-07-21": "Birthday of Muhammad and Imam Ja'far al-Sadiq (estimated)",
    "1997-10-04": "Martyrdom of Fatima (estimated)",
    "1997-11-13": "Birthday of Imam Ali (estimated)",
    "1997-11-27": "Isra' and Mi'raj (estimated)",
    "1997-12-15": "Birthday of Mahdi (estimated)",
    "1998-01-19": "Martyrdom of Imam Ali (estimated)",
    "1998-01-29": "Eid al-Fitr (estimated)",
    "1998-01-30": "Eid al-Fitr Holiday (estimated)",
    "1998-02-11": "Islamic Revolution Day",
    "1998-02-22": "Martyrdom of Imam Ja'far al-Sadiq (estimated)",
    "1998-03-20": "Iranian Oil Industry Nationalization Day",
    "1998-03-21": "Nowruz",
    "1998-03-22": "Nowruz Holiday",
    "1998-03-23": "Nowruz Holiday",
    "1998-03-24": "Nowruz Holiday",
    "1998-04-01": "Islamic Republic Day",
    "1998-04-02": "Nature's Day",
    "1998-04-07": "Eid al-Adha (estimated)",
    "1998-04-15": "Eid al-Ghadeer (estimated)",
    "1998-05-05": "Tasua (estimated)",
    "1998-05-06": "Ashura (estimated)",
    "1998-06-04": "Death of Imam Khomeini",
    "1998-06-05": "Khordad National Uprising",
    "1998-06-14": "Arbaeen (estimated)",
    "1998-06-22": "Death of Prophet Muhammad and Martyrdom of Hasan ibn Ali (estimated)",
    "1998-06-24": "Martyrdom of Ali al-Rida (estimated)",
    "1998-07-02": "Martyrdom of Hasan al-Askari (estimated)",
    "1998-07-11": "Birthday of Muhammad and Imam Ja'far al-Sadiq (estimated)",
    "1998-09-23": "Martyrdom of Fatima (estimated)",
    "1998-11-02": "Birthday of Imam Ali (estimated)",
    "1998-11-16": "Isra' and Mi'raj (estimated)",
    "1998-12-04": "Birthday of Mahdi (estimated)",
    "1999-01-08": "Martyrdom of Imam Ali (estimated)",
    "1999-01-18": "Eid al-Fitr (estimated)",
    "1999-01-19": "Eid al-Fitr Holiday (estimated)",
    "1999-02-11": "Islamic Revolution Day; Martyrdom of Imam Ja'far al-Sadiq (estimated)",
    "1999-03-20": "Iranian Oil Industry Nationalization Day",
    "1999-03-21": "Nowruz",
    "1999-03-22": "Nowruz Holiday",
    "1999-03-23": "Nowruz Holiday",
    "1999-03-24": "Nowruz Holiday",
    "1999-03-27": "Eid al-Adha (estimated)",
    "1999-04-01": "Islamic Republic Day",
    "1999-04-02": "Nature's Day",
    "1999-04-04": "Eid al-Ghadeer (estimated)",
    "1999-04-25": "Tasua (estimated)",
    "1999-04-26": "Ashura (estimated)",
    "1999-06-04": "Arbaeen (estimated); Death of Imam Khomeini",
    "1999-06-05": "Khordad National Uprising",
    "1999-06-12": "Death of Prophet Muhammad and Martyrdom of Hasan ibn Ali (estimated)",
    "1999-06-14": "Martyrdom of Ali al-Rida (estimated)",
    "1999-06-22": "Martyrdom of Hasan al-Askari (estimated)",
    "1999-07-01": "Birthday of Muhammad and Imam Ja'far al-Sadiq (estimated)",
    "1999-09-13": "Martyrdom of Fatima (estimated)",
    "1999-10-22": "Birthday of Imam Ali (estimated)",
    "1999-11-05": "Isra' and Mi'raj (estimated)",
    "1999-11-23": "Birthday of Mahdi (estimated)",
    "1999-12-29": "Martyrdom of Imam Ali (estimated)",
    "2000-01-08": "Eid al-Fitr (estimated)",
    "2000-01-09": "Eid al-Fitr Holiday (estimated)",
    "2000-02-01": "Martyrdom of Imam Ja'far al-Sadiq (estimated)",
    "2000-02-11": "Islamic Revolution Day",
    "2000-03-16": "Eid al-Adha (estimated)",
    "2000-03-19": "Iranian Oil Industry Nationalization Day",
    "2000-03-20": "Nowruz",
    "2000-03-21": "Nowruz Holiday",
    "2000-03-22": "Nowruz Holiday",
    "2000-03-23": "Nowruz Holiday",
    "2000-03-24": "Eid al-Ghadeer (estimated)",
    "2000-03-31": "Islamic Republic Day",
    "2000-04-01": "Nature's Day",
    "2000-04-14": "Tasua (estimated)",
    "2000-04-15": "Ashura (estimated)",
    "2000-05-24": "Arbaeen (estimated)",
    "2000-06-01": "Death of Prophet Muhammad and Martyrdom of Hasan ibn Ali (estimated)",
    "2000-06-02": "Martyrdom of Ali al-Rida (estimated)",
    "2000-06-03": "Death of Imam Khomeini",
    "2000-06-04": "Khordad National Uprising",
    "2000-06-10": "Martyrdom of Hasan al-Askari (estimated)",
    "2000-06-19": "Birthday of Muhammad and Imam Ja'far al-Sadiq (estimated)",
    "2000-09-01": "Martyrdom of Fatima (estimated)",
    "2000-10-10": "Birthday of Imam Ali (estimated)",
    "2000-10-24": "Isra' and Mi'raj (estimated)",
    "2000-11-11": "Birthday of Mahdi (estimated)",
    "2000-12-17": "Martyrdom of Imam Ali (estimated)",
    "2000-12-27": "Eid al-Fitr (estimated)",
    "2000-12-28": "Eid al-Fitr Holiday (estimated)",
    "2001-01-20": "Martyrdom of Imam Ja'far al-Sadiq",
    "2001-02-10": "Islamic Revolution Day",
    "2001-03-06": "Eid al-Adha",
    "2001-03-14": "Eid al-Ghadeer",
    "2001-03-19": "Iranian Oil Industry Nationalization Day",
    "2001-03-20": "Last Day of Year",
    "2001-03-21": "Nowruz",
    "2001-03-22": "Nowruz Holiday",
    "2001-03-23": "Nowruz Holiday",
    "2001-03-24": "Nowruz Holiday",
    "2001-04-01": "Islamic Republic Day",
    "2001-04-02": "Nature's Day",
    "2001-04-04": "Tasua",
    "2001-04-05": "Ashura",
    "2001-05-14": "Arbaeen",
    "2001-05-22": "Death of Prophet Muhammad and Martyrdom of Hasan ibn Ali",
    "2001-05-24": "Martyrdom of Ali al-Rida",
    "2001-06-01": "Martyrdom of Hasan al-Askari",
    "2001-06-04": "Death of Imam Khomeini",
    "2001-06-05": "Khordad National Uprising",
    "2001-06-10": "Birthday of Muhammad and Imam Ja'far al-Sadiq",
    "2001-08-23": "Martyrdom of Fatima",
    "2001-10-01": "Birthday of Imam Ali",
    "2001-10-15": "Isra' and Mi'raj",
    "2001-11-01": "Birthday of Mahdi",
    "2001-12-07": "Martyrdom of Imam Ali",
    "2001-12-16": "Eid al-Fitr",
    "2001-12-17": "Eid al-Fitr Holiday",
    "2002-01-09": "Martyrdom of Imam Ja'far al-Sadiq",
    "2002-02-11": "Islamic Revolution Day",
    "2002-02-23": "Eid al-Adha",
    "2002-03-03": "Eid al-Ghadeer",
    "2002-03-20": "Iranian Oil Industry Nationalization Day",
    "2002-03-21": "Nowruz",
    "2002-03-22": "Nowruz Holiday",
    "2002-03-23": "Nowruz Holiday",
    "2002-03-24": "Nowruz Holiday; Tasua",
    "2002-03-25": "Ashura",
    "2002-04-01": "Islamic Republic Day",
    "2002-04-02": "Nature's Day",
    "2002-05-03": "Arbaeen",
    "2002-05-11": "Death of Prophet Muhammad and Martyrdom of Hasan ibn Ali",
    "2002-05-13": "Martyrdom of Ali al-Rida",
    "2002-05-21": "Martyrdom of Hasan al-Askari",
    "2002-05-30": "Birthday of Muhammad and Imam Ja'far al-Sadiq",
    "2002-06-04": "Death of Imam Khomeini",
    "2002-06-05": "Khordad National Uprising",
    "2002-08-12": "Martyrdom of Fatima",
    "2002-09-21": "Birthday of Imam Ali",
    "2002-10-05": "Isra' and Mi'raj",
    "2002-10-22": "Birthday of Mahdi",
    "2002-11-27": "Martyrdom of Imam Ali",
    "2002-12-06": "Eid al-Fitr",
    "2002-12-07": "Eid al-Fitr Holiday",
    "2002-12-30": "Martyrdom of Imam Ja'far al-Sadiq",
    "2003-02-11": "Islamic Revolution Day",
    "2003-02-12": "Eid al-Adha",
    "2003-02-20": "Eid al-Ghadeer",
    "2003-03-13": "Tasua",
    "2003-03-14": "Ashura",
    "2003-03-20": "Iranian Oil Industry Nationalization Day",
    "2003-03-21": "Nowruz",
    "2003-03-22": "Nowruz Holiday",
    "2003-03-23": "Nowruz Holiday",
    "2003-03-24": "Nowruz Holiday",
    "2003-04-01": "Islamic Republic Day",
    "2003-04-02": "Nature's Day",
    "2003-04-23": "Arbaeen",
    "2003-05-01": "Death of Prophet Muhammad and Martyrdom of Hasan ibn Ali",
    "2003-05-02": "Martyrdom of Ali al-Rida",
    "2003-05-10": "Martyrdom of Hasan al-Askari",
    "2003-05-19": "Birthday of Muhammad and Imam Ja'far al-Sadiq",
    "2003-06-04": "Death of Imam Khomeini",
    "2003-06-05": "Khordad National Uprising",
    "2003-08-02": "Martyrdom of Fatima",
    "2003-09-10": "Birthday of Imam Ali",
    "2003-09-24": "Isra' and Mi'raj",
    "2003-10-12": "Birthday of Mahdi",
    "2003-11-16": "Martyrdom of Imam Ali",
    "2003-11-26": "Eid al-Fitr",
    "2003-11-27": "Eid al-Fitr Holiday",
    "2003-12-20": "Martyrdom of Imam Ja'far al-Sadiq",
    "2004-02-02": "Eid al-Adha",
    "2004-02-10": "Eid al-Ghadeer",
    "2004-02-11": "Islamic Revolution Day",
    "2004-03-01": "Tasua",
    "2004-03-02": "Ashura",
    "2004-03-19": "Iranian Oil Industry Nationalization Day",
    "2004-03-20": "Nowruz",
    "2004-03-21": "Nowruz Holiday",
    "2004-03-22": "Nowruz Holiday",
    "2004-03-23": "Nowruz Holiday",
    "2004-03-31": "Islamic Republic Day",
    "2004-04-01": "Nature's Day",
    "2004-04-11": "Arbaeen",
    "2004-04-19": "Death of Prophet Muhammad and Martyrdom of Hasan ibn Ali",
    "2004-04-20": "Martyrdom of Ali al-Rida",
    "2004-04-28": "Martyrdom of Hasan al-Askari",
    "2004-05-07": "Birthday of Muhammad and Imam Ja'far al-Sadiq",
    "2004-06-03": "Death of Imam Khomeini",
    "2004-06-04": "Khordad National Uprising",
    "2004-07-21": "Martyrdom of Fatima",
    "2004-08-30": "Birthday of Imam Ali",
    "2004-09-13": "Isra' and Mi'raj",
    "2004-10-01": "Birthday of Mahdi",
    "2004-11-05": "Martyrdom of Imam Ali",
    "2004-11-14": "Eid al-Fitr",
    "2004-11-15": "Eid al-Fitr Holiday",
    "2004-12-08": "Martyrdom of Imam Ja'far al-Sadiq",
    "2005-01-21": "Eid al-Adha",
    "2005-01-29": "Eid al-Ghadeer",
    "2005-02-10": "Islamic Revolution Day",
    "2005-02-19": "Tasua",
    "2005-02-20": "Ashura",
    "2005-03-19": "Iranian Oil Industry Nationalization Day",
    "2005-03-20": "Last Day of Year",
    "2005-03-21": "Nowruz",
    "2005-03-22": "Nowruz Holiday",
    "2005-03-23": "Nowruz Holiday",
    "2005-03-24": "Nowruz Holiday",
    "2005-03-31": "Arbaeen",
    "2005-04-01": "Islamic Republic Day",
    "2005-04-02": "Nature's Day",
    "2005-04-08": "Death of Prophet Muhammad and Martyrdom of Hasan ibn Ali",
    "2005-04-09": "Martyrdom of Ali al-Rida",
    "2005-04-17": "Martyrdom of Hasan al-Askari",
    "2005-04-26": "Birthday of Muhammad and Imam Ja'far al-Sadiq",
    "2005-06-04": "Death of Imam Khomeini",
    "2005-06-05": "Khordad National Uprising",
    "2005-07-10": "Martyrdom of Fatima",
    "2005-08-19": "Birthday of Imam Ali",
    "2005-09-02": "Isra' and Mi'raj",
    "2005-09-20": "Birthday of Mahdi",
    "2005-10-25": "Martyrdom of Imam Ali",
    "2005-11-04": "Eid al-Fitr",
    "2005-11-05": "Eid al-Fitr Holiday",
    "2005-11-28": "Martyrdom of Imam Ja'far al-Sadiq",
    "2006-01-11": "Eid al-Adha",
    "2006-01-19": "Eid al-Ghadeer",
    "2006-02-08": "Tasua",
    "2006-02-09": "Ashura",
    "2006-02-11": "Islamic Revolution Day",
    "2006-03-20": "Iranian Oil Industry Nationalization Day",
    "2006-03-21": "Arbaeen; Nowruz",
    "2006-03-22": "Nowruz Holiday",
    "2006-03-23": "Nowruz Holiday",
    "2006-03-24": "Nowruz Holiday",
    "2006-03-29": "Death of Prophet Muhammad and Martyrdom of Hasan ibn Ali",
    "2006-03-30": "Martyrdom of Ali al-Rida",
    "2006-04-01": "Islamic Republic Day",
    "2006-04-02": "Nature's Day",
    "2006-04-07": "Martyrdom of Hasan al-Askari",
    "2006-04-16": "Birthday of Muhammad and Imam Ja'far al-Sadiq",
    "2006-06-04": "Death of Imam Khomeini",
    "2006-06-05": "Khordad National Uprising",
    "2006-06-29": "Martyrdom of Fatima",
    "2006-08-08": "Birthday of Imam Ali",
    "2006-08-22": "Isra' and Mi'raj",
    "2006-09-09": "Birthday of Mahdi",
    "2006-10-15": "Martyrdom of Imam Ali",
    "2006-10-24": "Eid al-Fitr",
    "2006-10-25": "Eid al-Fitr Holiday",
    "2006-11-17": "Martyrdom of Imam Ja'far al-Sadiq",
    "2006-12-31": "Eid al-Adha",
    "2007-01-08": "Eid al-Ghadeer",
    "2007-01-29": "Tasua",
    "2007-01-30": "Ashura",
    "2007-02-11": "Islamic Revolution Day",
    "2007-03-10": "Arbaeen",
    "2007-03-18": "Death of Prophet Muhammad and Martyrdom of Hasan ibn Ali",
    "2007-03-20": "Iranian Oil Industry Nationalization Day; Martyrdom of Ali al-Rida",
    "2007-03-21": "Nowruz",
    "2007-03-22": "Nowruz Holiday",
    "2007-03-23": "Nowruz Holiday",
    "2007-03-24": "Nowruz Holiday",
    "2007-03-28": "Martyrdom of Hasan al-Askari",
    "2007-04-01": "Islamic Republic Day",
    "2007-04-02": "Nature's Day",
    "2007-04-06": "Birthday of Muhammad and Imam Ja'far al-Sadiq",
    "2007-06-04": "Death of Imam Khomeini",
    "2007-06-05": "Khordad National Uprising",
    "2007-06-18": "Martyrdom of Fatima",
    "2007-07-28": "Birthday of Imam Ali",
    "2007-08-11": "Isra' and Mi'raj",
    "2007-08-29": "Birthday of Mahdi",
    "2007-10-03": "Martyrdom of Imam Ali",
    "2007-10-13": "Eid al-Fitr",
    "2007-10-14": "Eid al-Fitr Holiday",
    "2007-11-06": "Martyrdom of Imam Ja'far al-Sadiq",
    "2007-12-21": "Eid al-Adha",
    "2007-12-29": "Eid al-Ghadeer",
    "2008-01-18": "Tasua",
    "2008-01-19": "Ashura",
    "2008-02-11": "Islamic Revolution Day",
    "2008-02-28": "Arbaeen",
    "2008-03-07": "Death of Prophet Muhammad and Martyrdom of Hasan ibn Ali",
    "2008-03-08": "Martyrdom of Ali al-Rida",
    "2008-03-16": "Martyrdom of Hasan al-Askari",
    "2008-03-19": "Iranian Oil Industry Nationalization Day",
    "2008-03-20": "Nowruz",
    "2008-03-21": "Nowruz Holiday",
    "2008-03-22": "Nowruz Holiday",
    "2008-03-23": "Nowruz Holiday",
    "2008-03-25": "Birthday of Muhammad and Imam Ja'far al-Sadiq",
    "2008-03-31": "Islamic Republic Day",
    "2008-04-01": "Nature's Day",
    "2008-06-03": "Death of Imam Khomeini",
    "2008-06-04": "Khordad National Uprising",
    "2008-06-07": "Martyrdom of Fatima",
    "2008-07-16": "Birthday of Imam Ali",
    "2008-07-30": "Isra' and Mi'raj",
    "2008-08-17": "Birthday of Mahdi",
    "2008-09-22": "Martyrdom of Imam Ali",
    "2008-10-01": "Eid al-Fitr",
    "2008-10-02": "Eid al-Fitr Holiday",
    "2008-10-25": "Martyrdom of Imam Ja'far al-Sadiq",
    "2008-12-09": "Eid al-Adha",
    "2008-12-17": "Eid al-Ghadeer",
    "2009-01-06": "Tasua",
    "2009-01-07": "Ashura",
    "2009-02-10": "Islamic Revolution Day",
    "2009-02-16": "Arbaeen",
    "2009-02-24": "Death of Prophet Muhammad and Martyrdom of Hasan ibn Ali",
    "2009-02-26": "Martyrdom of Ali al-Rida",
    "2009-03-06": "Martyrdom of Hasan al-Askari",
    "2009-03-15": "Birthday of Muhammad and Imam Ja'far al-Sadiq",
    "2009-03-19": "Iranian Oil Industry Nationalization Day",
    "2009-03-20": "Last Day of Year",
    "2009-03-21": "Nowruz",
    "2009-03-22": "Nowruz Holiday",
    "2009-03-23": "Nowruz Holiday",
    "2009-03-24": "Nowruz Holiday",
    "2009-04-01": "Islamic Republic Day",
    "2009-04-02": "Nature's Day",
    "2009-05-28": "Martyrdom of Fatima",
    "2009-06-04": "Death of Imam Khomeini",
    "2009-06-05": "Khordad National Uprising",
    "2009-07-06": "Birthday of Imam Ali",
    "2009-07-20": "Isra' and Mi'raj",
    "2009-08-07": "Birthday of Mahdi",
    "2009-09-11": "Martyrdom of Imam Ali",
    "2009-09-20": "Eid al-Fitr",
    "2009-09-21": "Eid al-Fitr Holiday",
    "2009-10-14": "Martyrdom of Imam Ja'far al-Sadiq",
    "2009-11-28": "Eid al-Adha",
    "2009-12-06": "Eid al-Ghadeer",
    "2009-12-26": "Tasua",
    "2009-12-27": "Ashura",
    "2010-02-05": "Arbaeen",
    "2010-02-11": "Islamic Revolution Day",
    "2010-02-13": "Death of Prophet Muhammad and Martyrdom of Hasan ibn Ali",
    "2010-02-15": "Martyrdom of Ali al-Rida",
    "2010-02-23": "Martyrdom of Hasan al-Askari",
    "2010-03-04": "Birthday of Muhammad and Imam Ja'far al-Sadiq",
    "2010-03-20": "Iranian Oil Industry Nationalization Day",
    "2010-03-21": "Nowruz",
    "2010-03-22": "Nowruz Holiday",
    "2010-03-23": "Nowruz Holiday",
    "2010-03-24": "Nowruz Holiday",
    "2010-04-01": "Islamic Republic Day",
    "2010-04-02": "Nature's Day",
    "2010-05-17": "Martyrdom of Fatima",
    "2010-06-04": "Death of Imam Khomeini",
    "2010-06-05": "Khordad National Uprising",
    "2010-06-26": "Birthday of Imam Ali",
    "2010-07-10": "Isra' and Mi'raj",
    "2010-07-27": "Birthday of Mahdi",
    "2010-09-01": "Martyrdom of Imam Ali",
    "2010-09-10": "Eid al-Fitr",
    "2010-09-11": "Eid al-Fitr Holiday",
    "2010-10-04": "Martyrdom of Imam Ja'far al-Sadiq",
    "2010-11-17": "Eid al-Adha",
    "2010-11-25": "Eid al-Ghadeer",
    "2010-12-15": "Tasua",
    "2010-12-16": "Ashura",
    "2011-01-25": "Arbaeen",
    "2011-02-02": "Death of Prophet Muhammad and Martyrdom of Hasan ibn Ali",
    "2011-02-04": "Martyrdom of Ali al-Rida",
    "2011-02-11": "Islamic Revolution Day",
    "2011-02-12": "Martyrdom of Hasan al-Askari",
    "2011-02-21": "Birthday of Muhammad and Imam Ja'far al-Sadiq",
    "2011-03-20": "Iranian Oil Industry Nationalization Day",
    "2011-03-21": "Nowruz",
    "2011-03-22": "Nowruz Holiday",
    "2011-03-23": "Nowruz Holiday",
    "2011-03-24": "Nowruz Holiday",
    "2011-04-01": "Islamic Republic Day",
    "2011-04-02": "Nature's Day",
    "2011-05-07": "Martyrdom of Fatima",
    "2011-06-04": "Death of Imam Khomeini",
    "2011-06-05": "Khordad National Uprising",
    "2011-06-16": "Birthday of Imam Ali",
    "2011-06-30": "Isra' and Mi'raj",
    "2011-07-17": "Birthday of Mahdi",
    "2011-08-21": "Martyrdom of Imam Ali",
    "2011-08-31": "Eid al-Fitr",
    "2011-09-01": "Eid al-Fitr Holiday",
    "2011-09-24": "Martyrdom of Imam Ja'far al-Sadiq",
    "2011-11-07": "Eid al-Adha",
    "2011-11-15": "Eid al-Ghadeer",
    "2011-12-05": "Tasua",
    "2011-12-06": "Ashura",
    "2012-01-14": "Arbaeen",
    "2012-01-22": "Death of Prophet Muhammad and Martyrdom of Hasan ibn Ali",
    "2012-01-24": "Martyrdom of Ali al-Rida",
    "2012-02-01": "Martyrdom of Hasan al-Askari",
    "2012-02-10": "Birthday of Muhammad and Imam Ja'far al-Sadiq",
    "2012-02-11": "Islamic Revolution Day",
    "2012-03-19": "Iranian Oil Industry Nationalization Day",
    "2012-03-20": "Nowruz",
    "2012-03-21": "Nowruz Holiday",
    "2012-03-22": "Nowruz Holiday",
    "2012-03-23": "Nowruz Holiday",
    "2012-03-31": "Islamic Republic Day",
    "2012-04-01": "Nature's Day",
    "2012-04-25": "Martyrdom of Fatima",
    "2012-06-03": "Death of Imam Khomeini",
    "2012-06-04": "Birthday of Imam Ali; Khordad National Uprising",
    "2012-06-18": "Isra' and Mi'raj",
    "2012-07-05": "Birthday of Mahdi",
    "2012-08-10": "Martyrdom of Imam Ali",
    "2012-08-19": "Eid al-Fitr",
    "2012-08-20": "Eid al-Fitr Holiday",
    "2012-09-12": "Martyrdom of Imam Ja'far al-Sadiq",
    "2012-10-26": "Eid al-Adha",
    "2012-11-03": "Eid al-Ghadeer",
    "2012-11-24": "Tasua",
    "2012-11-25": "Ashura",
    "2013-01-03": "Arbaeen",
    "2013-01-11": "Death of Prophet Muhammad and Martyrdom of Hasan ibn Ali",
    "2013-01-12": "Martyrdom of Ali al-Rida",
    "2013-01-20": "Martyrdom of Hasan al-Askari",
    "2013-01-29": "Birthday of Muhammad and Imam Ja'far al-Sadiq",
    "2013-02-10": "Islamic Revolution Day",
    "2013-03-19": "Iranian Oil Industry Nationalization Day",
    "2013-03-20": "Last Day of Year",
    "2013-03-21": "Nowruz",
    "2013-03-22": "Nowruz Holiday",
    "2013-03-23": "Nowruz Holiday",
    "2013-03-24": "Nowruz Holiday",
    "2013-04-01": "Islamic Republic Day",
    "2013-04-02": "Nature's Day",
    "2013-04-14": "Martyrdom of Fatima",
    "2013-05-24": "Birthday of Imam Ali",
    "2013-06-04": "Death of Imam Khomeini",
    "2013-06-05": "Khordad National Uprising",
    "2013-06-07": "Isra' and Mi'raj",
    "2013-06-24": "Birthday of Mahdi",
    "2013-07-30": "Martyrdom of Imam Ali",
    "2013-08-09": "Eid al-Fitr",
    "2013-08-10": "Eid al-Fitr Holiday",
    "2013-09-02": "Martyrdom of Imam Ja'far al-Sadiq",
    "2013-10-16": "Eid al-Adha",
    "2013-10-24": "Eid al-Ghadeer",
    "2013-11-13": "Tasua",
    "2013-11-14": "Ashura",
    "2013-12-23": "Arbaeen",
    "2013-12-31": "Death of Prophet Muhammad and Martyrdom of Hasan ibn Ali",
    "2014-01-02": "Martyrdom of Ali al-Rida",
    "2014-01-10": "Martyrdom of Hasan al-Askari",
    "2014-01-19": "Birthday of Muhammad and Imam Ja'far al-Sadiq",
    "2014-02-11": "Islamic Revolution Day",
    "2014-03-20": "Iranian Oil Industry Nationalization Day",
    "2014-03-21": "Nowruz",
    "2014-03-22": "Nowruz Holiday",
    "2014-03-23": "Nowruz Holiday",
    "2014-03-24": "Nowruz Holiday",
    "2014-04-01": "Islamic Republic Day",
    "2014-04-02": "Nature's Day",
    "2014-04-03": "Martyrdom of Fatima",
    "2014-05-13": "Birthday of Imam Ali",
    "2014-05-27": "Isra' and Mi'raj",
    "2014-06-04": "Death of Imam Khomeini",
    "2014-06-05": "Khordad National Uprising",
    "2014-06-13": "Birthday of Mahdi",
    "2014-07-19": "Martyrdom of Imam Ali",
    "2014-07-29": "Eid al-Fitr",
    "2014-07-30": "Eid al-Fitr Holiday",
    "2014-08-22": "Martyrdom of Imam Ja'far al-Sadiq",
    "2014-10-05": "Eid al-Adha",
    "2014-10-13": "Eid al-Ghadeer",
    "2014-11-03": "Tasua",
    "2014-11-04": "Ashura",
    "2014-12-13": "Arbaeen",
    "2014-12-21": "Death of Prophet Muhammad and Martyrdom of Hasan ibn Ali",
    "2014-12-23": "Martyrdom of Ali al-Rida",
    "2014-12-31": "Martyrdom of Hasan al-Askari",
    "2015-01-09": "Birthday of Muhammad and Imam Ja'far al-Sadiq",
    "2015-02-11": "Islamic Revolution Day",
    "2015-03-20": "Iranian Oil Industry Nationalization Day",
    "2015-03-21": "Nowruz",
    "2015-03-22": "Nowruz Holiday",
    "2015-03-23": "Nowruz Holiday",
    "2015-03-24": "Martyrdom of Fatima; Nowruz Holiday",
    "2015-04-01": "Islamic Republic Day",
    "2015-04-02": "Nature's Day",
    "2015-05-02": "Birthday of Imam Ali",
    "2015-05-16": "Isra' and Mi'raj",
    "2015-06-03": "Birthday of Mahdi",
    "2015-06-04": "Death of Imam Khomeini",
    "2015-06-05": "Khordad National Uprising",
    "2015-07-08": "Martyrdom of Imam Ali",
    "2015-07-18": "Eid al-Fitr",
    "2015-07-19": "Eid al-Fitr Holiday",
    "2015-08-11": "Martyrdom of Imam Ja'far al-Sadiq",
    "2015-09-24": "Eid al-Adha",
    "2015-10-02": "Eid al-Ghadeer",
    "2015-10-23": "Tasua",
    "2015-10-24": "Ashura",
    "2015-12-02": "Arbaeen",
    "2015-12-10": "Death of Prophet Muhammad and Martyrdom of Hasan ibn Ali",
    "2015-12-12": "Martyrdom of Ali al-Rida",
    "2015-12-20": "Martyrdom of Hasan al-Askari",
    "2015-12-29": "Birthday of Muhammad and Imam Ja'far al-Sadiq",
    "2016-02-11": "Islamic Revolution Day",
    "2016-03-13": "Martyrdom of Fatima",
    "2016-03-19": "Iranian Oil Industry Nationalization Day",
    "2016-03-20": "Nowruz",
    "2016-03-21": "Nowruz Holiday",
    "2016-03-22": "Nowruz Holiday",
    "2016-03-23": "Nowruz Holiday",
    "2016-03-31": "Islamic Republic Day",
    "2016-04-01": "Nature's Day",
    "2016-04-21": "Birthday of Imam Ali",
    "2016-05-05": "Isra' and Mi'raj",
    "2016-05-22": "Birthday of Mahdi",
    "2016-06-03": "Death of Imam Khomeini",
    "2016-06-04": "Khordad National Uprising",
    "2016-06-27": "Martyrdom of Imam Ali",
    "2016-07-06": "Eid al-Fitr",
    "2016-07-07": "Eid al-Fitr Holiday",
    "2016-07-30": "Martyrdom of Imam Ja'far al-Sadiq",
    "2016-09-12": "Eid al-Adha",
    "2016-09-20": "Eid al-Ghadeer",
    "2016-10-11": "Tasua",
    "2016-10-12": "Ashura",
    "2016-11-20": "Arbaeen",
    "2016-11-28": "Death of Prophet Muhammad and Martyrdom of Hasan ibn Ali",
    "2016-11-30": "Martyrdom of Ali al-Rida",
    "2016-12-08": "Martyrdom of Hasan al-Askari",
    "2016-12-17": "Birthday of Muhammad and Imam Ja'far al-Sadiq",
    "2017-02-10": "Islamic Revolution Day",
    "2017-03-02": "Martyrdom of Fatima",
    "2017-03-19": "Iranian Oil Industry Nationalization Day",
    "2017-03-20": "Last Day of Year",
    "2017-03-21": "Nowruz",
    "2017-03-22": "Nowruz Holiday",
    "2017-03-23": "Nowruz Holiday",
    "2017-03-24": "Nowruz Holiday",
    "2017-04-01": "Islamic Republic Day",
    "2017-04-02": "Nature's Day",
    "2017-04-11": "Birthday of Imam Ali",
    "2017-04-25": "Isra' and Mi'raj",
    "2017-05-12": "Birthday of Mahdi",
    "2017-06-04": "Death of Imam Khomeini",
    "2017-06-05": "Khordad National Uprising",
    "2017-06-16": "Martyrdom of Imam Ali",
    "2017-06-26": "Eid al-Fitr",
    "2017-06-27": "Eid al-Fitr Holiday",
    "2017-07-20": "Martyrdom of Imam Ja'far al-Sadiq",
    "2017-09-01": "Eid al-Adha",
    "2017-09-09": "Eid al-Ghadeer",
    "2017-09-30": "Tasua",
    "2017-10-01": "Ashura",
    "2017-11-09": "Arbaeen",
    "2017-11-17": "Death of Prophet Muhammad and Martyrdom of Hasan ibn Ali",
    "2017-11-19": "Martyrdom of Ali al-Rida",
    "2017-11-27": "Martyrdom of Hasan al-Askari",
    "2017-12-06": "Birthday of Muhammad and Imam Ja'far al-Sadiq",
    "2018-02-11": "Islamic Revolution Day",
    "2018-02-20": "Martyrdom of Fatima",
    "2018-03-20": "Iranian Oil Industry Nationalization Day",
    "2018-03-21": "Nowruz",
    "2018-03-22": "Nowruz Holiday",
    "2018-03-23": "Nowruz Holiday",
    "2018-03-24": "Nowruz Holiday",
    "2018-03-31": "Birthday of Imam Ali",
    "2018-04-01": "Islamic Republic Day",
    "2018-04-02": "Nature's Day",
    "2018-04-14": "Isra' and Mi'raj",
    "2018-05-02": "Birthday of Mahdi",
    "2018-06-04": "Death of Imam Khomeini",
    "2018-06-05": "Khordad National Uprising",
    "2018-06-06": "Martyrdom of Imam Ali",
    "2018-06-15": "Eid al-Fitr",
    "2018-06-16": "Eid al-Fitr Holiday",
    "2018-07-09": "Martyrdom of Imam Ja'far al-Sadiq",
    "2018-08-22": "Eid al-Adha",
    "2018-08-30": "Eid al-Ghadeer",
    "2018-09-19": "Tasua",
    "2018-09-20": "Ashura",
    "2018-10-30": "Arbaeen",
    "2018-11-07": "Death of Prophet Muhammad and Martyrdom of Hasan ibn Ali",
    "2018-11-08": "Martyrdom of Ali al-Rida",
    "2018-11-16": "Martyrdom of Hasan al-Askari",
    "2018-11-25": "Birthday of Muhammad and Imam Ja'far al-Sadiq",
    "2019-02-09": "Martyrdom of Fatima",
    "2019-02-11": "Islamic Revolution Day",
    "2019-03-20": "Birthday of Imam Ali; Iranian Oil Industry Nationalization Day",
    "2019-03-21": "Nowruz",
    "2019-03-22": "Nowruz Holiday",
    "2019-03-23": "Nowruz Holiday",
    "2019-03-24": "Nowruz Holiday",
    "2019-04-01": "Islamic Republic Day",
    "2019-04-02": "Nature's Day",
    "2019-04-03": "Isra' and Mi'raj",
    "2019-04-21": "Birthday of Mahdi",
    "2019-05-27": "Martyrdom of Imam Ali",
    "2019-06-04": "Death of Imam Khomeini",
    "2019-06-05": "Eid al-Fitr; Khordad National Uprising",
    "2019-06-06": "Eid al-Fitr Holiday",
    "2019-06-29": "Martyrdom of Imam Ja'far al-Sadiq",
    "2019-08-12": "Eid al-Adha",
    "2019-08-20": "Eid al-Ghadeer",
    "2019-09-09": "Tasua",
    "2019-09-10": "Ashura",
    "2019-10-19": "Arbaeen",
    "2019-10-27": "Death of Prophet Muhammad and Martyrdom of Hasan ibn Ali",
    "2019-10-29": "Martyrdom of Ali al-Rida",
    "2019-11-06": "Martyrdom of Hasan al-Askari",
    "2019-11-15": "Birthday of Muhammad and Imam Ja'far al-Sadiq",
    "2020-01-29": "Martyrdom of Fatima",
    "2020-02-11": "Islamic Revolution Day",
    "2020-03-08": "Birthday of Imam Ali",
    "2020-03-19": "Iranian Oil Industry Nationalization Day",
    "2020-03-20": "Nowruz",
    "2020-03-21": "Nowruz Holiday",
    "2020-03-22": "Isra' and Mi'raj; Nowruz Holiday",
    "2020-03-23": "Nowruz Holiday",
    "2020-03-31": "Islamic Republic Day",
    "2020-04-01": "Nature's Day",
    "2020-04-09": "Birthday of Mahdi",
    "2020-05-15": "Martyrdom of Imam Ali",
    "2020-05-24": "Eid al-Fitr",
    "2020-05-25": "Eid al-Fitr Holiday",
    "2020-06-03": "Death of Imam Khomeini",
    "2020-06-04": "Khordad National Uprising",
    "2020-06-17": "Martyrdom of Imam Ja'far al-Sadiq",
    "2020-07-31": "Eid al-Adha",
    "2020-08-08": "Eid al-Ghadeer",
    "2020-08-29": "Tasua",
    "2020-08-30": "Ashura",
    "2020-10-08": "Arbaeen",
    "2020-10-16": "Death of Prophet Muhammad and Martyrdom of Hasan ibn Ali",
    "2020-10-17": "Martyrdom of Ali al-Rida",
    "2020-10-25": "Martyrdom of Hasan al-Askari",
    "2020-11-03": "Birthday of Muhammad and Imam Ja'far al-Sadiq",
    "2021-01-17": "Martyrdom of Fatima",
    "2021-02-10": "Islamic Revolution Day",
    "2021-02-25": "Birthday of Imam Ali",
    "2021-03-11": "Isra' and Mi'raj",
    "2021-03-19": "Iranian Oil Industry Nationalization Day",
    "2021-03-20": "Last Day of Year",
    "2021-03-21": "Nowruz",
    "2021-03-22": "Nowruz Holiday",
    "2021-03-23": "Nowruz Holiday",
    "2021-03-24": "Nowruz Holiday",
    "2021-03-29": "Birthday of Mahdi",
    "2021-04-01": "Islamic Republic Day",
    "2021-04-02": "Nature's Day",
    "2021-05-04": "Martyrdom of Imam Ali",
    "2021-05-13": "Eid al-Fitr",
    "2021-05-14": "Eid al-Fitr Holiday",
    "2021-06-04": "Death of Imam Khomeini",
    "2021-06-05": "Khordad National Uprising",
    "2021-06-06": "Martyrdom of Imam Ja'far al-Sadiq",
    "2021-07-21": "Eid al-Adha",
    "2021-07-29": "Eid al-Ghadeer",
    "2021-08-18": "Tasua",
    "2021-08-19": "Ashura",
    "2021-09-27": "Arbaeen",
    "2021-10-05": "Death of Prophet Muhammad and Martyrdom of Hasan ibn Ali",
    "2021-10-07": "Martyrdom of Ali al-Rida",
    "2021-10-15": "Martyrdom of Hasan al-Askari",
    "2021-10-24": "Birthday of Muhammad and Imam Ja'far al-Sadiq",
    "2022-01-06": "Martyrdom of Fatima",
    "2022-02-11": "Islamic Revolution Day",
    "2022-02-15": "Birthday of Imam Ali",
    "2022-03-01": "Isra' and Mi'raj",
    "2022-03-18": "Birthday of Mahdi",
    "2022-03-20": "Iranian Oil Industry Nationalization Day",
    "2022-03-21": "Nowruz",
    "2022-03-22": "Nowruz Holiday",
    "2022-03-23": "Nowruz Holiday",
    "2022-03-24": "Nowruz Holiday",
    "2022-04-01": "Islamic Republic Day",
    "2022-04-02": "Nature's Day",
    "2022-04-23": "Martyrdom of Imam Ali",
    "2022-05-03": "Eid al-Fitr",
    "2022-05-04": "Eid al-Fitr Holiday",
    "2022-05-27": "Martyrdom of Imam Ja'far al-Sadiq",
    "2022-06-04": "Death of Imam Khomeini",
    "2022-06-05": "Khordad National Uprising",
    "2022-07-10": "Eid al-Adha",
    "2022-07-18": "Eid al-Ghadeer",
    "2022-08-07": "Tasua",
    "2022-08-08": "Ashura",
    "2022-09-17": "Arbaeen",
    "2022-09-25": "Death of Prophet Muhammad and Martyrdom of Hasan ibn Ali",
    "2022-09-27": "Martyrdom of Ali al-Rida",
    "2022-10-05": "Martyrdom of Hasan al-Askari",
    "2022-10-14": "Birthday of Muhammad and Imam Ja'far al-Sadiq",
    "2022-12-27": "Martyrdom of Fatima",
    "2023-02-04": "Birthday of Imam Ali",
    "2023-02-11": "Islamic Revolution Day",
    "2023-02-18": "Isra' and Mi'raj",
    "2023-03-08": "Birthday of Mahdi",
    "2023-03-20": "Iranian Oil Industry Nationalization Day",
    "2023-03-21": "Nowruz",
    "2023-03-22": "Nowruz Holiday",
    "2023-03-23": "Nowruz Holiday",
    "2023-03-24": "Nowruz Holiday",
    "2023-04-01": "Islamic Republic Day",
    "2023-04-02": "Nature's Day",
    "2023-04-12": "Martyrdom of Imam Ali",
    "2023-04-22": "Eid al-Fitr",
    "2023-04-23": "Eid al-Fitr Holiday",
    "2023-05-16": "Martyrdom of Imam Ja'far al-Sadiq",
    "2023-06-04": "Death of Imam Khomeini",
    "2023-06-05": "Khordad National Uprising",
    "2023-06-29": "Eid al-Adha",
    "2023-07-07": "Eid al-Ghadeer",
    "2023-07-27": "Tasua",
    "2023-07-28": "Ashura",
    "2023-09-06": "Arbaeen",
    "2023-09-14": "Death of Prophet Muhammad and Martyrdom of Hasan ibn Ali",
    "2023-09-16": "Martyrdom of Ali al-Rida",
    "2023-09-24": "Martyrdom of Hasan al-Askari",
    "2023-10-03": "Birthday of Muhammad and Imam Ja'far al-Sadiq",
    "2023-12-17": "Martyrdom of Fatima",
    "2024-01-25": "Birthday of Imam Ali",
    "2024-02-08": "Isra' and Mi'raj",
    "2024-02-11": "Islamic Revolution Day",
    "2024-02-25": "Birthday of Mahdi",
    "2024-03-19": "Iranian Oil Industry Nationalization Day",
    "2024-03-20": "Nowruz",
    "2024-03-21": "Nowruz Holiday",
    "2024-03-22": "Nowruz Holiday",
    "2024-03-23": "Nowruz Holiday",
    "2024-03-31": "Islamic Republic Day",
    "2024-04-01": "Martyrdom of Imam Ali; Nature's Day",
    "2024-04-10": "Eid al-Fitr",
    "2024-04-11": "Eid al-Fitr Holiday",
    "2024-05-04": "Martyrdom of Imam Ja'far al-Sadiq",
    "2024-06-03": "Death of Imam Khomeini",
    "2024-06-04": "Khordad National Uprising",
    "2024-06-17": "Eid al-Adha",
    "2024-06-25": "Eid al-Ghadeer",
    "2024-07-15": "Tasua",
    "2024-07-16": "Ashura",
    "2024-08-25": "Arbaeen",
    "2024-09-02": "Death of Prophet Muhammad and Martyrdom of Hasan ibn Ali",
    "2024-09-04": "Martyrdom of Ali al-Rida",
    "2024-09-12": "Martyrdom of Hasan al-Askari",
    "2024-09-21": "Birthday of Muhammad and Imam Ja'far al-Sadiq",
    "2024-12-05": "Martyrdom of Fatima",
    "2025-01-14": "Birthday of Imam Ali",
    "2025-01-28": "Isra' and Mi'raj",
    "2025-02-10": "Islamic Revolution Day",
    "2025-02-14": "Birthday of Mahdi",
    "2025-03-19": "Iranian Oil Industry Nationalization Day",
    "2025-03-20": "Last Day of Year",
    "2025-03-21": "Nowruz",
    "2025-03-22": "Martyrdom of Imam Ali; Nowruz Holiday",
    "2025-03-23": "Nowruz Holiday",
    "2025-03-24": "Nowruz Holiday",
    "2025-03-31": "Eid al-Fitr",
    "2025-04-01": "Eid al-Fitr Holiday; Islamic Republic Day",
    "2025-04-02": "Nature's Day",
    "2025-04-24": "Martyrdom of Imam Ja'far al-Sadiq",
    "2025-06-04": "Death of Imam Khomeini",
    "2025-06-05": "Khordad National Uprising",
    "2025-06-06": "Eid al-Adha",
    "2025-06-14": "Eid al-Ghadeer",
    "2025-07-05": "Tasua",
    "2025-07-06": "Ashura",
    "2025-08-14": "Arbaeen",
    "2025-08-22": "Death of Prophet Muhammad and Martyrdom of Hasan ibn Ali",
    "2025-08-24": "Martyrdom of Ali al-Rida",
    "2025-09-01": "Martyrdom of Hasan al-Askari",
    "2025-09-10": "Birthday of Muhammad and Imam Ja'far al-Sadiq",
    "2025-11-24": "Martyrdom of Fatima",
    "2026-01-02": "Birthday of Imam Ali (estimated)",
    "2026-01-16": "Isra' and Mi'raj (estimated)",
    "2026-02-03": "Birthday of Mahdi (estimated)",
    "2026-02-11": "Islamic Revolution Day",
    "2026-03-10": "Martyrdom of Imam Ali (estimated)",
    "2026-03-20": "Eid al-Fitr (estimated); Iranian Oil Industry Nationalization Day",
    "2026-03-21": "Eid al-Fitr Holiday (estimated); Nowruz",
    "2026-03-22": "Nowruz Holiday",
    "2026-03-23": "Nowruz Holiday",
    "2026-03-24": "Nowruz Holiday",
    "2026-04-01": "Islamic Republic Day",
    "2026-04-02": "Nature's Day",
    "2026-04-13": "Martyrdom of Imam Ja'far al-Sadiq (estimated)",
    "2026-05-27": "Eid al-Adha (estimated)",
    "2026-06-04": "Death of Imam Khomeini; Eid al-Ghadeer (estimated)",
    "2026-06-05": "Khordad National Uprising",
    "2026-06-24": "Tasua (estimated)",
    "2026-06-25": "Ashura (estimated)",
    "2026-08-03": "Arbaeen (estimated)",
    "2026-08-11": "Death of Prophet Muhammad and Martyrdom of Hasan ibn Ali (estimated)",
    "2026-08-13": "Martyrdom of Ali al-Rida (estimated)",
    "2026-08-21": "Martyrdom of Hasan al-Askari (estimated)",
    "2026-08-30": "Birthday of Muhammad and Imam Ja'far al-Sadiq (estimated)",
    "2026-11-13": "Martyrdom of Fatima (estimated)",
    "2026-12-22": "Birthday of Imam Ali (estimated)",
    "2027-01-05": "Isra' and Mi'raj (estimated)",
    "2027-01-23": "Birthday of Mahdi (estimated)",
    "2027-02-11": "Islamic Revolution Day",
    "2027-02-28": "Martyrdom of Imam Ali (estimated)",
    "2027-03-09": "Eid al-Fitr (estimated)",
    "2027-03-10": "Eid al-Fitr Holiday (estimated)",
    "2027-03-20": "Iranian Oil Industry Nationalization Day",
    "2027-03-21": "Nowruz",
    "2027-03-22": "Nowruz Holiday",
    "2027-03-23": "Nowruz Holiday",
    "2027-03-24": "Nowruz Holiday",
    "2027-04-01": "Islamic Republic Day",
    "2027-04-02": "Martyrdom of Imam Ja'far al-Sadiq (estimated); Nature's Day",
    "2027-05-16": "Eid al-Adha (estimated)",
    "2027-05-24": "Eid al-Ghadeer (estimated)",
    "2027-06-04": "Death of Imam Khomeini",
    "2027-06-05": "Khordad National Uprising",
    "2027-06-14": "Tasua (estimated)",
    "2027-06-15": "Ashura (estimated)",
    "2027-07-24": "Arbaeen (estimated)",
    "2027-08-01": "Death of Prophet Muhammad and Martyrdom of Hasan ibn Ali (estimated)",
    "2027-08-02": "Martyrdom of Ali al-Rida (estimated)",
    "2027-08-10": "Martyrdom of Hasan al-Askari (estimated)",
    "2027-08-19": "Birthday of Muhammad and Imam Ja'far al-Sadiq (estimated)",
    "2027-11-02": "Martyrdom of Fatima (estimated)",
    "2027-12-11": "Birthday of Imam Ali (estimated)",
    "2027-12-25": "Isra' and Mi'raj (estimated)",
    "2028-01-12": "Birthday of Mahdi (estimated)",
    "2028-02-11": "Islamic Revolution Day",
    "2028-02-17": "Martyrdom of Imam Ali (estimated)",
    "2028-02-26": "Eid al-Fitr (estimated)",
    "2028-02-27": "Eid al-Fitr Holiday (estimated)",
    "2028-03-19": "Iranian Oil Industry Nationalization Day",
    "2028-03-20": "Nowruz",
    "2028-03-21": "Martyrdom of Imam Ja'far al-Sadiq (estimated); Nowruz Holiday",
    "2028-03-22": "Nowruz Holiday",
    "2028-03-23": "Nowruz Holiday",
    "2028-03-31": "Islamic Republic Day",
    "2028-04-01": "Nature's Day",
    "2028-05-05": "Eid al-Adha (estimated)",
    "2028-05-13": "Eid al-Ghadeer (estimated)",
    "2028-06-02": "Tasua (estimated)",
    "2028-06-03": "Ashura (estimated); Death of Imam Khomeini",
    "2028-06-04": "Khordad National Uprising",
    "2028-07-13": "Arbaeen (estimated)",
    "2028-07-21": "Death of Prophet Muhammad and Martyrdom of Hasan ibn Ali (estimated)",
    "2028-07-22": "Martyrdom of Ali al-Rida (estimated)",
    "2028-07-30": "Martyrdom of Hasan al-Askari (estimated)",
    "2028-08-08": "Birthday of Muhammad and Imam Ja'far al-Sadiq (estimated)",
    "2028-10-21": "Martyrdom of Fatima (estimated)",
    "2028-11-30": "Birthday of Imam Ali (estimated)",
    "2028-12-14": "Isra' and Mi'raj (estimated)",
    "2028-12-31": "Birthday of Mahdi (estimated)",
    "2029-02-05": "Martyrdom of Imam Ali (estimated)",
    "2029-02-10": "Islamic Revolution Day",
    "2029-02-14": "Eid al-Fitr (estimated)",
    "2029-02-15": "Eid al-Fitr Holiday (estimated)",
    "2029-03-10": "Martyrdom of Imam Ja'far al-Sadiq (estimated)",
    "2029-03-19": "Iranian Oil Industry Nationalization Day",
    "2029-03-20": "Nowruz",
    "2029-03-21": "Nowruz Holiday",
    "2029-03-22": "Nowruz Holiday",
    "2029-03-23": "Nowruz Holiday",
    "2029-03-31": "Islamic Republic Day",
    "2029-04-01": "Nature's Day",
    "2029-04-24": "Eid al-Adha (estimated)",
    "2029-05-02": "Eid al-Ghadeer (estimated)",
    "2029-05-22": "Tasua (estimated)",
    "2029-05-23": "Ashura (estimated)",
    "2029-06-03": "Death of Imam Khomeini",
    "2029-06-04": "Khordad National Uprising",
    "2029-07-02": "Arbaeen (estimated)",
    "2029-07-10": "Death of Prophet Muhammad and Martyrdom of Hasan ibn Ali (estimated)",
    "2029-07-12": "Martyrdom of Ali al-Rida (estimated)",
    "2029-07-20": "Martyrdom of Hasan al-Askari (estimated)",
    "2029-07-29": "Birthday of Muhammad and Imam Ja'far al-Sadiq (estimated)",
    "2029-10-11": "Martyrdom of Fatima (estimated)",
    "2029-11-19": "Birthday of Imam Ali (estimated)",
    "2029-12-03": "Isra' and Mi'raj (estimated)",
    "2029-12-21": "Birthday of Mahdi (estimated)",
    "2030-01-25": "Martyrdom of Imam Ali (estimated)",
    "2030-02-04": "Eid al-Fitr (estimated)",
    "2030-02-05": "Eid al-Fitr Holiday (estimated)",
    "2030-02-10": "Islamic Revolution Day",
    "2030-02-28": "Martyrdom of Imam Ja'far al-Sadiq (estimated)",
    "2030-03-19": "Iranian Oil Industry Nationalization Day",
    "2030-03-20": "Last Day of Year",
    "2030-03-21": "Nowruz",
    "2030-03-22": "Nowruz Holiday",
    "2030-03-23": "Nowruz Holiday",
    "2030-03-24": "Nowruz Holiday",
    "2030-04-01": "Islamic Republic Day",
    "2030-04-02": "Nature's Day",
    "2030-04-13": "Eid al-Adha (estimated)",
    "2030-04-21": "Eid al-Ghadeer (estimated)",
    "2030-05-11": "Tasua (estimated)",
    "2030-05-12": "Ashura (estimated)",
    "2030-06-04": "Death of Imam Khomeini",
    "2030-06-05": "Khordad National Uprising",
    "2030-06-21": "Arbaeen (estimated)",
    "2030-06-29": "Death of Prophet Muhammad and Martyrdom of Hasan ibn Ali (estimated)",
    "2030-07-01": "Martyrdom of Ali al-Rida (estimated)",
    "2030-07-09": "Martyrdom of Hasan al-Askari (estimated)",
    "2030-07-18": "Birthday of Muhammad and Imam Ja'far al-Sadiq (estimated)",
    "2030-10-01": "Martyrdom of Fatima (estimated)",
    "2030-11-09": "Birthday of Imam Ali (estimated)",
    "2030-11-23": "Isra' and Mi'raj (estimated)",
    "2030-12-10": "Birthday of Mahdi (estimated)",
    "2031-01-15": "Martyrdom of Imam Ali (estimated)",
    "2031-01-24": "Eid al-Fitr (estimated)",
    "2031-01-25": "Eid al-Fitr Holiday (estimated)",
    "2031-02-11": "Islamic Revolution Day",
    "2031-02-17": "Martyrdom of Imam Ja'far al-Sadiq (estimated)",
    "2031-03-20": "Iranian Oil Industry Nationalization Day",
    "2031-03-21": "Nowruz",
    "2031-03-22": "Nowruz Holiday",
    "2031-03-23": "Nowruz Holiday",
    "2031-03-24": "Nowruz Holiday",
    "2031-04-01": "Islamic Republic Day",
    "2031-04-02": "Eid al-Adha (estimated); Nature's Day",
    "2031-04-10": "Eid al-Ghadeer (estimated)",
    "2031-05-01": "Tasua (estimated)",
    "2031-05-02": "Ashura (estimated)",
    "2031-06-04": "Death of Imam Khomeini",
    "2031-06-05": "Khordad National Uprising",
    "2031-06-10": "Arbaeen (estimated)",
    "2031-06-18": "Death of Prophet Muhammad and Martyrdom of Hasan ibn Ali (estimated)",
    "2031-06-20": "Martyrdom of Ali al-Rida (estimated)",
    "2031-06-28": "Martyrdom of Hasan al-Askari (estimated)",
    "2031-07-07": "Birthday of Muhammad and Imam Ja'far al-Sadiq (estimated)",
    "2031-09-20": "Martyrdom of Fatima (estimated)",
    "2031-10-29": "Birthday of Imam Ali (estimated)",
    "2031-11-12": "Isra' and Mi'raj (estimated)",
    "2031-11-30": "Birthday of Mahdi (estimated)",
    "2032-01-04": "Martyrdom of Imam Ali (estimated)",
    "2032-01-14": "Eid al-Fitr (estimated)",
    "2032-01-15": "Eid al-Fitr Holiday (estimated)",
    "2032-02-07": "Martyrdom of Imam Ja'far al-Sadiq (estimated)",
    "2032-02-11": "Islamic Revolution Day",
    "2032-03-19": "Iranian Oil Industry Nationalization Day",
    "2032-03-20": "Nowruz",
    "2032-03-21": "Nowruz Holiday",
    "2032-03-22": "Eid al-Adha (estimated); Nowruz Holiday",
    "2032-03-23": "Nowruz Holiday",
    "2032-03-30": "Eid al-Ghadeer (estimated)",
    "2032-03-31": "Islamic Republic Day",
    "2032-04-01": "Nature's Day",
    "2032-04-19": "Tasua (estimated)",
    "2032-04-20": "Ashura (estimated)",
    "2032-05-29": "Arbaeen (estimated)",
    "2032-06-03": "Death of Imam Khomeini",
    "2032-06-04": "Khordad National Uprising",
    "2032-06-06": "Death of Prophet Muhammad and Martyrdom of Hasan ibn Ali (estimated)",
    "2032-06-08": "Martyrdom of Ali al-Rida (estimated)",
    "2032-06-16": "Martyrdom of Hasan al-Askari (estimated)",
    "2032-06-25": "Birthday of Muhammad and Imam Ja'far al-Sadiq (estimated)",
    "2032-09-08": "Martyrdom of Fatima (estimated)",
    "2032-10-18": "Birthday of Imam Ali (estimated)",
    "2032-11-01": "Isra' and Mi'raj (estimated)",
    "2032-11-18": "Birthday of Mahdi (estimated)",
    "2032-12-24": "Martyrdom of Imam Ali (estimated)",
    "2033-01-02": "Eid al-Fitr (estimated)",
    "2033-01-03": "Eid al-Fitr Holiday (estimated)",
    "2033-01-26": "Martyrdom of Imam Ja'far al-Sadiq (estimated)",
    "2033-02-10": "Islamic Revolution Day",
    "2033-03-11": "Eid al-Adha (estimated)",
    "2033-03-19": "Eid al-Ghadeer (estimated); Iranian Oil Industry Nationalization Day",
    "2033-03-20": "Nowruz",
    "2033-03-21": "Nowruz Holiday",
    "2033-03-22": "Nowruz Holiday",
    "2033-03-23": "Nowruz Holiday",
    "2033-03-31": "Islamic Republic Day",
    "2033-04-01": "Nature's Day",
    "2033-04-09": "Tasua (estimated)",
    "2033-04-10": "Ashura (estimated)",
    "2033-05-19": "Arbaeen (estimated)",
    "2033-05-27": "Death of Prophet Muhammad and Martyrdom of Hasan ibn Ali (estimated)",
    "2033-05-28": "Martyrdom of Ali al-Rida (estimated)",
    "2033-06-03": "Death of Imam Khomeini",
    "2033-06-04": "Khordad National Uprising",
    "2033-06-05": "Martyrdom of Hasan al-Askari (estimated)",
    "2033-06-14": "Birthday of Muhammad and Imam Ja'far al-Sadiq (estimated)",
    "2033-08-28": "Martyrdom of Fatima (estimated)",
    "2033-10-07": "Birthday of Imam Ali (estimated)",
    "2033-10-21": "Isra' and Mi'raj (estimated)",
    "2033-11-07": "Birthday of Mahdi (estimated)",
    "2033-12-13": "Martyrdom of Imam Ali (estimated)",
    "2033-12-23": "Eid al-Fitr (estimated)",
    "2033-12-24": "Eid al-Fitr Holiday (estimated)",
    "2034-01-16": "Martyrdom of Imam Ja'far al-Sadiq (estimated)",
    "2034-02-10": "Islamic Revolution Day",
    "2034-03-01": "Eid al-Adha (estimated)",
    "2034-03-09": "Eid al-Ghadeer (estimated)",
    "2034-03-19": "Iranian Oil Industry Nationalization Day",
    "2034-03-20": "Last Day of Year",
    "2034-03-21": "Nowruz",
    "2034-03-22": "Nowruz Holiday",
    "2034-03-23": "Nowruz Holiday",
    "2034-03-24": "Nowruz Holiday",
    "2034-03-29": "Tasua (estimated)",
    "2034-03-30": "Ashura (estimated)",
    "2034-04-01": "Islamic Republic Day",
    "2034-04-02": "Nature's Day",
    "2034-05-09": "Arbaeen (estimated)",
    "2034-05-17": "Death of Prophet Muhammad and Martyrdom of Hasan ibn Ali (estimated)",
    "2034-05-18": "Martyrdom of Ali al-Rida (estimated)",
    "2034-05-26": "Martyrdom of Hasan al-Askari (estimated)",
    "2034-06-04": "Birthday of Muhammad and Imam Ja'far al-Sadiq (estimated); Death of Imam Khomeini",
    "2034-06-05": "Khordad National Uprising",
    "2034-08-17": "Martyrdom of Fatima (estimated)",
    "2034-09-26": "Birthday of Imam Ali (estimated)",
    "2034-10-10": "Isra' and Mi'raj (estimated)",
    "2034-10-27": "Birthday of Mahdi (estimated)",
    "2034-12-02": "Martyrdom of Imam Ali (estimated)",
    "2034-12-12": "Eid al-Fitr (estimated)",
    "2034-12-13": "Eid al-Fitr Holiday (estimated)",
    "2035-01-05": "Martyrdom of Imam Ja'far al-Sadiq (estimated)",
    "2035-02-11": "Islamic Revolution Day",
    "2035-02-18": "Eid al-Adha (estimated)",
    "2035-02-26": "Eid al-Ghadeer (estimated)",
    "2035-03-19": "Tasua (estimated)",
    "2035-03-20": "Ashura (estimated); Iranian Oil Industry Nationalization Day",
    "2035-03-21": "Nowruz",
    "2035-03-22": "Nowruz Holiday",
    "2035-03-23": "Nowruz Holiday",
    "2035-03-24": "Nowruz Holiday",
    "2035-04-01": "Islamic Republic Day",
    "2035-04-02": "Nature's Day",
    "2035-04-28": "Arbaeen (estimated)",
    "2035-05-06": "Death of Prophet Muhammad and Martyrdom of Hasan ibn Ali (estimated)",
    "2035-05-08": "Martyrdom of Ali al-Rida (estimated)",
    "2035-05-16": "Martyrdom of Hasan al-Askari (estimated)",
    "2035-05-25": "Birthday of Muhammad and Imam Ja'far al-Sadiq (estimated)",
    "2035-06-04": "Death of Imam Khomeini",
    "2035-06-05": "Khordad National Uprising",
    "2035-08-07": "Martyrdom of Fatima (estimated)",
    "2035-09-15": "Birthday of Imam Ali (estimated)",
    "2035-09-29": "Isra' and Mi'raj (estimated)",
    "2035-10-16": "Birthday of Mahdi (estimated)",
    "2035-11-21": "Martyrdom of Imam Ali (estimated)",
    "2035-12-01": "Eid al-Fitr (estimated)",
    "2035-12-02": "Eid al-Fitr Holiday (estimated)",
    "2035-12-25": "Martyrdom of Imam Ja'far al-Sadiq (estimated)",
    "2036-02-07": "Eid al-Adha (estimated)",
    "2036-02-11": "Islamic Revolution Day",
    "2036-02-15": "Eid al-Ghadeer (estimated)",
    "2036-03-07": "Tasua (estimated)",
    "2036-03-08": "Ashura (estimated)",
    "2036-03-19": "Iranian Oil Industry Nationalization Day",
    "2036-03-20": "Nowruz",
    "2036-03-21": "Nowruz Holiday",
    "2036-03-22": "Nowruz Holiday",
    "2036-03-23": "Nowruz Holiday",
    "2036-03-31": "Islamic Republic Day",
    "2036-04-01": "Nature's Day",
    "2036-04-17": "Arbaeen (estimated)",
    "2036-04-25": "Death of Prophet Muhammad and Martyrdom of Hasan ibn Ali (estimated)",
    "2036-04-26": "Martyrdom of Ali al-Rida (estimated)",
    "2036-05-04": "Martyrdom of Hasan al-Askari (estimated)",
    "2036-05-13": "Birthday of Muhammad and Imam Ja'far al-Sadiq (estimated)",
    "2036-06-03": "Death of Imam Khomeini",
    "2036-06-04": "Khordad National Uprising",
    "2036-07-26": "Martyrdom of Fatima (estimated)",
    "2036-09-04": "Birthday of Imam Ali (estimated)",
    "2036-09-18": "Isra' and Mi'raj (estimated)",
    "2036-10-05": "Birthday of Mahdi (estimated)",
    "2036-11-09": "Martyrdom of Imam Ali (estimated)",
    "2036-11-19": "Eid al-Fitr (estimated)",
    "2036-11-20": "Eid al-Fitr Holiday (estimated)",
    "2036-12-13": "Martyrdom of Imam Ja'far al-Sadiq (estimated)",
    "2037-01-26": "Eid al-Adha (estimated)",
    "2037-02-03": "Eid al-Ghadeer (estimated)",
    "2037-02-10": "Islamic Revolution Day",
    "2037-02-24": "Tasua (estimated)",
    "2037-02-25": "Ashura (estimated)",
    "2037-03-19": "Iranian Oil Industry Nationalization Day",
    "2037-03-20": "Nowruz",
    "2037-03-21": "Nowruz Holiday",
    "2037-03-22": "Nowruz Holiday",
    "2037-03-23": "Nowruz Holiday",
    "2037-03-31": "Islamic Republic Day",
    "2037-04-01": "Nature's Day",
    "2037-04-06": "Arbaeen (estimated)",
    "2037-04-14": "Death of Prophet Muhammad and Martyrdom of Hasan ibn Ali (estimated)",
    "2037-04-16": "Martyrdom of Ali al-Rida (estimated)",
    "2037-04-24": "Martyrdom of Hasan al-Askari (estimated)",
    "2037-05-03": "Birthday of Muhammad and Imam Ja'far al-Sadiq (estimated)",
    "2037-06-03": "Death of Imam Khomeini",
    "2037-06-04": "Khordad National Uprising",
    "2037-07-16": "Martyrdom of Fatima (estimated)",
    "2037-08-24": "Birthday of Imam Ali (estimated)",
    "2037-09-07": "Isra' and Mi'raj (estimated)",
    "2037-09-25": "Birthday of Mahdi (estimated)",
    "2037-10-30": "Martyrdom of Imam Ali (estimated)",
    "2037-11-08": "Eid al-Fitr (estimated)",
    "2037-11-09": "Eid al-Fitr Holiday (estimated)",
    "2037-12-02": "Martyrdom of Imam Ja'far al-Sadiq (estimated)",
    "2038-01-16": "Eid al-Adha (estimated)",
    "2038-01-24": "Eid al-Ghadeer (estimated)",
    "2038-02-10": "Islamic Revolution Day",
    "2038-02-13": "Tasua (estimated)",
    "2038-02-14": "Ashura (estimated)",
    "2038-03-19": "Iranian Oil Industry Nationalization Day",
    "2038-03-20": "Last Day of Year",
    "2038-03-21": "Nowruz",
    "2038-03-22": "Nowruz Holiday",
    "2038-03-23": "Nowruz Holiday",
    "2038-03-24": "Nowruz Holiday",
    "2038-03-26": "Arbaeen (estimated)",
    "2038-04-01": "Islamic Republic Day",
    "2038-04-02": "Nature's Day",
    "2038-04-03": "Death of Prophet Muhammad and Martyrdom of Hasan ibn Ali (estimated)",
    "2038-04-05": "Martyrdom of Ali al-Rida (estimated)",
    "2038-04-13": "Martyrdom of Hasan al-Askari (estimated)",
    "2038-04-22": "Birthday of Muhammad and Imam Ja'far al-Sadiq (estimated)",
    "2038-06-04": "Death of Imam Khomeini",
    "2038-06-05": "Khordad National Uprising",
    "2038-07-05": "Martyrdom of Fatima (estimated)",
    "2038-08-14": "Birthday of Imam Ali (estimated)",
    "2038-08-28": "Isra' and Mi'raj (estimated)",
    "2038-09-14": "Birthday of Mahdi (estimated)",
    "2038-10-20": "Martyrdom of Imam Ali (estimated)",
    "2038-10-29": "Eid al-Fitr (estimated)",
    "2038-10-30": "Eid al-Fitr Holiday (estimated)",
    "2038-11-22": "Martyrdom of Imam Ja'far al-Sadiq (estimated)",
    "2039-01-05": "Eid al-Adha (estimated)",
    "2039-01-13": "Eid al-Ghadeer (estimated)",
    "2039-02-03": "Tasua (estimated)",
    "2039-02-04": "Ashura (estimated)",
    "2039-02-11": "Islamic Revolution Day",
    "2039-03-15": "Arbaeen (estimated)",
    "2039-03-20": "Iranian Oil Industry Nationalization Day",
    "2039-03-21": "Nowruz",
    "2039-03-22": "Nowruz Holiday",
    "2039-03-23": "Death of Prophet Muhammad and Martyrdom of Hasan ibn Ali (estimated); Nowruz Holiday",
    "2039-03-24": "Nowruz Holiday",
    "2039-03-25": "Martyrdom of Ali al-Rida (estimated)",
    "2039-04-01": "Islamic Republic Day",
    "2039-04-02": "Martyrdom of Hasan al-Askari (estimated); Nature's Day",
    "2039-04-11": "Birthday of Muhammad and Imam Ja'far al-Sadiq (estimated)",
    "2039-06-04": "Death of Imam Khomeini",
    "2039-06-05": "Khordad National Uprising",
    "2039-06-25": "Martyrdom of Fatima (estimated)",
    "2039-08-03": "Birthday of Imam Ali (estimated)",
    "2039-08-17": "Isra' and Mi'raj (estimated)",
    "2039-09-04": "Birthday of Mahdi (estimated)",
    "2039-10-09": "Martyrdom of Imam Ali (estimated)",
    "2039-10-19": "Eid al-Fitr (estimated)",
    "2039-10-20": "Eid al-Fitr Holiday (estimated)",
    "2039-11-12": "Martyrdom of Imam Ja'far al-Sadiq (estimated)",
    "2039-12-26": "Eid al-Adha (estimated)",
    "2040-01-03": "Eid al-Ghadeer (estimated)",
    "2040-01-23": "Tasua (estimated)",
    "2040-01-24": "Ashura (estimated)",
    "2040-02-11": "Islamic Revolution Day",
    "2040-03-04": "Arbaeen (estimated)",
    "2040-03-12": "Death of Prophet Muhammad and Martyrdom of Hasan ibn Ali (estimated)",
    "2040-03-13": "Martyrdom of Ali al-Rida (estimated)",
    "2040-03-19": "Iranian Oil Industry Nationalization Day",
    "2040-03-20": "Nowruz",
    "2040-03-21": "Martyrdom of Hasan al-Askari (estimated); Nowruz Holiday",
    "2040-03-22": "Nowruz Holiday",
    "2040-03-23": "Nowruz Holiday",
    "2040-03-30": "Birthday of Muhammad and Imam Ja'far al-Sadiq (estimated)",
    "2040-03-31": "Islamic Republic Day",
    "2040-04-01": "Nature's Day",
    "2040-06-03": "Death of Imam Khomeini",
    "2040-06-04": "Khordad National Uprising",
    "2040-06-13": "Martyrdom of Fatima (estimated)",
    "2040-07-22": "Birthday of Imam Ali (estimated)",
    "2040-08-05": "Isra' and Mi'raj (estimated)",
    "2040-08-23": "Birthday of Mahdi (estimated)",
    "2040-09-27": "Martyrdom of Imam Ali (estimated)",
    "2040-10-07": "Eid al-Fitr (estimated)",
    "2040-10-08": "Eid al-Fitr Holiday (estimated)",
    "2040-10-31": "Martyrdom of Imam Ja'far al-Sadiq (estimated)",
    "2040-12-14": "Eid al-Adha (estimated)",
    "2040-12-22": "Eid al-Ghadeer (estimated)",
    "2041-01-12": "Tasua (estimated)",
    "2041-01-13": "Ashura (estimated)",
    "2041-02-10": "Islamic Revolution Day",
    "2041-02-21": "Arbaeen (estimated)",
    "2041-03-01": "Death of Prophet Muhammad and Martyrdom of Hasan ibn Ali (estimated)",
    "2041-03-03": "Martyrdom of Ali al-Rida (estimated)",
    "2041-03-11": "Martyrdom of Hasan al-Askari (estimated)",
    "2041-03-19": "Iranian Oil Industry Nationalization Day",
    "2041-03-20": "Birthday of Muhammad and Imam Ja'far al-Sadiq (estimated); Nowruz",
    "2041-03-21": "Nowruz Holiday",
    "2041-03-22": "Nowruz Holiday",
    "2041-03-23": "Nowruz Holiday",
    "2041-03-31": "Islamic Republic Day",
    "2041-04-01": "Nature's Day",
    "2041-06-02": "Martyrdom of Fatima (estimated)",
    "2041-06-03": "Death of Imam Khomeini",
    "2041-06-04": "Khordad National Uprising",
    "2041-07-11": "Birthday of Imam Ali (estimated)",
    "2041-07-25": "Isra' and Mi'raj (estimated)",
    "2041-08-12": "Birthday of Mahdi (estimated)",
    "2041-09-17": "Martyrdom of Imam Ali (estimated)",
    "2041-09-26": "Eid al-Fitr (estimated)",
    "2041-09-27": "Eid al-Fitr Holiday (estimated)",
    "2041-10-20": "Martyrdom of Imam Ja'far al-Sadiq (estimated)",
    "2041-12-04": "Eid al-Adha (estimated)",
    "2041-12-12": "Eid al-Ghadeer (estimated)",
    "2042-01-01": "Tasua (estimated)",
    "2042-01-02": "Ashura (estimated)",
    "2042-02-10": "Islamic Revolution Day",
    "2042-02-11": "Arbaeen (estimated)",
    "2042-02-19": "Death of Prophet Muhammad and Martyrdom of Hasan ibn Ali (estimated)",
    "2042-02-20": "Martyrdom of Ali al-Rida (estimated)",
    "2042-02-28": "Martyrdom of Hasan al-Askari (estimated)",
    "2042-03-09": "Birthday of Muhammad and Imam Ja'far al-Sadiq (estimated)",
    "2042-03-19": "Iranian Oil Industry Nationalization Day",
    "2042-03-20": "Last Day of Year",
    "2042-03-21": "Nowruz",
    "2042-03-22": "Nowruz Holiday",
    "2042-03-23": "Nowruz Holiday",
    "2042-03-24": "Nowruz Holiday",
    "2042-04-01": "Islamic Republic Day",
    "2042-04-02": "Nature's Day",
    "2042-05-22": "Martyrdom of Fatima (estimated)",
    "2042-06-04": "Death of Imam Khomeini",
    "2042-06-05": "Khordad National Uprising",
    "2042-07-01": "Birthday of Imam Ali (estimated)",
    "2042-07-15": "Isra' and Mi'raj (estimated)",
    "2042-08-01": "Birthday of Mahdi (estimated)",
    "2042-09-06": "Martyrdom of Imam Ali (estimated)",
    "2042-09-15": "Eid al-Fitr (estimated)",
    "2042-09-16": "Eid al-Fitr Holiday (estimated)",
    "2042-10-09": "Martyrdom of Imam Ja'far al-Sadiq (estimated)",
    "2042-11-23": "Eid al-Adha (estimated)",
    "2042-12-01": "Eid al-Ghadeer (estimated)",
    "2042-12-22": "Tasua (estimated)",
    "2042-12-23": "Ashura (estimated)",
    "2043-01-31": "Arbaeen (estimated)",
    "2043-02-08": "Death of Prophet Muhammad and Martyrdom of Hasan ibn Ali (estimated)",
    "2043-02-10": "Martyrdom of Ali al-Rida (estimated)",
    "2043-02-11": "Islamic Revolution Day",
    "2043-02-18": "Martyrdom of Hasan al-Askari (estimated)",
    "2043-02-27": "Birthday of Muhammad and Imam Ja'far al-Sadiq (estimated)",
    "2043-03-20": "Iranian Oil Industry Nationalization Day",
    "2043-03-21": "Nowruz",
    "2043-03-22": "Nowruz Holiday",
    "2043-03-23": "Nowruz Holiday",
    "2043-03-24": "Nowruz Holiday",
    "2043-04-01": "Islamic Republic Day",
    "2043-04-02": "Nature's Day",
    "2043-05-12": "Martyrdom of Fatima (estimated)",
    "2043-06-04": "Death of Imam Khomeini",
    "2043-06-05": "Khordad National Uprising",
    "2043-06-20": "Birthday of Imam Ali (estimated)",
    "2043-07-04": "Isra' and Mi'raj (estimated)",
    "2043-07-22": "Birthday of Mahdi (estimated)",
    "2043-08-26": "Martyrdom of Imam Ali (estimated)",
    "2043-09-04": "Eid al-Fitr (estimated)",
    "2043-09-05": "Eid al-Fitr Holiday (estimated)",
    "2043-09-28": "Martyrdom of Imam Ja'far al-Sadiq (estimated)",
    "2043-11-12": "Eid al-Adha (estimated)",
    "2043-11-20": "Eid al-Ghadeer (estimated)",
    "2043-12-11": "Tasua (estimated)",
    "2043-12-12": "Ashura (estimated)",
    "2044-01-21": "Arbaeen (estimated)",
    "2044-01-29": "Death of Prophet Muhammad and Martyrdom of Hasan ibn Ali (estimated)",
    "2044-01-30": "Martyrdom of Ali al-Rida (estimated)",
    "2044-02-07": "Martyrdom of Hasan al-Askari (estimated)",
    "2044-02-11": "Islamic Revolution Day",
    "2044-02-16": "Birthday of Muhammad and Imam Ja'far al-Sadiq (estimated)",
    "2044-03-19": "Iranian Oil Industry Nationalization Day",
    "2044-03-20": "Nowruz",
    "2044-03-21": "Nowruz Holiday",
    "2044-03-22": "Nowruz Holiday",
    "2044-03-23": "Nowruz Holiday",
    "2044-03-31": "Islamic Republic Day",
    "2044-04-01": "Nature's Day",
    "2044-05-01": "Martyrdom of Fatima (estimated)",
    "2044-06-03": "Death of Imam Khomeini",
    "2044-06-04": "Khordad National Uprising",
    "2044-06-09": "Birthday of Imam Ali (estimated)",
    "2044-06-23": "Isra' and Mi'raj (estimated)",
    "2044-07-10": "Birthday of Mahdi (estimated)",
    "2044-08-15": "Martyrdom of Imam Ali (estimated)",
    "2044-08-24": "Eid al-Fitr (estimated)",
    "2044-08-25": "Eid al-Fitr Holiday (estimated)",
    "2044-09-17": "Martyrdom of Imam Ja'far al-Sadiq (estimated)",
    "2044-10-31": "Eid al-Adha (estimated)",
    "2044-11-08": "Eid al-Ghadeer (estimated)",
    "2044-11-29": "Tasua (estimated)",
    "2044-11-30": "Ashura (estimated)",
    "2045-01-09": "Arbaeen (estimated)",
    "2045-01-17": "Death of Prophet Muhammad and Martyrdom of Hasan ibn Ali (estimated)",
    "2045-01-18": "Martyrdom of Ali al-Rida (estimated)",
    "2045-01-26": "Martyrdom of Hasan al-Askari (estimated)",
    "2045-02-04": "Birthday of Muhammad and Imam Ja'far al-Sadiq (estimated)",
    "2045-02-10": "Islamic Revolution Day",
    "2045-03-19": "Iranian Oil Industry Nationalization Day",
    "2045-03-20": "Nowruz",
    "2045-03-21": "Nowruz Holiday",
    "2045-03-22": "Nowruz Holiday",
    "2045-03-23": "Nowruz Holiday",
    "2045-03-31": "Islamic Republic Day",
    "2045-04-01": "Nature's Day",
    "2045-04-20": "Martyrdom of Fatima (estimated)",
    "2045-05-30": "Birthday of Imam Ali (estimated)",
    "2045-06-03": "Death of Imam Khomeini",
    "2045-06-04": "Khordad National Uprising",
    "2045-06-13": "Isra' and Mi'raj (estimated)",
    "2045-06-30": "Birthday of Mahdi (estimated)",
    "2045-08-04": "Martyrdom of Imam Ali (estimated)",
    "2045-08-14": "Eid al-Fitr (estimated)",
    "2045-08-15": "Eid al-Fitr Holiday (estimated)",
    "2045-09-07": "Martyrdom of Imam Ja'far al-Sadiq (estimated)",
    "2045-10-21": "Eid al-Adha (estimated)",
    "2045-10-29": "Eid al-Ghadeer (estimated)",
    "2045-11-18": "Tasua (estimated)",
    "2045-11-19": "Ashura (estimated)",
    "2045-12-29": "Arbaeen (estimated)",
    "2046-01-06": "Death of Prophet Muhammad and Martyrdom of Hasan ibn Ali (estimated)",
    "2046-01-07": "Martyrdom of Ali al-Rida (estimated)",
    "2046-01-15": "Martyrdom of Hasan al-Askari (estimated)",
    "2046-01-24": "Birthday of Muhammad and Imam Ja'far al-Sadiq (estimated)",
    "2046-02-10": "Islamic Revolution Day",
    "2046-03-19": "Iranian Oil Industry Nationalization Day",
    "2046-03-20": "Last Day of Year",
    "2046-03-21": "Nowruz",
    "2046-03-22": "Nowruz Holiday",
    "2046-03-23": "Nowruz Holiday",
    "2046-03-24": "Nowruz Holiday",
    "2046-04-01": "Islamic Republic Day",
    "2046-04-02": "Nature's Day",
    "2046-04-09": "Martyrdom of Fatima (estimated)",
    "2046-05-19": "Birthday of Imam Ali (estimated)",
    "2046-06-02": "Isra' and Mi'raj (estimated)",
    "2046-06-04": "Death of Imam Khomeini",
    "2046-06-05": "Khordad National Uprising",
    "2046-06-19": "Birthday of Mahdi (estimated)",
    "2046-07-25": "Martyrdom of Imam Ali (estimated)",
    "2046-08-03": "Eid al-Fitr (estimated)",
    "2046-08-04": "Eid al-Fitr Holiday (estimated)",
    "2046-08-27": "Martyrdom of Imam Ja'far al-Sadiq (estimated)",
    "2046-10-10": "Eid al-Adha (estimated)",
    "2046-10-18": "Eid al-Ghadeer (estimated)",
    "2046-11-08": "Tasua (estimated)",
    "2046-11-09": "Ashura (estimated)",
    "2046-12-18": "Arbaeen (estimated)",
    "2046-12-26": "Death of Prophet Muhammad and Martyrdom of Hasan ibn Ali (estimated)",
    "2046-12-27": "Martyrdom of Ali al-Rida (estimated)",
    "2047-01-04": "Martyrdom of Hasan al-Askari (estimated)",
    "2047-01-13": "Birthday of Muhammad and Imam Ja'far al-Sadiq (estimated)",
    "2047-02-11": "Islamic Revolution Day",
    "2047-03-20": "Iranian Oil Industry Nationalization Day",
    "2047-03-21": "Nowruz",
    "2047-03-22": "Nowruz Holiday",
    "2047-03-23": "Nowruz Holiday",
    "2047-03-24": "Nowruz Holiday",
    "2047-03-29": "Martyrdom of Fatima (estimated)",
    "2047-04-01": "Islamic Republic Day",
    "2047-04-02": "Nature's Day",
    "2047-05-08": "Birthday of Imam Ali (estimated)",
    "2047-05-22": "Isra' and Mi'raj (estimated)",
    "2047-06-04": "Death of Imam Khomeini",
    "2047-06-05": "Khordad National Uprising",
    "2047-06-09": "Birthday of Mahdi (estimated)",
    "2047-07-14": "Martyrdom of Imam Ali (estimated)",
    "2047-07-24": "Eid al-Fitr (estimated)",
    "2047-07-25": "Eid al-Fitr Holiday (estimated)",
    "2047-08-17": "Martyrdom of Imam Ja'far al-Sadiq (estimated)",
    "2047-09-30": "Eid al-Adha (estimated)",
    "2047-10-08": "Eid al-Ghadeer (estimated)",
    "2047-10-28": "Tasua (estimated)",
    "2047-10-29": "Ashura (estimated)",
    "2047-12-08": "Arbaeen (estimated)",
    "2047-12-16": "Death of Prophet Muhammad and Martyrdom of Hasan ibn Ali (estimated)",
    "2047-12-17": "Martyrdom of Ali al-Rida (estimated)",
    "2047-12-25": "Martyrdom of Hasan al-Askari (estimated)",
    "2048-01-03": "Birthday of Muhammad and Imam Ja'far al-Sadiq (estimated)",
    "2048-02-11": "Islamic Revolution Day",
    "2048-03-18": "Martyrdom of Fatima (estimated)",
    "2048-03-19": "Iranian Oil Industry Nationalization Day",
    "2048-03-20": "Nowruz",
    "2048-03-21": "Nowruz Holiday",
    "2048-03-22": "Nowruz Holiday",
    "2048-03-23": "Nowruz Holiday",
    "2048-03-31": "Islamic Republic Day",
    "2048-04-01": "Nature's Day",
    "2048-04-26": "Birthday of Imam Ali (estimated)",
    "2048-05-10": "Isra' and Mi'raj (estimated)",
    "2048-05-28": "Birthday of Mahdi (estimated)",
    "2048-06-03": "Death of Imam Khomeini",
    "2048-06-04": "Khordad National Uprising",
    "2048-07-02": "Martyrdom of Imam Ali (estimated)",
    "2048-07-12": "Eid al-Fitr (estimated)",
    "2048-07-13": "Eid al-Fitr Holiday (estimated)",
    "2048-08-05": "Martyrdom of Imam Ja'far al-Sadiq (estimated)",
    "2048-09-19": "Eid al-Adha (estimated)",
    "2048-09-27": "Eid al-Ghadeer (estimated)",
    "2048-10-17": "Tasua (estimated)",
    "2048-10-18": "Ashura (estimated)",
    "2048-11-26": "Arbaeen (estimated)",
    "2048-12-04": "Death of Prophet Muhammad and Martyrdom of Hasan ibn Ali (estimated)",
    "2048-12-06": "Martyrdom of Ali al-Rida (estimated)",
    "2048-12-14": "Martyrdom of Hasan al-Askari (estimated)",
    "2048-12-23": "Birthday of Muhammad and Imam Ja'far al-Sadiq (estimated)",
    "2049-02-10": "Islamic Revolution Day",
    "2049-03-07": "Martyrdom of Fatima (estimated)",
    "2049-03-19": "Iranian Oil Industry Nationalization Day",
    "2049-03-20": "Nowruz",
    "2049-03-21": "Nowruz Holiday",
    "2049-03-22": "Nowruz Holiday",
    "2049-03-23": "Nowruz Holiday",
    "2049-03-31": "Islamic Republic Day",
    "2049-04-01": "Nature's Day",
    "2049-04-15": "Birthday of Imam Ali (estimated)",
    "2049-04-29": "Isra' and Mi'raj (estimated)",
    "2049-05-17": "Birthday of Mahdi (estimated)",
    "2049-06-03": "Death of Imam Khomeini",
    "2049-06-04": "Khordad National Uprising",
    "2049-06-22": "Martyrdom of Imam Ali (estimated)",
    "2049-07-01": "Eid al-Fitr (estimated)",
    "2049-07-02": "Eid al-Fitr Holiday (estimated)",
    "2049-07-25": "Martyrdom of Imam Ja'far al-Sadiq (estimated)",
    "2049-09-08": "Eid al-Adha (estimated)",
    "2049-09-16": "Eid al-Ghadeer (estimated)",
    "2049-10-06": "Tasua (estimated)",
    "2049-10-07": "Ashura (estimated)",
    "2049-11-16": "Arbaeen (estimated)",
    "2049-11-24": "Death of Prophet Muhammad and Martyrdom of Hasan ibn Ali (estimated)",
    "2049-11-25": "Martyrdom of Ali al-Rida (estimated)",
    "2049-12-03": "Martyrdom of Hasan al-Askari (estimated)",
    "2049-12-12": "Birthday of Muhammad and Imam Ja'far al-Sadiq (estimated)",
    "2050-02-10": "Islamic Revolution Day",
    "2050-02-25": "Martyrdom of Fatima (estimated)",
    "2050-03-19": "Iranian Oil Industry Nationalization Day",
    "2050-03-20": "Last Day of Year",
    "2050-03-21": "Nowruz",
    "2050-03-22": "Nowruz Holiday",
    "2050-03-23": "Nowruz Holiday",
    "2050-03-24": "Nowruz Holiday",
    "2050-04-01": "Islamic Republic Day",
    "2050-04-02": "Nature's Day",
    "2050-04-05": "Birthday of Imam Ali (estimated)",
    "2050-04-19": "Isra' and Mi'raj (estimated)",
    "2050-05-06": "Birthday of Mahdi (estimated)",
    "2050-06-04": "Death of Imam Khomeini",
    "2050-06-05": "Khordad National Uprising",
    "2050-06-11": "Martyrdom of Imam Ali (estimated)",
    "2050-06-20": "Eid al-Fitr (estimated)",
    "2050-06-21": "Eid al-Fitr Holiday (estimated)",
    "2050-07-14": "Martyrdom of Imam Ja'far al-Sadiq (estimated)",
    "2050-08-28": "Eid al-Adha (estimated)",
    "2050-09-05": "Eid al-Ghadeer (estimated)",
    "2050-09-25": "Tasua (estimated)",
    "2050-09-26": "Ashura (estimated)",
    "2050-11-05": "Arbaeen (estimated)",
    "2050-11-13": "Death of Prophet Muhammad and Martyrdom of Hasan ibn Ali (estimated)",
    "2050-11-14": "Martyrdom of Ali al-Rida (estimated)",
    "2050-11-22": "Martyrdom of Hasan al-Askari (estimated)",
    "2050-12-01": "Birthday of Muhammad and Imam Ja'far al-Sadiq (estimated)"
}
