{
    "1950-01-01": "Capodanno",
    "1950-01-06": "Epifania del Signore",
    "1950-03-19": "San Giuseppe",
    "1950-04-09": "Pasqua di Resurrezione",
    "1950-04-10": "Luned\u00ec dell'Angelo",
    "1950-04-25": "Festa della Liberazione",
    "1950-05-01": "Festa dei Lavoratori",
    "1950-05-18": "Ascensione Nostro Signore",
    "1950-06-02": "Festa della Repubblica",
    "1950-06-08": "Corpus Domini",
    "1950-06-10": "San Massimo D'Aveia",
    "1950-06-29": "Santi Pietro e Paolo",
    "1950-08-15": "Assunzione della Vergine",
    "1950-11-01": "Tutti i Santi",
    "1950-11-04": "Giornata dell'Unit\u00e0 Nazionale e delle Forze Armate",
    "1950-12-08": "Immacolata Concezione",
    "1950-12-25": "Natale",
    "1950-12-26": "Santo Stefano",
    "1951-01-01": "Capodanno",
    "1951-01-06": "Epifania del Signore",
    "1951-03-19": "San Giuseppe",
    "1951-03-25": "Pasqua di Resurrezione",
    "1951-03-26": "Luned\u00ec dell'Angelo",
    "1951-04-25": "Festa della Liberazione",
    "1951-05-01": "Festa dei Lavoratori",
    "1951-05-03": "Ascensione Nostro Signore",
    "1951-05-24": "Corpus Domini",
    "1951-06-02": "Festa della Repubblica",
    "1951-06-10": "San Massimo D'Aveia",
    "1951-06-29": "Santi Pietro e Paolo",
    "1951-08-15": "Assunzione della Vergine",
    "1951-11-01": "Tutti i Santi",
    "1951-11-04": "Giornata dell'Unit\u00e0 Nazionale e delle Forze Armate",
    "1951-12-08": "Immacolata Concezione",
    "1951-12-25": "Natale",
    "1951-12-26": "Santo Stefano",
    "1952-01-01": "Capodanno",
    "1952-01-06": "Epifania del Signore",
    "1952-03-19": "San Giuseppe",
    "1952-04-13": "Pasqua di Resurrezione",
    "1952-04-14": "Luned\u00ec dell'Angelo",
    "1952-04-25": "Festa della Liberazione",
    "1952-05-01": "Festa dei Lavoratori",
    "1952-05-22": "Ascensione Nostro Signore",
    "1952-06-02": "Festa della Repubblica",
    "1952-06-10": "San Massimo D'Aveia",
    "1952-06-12": "Corpus Domini",
    "1952-06-29": "Santi Pietro e Paolo",
    "1952-08-15": "Assunzione della Vergine",
    "1952-11-01": "Tutti i Santi",
    "1952-11-04": "Giornata dell'Unit\u00e0 Nazionale e delle Forze Armate",
    "1952-12-08": "Immacolata Concezione",
    "1952-12-25": "Natale",
    "1952-12-26": "Santo Stefano",
    "1953-01-01": "Capodanno",
    "1953-01-06": "Epifania del Signore",
    "1953-03-19": "San Giuseppe",
    "1953-04-05": "Pasqua di Resurrezione",
    "1953-04-06": "Luned\u00ec dell'Angelo",
    "1953-04-25": "Festa della Liberazione",
    "1953-05-01": "Festa dei Lavoratori",
    "1953-05-14": "Ascensione Nostro Signore",
    "1953-06-02": "Festa della Repubblica",
    "1953-06-04": "Corpus Domini",
    "1953-06-10": "San Massimo D'Aveia",
    "1953-06-29": "Santi Pietro e Paolo",
    "1953-08-15": "Assunzione della Vergine",
    "1953-11-01": "Tutti i Santi",
    "1953-11-04": "Giornata dell'Unit\u00e0 Nazionale e delle Forze Armate",
    "1953-12-08": "Immacolata Concezione",
    "1953-12-25": "Natale",
    "1953-12-26": "Santo Stefano",
    "1954-01-01": "Capodanno",
    "1954-01-06": "Epifania del Signore",
    "1954-03-19": "San Giuseppe",
    "1954-04-18": "Pasqua di Resurrezione",
    "1954-04-19": "Luned\u00ec dell'Angelo",
    "1954-04-25": "Festa della Liberazione",
    "1954-05-01": "Festa dei Lavoratori",
    "1954-05-27": "Ascensione Nostro Signore",
    "1954-06-02": "Festa della Repubblica",
    "1954-06-10": "San Massimo D'Aveia",
    "1954-06-17": "Corpus Domini",
    "1954-06-29": "Santi Pietro e Paolo",
    "1954-08-15": "Assunzione della Vergine",
    "1954-11-01": "Tutti i Santi",
    "1954-11-04": "Giornata dell'Unit\u00e0 Nazionale e delle Forze Armate",
    "1954-12-08": "Immacolata Concezione",
    "1954-12-25": "Natale",
    "1954-12-26": "Santo Stefano",
    "1955-01-01": "Capodanno",
    "1955-01-06": "Epifania del Signore",
    "1955-03-19": "San Giuseppe",
    "1955-04-10": "Pasqua di Resurrezione",
    "1955-04-11": "Luned\u00ec dell'Angelo",
    "1955-04-25": "Festa della Liberazione",
    "1955-05-01": "Festa dei Lavoratori",
    "1955-05-19": "Ascensione Nostro Signore",
    "1955-06-02": "Festa della Repubblica",
    "1955-06-09": "Corpus Domini",
    "1955-06-10": "San Massimo D'Aveia",
    "1955-06-29": "Santi Pietro e Paolo",
    "1955-08-15": "Assunzione della Vergine",
    "1955-11-01": "Tutti i Santi",
    "1955-11-04": "Giornata dell'Unit\u00e0 Nazionale e delle Forze Armate",
    "1955-12-08": "Immacolata Concezione",
    "1955-12-25": "Natale",
    "1955-12-26": "Santo Stefano",
    "1956-01-01": "Capodanno",
    "1956-01-06": "Epifania del Signore",
    "1956-03-19": "San Giuseppe",
    "1956-04-01": "Pasqua di Resurrezione",
    "1956-04-02": "Luned\u00ec dell'Angelo",
    "1956-04-25": "Festa della Liberazione",
    "1956-05-01": "Festa dei Lavoratori",
    "1956-05-10": "Ascensione Nostro Signore",
    "1956-05-31": "Corpus Domini",
    "1956-06-02": "Festa della Repubblica",
    "1956-06-10": "San Massimo D'Aveia",
    "1956-06-29": "Santi Pietro e Paolo",
    "1956-08-15": "Assunzione della Vergine",
    "1956-11-01": "Tutti i Santi",
    "1956-11-04": "Giornata dell'Unit\u00e0 Nazionale e delle Forze Armate",
    "1956-12-08": "Immacolata Concezione",
    "1956-12-25": "Natale",
    "1956-12-26": "Santo Stefano",
    "1957-01-01": "Capodanno",
    "1957-01-06": "Epifania del Signore",
    "1957-03-19": "San Giuseppe",
    "1957-04-21": "Pasqua di Resurrezione",
    "1957-04-22": "Luned\u00ec dell'Angelo",
    "1957-04-25": "Festa della Liberazione",
    "1957-05-01": "Festa dei Lavoratori",
    "1957-05-30": "Ascensione Nostro Signore",
    "1957-06-02": "Festa della Repubblica",
    "1957-06-10": "San Massimo D'Aveia",
    "1957-06-20": "Corpus Domini",
    "1957-06-29": "Santi Pietro e Paolo",
    "1957-08-15": "Assunzione della Vergine",
    "1957-11-01": "Tutti i Santi",
    "1957-11-04": "Giornata dell'Unit\u00e0 Nazionale e delle Forze Armate",
    "1957-12-08": "Immacolata Concezione",
    "1957-12-25": "Natale",
    "1957-12-26": "Santo Stefano",
    "1958-01-01": "Capodanno",
    "1958-01-06": "Epifania del Signore",
    "1958-03-19": "San Giuseppe",
    "1958-04-06": "Pasqua di Resurrezione",
    "1958-04-07": "Luned\u00ec dell'Angelo",
    "1958-04-25": "Festa della Liberazione",
    "1958-05-01": "Festa dei Lavoratori",
    "1958-05-15": "Ascensione Nostro Signore",
    "1958-06-02": "Festa della Repubblica",
    "1958-06-05": "Corpus Domini",
    "1958-06-10": "San Massimo D'Aveia",
    "1958-06-29": "Santi Pietro e Paolo",
    "1958-08-15": "Assunzione della Vergine",
    "1958-11-01": "Tutti i Santi",
    "1958-11-04": "Giornata dell'Unit\u00e0 Nazionale e delle Forze Armate",
    "1958-12-08": "Immacolata Concezione",
    "1958-12-25": "Natale",
    "1958-12-26": "Santo Stefano",
    "1959-01-01": "Capodanno",
    "1959-01-06": "Epifania del Signore",
    "1959-03-19": "San Giuseppe",
    "1959-03-29": "Pasqua di Resurrezione",
    "1959-03-30": "Luned\u00ec dell'Angelo",
    "1959-04-25": "Festa della Liberazione",
    "1959-05-01": "Festa dei Lavoratori",
    "1959-05-07": "Ascensione Nostro Signore",
    "1959-05-28": "Corpus Domini",
    "1959-06-02": "Festa della Repubblica",
    "1959-06-10": "San Massimo D'Aveia",
    "1959-06-29": "Santi Pietro e Paolo",
    "1959-08-15": "Assunzione della Vergine",
    "1959-11-01": "Tutti i Santi",
    "1959-11-04": "Giornata dell'Unit\u00e0 Nazionale e delle Forze Armate",
    "1959-12-08": "Immacolata Concezione",
    "1959-12-25": "Natale",
    "1959-12-26": "Santo Stefano",
    "1960-01-01": "Capodanno",
    "1960-01-06": "Epifania del Signore",
    "1960-03-19": "San Giuseppe",
    "1960-04-17": "Pasqua di Resurrezione",
    "1960-04-18": "Luned\u00ec dell'Angelo",
    "1960-04-25": "Festa della Liberazione",
    "1960-05-01": "Festa dei Lavoratori",
    "1960-05-26": "Ascensione Nostro Signore",
    "1960-06-02": "Festa della Repubblica",
    "1960-06-10": "San Massimo D'Aveia",
    "1960-06-16": "Corpus Domini",
    "1960-06-29": "Santi Pietro e Paolo",
    "1960-08-15": "Assunzione della Vergine",
    "1960-11-01": "Tutti i Santi",
    "1960-11-04": "Giornata dell'Unit\u00e0 Nazionale e delle Forze Armate",
    "1960-12-08": "Immacolata Concezione",
    "1960-12-25": "Natale",
    "1960-12-26": "Santo Stefano",
    "1961-01-01": "Capodanno",
    "1961-01-06": "Epifania del Signore",
    "1961-03-17": "Anniversario dell'Unit\u00e0 d'Italia",
    "1961-03-19": "San Giuseppe",
    "1961-04-02": "Pasqua di Resurrezione",
    "1961-04-03": "Luned\u00ec dell'Angelo",
    "1961-04-25": "Festa della Liberazione",
    "1961-05-01": "Festa dei Lavoratori",
    "1961-05-11": "Ascensione Nostro Signore",
    "1961-06-01": "Corpus Domini",
    "1961-06-02": "Festa della Repubblica",
    "1961-06-10": "San Massimo D'Aveia",
    "1961-06-29": "Santi Pietro e Paolo",
    "1961-08-15": "Assunzione della Vergine",
    "1961-11-01": "Tutti i Santi",
    "1961-11-04": "Giornata dell'Unit\u00e0 Nazionale e delle Forze Armate",
    "1961-12-08": "Immacolata Concezione",
    "1961-12-25": "Natale",
    "1961-12-26": "Santo Stefano",
    "1962-01-01": "Capodanno",
    "1962-01-06": "Epifania del Signore",
    "1962-03-19": "San Giuseppe",
    "1962-04-22": "Pasqua di Resurrezione",
    "1962-04-23": "Luned\u00ec dell'Angelo",
    "1962-04-25": "Festa della Liberazione",
    "1962-05-01": "Festa dei Lavoratori",
    "1962-05-31": "Ascensione Nostro Signore",
    "1962-06-02": "Festa della Repubblica",
    "1962-06-10": "San Massimo D'Aveia",
    "1962-06-21": "Corpus Domini",
    "1962-06-29": "Santi Pietro e Paolo",
    "1962-08-15": "Assunzione della Vergine",
    "1962-11-01": "Tutti i Santi",
    "1962-11-04": "Giornata dell'Unit\u00e0 Nazionale e delle Forze Armate",
    "1962-12-08": "Immacolata Concezione",
    "1962-12-25": "Natale",
    "1962-12-26": "Santo Stefano",
    "1963-01-01": "Capodanno",
    "1963-01-06": "Epifania del Signore",
    "1963-03-19": "San Giuseppe",
    "1963-04-14": "Pasqua di Resurrezione",
    "1963-04-15": "Luned\u00ec dell'Angelo",
    "1963-04-25": "Festa della Liberazione",
    "1963-05-01": "Festa dei Lavoratori",
    "1963-05-23": "Ascensione Nostro Signore",
    "1963-06-02": "Festa della Repubblica",
    "1963-06-10": "San Massimo D'Aveia",
    "1963-06-13": "Corpus Domini",
    "1963-06-29": "Santi Pietro e Paolo",
    "1963-08-15": "Assunzione della Vergine",
    "1963-11-01": "Tutti i Santi",
    "1963-11-04": "Giornata dell'Unit\u00e0 Nazionale e delle Forze Armate",
    "1963-12-08": "Immacolata Concezione",
    "1963-12-25": "Natale",
    "1963-12-26": "Santo Stefano",
    "1964-01-01": "Capodanno",
    "1964-01-06": "Epifania del Signore",
    "1964-03-19": "San Giuseppe",
    "1964-03-29": "Pasqua di Resurrezione",
    "1964-03-30": "Luned\u00ec dell'Angelo",
    "1964-04-25": "Festa della Liberazione",
    "1964-05-01": "Festa dei Lavoratori",
    "1964-05-07": "Ascensione Nostro Signore",
    "1964-05-28": "Corpus Domini",
    "1964-06-02": "Festa della Repubblica",
    "1964-06-10": "San Massimo D'Aveia",
    "1964-06-29": "Santi Pietro e Paolo",
    "1964-08-15": "Assunzione della Vergine",
    "1964-11-01": "Tutti i Santi",
    "1964-11-04": "Giornata dell'Unit\u00e0 Nazionale e delle Forze Armate",
    "1964-12-08": "Immacolata Concezione",
    "1964-12-25": "Natale",
    "1964-12-26": "Santo Stefano",
    "1965-01-01": "Capodanno",
    "1965-01-06": "Epifania del Signore",
    "1965-03-19": "San Giuseppe",
    "1965-04-18": "Pasqua di Resurrezione",
    "1965-04-19": "Luned\u00ec dell'Angelo",
    "1965-04-25": "Festa della Liberazione",
    "1965-05-01": "Festa dei Lavoratori",
    "1965-05-27": "Ascensione Nostro Signore",
    "1965-06-02": "Festa della Repubblica",
    "1965-06-10": "San Massimo D'Aveia",
    "1965-06-17": "Corpus Domini",
    "1965-06-29": "Santi Pietro e Paolo",
    "1965-08-15": "Assunzione della Vergine",
    "1965-11-01": "Tutti i Santi",
    "1965-11-04": "Giornata dell'Unit\u00e0 Nazionale e delle Forze Armate",
    "1965-12-08": "Immacolata Concezione",
    "1965-12-25": "Natale",
    "1965-12-26": "Santo Stefano",
    "1966-01-01": "Capodanno",
    "1966-01-06": "Epifania del Signore",
    "1966-03-19": "San Giuseppe",
    "1966-04-10": "Pasqua di Resurrezione",
    "1966-04-11": "Luned\u00ec dell'Angelo",
    "1966-04-25": "Festa della Liberazione",
    "1966-05-01": "Festa dei Lavoratori",
    "1966-05-19": "Ascensione Nostro Signore",
    "1966-06-02": "Festa della Repubblica",
    "1966-06-09": "Corpus Domini",
    "1966-06-10": "San Massimo D'Aveia",
    "1966-06-29": "Santi Pietro e Paolo",
    "1966-08-15": "Assunzione della Vergine",
    "1966-11-01": "Tutti i Santi",
    "1966-11-04": "Giornata dell'Unit\u00e0 Nazionale e delle Forze Armate",
    "1966-12-08": "Immacolata Concezione",
    "1966-12-25": "Natale",
    "1966-12-26": "Santo Stefano",
    "1967-01-01": "Capodanno",
    "1967-01-06": "Epifania del Signore",
    "1967-03-19": "San Giuseppe",
    "1967-03-26": "Pasqua di Resurrezione",
    "1967-03-27": "Luned\u00ec dell'Angelo",
    "1967-04-25": "Festa della Liberazione",
    "1967-05-01": "Festa dei Lavoratori",
    "1967-05-04": "Ascensione Nostro Signore",
    "1967-05-25": "Corpus Domini",
    "1967-06-02": "Festa della Repubblica",
    "1967-06-10": "San Massimo D'Aveia",
    "1967-06-29": "Santi Pietro e Paolo",
    "1967-08-15": "Assunzione della Vergine",
    "1967-11-01": "Tutti i Santi",
    "1967-11-04": "Giornata dell'Unit\u00e0 Nazionale e delle Forze Armate",
    "1967-12-08": "Immacolata Concezione",
    "1967-12-25": "Natale",
    "1967-12-26": "Santo Stefano",
    "1968-01-01": "Capodanno",
    "1968-01-06": "Epifania del Signore",
    "1968-03-19": "San Giuseppe",
    "1968-04-14": "Pasqua di Resurrezione",
    "1968-04-15": "Luned\u00ec dell'Angelo",
    "1968-04-25": "Festa della Liberazione",
    "1968-05-01": "Festa dei Lavoratori",
    "1968-05-23": "Ascensione Nostro Signore",
    "1968-06-02": "Festa della Repubblica",
    "1968-06-10": "San Massimo D'Aveia",
    "1968-06-13": "Corpus Domini",
    "1968-06-29": "Santi Pietro e Paolo",
    "1968-08-15": "Assunzione della Vergine",
    "1968-11-01": "Tutti i Santi",
    "1968-11-04": "Giornata dell'Unit\u00e0 Nazionale e delle Forze Armate",
    "1968-12-08": "Immacolata Concezione",
    "1968-12-25": "Natale",
    "1968-12-26": "Santo Stefano",
    "1969-01-01": "Capodanno",
    "1969-01-06": "Epifania del Signore",
    "1969-03-19": "San Giuseppe",
    "1969-04-06": "Pasqua di Resurrezione",
    "1969-04-07": "Luned\u00ec dell'Angelo",
    "1969-04-25": "Festa della Liberazione",
    "1969-05-01": "Festa dei Lavoratori",
    "1969-05-15": "Ascensione Nostro Signore",
    "1969-06-02": "Festa della Repubblica",
    "1969-06-05": "Corpus Domini",
    "1969-06-10": "San Massimo D'Aveia",
    "1969-06-29": "Santi Pietro e Paolo",
    "1969-08-15": "Assunzione della Vergine",
    "1969-11-01": "Tutti i Santi",
    "1969-11-04": "Giornata dell'Unit\u00e0 Nazionale e delle Forze Armate",
    "1969-12-08": "Immacolata Concezione",
    "1969-12-25": "Natale",
    "1969-12-26": "Santo Stefano",
    "1970-01-01": "Capodanno",
    "1970-01-06": "Epifania del Signore",
    "1970-03-19": "San Giuseppe",
    "1970-03-29": "Pasqua di Resurrezione",
    "1970-03-30": "Luned\u00ec dell'Angelo",
    "1970-04-25": "Festa della Liberazione",
    "1970-05-01": "Festa dei Lavoratori",
    "1970-05-07": "Ascensione Nostro Signore",
    "1970-05-28": "Corpus Domini",
    "1970-06-02": "Festa della Repubblica",
    "1970-06-10": "San Massimo D'Aveia",
    "1970-06-29": "Santi Pietro e Paolo",
    "1970-08-15": "Assunzione della Vergine",
    "1970-11-01": "Tutti i Santi",
    "1970-11-04": "Giornata dell'Unit\u00e0 Nazionale e delle Forze Armate",
    "1970-12-08": "Immacolata Concezione",
    "1970-12-25": "Natale",
    "1970-12-26": "Santo Stefano",
    "1971-01-01": "Capodanno",
    "1971-01-06": "Epifania del Signore",
    "1971-03-19": "San Giuseppe",
    "1971-04-11": "Pasqua di Resurrezione",
    "1971-04-12": "Luned\u00ec dell'Angelo",
    "1971-04-25": "Festa della Liberazione",
    "1971-05-01": "Festa dei Lavoratori",
    "1971-05-20": "Ascensione Nostro Signore",
    "1971-06-02": "Festa della Repubblica",
    "1971-06-10": "Corpus Domini; San Massimo D'Aveia",
    "1971-06-29": "Santi Pietro e Paolo",
    "1971-08-15": "Assunzione della Vergine",
    "1971-11-01": "Tutti i Santi",
    "1971-11-04": "Giornata dell'Unit\u00e0 Nazionale e delle Forze Armate",
    "1971-12-08": "Immacolata Concezione",
    "1971-12-25": "Natale",
    "1971-12-26": "Santo Stefano",
    "1972-01-01": "Capodanno",
    "1972-01-06": "Epifania del Signore",
    "1972-03-19": "San Giuseppe",
    "1972-04-02": "Pasqua di Resurrezione",
    "1972-04-03": "Luned\u00ec dell'Angelo",
    "1972-04-25": "Festa della Liberazione",
    "1972-05-01": "Festa dei Lavoratori",
    "1972-05-11": "Ascensione Nostro Signore",
    "1972-06-01": "Corpus Domini",
    "1972-06-02": "Festa della Repubblica",
    "1972-06-10": "San Massimo D'Aveia",
    "1972-06-29": "Santi Pietro e Paolo",
    "1972-08-15": "Assunzione della Vergine",
    "1972-11-01": "Tutti i Santi",
    "1972-11-04": "Giornata dell'Unit\u00e0 Nazionale e delle Forze Armate",
    "1972-12-08": "Immacolata Concezione",
    "1972-12-25": "Natale",
    "1972-12-26": "Santo Stefano",
    "1973-01-01": "Capodanno",
    "1973-01-06": "Epifania del Signore",
    "1973-03-19": "San Giuseppe",
    "1973-04-22": "Pasqua di Resurrezione",
    "1973-04-23": "Luned\u00ec dell'Angelo",
    "1973-04-25": "Festa della Liberazione",
    "1973-05-01": "Festa dei Lavoratori",
    "1973-05-31": "Ascensione Nostro Signore",
    "1973-06-02": "Festa della Repubblica",
    "1973-06-10": "San Massimo D'Aveia",
    "1973-06-21": "Corpus Domini",
    "1973-06-29": "Santi Pietro e Paolo",
    "1973-08-15": "Assunzione della Vergine",
    "1973-11-01": "Tutti i Santi",
    "1973-11-04": "Giornata dell'Unit\u00e0 Nazionale e delle Forze Armate",
    "1973-12-08": "Immacolata Concezione",
    "1973-12-25": "Natale",
    "1973-12-26": "Santo Stefano",
    "1974-01-01": "Capodanno",
    "1974-01-06": "Epifania del Signore",
    "1974-03-19": "San Giuseppe",
    "1974-04-14": "Pasqua di Resurrezione",
    "1974-04-15": "Luned\u00ec dell'Angelo",
    "1974-04-25": "Festa della Liberazione",
    "1974-05-01": "Festa dei Lavoratori",
    "1974-05-23": "Ascensione Nostro Signore",
    "1974-06-02": "Festa della Repubblica",
    "1974-06-10": "San Massimo D'Aveia",
    "1974-06-13": "Corpus Domini",
    "1974-06-29": "Santi Pietro e Paolo",
    "1974-08-15": "Assunzione della Vergine",
    "1974-11-01": "Tutti i Santi",
    "1974-11-04": "Giornata dell'Unit\u00e0 Nazionale e delle Forze Armate",
    "1974-12-08": "Immacolata Concezione",
    "1974-12-25": "Natale",
    "1974-12-26": "Santo Stefano",
    "1975-01-01": "Capodanno",
    "1975-01-06": "Epifania del Signore",
    "1975-03-19": "San Giuseppe",
    "1975-03-30": "Pasqua di Resurrezione",
    "1975-03-31": "Luned\u00ec dell'Angelo",
    "1975-04-25": "Festa della Liberazione",
    "1975-05-01": "Festa dei Lavoratori",
    "1975-05-08": "Ascensione Nostro Signore",
    "1975-05-29": "Corpus Domini",
    "1975-06-02": "Festa della Repubblica",
    "1975-06-10": "San Massimo D'Aveia",
    "1975-06-29": "Santi Pietro e Paolo",
    "1975-08-15": "Assunzione della Vergine",
    "1975-11-01": "Tutti i Santi",
    "1975-11-04": "Giornata dell'Unit\u00e0 Nazionale e delle Forze Armate",
    "1975-12-08": "Immacolata Concezione",
    "1975-12-25": "Natale",
    "1975-12-26": "Santo Stefano",
    "1976-01-01": "Capodanno",
    "1976-01-06": "Epifania del Signore",
    "1976-03-19": "San Giuseppe",
    "1976-04-18": "Pasqua di Resurrezione",
    "1976-04-19": "Luned\u00ec dell'Angelo",
    "1976-04-25": "Festa della Liberazione",
    "1976-05-01": "Festa dei Lavoratori",
    "1976-05-27": "Ascensione Nostro Signore",
    "1976-06-02": "Festa della Repubblica",
    "1976-06-10": "San Massimo D'Aveia",
    "1976-06-17": "Corpus Domini",
    "1976-06-29": "Santi Pietro e Paolo",
    "1976-08-15": "Assunzione della Vergine",
    "1976-11-01": "Tutti i Santi",
    "1976-11-04": "Giornata dell'Unit\u00e0 Nazionale e delle Forze Armate",
    "1976-12-08": "Immacolata Concezione",
    "1976-12-25": "Natale",
    "1976-12-26": "Santo Stefano",
    "1977-01-01": "Capodanno",
    "1977-01-06": "Epifania del Signore",
    "1977-04-10": "Pasqua di Resurrezione",
    "1977-04-11": "Luned\u00ec dell'Angelo",
    "1977-04-25": "Festa della Liberazione",
    "1977-05-01": "Festa dei Lavoratori",
    "1977-06-02": "Festa della Repubblica",
    "1977-06-10": "San Massimo D'Aveia",
    "1977-08-15": "Assunzione della Vergine",
    "1977-11-01": "Tutti i Santi",
    "1977-12-08": "Immacolata Concezione",
    "1977-12-25": "Natale",
    "1977-12-26": "Santo Stefano",
    "1978-01-01": "Capodanno",
    "1978-01-06": "Epifania del Signore",
    "1978-03-26": "Pasqua di Resurrezione",
    "1978-03-27": "Luned\u00ec dell'Angelo",
    "1978-04-25": "Festa della Liberazione",
    "1978-05-01": "Festa dei Lavoratori",
    "1978-06-02": "Festa della Repubblica",
    "1978-06-10": "San Massimo D'Aveia",
    "1978-08-15": "Assunzione della Vergine",
    "1978-11-01": "Tutti i Santi",
    "1978-12-08": "Immacolata Concezione",
    "1978-12-25": "Natale",
    "1978-12-26": "Santo Stefano",
    "1979-01-01": "Capodanno",
    "1979-01-06": "Epifania del Signore",
    "1979-04-15": "Pasqua di Resurrezione",
    "1979-04-16": "Luned\u00ec dell'Angelo",
    "1979-04-25": "Festa della Liberazione",
    "1979-05-01": "Festa dei Lavoratori",
    "1979-06-02": "Festa della Repubblica",
    "1979-06-10": "San Massimo D'Aveia",
    "1979-08-15": "Assunzione della Vergine",
    "1979-11-01": "Tutti i Santi",
    "1979-12-08": "Immacolata Concezione",
    "1979-12-25": "Natale",
    "1979-12-26": "Santo Stefano",
    "1980-01-01": "Capodanno",
    "1980-01-06": "Epifania del Signore",
    "1980-04-06": "Pasqua di Resurrezione",
    "1980-04-07": "Luned\u00ec dell'Angelo",
    "1980-04-25": "Festa della Liberazione",
    "1980-05-01": "Festa dei Lavoratori",
    "1980-06-02": "Festa della Repubblica",
    "1980-06-10": "San Massimo D'Aveia",
    "1980-08-15": "Assunzione della Vergine",
    "1980-11-01": "Tutti i Santi",
    "1980-12-08": "Immacolata Concezione",
    "1980-12-25": "Natale",
    "1980-12-26": "Santo Stefano",
    "1981-01-01": "Capodanno",
    "1981-01-06": "Epifania del Signore",
    "1981-04-19": "Pasqua di Resurrezione",
    "1981-04-20": "Luned\u00ec dell'Angelo",
    "1981-04-25": "Festa della Liberazione",
    "1981-05-01": "Festa dei Lavoratori",
    "1981-06-02": "Festa della Repubblica",
    "1981-06-10": "San Massimo D'Aveia",
    "1981-08-15": "Assunzione della Vergine",
    "1981-11-01": "Tutti i Santi",
    "1981-12-08": "Immacolata Concezione",
    "1981-12-25": "Natale",
    "1981-12-26": "Santo Stefano",
    "1982-01-01": "Capodanno",
    "1982-01-06": "Epifania del Signore",
    "1982-04-11": "Pasqua di Resurrezione",
    "1982-04-12": "Luned\u00ec dell'Angelo",
    "1982-04-25": "Festa della Liberazione",
    "1982-05-01": "Festa dei Lavoratori",
    "1982-06-02": "Festa della Repubblica",
    "1982-06-10": "San Massimo D'Aveia",
    "1982-08-15": "Assunzione della Vergine",
    "1982-11-01": "Tutti i Santi",
    "1982-12-08": "Immacolata Concezione",
    "1982-12-25": "Natale",
    "1982-12-26": "Santo Stefano",
    "1983-01-01": "Capodanno",
    "1983-01-06": "Epifania del Signore",
    "1983-04-03": "Pasqua di Resurrezione",
    "1983-04-04": "Luned\u00ec dell'Angelo",
    "1983-04-25": "Festa della Liberazione",
    "1983-05-01": "Festa dei Lavoratori",
    "1983-06-02": "Festa della Repubblica",
    "1983-06-10": "San Massimo D'Aveia",
    "1983-08-15": "Assunzione della Vergine",
    "1983-11-01": "Tutti i Santi",
    "1983-12-08": "Immacolata Concezione",
    "1983-12-25": "Natale",
    "1983-12-26": "Santo Stefano",
    "1984-01-01": "Capodanno",
    "1984-01-06": "Epifania del Signore",
    "1984-04-22": "Pasqua di Resurrezione",
    "1984-04-23": "Luned\u00ec dell'Angelo",
    "1984-04-25": "Festa della Liberazione",
    "1984-05-01": "Festa dei Lavoratori",
    "1984-06-02": "Festa della Repubblica",
    "1984-06-10": "San Massimo D'Aveia",
    "1984-08-15": "Assunzione della Vergine",
    "1984-11-01": "Tutti i Santi",
    "1984-12-08": "Immacolata Concezione",
    "1984-12-25": "Natale",
    "1984-12-26": "Santo Stefano",
    "1985-01-01": "Capodanno",
    "1985-01-06": "Epifania del Signore",
    "1985-04-07": "Pasqua di Resurrezione",
    "1985-04-08": "Luned\u00ec dell'Angelo",
    "1985-04-25": "Festa della Liberazione",
    "1985-05-01": "Festa dei Lavoratori",
    "1985-06-02": "Festa della Repubblica",
    "1985-06-10": "San Massimo D'Aveia",
    "1985-08-15": "Assunzione della Vergine",
    "1985-11-01": "Tutti i Santi",
    "1985-12-08": "Immacolata Concezione",
    "1985-12-25": "Natale",
    "1985-12-26": "Santo Stefano",
    "1986-01-01": "Capodanno",
    "1986-01-06": "Epifania del Signore",
    "1986-03-30": "Pasqua di Resurrezione",
    "1986-03-31": "Luned\u00ec dell'Angelo",
    "1986-04-25": "Festa della Liberazione",
    "1986-05-01": "Festa dei Lavoratori",
    "1986-06-02": "Festa della Repubblica",
    "1986-06-10": "San Massimo D'Aveia",
    "1986-08-15": "Assunzione della Vergine",
    "1986-11-01": "Tutti i Santi",
    "1986-12-08": "Immacolata Concezione",
    "1986-12-25": "Natale",
    "1986-12-26": "Santo Stefano",
    "1987-01-01": "Capodanno",
    "1987-01-06": "Epifania del Signore",
    "1987-04-19": "Pasqua di Resurrezione",
    "1987-04-20": "Luned\u00ec dell'Angelo",
    "1987-04-25": "Festa della Liberazione",
    "1987-05-01": "Festa dei Lavoratori",
    "1987-06-02": "Festa della Repubblica",
    "1987-06-10": "San Massimo D'Aveia",
    "1987-08-15": "Assunzione della Vergine",
    "1987-11-01": "Tutti i Santi",
    "1987-12-08": "Immacolata Concezione",
    "1987-12-25": "Natale",
    "1987-12-26": "Santo Stefano",
    "1988-01-01": "Capodanno",
    "1988-01-06": "Epifania del Signore",
    "1988-04-03": "Pasqua di Resurrezione",
    "1988-04-04": "Luned\u00ec dell'Angelo",
    "1988-04-25": "Festa della Liberazione",
    "1988-05-01": "Festa dei Lavoratori",
    "1988-06-02": "Festa della Repubblica",
    "1988-06-10": "San Massimo D'Aveia",
    "1988-08-15": "Assunzione della Vergine",
    "1988-11-01": "Tutti i Santi",
    "1988-12-08": "Immacolata Concezione",
    "1988-12-25": "Natale",
    "1988-12-26": "Santo Stefano",
    "1989-01-01": "Capodanno",
    "1989-01-06": "Epifania del Signore",
    "1989-03-26": "Pasqua di Resurrezione",
    "1989-03-27": "Luned\u00ec dell'Angelo",
    "1989-04-25": "Festa della Liberazione",
    "1989-05-01": "Festa dei Lavoratori",
    "1989-06-02": "Festa della Repubblica",
    "1989-06-10": "San Massimo D'Aveia",
    "1989-08-15": "Assunzione della Vergine",
    "1989-11-01": "Tutti i Santi",
    "1989-12-08": "Immacolata Concezione",
    "1989-12-25": "Natale",
    "1989-12-26": "Santo Stefano",
    "1990-01-01": "Capodanno",
    "1990-01-06": "Epifania del Signore",
    "1990-04-15": "Pasqua di Resurrezione",
    "1990-04-16": "Luned\u00ec dell'Angelo",
    "1990-04-25": "Festa della Liberazione",
    "1990-05-01": "Festa dei Lavoratori",
    "1990-06-02": "Festa della Repubblica",
    "1990-06-10": "San Massimo D'Aveia",
    "1990-08-15": "Assunzione della Vergine",
    "1990-11-01": "Tutti i Santi",
    "1990-12-08": "Immacolata Concezione",
    "1990-12-25": "Natale",
    "1990-12-26": "Santo Stefano",
    "1991-01-01": "Capodanno",
    "1991-01-06": "Epifania del Signore",
    "1991-03-31": "Pasqua di Resurrezione",
    "1991-04-01": "Luned\u00ec dell'Angelo",
    "1991-04-25": "Festa della Liberazione",
    "1991-05-01": "Festa dei Lavoratori",
    "1991-06-02": "Festa della Repubblica",
    "1991-06-10": "San Massimo D'Aveia",
    "1991-08-15": "Assunzione della Vergine",
    "1991-11-01": "Tutti i Santi",
    "1991-12-08": "Immacolata Concezione",
    "1991-12-25": "Natale",
    "1991-12-26": "Santo Stefano",
    "1992-01-01": "Capodanno",
    "1992-01-06": "Epifania del Signore",
    "1992-04-19": "Pasqua di Resurrezione",
    "1992-04-20": "Luned\u00ec dell'Angelo",
    "1992-04-25": "Festa della Liberazione",
    "1992-05-01": "Festa dei Lavoratori",
    "1992-06-02": "Festa della Repubblica",
    "1992-06-10": "San Massimo D'Aveia",
    "1992-08-15": "Assunzione della Vergine",
    "1992-11-01": "Tutti i Santi",
    "1992-12-08": "Immacolata Concezione",
    "1992-12-25": "Natale",
    "1992-12-26": "Santo Stefano",
    "1993-01-01": "Capodanno",
    "1993-01-06": "Epifania del Signore",
    "1993-04-11": "Pasqua di Resurrezione",
    "1993-04-12": "Luned\u00ec dell'Angelo",
    "1993-04-25": "Festa della Liberazione",
    "1993-05-01": "Festa dei Lavoratori",
    "1993-06-02": "Festa della Repubblica",
    "1993-06-10": "San Massimo D'Aveia",
    "1993-08-15": "Assunzione della Vergine",
    "1993-11-01": "Tutti i Santi",
    "1993-12-08": "Immacolata Concezione",
    "1993-12-25": "Natale",
    "1993-12-26": "Santo Stefano",
    "1994-01-01": "Capodanno",
    "1994-01-06": "Epifania del Signore",
    "1994-04-03": "Pasqua di Resurrezione",
    "1994-04-04": "Luned\u00ec dell'Angelo",
    "1994-04-25": "Festa della Liberazione",
    "1994-05-01": "Festa dei Lavoratori",
    "1994-06-02": "Festa della Repubblica",
    "1994-06-10": "San Massimo D'Aveia",
    "1994-08-15": "Assunzione della Vergine",
    "1994-11-01": "Tutti i Santi",
    "1994-12-08": "Immacolata Concezione",
    "1994-12-25": "Natale",
    "1994-12-26": "Santo Stefano",
    "1995-01-01": "Capodanno",
    "1995-01-06": "Epifania del Signore",
    "1995-04-16": "Pasqua di Resurrezione",
    "1995-04-17": "Luned\u00ec dell'Angelo",
    "1995-04-25": "Festa della Liberazione",
    "1995-05-01": "Festa dei Lavoratori",
    "1995-06-02": "Festa della Repubblica",
    "1995-06-10": "San Massimo D'Aveia",
    "1995-08-15": "Assunzione della Vergine",
    "1995-11-01": "Tutti i Santi",
    "1995-12-08": "Immacolata Concezione",
    "1995-12-25": "Natale",
    "1995-12-26": "Santo Stefano",
    "1996-01-01": "Capodanno",
    "1996-01-06": "Epifania del Signore",
    "1996-04-07": "Pasqua di Resurrezione",
    "1996-04-08": "Luned\u00ec dell'Angelo",
    "1996-04-25": "Festa della Liberazione",
    "1996-05-01": "Festa dei Lavoratori",
    "1996-06-02": "Festa della Repubblica",
    "1996-06-10": "San Massimo D'Aveia",
    "1996-08-15": "Assunzione della Vergine",
    "1996-11-01": "Tutti i Santi",
    "1996-12-08": "Immacolata Concezione",
    "1996-12-25": "Natale",
    "1996-12-26": "Santo Stefano",
    "1997-01-01": "Capodanno",
    "1997-01-06": "Epifania del Signore",
    "1997-03-30": "Pasqua di Resurrezione",
    "1997-03-31": "Luned\u00ec dell'Angelo",
    "1997-04-25": "Festa della Liberazione",
    "1997-05-01": "Festa dei Lavoratori",
    "1997-06-02": "Festa della Repubblica",
    "1997-06-10": "San Massimo D'Aveia",
    "1997-08-15": "Assunzione della Vergine",
    "1997-11-01": "Tutti i Santi",
    "1997-12-08": "Immacolata Concezione",
    "1997-12-25": "Natale",
    "1997-12-26": "Santo Stefano",
    "1998-01-01": "Capodanno",
    "1998-01-06": "Epifania del Signore",
    "1998-04-12": "Pasqua di Resurrezione",
    "1998-04-13": "Luned\u00ec dell'Angelo",
    "1998-04-25": "Festa della Liberazione",
    "1998-05-01": "Festa dei Lavoratori",
    "1998-06-02": "Festa della Repubblica",
    "1998-06-10": "San Massimo D'Aveia",
    "1998-08-15": "Assunzione della Vergine",
    "1998-11-01": "Tutti i Santi",
    "1998-12-08": "Immacolata Concezione",
    "1998-12-25": "Natale",
    "1998-12-26": "Santo Stefano",
    "1999-01-01": "Capodanno",
    "1999-01-06": "Epifania del Signore",
    "1999-04-04": "Pasqua di Resurrezione",
    "1999-04-05": "Luned\u00ec dell'Angelo",
    "1999-04-25": "Festa della Liberazione",
    "1999-05-01": "Festa dei Lavoratori",
    "1999-06-02": "Festa della Repubblica",
    "1999-06-10": "San Massimo D'Aveia",
    "1999-08-15": "Assunzione della Vergine",
    "1999-11-01": "Tutti i Santi",
    "1999-12-08": "Immacolata Concezione",
    "1999-12-25": "Natale",
    "1999-12-26": "Santo Stefano",
    "2000-01-01": "Capodanno",
    "2000-01-06": "Epifania del Signore",
    "2000-04-23": "Pasqua di Resurrezione",
    "2000-04-24": "Luned\u00ec dell'Angelo",
    "2000-04-25": "Festa della Liberazione",
    "2000-05-01": "Festa dei Lavoratori",
    "2000-06-02": "Festa della Repubblica",
    "2000-06-10": "San Massimo D'Aveia",
    "2000-08-15": "Assunzione della Vergine",
    "2000-11-01": "Tutti i Santi",
    "2000-12-08": "Immacolata Concezione",
    "2000-12-25": "Natale",
    "2000-12-26": "Santo Stefano",
    "2001-01-01": "Capodanno",
    "2001-01-06": "Epifania del Signore",
    "2001-04-15": "Pasqua di Resurrezione",
    "2001-04-16": "Luned\u00ec dell'Angelo",
    "2001-04-25": "Festa della Liberazione",
    "2001-05-01": "Festa dei Lavoratori",
    "2001-06-02": "Festa della Repubblica",
    "2001-06-10": "San Massimo D'Aveia",
    "2001-08-15": "Assunzione della Vergine",
    "2001-11-01": "Tutti i Santi",
    "2001-12-08": "Immacolata Concezione",
    "2001-12-25": "Natale",
    "2001-12-26": "Santo Stefano",
    "2002-01-01": "Capodanno",
    "2002-01-06": "Epifania del Signore",
    "2002-03-31": "Pasqua di Resurrezione",
    "2002-04-01": "Luned\u00ec dell'Angelo",
    "2002-04-25": "Festa della Liberazione",
    "2002-05-01": "Festa dei Lavoratori",
    "2002-06-02": "Festa della Repubblica",
    "2002-06-10": "San Massimo D'Aveia",
    "2002-08-15": "Assunzione della Vergine",
    "2002-11-01": "Tutti i Santi",
    "2002-12-08": "Immacolata Concezione",
    "2002-12-25": "Natale",
    "2002-12-26": "Santo Stefano",
    "2003-01-01": "Capodanno",
    "2003-01-06": "Epifania del Signore",
    "2003-04-20": "Pasqua di Resurrezione",
    "2003-04-21": "Luned\u00ec dell'Angelo",
    "2003-04-25": "Festa della Liberazione",
    "2003-05-01": "Festa dei Lavoratori",
    "2003-06-02": "Festa della Repubblica",
    "2003-06-10": "San Massimo D'Aveia",
    "2003-08-15": "Assunzione della Vergine",
    "2003-11-01": "Tutti i Santi",
    "2003-12-08": "Immacolata Concezione",
    "2003-12-25": "Natale",
    "2003-12-26": "Santo Stefano",
    "2004-01-01": "Capodanno",
    "2004-01-06": "Epifania del Signore",
    "2004-04-11": "Pasqua di Resurrezione",
    "2004-04-12": "Luned\u00ec dell'Angelo",
    "2004-04-25": "Festa della Liberazione",
    "2004-05-01": "Festa dei Lavoratori",
    "2004-06-02": "Festa della Repubblica",
    "2004-06-10": "San Massimo D'Aveia",
    "2004-08-15": "Assunzione della Vergine",
    "2004-11-01": "Tutti i Santi",
    "2004-12-08": "Immacolata Concezione",
    "2004-12-25": "Natale",
    "2004-12-26": "Santo Stefano",
    "2005-01-01": "Capodanno",
    "2005-01-06": "Epifania del Signore",
    "2005-03-27": "Pasqua di Resurrezione",
    "2005-03-28": "Luned\u00ec dell'Angelo",
    "2005-04-25": "Festa della Liberazione",
    "2005-05-01": "Festa dei Lavoratori",
    "2005-06-02": "Festa della Repubblica",
    "2005-06-10": "San Massimo D'Aveia",
    "2005-08-15": "Assunzione della Vergine",
    "2005-11-01": "Tutti i Santi",
    "2005-12-08": "Immacolata Concezione",
    "2005-12-25": "Natale",
    "2005-12-26": "Santo Stefano",
    "2006-01-01": "Capodanno",
    "2006-01-06": "Epifania del Signore",
    "2006-04-16": "Pasqua di Resurrezione",
    "2006-04-17": "Luned\u00ec dell'Angelo",
    "2006-04-25": "Festa della Liberazione",
    "2006-05-01": "Festa dei Lavoratori",
    "2006-06-02": "Festa della Repubblica",
    "2006-06-10": "San Massimo D'Aveia",
    "2006-08-15": "Assunzione della Vergine",
    "2006-11-01": "Tutti i Santi",
    "2006-12-08": "Immacolata Concezione",
    "2006-12-25": "Natale",
    "2006-12-26": "Santo Stefano",
    "2007-01-01": "Capodanno",
    "2007-01-06": "Epifania del Signore",
    "2007-04-08": "Pasqua di Resurrezione",
    "2007-04-09": "Luned\u00ec dell'Angelo",
    "2007-04-25": "Festa della Liberazione",
    "2007-05-01": "Festa dei Lavoratori",
    "2007-06-02": "Festa della Repubblica",
    "2007-06-10": "San Massimo D'Aveia",
    "2007-08-15": "Assunzione della Vergine",
    "2007-11-01": "Tutti i Santi",
    "2007-12-08": "Immacolata Concezione",
    "2007-12-25": "Natale",
    "2007-12-26": "Santo Stefano",
    "2008-01-01": "Capodanno",
    "2008-01-06": "Epifania del Signore",
    "2008-03-23": "Pasqua di Resurrezione",
    "2008-03-24": "Luned\u00ec dell'Angelo",
    "2008-04-25": "Festa della Liberazione",
    "2008-05-01": "Festa dei Lavoratori",
    "2008-06-02": "Festa della Repubblica",
    "2008-06-10": "San Massimo D'Aveia",
    "2008-08-15": "Assunzione della Vergine",
    "2008-11-01": "Tutti i Santi",
    "2008-12-08": "Immacolata Concezione",
    "2008-12-25": "Natale",
    "2008-12-26": "Santo Stefano",
    "2009-01-01": "Capodanno",
    "2009-01-06": "Epifania del Signore",
    "2009-04-12": "Pasqua di Resurrezione",
    "2009-04-13": "Luned\u00ec dell'Angelo",
    "2009-04-25": "Festa della Liberazione",
    "2009-05-01": "Festa dei Lavoratori",
    "2009-06-02": "Festa della Repubblica",
    "2009-06-10": "San Massimo D'Aveia",
    "2009-08-15": "Assunzione della Vergine",
    "2009-11-01": "Tutti i Santi",
    "2009-12-08": "Immacolata Concezione",
    "2009-12-25": "Natale",
    "2009-12-26": "Santo Stefano",
    "2010-01-01": "Capodanno",
    "2010-01-06": "Epifania del Signore",
    "2010-04-04": "Pasqua di Resurrezione",
    "2010-04-05": "Luned\u00ec dell'Angelo",
    "2010-04-25": "Festa della Liberazione",
    "2010-05-01": "Festa dei Lavoratori",
    "2010-06-02": "Festa della Repubblica",
    "2010-06-10": "San Massimo D'Aveia",
    "2010-08-15": "Assunzione della Vergine",
    "2010-11-01": "Tutti i Santi",
    "2010-12-08": "Immacolata Concezione",
    "2010-12-25": "Natale",
    "2010-12-26": "Santo Stefano",
    "2011-01-01": "Capodanno",
    "2011-01-06": "Epifania del Signore",
    "2011-03-17": "Anniversario dell'Unit\u00e0 d'Italia",
    "2011-04-24": "Pasqua di Resurrezione",
    "2011-04-25": "Festa della Liberazione; Luned\u00ec dell'Angelo",
    "2011-05-01": "Festa dei Lavoratori",
    "2011-06-02": "Festa della Repubblica",
    "2011-06-10": "San Massimo D'Aveia",
    "2011-08-15": "Assunzione della Vergine",
    "2011-11-01": "Tutti i Santi",
    "2011-12-08": "Immacolata Concezione",
    "2011-12-25": "Natale",
    "2011-12-26": "Santo Stefano",
    "2012-01-01": "Capodanno",
    "2012-01-06": "Epifania del Signore",
    "2012-04-08": "Pasqua di Resurrezione",
    "2012-04-09": "Luned\u00ec dell'Angelo",
    "2012-04-25": "Festa della Liberazione",
    "2012-05-01": "Festa dei Lavoratori",
    "2012-06-02": "Festa della Repubblica",
    "2012-06-10": "San Massimo D'Aveia",
    "2012-08-15": "Assunzione della Vergine",
    "2012-11-01": "Tutti i Santi",
    "2012-12-08": "Immacolata Concezione",
    "2012-12-25": "Natale",
    "2012-12-26": "Santo Stefano",
    "2013-01-01": "Capodanno",
    "2013-01-06": "Epifania del Signore",
    "2013-03-31": "Pasqua di Resurrezione",
    "2013-04-01": "Luned\u00ec dell'Angelo",
    "2013-04-25": "Festa della Liberazione",
    "2013-05-01": "Festa dei Lavoratori",
    "2013-06-02": "Festa della Repubblica",
    "2013-06-10": "San Massimo D'Aveia",
    "2013-08-15": "Assunzione della Vergine",
    "2013-11-01": "Tutti i Santi",
    "2013-12-08": "Immacolata Concezione",
    "2013-12-25": "Natale",
    "2013-12-26": "Santo Stefano",
    "2014-01-01": "Capodanno",
    "2014-01-06": "Epifania del Signore",
    "2014-04-20": "Pasqua di Resurrezione",
    "2014-04-21": "Luned\u00ec dell'Angelo",
    "2014-04-25": "Festa della Liberazione",
    "2014-05-01": "Festa dei Lavoratori",
    "2014-06-02": "Festa della Repubblica",
    "2014-06-10": "San Massimo D'Aveia",
    "2014-08-15": "Assunzione della Vergine",
    "2014-11-01": "Tutti i Santi",
    "2014-12-08": "Immacolata Concezione",
    "2014-12-25": "Natale",
    "2014-12-26": "Santo Stefano",
    "2015-01-01": "Capodanno",
    "2015-01-06": "Epifania del Signore",
    "2015-04-05": "Pasqua di Resurrezione",
    "2015-04-06": "Luned\u00ec dell'Angelo",
    "2015-04-25": "Festa della Liberazione",
    "2015-05-01": "Festa dei Lavoratori",
    "2015-06-02": "Festa della Repubblica",
    "2015-06-10": "San Massimo D'Aveia",
    "2015-08-15": "Assunzione della Vergine",
    "2015-11-01": "Tutti i Santi",
    "2015-12-08": "Immacolata Concezione",
    "2015-12-25": "Natale",
    "2015-12-26": "Santo Stefano",
    "2016-01-01": "Capodanno",
    "2016-01-06": "Epifania del Signore",
    "2016-03-27": "Pasqua di Resurrezione",
    "2016-03-28": "Luned\u00ec dell'Angelo",
    "2016-04-25": "Festa della Liberazione",
    "2016-05-01": "Festa dei Lavoratori",
    "2016-06-02": "Festa della Repubblica",
    "2016-06-10": "San Massimo D'Aveia",
    "2016-08-15": "Assunzione della Vergine",
    "2016-11-01": "Tutti i Santi",
    "2016-12-08": "Immacolata Concezione",
    "2016-12-25": "Natale",
    "2016-12-26": "Santo Stefano",
    "2017-01-01": "Capodanno",
    "2017-01-06": "Epifania del Signore",
    "2017-04-16": "Pasqua di Resurrezione",
    "2017-04-17": "Luned\u00ec dell'Angelo",
    "2017-04-25": "Festa della Liberazione",
    "2017-05-01": "Festa dei Lavoratori",
    "2017-06-02": "Festa della Repubblica",
    "2017-06-10": "San Massimo D'Aveia",
    "2017-08-15": "Assunzione della Vergine",
    "2017-11-01": "Tutti i Santi",
    "2017-12-08": "Immacolata Concezione",
    "2017-12-25": "Natale",
    "2017-12-26": "Santo Stefano",
    "2018-01-01": "Capodanno",
    "2018-01-06": "Epifania del Signore",
    "2018-04-01": "Pasqua di Resurrezione",
    "2018-04-02": "Luned\u00ec dell'Angelo",
    "2018-04-25": "Festa della Liberazione",
    "2018-05-01": "Festa dei Lavoratori",
    "2018-06-02": "Festa della Repubblica",
    "2018-06-10": "San Massimo D'Aveia",
    "2018-08-15": "Assunzione della Vergine",
    "2018-11-01": "Tutti i Santi",
    "2018-12-08": "Immacolata Concezione",
    "2018-12-25": "Natale",
    "2018-12-26": "Santo Stefano",
    "2019-01-01": "Capodanno",
    "2019-01-06": "Epifania del Signore",
    "2019-04-21": "Pasqua di Resurrezione",
    "2019-04-22": "Luned\u00ec dell'Angelo",
    "2019-04-25": "Festa della Liberazione",
    "2019-05-01": "Festa dei Lavoratori",
    "2019-06-02": "Festa della Repubblica",
    "2019-06-10": "San Massimo D'Aveia",
    "2019-08-15": "Assunzione della Vergine",
    "2019-11-01": "Tutti i Santi",
    "2019-12-08": "Immacolata Concezione",
    "2019-12-25": "Natale",
    "2019-12-26": "Santo Stefano",
    "2020-01-01": "Capodanno",
    "2020-01-06": "Epifania del Signore",
    "2020-04-12": "Pasqua di Resurrezione",
    "2020-04-13": "Luned\u00ec dell'Angelo",
    "2020-04-25": "Festa della Liberazione",
    "2020-05-01": "Festa dei Lavoratori",
    "2020-06-02": "Festa della Repubblica",
    "2020-06-10": "San Massimo D'Aveia",
    "2020-08-15": "Assunzione della Vergine",
    "2020-11-01": "Tutti i Santi",
    "2020-12-08": "Immacolata Concezione",
    "2020-12-25": "Natale",
    "2020-12-26": "Santo Stefano",
    "2021-01-01": "Capodanno",
    "2021-01-06": "Epifania del Signore",
    "2021-04-04": "Pasqua di Resurrezione",
    "2021-04-05": "Luned\u00ec dell'Angelo",
    "2021-04-25": "Festa della Liberazione",
    "2021-05-01": "Festa dei Lavoratori",
    "2021-06-02": "Festa della Repubblica",
    "2021-06-10": "San Massimo D'Aveia",
    "2021-08-15": "Assunzione della Vergine",
    "2021-11-01": "Tutti i Santi",
    "2021-12-08": "Immacolata Concezione",
    "2021-12-25": "Natale",
    "2021-12-26": "Santo Stefano",
    "2022-01-01": "Capodanno",
    "2022-01-06": "Epifania del Signore",
    "2022-04-17": "Pasqua di Resurrezione",
    "2022-04-18": "Luned\u00ec dell'Angelo",
    "2022-04-25": "Festa della Liberazione",
    "2022-05-01": "Festa dei Lavoratori",
    "2022-06-02": "Festa della Repubblica",
    "2022-06-10": "San Massimo D'Aveia",
    "2022-08-15": "Assunzione della Vergine",
    "2022-11-01": "Tutti i Santi",
    "2022-12-08": "Immacolata Concezione",
    "2022-12-25": "Natale",
    "2022-12-26": "Santo Stefano",
    "2023-01-01": "Capodanno",
    "2023-01-06": "Epifania del Signore",
    "2023-04-09": "Pasqua di Resurrezione",
    "2023-04-10": "Luned\u00ec dell'Angelo",
    "2023-04-25": "Festa della Liberazione",
    "2023-05-01": "Festa dei Lavoratori",
    "2023-06-02": "Festa della Repubblica",
    "2023-06-10": "San Massimo D'Aveia",
    "2023-08-15": "Assunzione della Vergine",
    "2023-11-01": "Tutti i Santi",
    "2023-12-08": "Immacolata Concezione",
    "2023-12-25": "Natale",
    "2023-12-26": "Santo Stefano",
    "2024-01-01": "Capodanno",
    "2024-01-06": "Epifania del Signore",
    "2024-03-31": "Pasqua di Resurrezione",
    "2024-04-01": "Luned\u00ec dell'Angelo",
    "2024-04-25": "Festa della Liberazione",
    "2024-05-01": "Festa dei Lavoratori",
    "2024-06-02": "Festa della Repubblica",
    "2024-06-10": "San Massimo D'Aveia",
    "2024-08-15": "Assunzione della Vergine",
    "2024-11-01": "Tutti i Santi",
    "2024-12-08": "Immacolata Concezione",
    "2024-12-25": "Natale",
    "2024-12-26": "Santo Stefano",
    "2025-01-01": "Capodanno",
    "2025-01-06": "Epifania del Signore",
    "2025-04-20": "Pasqua di Resurrezione",
    "2025-04-21": "Luned\u00ec dell'Angelo",
    "2025-04-25": "Festa della Liberazione",
    "2025-05-01": "Festa dei Lavoratori",
    "2025-06-02": "Festa della Repubblica",
    "2025-06-10": "San Massimo D'Aveia",
    "2025-08-15": "Assunzione della Vergine",
    "2025-11-01": "Tutti i Santi",
    "2025-12-08": "Immacolata Concezione",
    "2025-12-25": "Natale",
    "2025-12-26": "Santo Stefano",
    "2026-01-01": "Capodanno",
    "2026-01-06": "Epifania del Signore",
    "2026-04-05": "Pasqua di Resurrezione",
    "2026-04-06": "Luned\u00ec dell'Angelo",
    "2026-04-25": "Festa della Liberazione",
    "2026-05-01": "Festa dei Lavoratori",
    "2026-06-02": "Festa della Repubblica",
    "2026-06-10": "San Massimo D'Aveia",
    "2026-08-15": "Assunzione della Vergine",
    "2026-11-01": "Tutti i Santi",
    "2026-12-08": "Immacolata Concezione",
    "2026-12-25": "Natale",
    "2026-12-26": "Santo Stefano",
    "2027-01-01": "Capodanno",
    "2027-01-06": "Epifania del Signore",
    "2027-03-28": "Pasqua di Resurrezione",
    "2027-03-29": "Luned\u00ec dell'Angelo",
    "2027-04-25": "Festa della Liberazione",
    "2027-05-01": "Festa dei Lavoratori",
    "2027-06-02": "Festa della Repubblica",
    "2027-06-10": "San Massimo D'Aveia",
    "2027-08-15": "Assunzione della Vergine",
    "2027-11-01": "Tutti i Santi",
    "2027-12-08": "Immacolata Concezione",
    "2027-12-25": "Natale",
    "2027-12-26": "Santo Stefano",
    "2028-01-01": "Capodanno",
    "2028-01-06": "Epifania del Signore",
    "2028-04-16": "Pasqua di Resurrezione",
    "2028-04-17": "Luned\u00ec dell'Angelo",
    "2028-04-25": "Festa della Liberazione",
    "2028-05-01": "Festa dei Lavoratori",
    "2028-06-02": "Festa della Repubblica",
    "2028-06-10": "San Massimo D'Aveia",
    "2028-08-15": "Assunzione della Vergine",
    "2028-11-01": "Tutti i Santi",
    "2028-12-08": "Immacolata Concezione",
    "2028-12-25": "Natale",
    "2028-12-26": "Santo Stefano",
    "2029-01-01": "Capodanno",
    "2029-01-06": "Epifania del Signore",
    "2029-04-01": "Pasqua di Resurrezione",
    "2029-04-02": "Luned\u00ec dell'Angelo",
    "2029-04-25": "Festa della Liberazione",
    "2029-05-01": "Festa dei Lavoratori",
    "2029-06-02": "Festa della Repubblica",
    "2029-06-10": "San Massimo D'Aveia",
    "2029-08-15": "Assunzione della Vergine",
    "2029-11-01": "Tutti i Santi",
    "2029-12-08": "Immacolata Concezione",
    "2029-12-25": "Natale",
    "2029-12-26": "Santo Stefano",
    "2030-01-01": "Capodanno",
    "2030-01-06": "Epifania del Signore",
    "2030-04-21": "Pasqua di Resurrezione",
    "2030-04-22": "Luned\u00ec dell'Angelo",
    "2030-04-25": "Festa della Liberazione",
    "2030-05-01": "Festa dei Lavoratori",
    "2030-06-02": "Festa della Repubblica",
    "2030-06-10": "San Massimo D'Aveia",
    "2030-08-15": "Assunzione della Vergine",
    "2030-11-01": "Tutti i Santi",
    "2030-12-08": "Immacolata Concezione",
    "2030-12-25": "Natale",
    "2030-12-26": "Santo Stefano",
    "2031-01-01": "Capodanno",
    "2031-01-06": "Epifania del Signore",
    "2031-04-13": "Pasqua di Resurrezione",
    "2031-04-14": "Luned\u00ec dell'Angelo",
    "2031-04-25": "Festa della Liberazione",
    "2031-05-01": "Festa dei Lavoratori",
    "2031-06-02": "Festa della Repubblica",
    "2031-06-10": "San Massimo D'Aveia",
    "2031-08-15": "Assunzione della Vergine",
    "2031-11-01": "Tutti i Santi",
    "2031-12-08": "Immacolata Concezione",
    "2031-12-25": "Natale",
    "2031-12-26": "Santo Stefano",
    "2032-01-01": "Capodanno",
    "2032-01-06": "Epifania del Signore",
    "2032-03-28": "Pasqua di Resurrezione",
    "2032-03-29": "Luned\u00ec dell'Angelo",
    "2032-04-25": "Festa della Liberazione",
    "2032-05-01": "Festa dei Lavoratori",
    "2032-06-02": "Festa della Repubblica",
    "2032-06-10": "San Massimo D'Aveia",
    "2032-08-15": "Assunzione della Vergine",
    "2032-11-01": "Tutti i Santi",
    "2032-12-08": "Immacolata Concezione",
    "2032-12-25": "Natale",
    "2032-12-26": "Santo Stefano",
    "2033-01-01": "Capodanno",
    "2033-01-06": "Epifania del Signore",
    "2033-04-17": "Pasqua di Resurrezione",
    "2033-04-18": "Luned\u00ec dell'Angelo",
    "2033-04-25": "Festa della Liberazione",
    "2033-05-01": "Festa dei Lavoratori",
    "2033-06-02": "Festa della Repubblica",
    "2033-06-10": "San Massimo D'Aveia",
    "2033-08-15": "Assunzione della Vergine",
    "2033-11-01": "Tutti i Santi",
    "2033-12-08": "Immacolata Concezione",
    "2033-12-25": "Natale",
    "2033-12-26": "Santo Stefano",
    "2034-01-01": "Capodanno",
    "2034-01-06": "Epifania del Signore",
    "2034-04-09": "Pasqua di Resurrezione",
    "2034-04-10": "Luned\u00ec dell'Angelo",
    "2034-04-25": "Festa della Liberazione",
    "2034-05-01": "Festa dei Lavoratori",
    "2034-06-02": "Festa della Repubblica",
    "2034-06-10": "San Massimo D'Aveia",
    "2034-08-15": "Assunzione della Vergine",
    "2034-11-01": "Tutti i Santi",
    "2034-12-08": "Immacolata Concezione",
    "2034-12-25": "Natale",
    "2034-12-26": "Santo Stefano",
    "2035-01-01": "Capodanno",
    "2035-01-06": "Epifania del Signore",
    "2035-03-25": "Pasqua di Resurrezione",
    "2035-03-26": "Luned\u00ec dell'Angelo",
    "2035-04-25": "Festa della Liberazione",
    "2035-05-01": "Festa dei Lavoratori",
    "2035-06-02": "Festa della Repubblica",
    "2035-06-10": "San Massimo D'Aveia",
    "2035-08-15": "Assunzione della Vergine",
    "2035-11-01": "Tutti i Santi",
    "2035-12-08": "Immacolata Concezione",
    "2035-12-25": "Natale",
    "2035-12-26": "Santo Stefano",
    "2036-01-01": "Capodanno",
    "2036-01-06": "Epifania del Signore",
    "2036-04-13": "Pasqua di Resurrezione",
    "2036-04-14": "Luned\u00ec dell'Angelo",
    "2036-04-25": "Festa della Liberazione",
    "2036-05-01": "Festa dei Lavoratori",
    "2036-06-02": "Festa della Repubblica",
    "2036-06-10": "San Massimo D'Aveia",
    "2036-08-15": "Assunzione della Vergine",
    "2036-11-01": "Tutti i Santi",
    "2036-12-08": "Immacolata Concezione",
    "2036-12-25": "Natale",
    "2036-12-26": "Santo Stefano",
    "2037-01-01": "Capodanno",
    "2037-01-06": "Epifania del Signore",
    "2037-04-05": "Pasqua di Resurrezione",
    "2037-04-06": "Luned\u00ec dell'Angelo",
    "2037-04-25": "Festa della Liberazione",
    "2037-05-01": "Festa dei Lavoratori",
    "2037-06-02": "Festa della Repubblica",
    "2037-06-10": "San Massimo D'Aveia",
    "2037-08-15": "Assunzione della Vergine",
    "2037-11-01": "Tutti i Santi",
    "2037-12-08": "Immacolata Concezione",
    "2037-12-25": "Natale",
    "2037-12-26": "Santo Stefano",
    "2038-01-01": "Capodanno",
    "2038-01-06": "Epifania del Signore",
    "2038-04-25": "Festa della Liberazione; Pasqua di Resurrezione",
    "2038-04-26": "Luned\u00ec dell'Angelo",
    "2038-05-01": "Festa dei Lavoratori",
    "2038-06-02": "Festa della Repubblica",
    "2038-06-10": "San Massimo D'Aveia",
    "2038-08-15": "Assunzione della Vergine",
    "2038-11-01": "Tutti i Santi",
    "2038-12-08": "Immacolata Concezione",
    "2038-12-25": "Natale",
    "2038-12-26": "Santo Stefano",
    "2039-01-01": "Capodanno",
    "2039-01-06": "Epifania del Signore",
    "2039-04-10": "Pasqua di Resurrezione",
    "2039-04-11": "Luned\u00ec dell'Angelo",
    "2039-04-25": "Festa della Liberazione",
    "2039-05-01": "Festa dei Lavoratori",
    "2039-06-02": "Festa della Repubblica",
    "2039-06-10": "San Massimo D'Aveia",
    "2039-08-15": "Assunzione della Vergine",
    "2039-11-01": "Tutti i Santi",
    "2039-12-08": "Immacolata Concezione",
    "2039-12-25": "Natale",
    "2039-12-26": "Santo Stefano",
    "2040-01-01": "Capodanno",
    "2040-01-06": "Epifania del Signore",
    "2040-04-01": "Pasqua di Resurrezione",
    "2040-04-02": "Luned\u00ec dell'Angelo",
    "2040-04-25": "Festa della Liberazione",
    "2040-05-01": "Festa dei Lavoratori",
    "2040-06-02": "Festa della Repubblica",
    "2040-06-10": "San Massimo D'Aveia",
    "2040-08-15": "Assunzione della Vergine",
    "2040-11-01": "Tutti i Santi",
    "2040-12-08": "Immacolata Concezione",
    "2040-12-25": "Natale",
    "2040-12-26": "Santo Stefano",
    "2041-01-01": "Capodanno",
    "2041-01-06": "Epifania del Signore",
    "2041-04-21": "Pasqua di Resurrezione",
    "2041-04-22": "Luned\u00ec dell'Angelo",
    "2041-04-25": "Festa della Liberazione",
    "2041-05-01": "Festa dei Lavoratori",
    "2041-06-02": "Festa della Repubblica",
    "2041-06-10": "San Massimo D'Aveia",
    "2041-08-15": "Assunzione della Vergine",
    "2041-11-01": "Tutti i Santi",
    "2041-12-08": "Immacolata Concezione",
    "2041-12-25": "Natale",
    "2041-12-26": "Santo Stefano",
    "2042-01-01": "Capodanno",
    "2042-01-06": "Epifania del Signore",
    "2042-04-06": "Pasqua di Resurrezione",
    "2042-04-07": "Luned\u00ec dell'Angelo",
    "2042-04-25": "Festa della Liberazione",
    "2042-05-01": "Festa dei Lavoratori",
    "2042-06-02": "Festa della Repubblica",
    "2042-06-10": "San Massimo D'Aveia",
    "2042-08-15": "Assunzione della Vergine",
    "2042-11-01": "Tutti i Santi",
    "2042-12-08": "Immacolata Concezione",
    "2042-12-25": "Natale",
    "2042-12-26": "Santo Stefano",
    "2043-01-01": "Capodanno",
    "2043-01-06": "Epifania del Signore",
    "2043-03-29": "Pasqua di Resurrezione",
    "2043-03-30": "Luned\u00ec dell'Angelo",
    "2043-04-25": "Festa della Liberazione",
    "2043-05-01": "Festa dei Lavoratori",
    "2043-06-02": "Festa della Repubblica",
    "2043-06-10": "San Massimo D'Aveia",
    "2043-08-15": "Assunzione della Vergine",
    "2043-11-01": "Tutti i Santi",
    "2043-12-08": "Immacolata Concezione",
    "2043-12-25": "Natale",
    "2043-12-26": "Santo Stefano",
    "2044-01-01": "Capodanno",
    "2044-01-06": "Epifania del Signore",
    "2044-04-17": "Pasqua di Resurrezione",
    "2044-04-18": "Luned\u00ec dell'Angelo",
    "2044-04-25": "Festa della Liberazione",
    "2044-05-01": "Festa dei Lavoratori",
    "2044-06-02": "Festa della Repubblica",
    "2044-06-10": "San Massimo D'Aveia",
    "2044-08-15": "Assunzione della Vergine",
    "2044-11-01": "Tutti i Santi",
    "2044-12-08": "Immacolata Concezione",
    "2044-12-25": "Natale",
    "2044-12-26": "Santo Stefano",
    "2045-01-01": "Capodanno",
    "2045-01-06": "Epifania del Signore",
    "2045-04-09": "Pasqua di Resurrezione",
    "2045-04-10": "Luned\u00ec dell'Angelo",
    "2045-04-25": "Festa della Liberazione",
    "2045-05-01": "Festa dei Lavoratori",
    "2045-06-02": "Festa della Repubblica",
    "2045-06-10": "San Massimo D'Aveia",
    "2045-08-15": "Assunzione della Vergine",
    "2045-11-01": "Tutti i Santi",
    "2045-12-08": "Immacolata Concezione",
    "2045-12-25": "Natale",
    "2045-12-26": "Santo Stefano",
    "2046-01-01": "Capodanno",
    "2046-01-06": "Epifania del Signore",
    "2046-03-25": "Pasqua di Resurrezione",
    "2046-03-26": "Luned\u00ec dell'Angelo",
    "2046-04-25": "Festa della Liberazione",
    "2046-05-01": "Festa dei Lavoratori",
    "2046-06-02": "Festa della Repubblica",
    "2046-06-10": "San Massimo D'Aveia",
    "2046-08-15": "Assunzione della Vergine",
    "2046-11-01": "Tutti i Santi",
    "2046-12-08": "Immacolata Concezione",
    "2046-12-25": "Natale",
    "2046-12-26": "Santo Stefano",
    "2047-01-01": "Capodanno",
    "2047-01-06": "Epifania del Signore",
    "2047-04-14": "Pasqua di Resurrezione",
    "2047-04-15": "Luned\u00ec dell'Angelo",
    "2047-04-25": "Festa della Liberazione",
    "2047-05-01": "Festa dei Lavoratori",
    "2047-06-02": "Festa della Repubblica",
    "2047-06-10": "San Massimo D'Aveia",
    "2047-08-15": "Assunzione della Vergine",
    "2047-11-01": "Tutti i Santi",
    "2047-12-08": "Immacolata Concezione",
    "2047-12-25": "Natale",
    "2047-12-26": "Santo Stefano",
    "2048-01-01": "Capodanno",
    "2048-01-06": "Epifania del Signore",
    "2048-04-05": "Pasqua di Resurrezione",
    "2048-04-06": "Luned\u00ec dell'Angelo",
    "2048-04-25": "Festa della Liberazione",
    "2048-05-01": "Festa dei Lavoratori",
    "2048-06-02": "Festa della Repubblica",
    "2048-06-10": "San Massimo D'Aveia",
    "2048-08-15": "Assunzione della Vergine",
    "2048-11-01": "Tutti i Santi",
    "2048-12-08": "Immacolata Concezione",
    "2048-12-25": "Natale",
    "2048-12-26": "Santo Stefano",
    "2049-01-01": "Capodanno",
    "2049-01-06": "Epifania del Signore",
    "2049-04-18": "Pasqua di Resurrezione",
    "2049-04-19": "Luned\u00ec dell'Angelo",
    "2049-04-25": "Festa della Liberazione",
    "2049-05-01": "Festa dei Lavoratori",
    "2049-06-02": "Festa della Repubblica",
    "2049-06-10": "San Massimo D'Aveia",
    "2049-08-15": "Assunzione della Vergine",
    "2049-11-01": "Tutti i Santi",
    "2049-12-08": "Immacolata Concezione",
    "2049-12-25": "Natale",
    "2049-12-26": "Santo Stefano",
    "2050-01-01": "Capodanno",
    "2050-01-06": "Epifania del Signore",
    "2050-04-10": "Pasqua di Resurrezione",
    "2050-04-11": "Luned\u00ec dell'Angelo",
    "2050-04-25": "Festa della Liberazione",
    "2050-05-01": "Festa dei Lavoratori",
    "2050-06-02": "Festa della Repubblica",
    "2050-06-10": "San Massimo D'Aveia",
    "2050-08-15": "Assunzione della Vergine",
    "2050-11-01": "Tutti i Santi",
    "2050-12-08": "Immacolata Concezione",
    "2050-12-25": "Natale",
    "2050-12-26": "Santo Stefano"
}
