{
    "1972-01-15": "Tamil Thai Pongal Day",
    "1972-01-27": "Eid al-Adha (estimated)",
    "1972-02-04": "Independence Day",
    "1972-03-31": "Good Friday",
    "1972-04-13": "Day Before Sinhala and Tamil New Year",
    "1972-04-14": "Sinhala and Tamil New Year",
    "1972-04-26": "Prophet's Birthday (estimated)",
    "1972-05-01": "International Workers' Day",
    "1972-11-08": "Eid al-Fitr (estimated)",
    "1972-12-25": "Christmas Day",
    "1973-01-15": "Eid al-Adha (estimated); Tamil Thai Pongal Day",
    "1973-02-04": "Independence Day",
    "1973-04-13": "Day Before Sinhala and Tamil New Year",
    "1973-04-14": "Sinhala and Tamil New Year",
    "1973-04-16": "Prophet's Birthday (estimated)",
    "1973-04-20": "Good Friday",
    "1973-05-01": "International Workers' Day",
    "1973-10-28": "Eid al-Fitr (estimated)",
    "1973-12-25": "Christmas Day",
    "1974-01-04": "Eid al-Adha (estimated)",
    "1974-01-15": "Tamil Thai Pongal Day",
    "1974-02-04": "Independence Day",
    "1974-04-05": "Prophet's Birthday (estimated)",
    "1974-04-12": "Good Friday",
    "1974-04-13": "Day Before Sinhala and Tamil New Year",
    "1974-04-14": "Sinhala and Tamil New Year",
    "1974-05-01": "International Workers' Day",
    "1974-10-17": "Eid al-Fitr (estimated)",
    "1974-12-25": "Christmas Day; Eid al-Adha (estimated)",
    "1975-01-15": "Tamil Thai Pongal Day",
    "1975-02-04": "Independence Day",
    "1975-03-25": "Prophet's Birthday (estimated)",
    "1975-03-28": "Good Friday",
    "1975-04-13": "Day Before Sinhala and Tamil New Year",
    "1975-04-14": "Sinhala and Tamil New Year",
    "1975-05-01": "International Workers' Day",
    "1975-10-07": "Eid al-Fitr (estimated)",
    "1975-12-14": "Eid al-Adha (estimated)",
    "1975-12-25": "Christmas Day",
    "1976-01-15": "Tamil Thai Pongal Day",
    "1976-02-04": "Independence Day",
    "1976-03-13": "Prophet's Birthday (estimated)",
    "1976-04-13": "Day Before Sinhala and Tamil New Year",
    "1976-04-14": "Sinhala and Tamil New Year",
    "1976-04-16": "Good Friday",
    "1976-05-01": "International Workers' Day",
    "1976-09-25": "Eid al-Fitr (estimated)",
    "1976-12-02": "Eid al-Adha (estimated)",
    "1976-12-25": "Christmas Day",
    "1977-01-15": "Tamil Thai Pongal Day",
    "1977-02-04": "Independence Day",
    "1977-03-03": "Prophet's Birthday (estimated)",
    "1977-04-08": "Good Friday",
    "1977-04-13": "Day Before Sinhala and Tamil New Year",
    "1977-04-14": "Sinhala and Tamil New Year",
    "1977-05-01": "International Workers' Day",
    "1977-09-15": "Eid al-Fitr (estimated)",
    "1977-11-22": "Eid al-Adha (estimated)",
    "1977-12-25": "Christmas Day",
    "1978-01-15": "Tamil Thai Pongal Day",
    "1978-02-04": "Independence Day",
    "1978-02-20": "Prophet's Birthday (estimated)",
    "1978-03-24": "Good Friday",
    "1978-04-13": "Day Before Sinhala and Tamil New Year",
    "1978-04-14": "Sinhala and Tamil New Year",
    "1978-05-01": "International Workers' Day",
    "1978-09-04": "Eid al-Fitr (estimated)",
    "1978-11-11": "Eid al-Adha (estimated)",
    "1978-12-25": "Christmas Day",
    "1979-01-15": "Tamil Thai Pongal Day",
    "1979-02-04": "Independence Day",
    "1979-02-10": "Prophet's Birthday (estimated)",
    "1979-04-13": "Day Before Sinhala and Tamil New Year; Good Friday",
    "1979-04-14": "Sinhala and Tamil New Year",
    "1979-05-01": "International Workers' Day",
    "1979-08-24": "Eid al-Fitr (estimated)",
    "1979-11-01": "Eid al-Adha (estimated)",
    "1979-12-25": "Christmas Day",
    "1980-01-15": "Tamil Thai Pongal Day",
    "1980-01-31": "Prophet's Birthday (estimated)",
    "1980-02-04": "Independence Day",
    "1980-04-04": "Good Friday",
    "1980-04-13": "Day Before Sinhala and Tamil New Year",
    "1980-04-14": "Sinhala and Tamil New Year",
    "1980-05-01": "International Workers' Day",
    "1980-08-13": "Eid al-Fitr (estimated)",
    "1980-10-20": "Eid al-Adha (estimated)",
    "1980-12-25": "Christmas Day",
    "1981-01-15": "Tamil Thai Pongal Day",
    "1981-01-19": "Prophet's Birthday (estimated)",
    "1981-02-04": "Independence Day",
    "1981-04-13": "Day Before Sinhala and Tamil New Year",
    "1981-04-14": "Sinhala and Tamil New Year",
    "1981-04-17": "Good Friday",
    "1981-05-01": "International Workers' Day",
    "1981-08-02": "Eid al-Fitr (estimated)",
    "1981-10-09": "Eid al-Adha (estimated)",
    "1981-12-25": "Christmas Day",
    "1982-01-08": "Prophet's Birthday (estimated)",
    "1982-01-15": "Tamil Thai Pongal Day",
    "1982-02-04": "Independence Day",
    "1982-04-09": "Good Friday",
    "1982-04-13": "Day Before Sinhala and Tamil New Year",
    "1982-04-14": "Sinhala and Tamil New Year",
    "1982-05-01": "International Workers' Day",
    "1982-07-22": "Eid al-Fitr (estimated)",
    "1982-09-28": "Eid al-Adha (estimated)",
    "1982-12-25": "Christmas Day",
    "1982-12-28": "Prophet's Birthday (estimated)",
    "1983-01-15": "Tamil Thai Pongal Day",
    "1983-02-04": "Independence Day",
    "1983-04-01": "Good Friday",
    "1983-04-13": "Day Before Sinhala and Tamil New Year",
    "1983-04-14": "Sinhala and Tamil New Year",
    "1983-05-01": "International Workers' Day",
    "1983-07-12": "Eid al-Fitr (estimated)",
    "1983-09-18": "Eid al-Adha (estimated)",
    "1983-12-17": "Prophet's Birthday (estimated)",
    "1983-12-25": "Christmas Day",
    "1984-01-15": "Tamil Thai Pongal Day",
    "1984-02-04": "Independence Day",
    "1984-04-13": "Day Before Sinhala and Tamil New Year",
    "1984-04-14": "Sinhala and Tamil New Year",
    "1984-04-20": "Good Friday",
    "1984-05-01": "International Workers' Day",
    "1984-07-01": "Eid al-Fitr (estimated)",
    "1984-09-06": "Eid al-Adha (estimated)",
    "1984-12-05": "Prophet's Birthday (estimated)",
    "1984-12-25": "Christmas Day",
    "1985-01-15": "Tamil Thai Pongal Day",
    "1985-02-04": "Independence Day",
    "1985-04-05": "Good Friday",
    "1985-04-13": "Day Before Sinhala and Tamil New Year",
    "1985-04-14": "Sinhala and Tamil New Year",
    "1985-05-01": "International Workers' Day",
    "1985-06-20": "Eid al-Fitr (estimated)",
    "1985-08-27": "Eid al-Adha (estimated)",
    "1985-11-25": "Prophet's Birthday (estimated)",
    "1985-12-25": "Christmas Day",
    "1986-01-15": "Tamil Thai Pongal Day",
    "1986-02-04": "Independence Day",
    "1986-03-28": "Good Friday",
    "1986-04-13": "Day Before Sinhala and Tamil New Year",
    "1986-04-14": "Sinhala and Tamil New Year",
    "1986-05-01": "International Workers' Day",
    "1986-06-09": "Eid al-Fitr (estimated)",
    "1986-08-16": "Eid al-Adha (estimated)",
    "1986-11-15": "Prophet's Birthday (estimated)",
    "1986-12-25": "Christmas Day",
    "1987-01-15": "Tamil Thai Pongal Day",
    "1987-02-04": "Independence Day",
    "1987-04-13": "Day Before Sinhala and Tamil New Year",
    "1987-04-14": "Sinhala and Tamil New Year",
    "1987-04-17": "Good Friday",
    "1987-05-01": "International Workers' Day",
    "1987-05-29": "Eid al-Fitr (estimated)",
    "1987-08-05": "Eid al-Adha (estimated)",
    "1987-11-04": "Prophet's Birthday (estimated)",
    "1987-12-25": "Christmas Day",
    "1988-01-15": "Tamil Thai Pongal Day",
    "1988-02-04": "Independence Day",
    "1988-04-01": "Good Friday",
    "1988-04-13": "Day Before Sinhala and Tamil New Year",
    "1988-04-14": "Sinhala and Tamil New Year",
    "1988-05-01": "International Workers' Day",
    "1988-05-17": "Eid al-Fitr (estimated)",
    "1988-07-24": "Eid al-Adha (estimated)",
    "1988-10-23": "Prophet's Birthday (estimated)",
    "1988-12-25": "Christmas Day",
    "1989-01-15": "Tamil Thai Pongal Day",
    "1989-02-04": "Independence Day",
    "1989-03-24": "Good Friday",
    "1989-04-13": "Day Before Sinhala and Tamil New Year",
    "1989-04-14": "Sinhala and Tamil New Year",
    "1989-05-01": "International Workers' Day",
    "1989-05-07": "Eid al-Fitr (estimated)",
    "1989-07-14": "Eid al-Adha (estimated)",
    "1989-10-12": "Prophet's Birthday (estimated)",
    "1989-12-25": "Christmas Day",
    "1990-01-15": "Tamil Thai Pongal Day",
    "1990-02-04": "Independence Day",
    "1990-04-13": "Day Before Sinhala and Tamil New Year; Good Friday",
    "1990-04-14": "Sinhala and Tamil New Year",
    "1990-04-27": "Eid al-Fitr (estimated)",
    "1990-05-01": "International Workers' Day",
    "1990-07-03": "Eid al-Adha (estimated)",
    "1990-10-02": "Prophet's Birthday (estimated)",
    "1990-12-25": "Christmas Day",
    "1991-01-15": "Tamil Thai Pongal Day",
    "1991-02-04": "Independence Day",
    "1991-03-29": "Good Friday",
    "1991-04-13": "Day Before Sinhala and Tamil New Year",
    "1991-04-14": "Sinhala and Tamil New Year",
    "1991-04-16": "Eid al-Fitr (estimated)",
    "1991-05-01": "International Workers' Day",
    "1991-06-23": "Eid al-Adha (estimated)",
    "1991-09-21": "Prophet's Birthday (estimated)",
    "1991-12-25": "Christmas Day",
    "1992-01-15": "Tamil Thai Pongal Day",
    "1992-02-04": "Independence Day",
    "1992-04-05": "Eid al-Fitr (estimated)",
    "1992-04-13": "Day Before Sinhala and Tamil New Year",
    "1992-04-14": "Sinhala and Tamil New Year",
    "1992-04-17": "Good Friday",
    "1992-05-01": "International Workers' Day",
    "1992-06-12": "Eid al-Adha (estimated)",
    "1992-09-10": "Prophet's Birthday (estimated)",
    "1992-12-25": "Christmas Day",
    "1993-01-15": "Tamil Thai Pongal Day",
    "1993-02-04": "Independence Day",
    "1993-03-25": "Eid al-Fitr (estimated)",
    "1993-04-09": "Good Friday",
    "1993-04-13": "Day Before Sinhala and Tamil New Year",
    "1993-04-14": "Sinhala and Tamil New Year",
    "1993-05-01": "International Workers' Day",
    "1993-06-01": "Eid al-Adha (estimated)",
    "1993-08-30": "Prophet's Birthday (estimated)",
    "1993-12-25": "Christmas Day",
    "1994-01-15": "Tamil Thai Pongal Day",
    "1994-02-04": "Independence Day",
    "1994-03-14": "Eid al-Fitr (estimated)",
    "1994-04-01": "Good Friday",
    "1994-04-13": "Day Before Sinhala and Tamil New Year",
    "1994-04-14": "Sinhala and Tamil New Year",
    "1994-05-01": "International Workers' Day",
    "1994-05-21": "Eid al-Adha (estimated)",
    "1994-08-20": "Prophet's Birthday (estimated)",
    "1994-12-25": "Christmas Day",
    "1995-01-15": "Tamil Thai Pongal Day",
    "1995-02-04": "Independence Day",
    "1995-03-03": "Eid al-Fitr (estimated)",
    "1995-04-13": "Day Before Sinhala and Tamil New Year",
    "1995-04-14": "Good Friday; Sinhala and Tamil New Year",
    "1995-05-01": "International Workers' Day",
    "1995-05-10": "Eid al-Adha (estimated)",
    "1995-08-09": "Prophet's Birthday (estimated)",
    "1995-12-25": "Christmas Day",
    "1996-01-15": "Tamil Thai Pongal Day",
    "1996-02-04": "Independence Day",
    "1996-02-20": "Eid al-Fitr (estimated)",
    "1996-04-05": "Good Friday",
    "1996-04-13": "Day Before Sinhala and Tamil New Year",
    "1996-04-14": "Sinhala and Tamil New Year",
    "1996-04-28": "Eid al-Adha (estimated)",
    "1996-05-01": "International Workers' Day",
    "1996-07-28": "Prophet's Birthday (estimated)",
    "1996-12-25": "Christmas Day",
    "1997-01-15": "Tamil Thai Pongal Day",
    "1997-02-04": "Independence Day",
    "1997-02-09": "Eid al-Fitr (estimated)",
    "1997-03-28": "Good Friday",
    "1997-04-13": "Day Before Sinhala and Tamil New Year",
    "1997-04-14": "Sinhala and Tamil New Year",
    "1997-04-18": "Eid al-Adha (estimated)",
    "1997-05-01": "International Workers' Day",
    "1997-07-17": "Prophet's Birthday (estimated)",
    "1997-12-25": "Christmas Day",
    "1998-01-15": "Tamil Thai Pongal Day",
    "1998-01-30": "Eid al-Fitr (estimated)",
    "1998-02-04": "Independence Day",
    "1998-04-08": "Eid al-Adha (estimated)",
    "1998-04-10": "Good Friday",
    "1998-04-13": "Day Before Sinhala and Tamil New Year",
    "1998-04-14": "Sinhala and Tamil New Year",
    "1998-05-01": "International Workers' Day",
    "1998-07-07": "Prophet's Birthday (estimated)",
    "1998-12-25": "Christmas Day",
    "1999-01-15": "Tamil Thai Pongal Day",
    "1999-01-19": "Eid al-Fitr (estimated)",
    "1999-02-04": "Independence Day",
    "1999-03-28": "Eid al-Adha (estimated)",
    "1999-04-02": "Good Friday",
    "1999-04-13": "Day Before Sinhala and Tamil New Year",
    "1999-04-14": "Sinhala and Tamil New Year",
    "1999-05-01": "International Workers' Day",
    "1999-06-27": "Prophet's Birthday (estimated)",
    "1999-12-25": "Christmas Day",
    "2000-01-09": "Eid al-Fitr (estimated)",
    "2000-01-15": "Tamil Thai Pongal Day",
    "2000-02-04": "Independence Day",
    "2000-03-17": "Eid al-Adha (estimated)",
    "2000-04-13": "Day Before Sinhala and Tamil New Year",
    "2000-04-14": "Sinhala and Tamil New Year",
    "2000-04-21": "Good Friday",
    "2000-05-01": "International Workers' Day",
    "2000-06-15": "Prophet's Birthday (estimated)",
    "2000-12-25": "Christmas Day",
    "2000-12-28": "Eid al-Fitr (estimated)",
    "2001-01-15": "Tamil Thai Pongal Day",
    "2001-02-04": "Independence Day",
    "2001-03-06": "Eid al-Adha (estimated)",
    "2001-04-13": "Day Before Sinhala and Tamil New Year; Good Friday",
    "2001-04-14": "Sinhala and Tamil New Year",
    "2001-05-01": "International Workers' Day",
    "2001-06-05": "Prophet's Birthday (estimated)",
    "2001-12-17": "Eid al-Fitr (estimated)",
    "2001-12-25": "Christmas Day",
    "2002-01-15": "Tamil Thai Pongal Day",
    "2002-02-04": "Independence Day",
    "2002-02-23": "Eid al-Adha (estimated)",
    "2002-03-29": "Good Friday",
    "2002-04-13": "Day Before Sinhala and Tamil New Year",
    "2002-04-14": "Sinhala and Tamil New Year",
    "2002-05-01": "International Workers' Day",
    "2002-05-25": "Prophet's Birthday (estimated)",
    "2002-12-06": "Eid al-Fitr (estimated)",
    "2002-12-25": "Christmas Day",
    "2003-01-15": "Tamil Thai Pongal Day",
    "2003-01-17": "Duruthu Full Moon Poya Day",
    "2003-02-04": "Independence Day",
    "2003-02-12": "Eid al-Adha",
    "2003-02-16": "Nawam Full Moon Poya Day",
    "2003-03-01": "Maha Sivarathri Day",
    "2003-03-18": "Medin Full Moon Poya Day",
    "2003-04-13": "Day Before Sinhala and Tamil New Year",
    "2003-04-14": "Sinhala and Tamil New Year",
    "2003-04-16": "Bak Full Moon Poya Day",
    "2003-04-18": "Good Friday",
    "2003-05-01": "International Workers' Day",
    "2003-05-14": "Prophet's Birthday",
    "2003-05-15": "Vesak Full Moon Poya Day",
    "2003-05-16": "Day Following Vesak Full Moon Poya Day",
    "2003-06-14": "Poson Full Moon Poya Day",
    "2003-07-13": "Esala Full Moon Poya Day",
    "2003-08-11": "Nikini Full Moon Poya Day",
    "2003-09-10": "Binara Full Moon Poya Day",
    "2003-10-09": "Vap Full Moon Poya Day",
    "2003-10-24": "Deepavali Festival Day",
    "2003-11-08": "Il Full Moon Poya Day",
    "2003-11-26": "Eid al-Fitr",
    "2003-12-08": "Unduvap Full Moon Poya Day",
    "2003-12-25": "Christmas Day",
    "2004-01-07": "Duruthu Full Moon Poya Day",
    "2004-01-15": "Tamil Thai Pongal Day",
    "2004-02-01": "Eid al-Adha",
    "2004-02-04": "Independence Day",
    "2004-02-05": "Nawam Full Moon Poya Day",
    "2004-02-18": "Maha Sivarathri Day",
    "2004-03-06": "Medin Full Moon Poya Day",
    "2004-04-05": "Bak Full Moon Poya Day",
    "2004-04-09": "Good Friday",
    "2004-04-12": "Day Before Sinhala and Tamil New Year",
    "2004-04-13": "Sinhala and Tamil New Year",
    "2004-05-01": "International Workers' Day",
    "2004-05-02": "Prophet's Birthday",
    "2004-05-04": "Vesak Full Moon Poya Day",
    "2004-05-05": "Day Following Vesak Full Moon Poya Day",
    "2004-06-02": "Poson Full Moon Poya Day",
    "2004-07-02": "Esala Full Moon Poya Day",
    "2004-07-31": "Adhi Esala Full Moon Poya Day",
    "2004-08-29": "Nikini Full Moon Poya Day",
    "2004-09-28": "Binara Full Moon Poya Day",
    "2004-10-27": "Vap Full Moon Poya Day",
    "2004-11-11": "Deepavali Festival Day",
    "2004-11-14": "Eid al-Fitr",
    "2004-11-26": "Il Full Moon Poya Day",
    "2004-12-25": "Christmas Day",
    "2004-12-26": "Unduvap Full Moon Poya Day",
    "2005-01-14": "Tamil Thai Pongal Day",
    "2005-01-21": "Eid al-Adha",
    "2005-01-24": "Duruthu Full Moon Poya Day",
    "2005-02-04": "Independence Day",
    "2005-02-23": "Nawam Full Moon Poya Day",
    "2005-03-08": "Maha Sivarathri Day",
    "2005-03-25": "Good Friday; Medin Full Moon Poya Day",
    "2005-04-13": "Day Before Sinhala and Tamil New Year",
    "2005-04-14": "Sinhala and Tamil New Year",
    "2005-04-22": "Prophet's Birthday",
    "2005-04-23": "Bak Full Moon Poya Day",
    "2005-05-01": "International Workers' Day",
    "2005-05-02": "Special Bank Holiday",
    "2005-05-23": "Vesak Full Moon Poya Day",
    "2005-05-24": "Day Following Vesak Full Moon Poya Day",
    "2005-06-21": "Poson Full Moon Poya Day",
    "2005-07-21": "Esala Full Moon Poya Day",
    "2005-08-19": "Nikini Full Moon Poya Day",
    "2005-09-17": "Binara Full Moon Poya Day",
    "2005-10-17": "Vap Full Moon Poya Day",
    "2005-11-01": "Deepavali Festival Day",
    "2005-11-04": "Eid al-Fitr",
    "2005-11-15": "Il Full Moon Poya Day",
    "2005-12-15": "Unduvap Full Moon Poya Day",
    "2005-12-25": "Christmas Day",
    "2005-12-26": "Special Bank Holiday",
    "2006-01-11": "Eid al-Adha",
    "2006-01-13": "Duruthu Full Moon Poya Day",
    "2006-01-14": "Tamil Thai Pongal Day",
    "2006-02-04": "Independence Day",
    "2006-02-12": "Nawam Full Moon Poya Day",
    "2006-02-26": "Maha Sivarathri Day",
    "2006-03-14": "Medin Full Moon Poya Day",
    "2006-04-11": "Prophet's Birthday",
    "2006-04-13": "Bak Full Moon Poya Day; Day Before Sinhala and Tamil New Year",
    "2006-04-14": "Good Friday; Sinhala and Tamil New Year",
    "2006-05-01": "International Workers' Day",
    "2006-05-12": "Vesak Full Moon Poya Day",
    "2006-05-13": "Day Following Vesak Full Moon Poya Day",
    "2006-06-11": "Poson Full Moon Poya Day",
    "2006-07-10": "Esala Full Moon Poya Day",
    "2006-08-09": "Nikini Full Moon Poya Day",
    "2006-09-07": "Binara Full Moon Poya Day",
    "2006-10-06": "Vap Full Moon Poya Day",
    "2006-10-21": "Deepavali Festival Day",
    "2006-10-24": "Eid al-Fitr",
    "2006-11-05": "Il Full Moon Poya Day",
    "2006-12-04": "Unduvap Full Moon Poya Day",
    "2006-12-25": "Christmas Day",
    "2006-12-31": "Eid al-Adha",
    "2007-01-03": "Duruthu Full Moon Poya Day",
    "2007-01-15": "Tamil Thai Pongal Day",
    "2007-02-01": "Nawam Full Moon Poya Day",
    "2007-02-04": "Independence Day",
    "2007-02-05": "Special Bank Holiday",
    "2007-02-16": "Maha Sivarathri Day",
    "2007-03-03": "Medin Full Moon Poya Day",
    "2007-04-01": "Prophet's Birthday",
    "2007-04-02": "Bak Full Moon Poya Day",
    "2007-04-03": "Special Bank Holiday",
    "2007-04-06": "Good Friday",
    "2007-04-13": "Day Before Sinhala and Tamil New Year",
    "2007-04-14": "Sinhala and Tamil New Year",
    "2007-05-01": "International Workers' Day; Vesak Full Moon Poya Day",
    "2007-05-02": "Day Following Vesak Full Moon Poya Day",
    "2007-05-31": "Adhi Poson Full Moon Poya Day",
    "2007-06-30": "Poson Full Moon Poya Day",
    "2007-07-29": "Esala Full Moon Poya Day",
    "2007-08-28": "Nikini Full Moon Poya Day",
    "2007-09-26": "Binara Full Moon Poya Day",
    "2007-10-13": "Eid al-Fitr",
    "2007-10-25": "Vap Full Moon Poya Day",
    "2007-11-08": "Deepavali Festival Day",
    "2007-11-24": "Il Full Moon Poya Day",
    "2007-12-21": "Eid al-Adha",
    "2007-12-23": "Unduvap Full Moon Poya Day",
    "2007-12-25": "Christmas Day",
    "2008-01-15": "Tamil Thai Pongal Day",
    "2008-01-22": "Duruthu Full Moon Poya Day",
    "2008-02-04": "Independence Day",
    "2008-02-20": "Nawam Full Moon Poya Day",
    "2008-03-06": "Maha Sivarathri Day",
    "2008-03-20": "Prophet's Birthday",
    "2008-03-21": "Good Friday; Medin Full Moon Poya Day",
    "2008-04-12": "Day Before Sinhala and Tamil New Year",
    "2008-04-13": "Sinhala and Tamil New Year",
    "2008-04-18": "Special Bank Holiday",
    "2008-04-19": "Bak Full Moon Poya Day",
    "2008-05-01": "International Workers' Day",
    "2008-05-19": "Vesak Full Moon Poya Day",
    "2008-05-20": "Day Following Vesak Full Moon Poya Day",
    "2008-06-18": "Poson Full Moon Poya Day",
    "2008-07-17": "Esala Full Moon Poya Day",
    "2008-08-16": "Nikini Full Moon Poya Day",
    "2008-09-14": "Binara Full Moon Poya Day",
    "2008-10-01": "Eid al-Fitr",
    "2008-10-14": "Vap Full Moon Poya Day",
    "2008-10-27": "Deepavali Festival Day",
    "2008-11-12": "Il Full Moon Poya Day",
    "2008-12-09": "Eid al-Adha",
    "2008-12-12": "Unduvap Full Moon Poya Day",
    "2008-12-25": "Christmas Day",
    "2009-01-10": "Duruthu Full Moon Poya Day",
    "2009-01-14": "Tamil Thai Pongal Day",
    "2009-02-04": "Independence Day",
    "2009-02-09": "Nawam Full Moon Poya Day",
    "2009-02-23": "Maha Sivarathri Day",
    "2009-03-10": "Medin Full Moon Poya Day; Prophet's Birthday",
    "2009-04-09": "Bak Full Moon Poya Day",
    "2009-04-10": "Good Friday",
    "2009-04-13": "Day Before Sinhala and Tamil New Year",
    "2009-04-14": "Sinhala and Tamil New Year",
    "2009-05-01": "International Workers' Day",
    "2009-05-08": "Vesak Full Moon Poya Day",
    "2009-05-09": "Day Following Vesak Full Moon Poya Day",
    "2009-06-07": "Poson Full Moon Poya Day",
    "2009-07-06": "Esala Full Moon Poya Day",
    "2009-08-05": "Nikini Full Moon Poya Day",
    "2009-09-04": "Binara Full Moon Poya Day",
    "2009-09-21": "Eid al-Fitr",
    "2009-10-03": "Vap Full Moon Poya Day",
    "2009-10-17": "Deepavali Festival Day",
    "2009-11-02": "Il Full Moon Poya Day",
    "2009-11-28": "Eid al-Adha",
    "2009-12-01": "Unduvap Full Moon Poya Day",
    "2009-12-25": "Christmas Day",
    "2009-12-31": "Duruthu Full Moon Poya Day",
    "2010-01-14": "Tamil Thai Pongal Day",
    "2010-01-29": "Nawam Full Moon Poya Day",
    "2010-02-04": "Independence Day",
    "2010-02-27": "Prophet's Birthday",
    "2010-02-28": "Medin Full Moon Poya Day",
    "2010-03-13": "Maha Sivarathri Day",
    "2010-03-29": "Bak Full Moon Poya Day",
    "2010-04-02": "Good Friday",
    "2010-04-13": "Day Before Sinhala and Tamil New Year",
    "2010-04-14": "Sinhala and Tamil New Year",
    "2010-04-28": "Adhi Vesak Full Mon Poya Day",
    "2010-05-01": "International Workers' Day",
    "2010-05-27": "Vesak Full Moon Poya Day",
    "2010-05-28": "Day Following Vesak Full Moon Poya Day",
    "2010-06-25": "Poson Full Moon Poya Day",
    "2010-07-25": "Esala Full Moon Poya Day",
    "2010-08-24": "Nikini Full Moon Poya Day",
    "2010-09-10": "Eid al-Fitr",
    "2010-09-22": "Binara Full Moon Poya Day",
    "2010-10-22": "Vap Full Moon Poya Day",
    "2010-11-05": "Deepavali Festival Day",
    "2010-11-17": "Eid al-Adha",
    "2010-11-21": "Il Full Moon Poya Day",
    "2010-12-20": "Unduvap Full Moon Poya Day",
    "2010-12-25": "Christmas Day",
    "2011-01-15": "Tamil Thai Pongal Day",
    "2011-01-19": "Duruthu Full Moon Poya Day",
    "2011-02-04": "Independence Day",
    "2011-02-16": "Prophet's Birthday",
    "2011-02-17": "Nawam Full Moon Poya Day",
    "2011-03-02": "Maha Sivarathri Day",
    "2011-03-19": "Medin Full Moon Poya Day",
    "2011-04-13": "Day Before Sinhala and Tamil New Year",
    "2011-04-14": "Sinhala and Tamil New Year",
    "2011-04-17": "Bak Full Moon Poya Day",
    "2011-04-22": "Good Friday",
    "2011-05-01": "International Workers' Day",
    "2011-05-02": "Special Bank Holiday",
    "2011-05-17": "Vesak Full Moon Poya Day",
    "2011-05-18": "Day Following Vesak Full Moon Poya Day",
    "2011-06-15": "Poson Full Moon Poya Day",
    "2011-07-14": "Esala Full Moon Poya Day",
    "2011-08-13": "Nikini Full Moon Poya Day",
    "2011-08-31": "Eid al-Fitr",
    "2011-09-11": "Binara Full Moon Poya Day",
    "2011-10-11": "Vap Full Moon Poya Day",
    "2011-10-26": "Deepavali Festival Day",
    "2011-11-07": "Eid al-Adha",
    "2011-11-10": "Il Full Moon Poya Day",
    "2011-12-10": "Unduvap Full Moon Poya Day",
    "2011-12-25": "Christmas Day",
    "2011-12-26": "Special Bank Holiday",
    "2012-01-08": "Duruthu Full Moon Poya Day",
    "2012-01-15": "Tamil Thai Pongal Day",
    "2012-01-16": "Special Bank Holiday",
    "2012-02-04": "Independence Day",
    "2012-02-05": "Prophet's Birthday",
    "2012-02-07": "Nawam Full Moon Poya Day",
    "2012-02-10": "Special Bank Holiday",
    "2012-02-20": "Maha Sivarathri Day",
    "2012-03-07": "Medin Full Moon Poya Day",
    "2012-04-06": "Bak Full Moon Poya Day; Good Friday",
    "2012-04-12": "Day Before Sinhala and Tamil New Year",
    "2012-04-13": "Sinhala and Tamil New Year",
    "2012-05-01": "International Workers' Day",
    "2012-05-05": "Vesak Full Moon Poya Day",
    "2012-05-06": "Day Following Vesak Full Moon Poya Day",
    "2012-05-07": "Special Bank Holiday; Special Public Holiday",
    "2012-06-04": "Poson Full Moon Poya Day",
    "2012-07-03": "Esala Full Moon Poya Day",
    "2012-08-01": "Nikini Full Moon Poya Day",
    "2012-08-19": "Eid al-Fitr",
    "2012-08-31": "Adhi Binara Full Moon Poya Day",
    "2012-09-29": "Binara Full Moon Poya Day",
    "2012-10-27": "Eid al-Adha",
    "2012-10-29": "Vap Full Moon Poya Day",
    "2012-11-13": "Deepavali Festival Day",
    "2012-11-27": "Il Full Moon Poya Day",
    "2012-12-25": "Christmas Day",
    "2012-12-27": "Unduvap Full Moon Poya Day",
    "2013-01-14": "Tamil Thai Pongal Day",
    "2013-01-25": "Prophet's Birthday",
    "2013-01-26": "Duruthu Full Moon Poya Day",
    "2013-02-04": "Independence Day",
    "2013-02-25": "Nawam Full Moon Poya Day",
    "2013-03-10": "Maha Sivarathri Day",
    "2013-03-26": "Medin Full Moon Poya Day",
    "2013-03-29": "Good Friday",
    "2013-04-13": "Day Before Sinhala and Tamil New Year",
    "2013-04-14": "Sinhala and Tamil New Year",
    "2013-04-15": "Special Bank Holiday; Special Public Holiday",
    "2013-04-25": "Bak Full Moon Poya Day",
    "2013-05-01": "International Workers' Day",
    "2013-05-24": "Vesak Full Moon Poya Day",
    "2013-05-25": "Day Following Vesak Full Moon Poya Day",
    "2013-06-23": "Poson Full Moon Poya Day",
    "2013-07-22": "Esala Full Moon Poya Day",
    "2013-08-09": "Eid al-Fitr",
    "2013-08-20": "Nikini Full Moon Poya Day",
    "2013-09-19": "Binara Full Moon Poya Day",
    "2013-10-16": "Eid al-Adha",
    "2013-10-18": "Vap Full Moon Poya Day",
    "2013-11-02": "Deepavali Festival Day",
    "2013-11-17": "Il Full Moon Poya Day",
    "2013-12-16": "Unduvap Full Moon Poya Day",
    "2013-12-25": "Christmas Day",
    "2014-01-14": "Prophet's Birthday; Tamil Thai Pongal Day",
    "2014-01-15": "Duruthu Full Moon Poya Day",
    "2014-02-04": "Independence Day",
    "2014-02-14": "Nawam Full Moon Poya Day",
    "2014-02-27": "Maha Sivarathri Day",
    "2014-03-16": "Medin Full Moon Poya Day",
    "2014-04-13": "Day Before Sinhala and Tamil New Year",
    "2014-04-14": "Bak Full Moon Poya Day; Sinhala and Tamil New Year",
    "2014-04-15": "Special Bank Holiday",
    "2014-04-18": "Good Friday",
    "2014-05-01": "International Workers' Day",
    "2014-05-14": "Vesak Full Moon Poya Day",
    "2014-05-15": "Day Following Vesak Full Moon Poya Day",
    "2014-06-12": "Poson Full Moon Poya Day",
    "2014-07-12": "Esala Full Moon Poya Day",
    "2014-07-29": "Eid al-Fitr",
    "2014-08-10": "Nikini Full Moon Poya Day",
    "2014-09-08": "Binara Full Moon Poya Day",
    "2014-10-05": "Eid al-Adha",
    "2014-10-08": "Vap Full Moon Poya Day",
    "2014-10-22": "Deepavali Festival Day",
    "2014-11-06": "Il Full Moon Poya Day",
    "2014-12-06": "Unduvap Full Moon Poya Day",
    "2014-12-25": "Christmas Day",
    "2015-01-04": "Duruthu Full Moon Poya Day; Prophet's Birthday",
    "2015-01-05": "Special Bank Holiday",
    "2015-01-15": "Tamil Thai Pongal Day",
    "2015-02-03": "Nawam Full Moon Poya Day",
    "2015-02-04": "Independence Day",
    "2015-02-17": "Maha Sivarathri Day",
    "2015-03-05": "Medin Full Moon Poya Day",
    "2015-04-03": "Bak Full Moon Poya Day; Good Friday",
    "2015-04-13": "Day Before Sinhala and Tamil New Year",
    "2015-04-14": "Sinhala and Tamil New Year",
    "2015-05-01": "International Workers' Day",
    "2015-05-03": "Vesak Full Moon Poya Day",
    "2015-05-04": "Day Following Vesak Full Moon Poya Day",
    "2015-06-02": "Poson Full Moon Poya Day",
    "2015-07-01": "Adhi Esala Full Moon Poya Day",
    "2015-07-18": "Eid al-Fitr",
    "2015-07-31": "Esala Full Moon Poya Day",
    "2015-08-29": "Nikini Full Moon Poya Day",
    "2015-09-24": "Eid al-Adha",
    "2015-09-27": "Binara Full Moon Poya Day",
    "2015-10-27": "Vap Full Moon Poya Day",
    "2015-11-10": "Deepavali Festival Day",
    "2015-11-25": "Il Full Moon Poya Day",
    "2015-12-24": "Unduvap Full Moon Poya Day",
    "2015-12-25": "Christmas Day",
    "2016-01-15": "Tamil Thai Pongal Day",
    "2016-01-23": "Duruthu Full Moon Poya Day",
    "2016-02-04": "Independence Day",
    "2016-02-22": "Nawam Full Moon Poya Day",
    "2016-03-07": "Maha Sivarathri Day",
    "2016-03-22": "Medin Full Moon Poya Day",
    "2016-03-25": "Good Friday",
    "2016-04-13": "Day Before Sinhala and Tamil New Year",
    "2016-04-14": "Sinhala and Tamil New Year",
    "2016-04-15": "Special Public Holiday",
    "2016-04-21": "Bak Full Moon Poya Day",
    "2016-05-01": "International Workers' Day",
    "2016-05-02": "Special Bank Holiday",
    "2016-05-21": "Vesak Full Moon Poya Day",
    "2016-05-22": "Day Following Vesak Full Moon Poya Day",
    "2016-05-23": "Special Bank Holiday",
    "2016-06-19": "Poson Full Moon Poya Day",
    "2016-07-06": "Eid al-Fitr",
    "2016-07-19": "Esala Full Moon Poya Day",
    "2016-08-17": "Nikini Full Moon Poya Day",
    "2016-09-12": "Eid al-Adha",
    "2016-09-16": "Binara Full Moon Poya Day",
    "2016-10-15": "Vap Full Moon Poya Day",
    "2016-10-29": "Deepavali Festival Day",
    "2016-11-14": "Il Full Moon Poya Day",
    "2016-12-12": "Prophet's Birthday",
    "2016-12-13": "Unduvap Full Moon Poya Day",
    "2016-12-25": "Christmas Day",
    "2016-12-26": "Special Bank Holiday",
    "2017-01-12": "Duruthu Full Moon Poya Day",
    "2017-01-14": "Tamil Thai Pongal Day",
    "2017-02-04": "Independence Day",
    "2017-02-10": "Nawam Full Moon Poya Day",
    "2017-02-24": "Maha Sivarathri Day",
    "2017-03-12": "Medin Full Moon Poya Day",
    "2017-04-10": "Bak Full Moon Poya Day",
    "2017-04-13": "Day Before Sinhala and Tamil New Year",
    "2017-04-14": "Good Friday; Sinhala and Tamil New Year",
    "2017-05-01": "International Workers' Day",
    "2017-05-10": "Vesak Full Moon Poya Day",
    "2017-05-11": "Day Following Vesak Full Moon Poya Day",
    "2017-06-08": "Poson Full Moon Poya Day",
    "2017-06-26": "Eid al-Fitr",
    "2017-07-08": "Esala Full Moon Poya Day",
    "2017-08-07": "Nikini Full Moon Poya Day",
    "2017-09-01": "Eid al-Adha",
    "2017-09-05": "Binara Full Moon Poya Day",
    "2017-10-05": "Vap Full Moon Poya Day",
    "2017-10-18": "Deepavali Festival Day",
    "2017-11-03": "Il Full Moon Poya Day",
    "2017-12-01": "Prophet's Birthday",
    "2017-12-03": "Unduvap Full Moon Poya Day",
    "2017-12-25": "Christmas Day",
    "2018-01-01": "Duruthu Full Moon Poya Day",
    "2018-01-14": "Tamil Thai Pongal Day",
    "2018-01-15": "Special Bank Holiday",
    "2018-01-31": "Nawam Full Moon Poya Day",
    "2018-02-04": "Independence Day",
    "2018-02-05": "Special Bank Holiday",
    "2018-02-13": "Maha Sivarathri Day",
    "2018-03-01": "Medin Full Moon Poya Day",
    "2018-03-30": "Good Friday",
    "2018-03-31": "Bak Full Moon Poya Day",
    "2018-04-13": "Day Before Sinhala and Tamil New Year",
    "2018-04-14": "Sinhala and Tamil New Year",
    "2018-04-29": "Vesak Full Moon Poya Day",
    "2018-04-30": "Day Following Vesak Full Moon Poya Day",
    "2018-05-01": "International Workers' Day",
    "2018-05-29": "Adhi Poson Full Moon Poya Day",
    "2018-06-15": "Eid al-Fitr",
    "2018-06-27": "Poson Full Moon Poya Day",
    "2018-07-27": "Esala Full Moon Poya Day",
    "2018-08-22": "Eid al-Adha",
    "2018-08-25": "Nikini Full Moon Poya Day",
    "2018-09-24": "Binara Full Moon Poya Day",
    "2018-10-24": "Vap Full Moon Poya Day",
    "2018-11-06": "Deepavali Festival Day",
    "2018-11-20": "Prophet's Birthday",
    "2018-11-22": "Il Full Moon Poya Day",
    "2018-12-22": "Unduvap Full Moon Poya Day",
    "2018-12-25": "Christmas Day",
    "2019-01-15": "Tamil Thai Pongal Day",
    "2019-01-20": "Duruthu Full Moon Poya Day",
    "2019-02-04": "Independence Day",
    "2019-02-19": "Nawam Full Moon Poya Day",
    "2019-03-04": "Maha Sivarathri Day",
    "2019-03-20": "Medin Full Moon Poya Day",
    "2019-04-13": "Day Before Sinhala and Tamil New Year",
    "2019-04-14": "Sinhala and Tamil New Year",
    "2019-04-15": "Special Bank Holiday",
    "2019-04-19": "Bak Full Moon Poya Day; Good Friday",
    "2019-05-01": "International Workers' Day",
    "2019-05-18": "Vesak Full Moon Poya Day",
    "2019-05-19": "Day Following Vesak Full Moon Poya Day",
    "2019-05-20": "Special Public Holiday",
    "2019-06-05": "Eid al-Fitr",
    "2019-06-16": "Poson Full Moon Poya Day",
    "2019-07-16": "Esala Full Moon Poya Day",
    "2019-08-12": "Eid al-Adha",
    "2019-08-14": "Nikini Full Moon Poya Day",
    "2019-09-13": "Binara Full Moon Poya Day",
    "2019-10-13": "Vap Full Moon Poya Day",
    "2019-10-27": "Deepavali Festival Day",
    "2019-11-10": "Prophet's Birthday",
    "2019-11-11": "Special Bank Holiday",
    "2019-11-12": "Il Full Moon Poya Day",
    "2019-12-11": "Unduvap Full Moon Poya Day",
    "2019-12-25": "Christmas Day",
    "2020-01-10": "Duruthu Full Moon Poya Day",
    "2020-01-15": "Tamil Thai Pongal Day",
    "2020-02-04": "Independence Day",
    "2020-02-08": "Nawam Full Moon Poya Day",
    "2020-02-21": "Maha Sivarathri Day",
    "2020-03-09": "Medin Full Moon Poya Day",
    "2020-03-16": "Special Public Holiday",
    "2020-03-17": "Special Public Holiday",
    "2020-03-18": "Special Public Holiday",
    "2020-03-19": "Special Public Holiday",
    "2020-04-07": "Bak Full Moon Poya Day",
    "2020-04-10": "Good Friday",
    "2020-04-12": "Day Before Sinhala and Tamil New Year",
    "2020-04-13": "Sinhala and Tamil New Year",
    "2020-04-14": "Special Bank Holiday",
    "2020-05-01": "International Workers' Day",
    "2020-05-07": "Vesak Full Moon Poya Day",
    "2020-05-08": "Day Following Vesak Full Moon Poya Day",
    "2020-05-25": "Eid al-Fitr",
    "2020-06-04": "Public Sector Holiday",
    "2020-06-05": "Poson Full Moon Poya Day",
    "2020-07-04": "Esala Full Moon Poya Day",
    "2020-08-01": "Eid al-Adha",
    "2020-08-03": "Nikini Full Moon Poya Day",
    "2020-09-01": "Binara Full Moon Poya Day",
    "2020-10-01": "Adhi Vap Full Moon Poya Day",
    "2020-10-30": "Prophet's Birthday; Vap Full Moon Poya Day",
    "2020-11-14": "Deepavali Festival Day",
    "2020-11-29": "Il Full Moon Poya Day",
    "2020-12-25": "Christmas Day",
    "2020-12-29": "Unduvap Full Moon Poya Day",
    "2021-01-14": "Tamil Thai Pongal Day",
    "2021-01-28": "Duruthu Full Moon Poya Day",
    "2021-02-04": "Independence Day",
    "2021-02-26": "Nawam Full Moon Poya Day",
    "2021-03-11": "Maha Sivarathri Day",
    "2021-03-28": "Medin Full Moon Poya Day",
    "2021-04-02": "Good Friday",
    "2021-04-13": "Day Before Sinhala and Tamil New Year",
    "2021-04-14": "Sinhala and Tamil New Year",
    "2021-04-26": "Bak Full Moon Poya Day",
    "2021-04-30": "Half-Day Special Bank Holiday",
    "2021-05-01": "International Workers' Day",
    "2021-05-14": "Eid al-Fitr",
    "2021-05-26": "Vesak Full Moon Poya Day",
    "2021-05-27": "Day Following Vesak Full Moon Poya Day",
    "2021-06-24": "Poson Full Moon Poya Day",
    "2021-07-21": "Eid al-Adha",
    "2021-07-23": "Esala Full Moon Poya Day",
    "2021-08-22": "Nikini Full Moon Poya Day",
    "2021-09-20": "Binara Full Moon Poya Day",
    "2021-10-19": "Prophet's Birthday",
    "2021-10-20": "Vap Full Moon Poya Day",
    "2021-11-04": "Deepavali Festival Day",
    "2021-11-18": "Il Full Moon Poya Day",
    "2021-12-18": "Unduvap Full Moon Poya Day",
    "2021-12-24": "Half-Day Special Bank Holiday",
    "2021-12-25": "Christmas Day",
    "2022-01-14": "Tamil Thai Pongal Day",
    "2022-01-17": "Duruthu Full Moon Poya Day",
    "2022-02-04": "Independence Day",
    "2022-02-16": "Nawam Full Moon Poya Day",
    "2022-03-01": "Maha Sivarathri Day",
    "2022-03-17": "Medin Full Moon Poya Day",
    "2022-04-11": "Special Public Holiday",
    "2022-04-12": "Special Public Holiday",
    "2022-04-13": "Day Before Sinhala and Tamil New Year",
    "2022-04-14": "Sinhala and Tamil New Year",
    "2022-04-15": "Good Friday",
    "2022-04-16": "Bak Full Moon Poya Day",
    "2022-05-01": "International Workers' Day",
    "2022-05-02": "Special Public Holiday",
    "2022-05-03": "Eid al-Fitr",
    "2022-05-15": "Vesak Full Moon Poya Day",
    "2022-05-16": "Day Following Vesak Full Moon Poya Day",
    "2022-06-13": "Public Sector Holiday",
    "2022-06-14": "Poson Full Moon Poya Day",
    "2022-06-17": "Public Sector Holiday",
    "2022-06-24": "Public Sector Holiday",
    "2022-07-01": "Public Sector Holiday",
    "2022-07-08": "Public Sector Holiday",
    "2022-07-10": "Eid al-Adha",
    "2022-07-13": "Esala Full Moon Poya Day",
    "2022-07-15": "Public Sector Holiday",
    "2022-07-22": "Public Sector Holiday",
    "2022-07-29": "Public Sector Holiday",
    "2022-08-11": "Nikini Full Moon Poya Day",
    "2022-09-10": "Binara Full Moon Poya Day",
    "2022-10-09": "Prophet's Birthday; Vap Full Moon Poya Day",
    "2022-10-10": "Special Bank Holiday",
    "2022-10-24": "Deepavali Festival Day",
    "2022-11-07": "Il Full Moon Poya Day",
    "2022-12-07": "Unduvap Full Moon Poya Day",
    "2022-12-25": "Christmas Day",
    "2022-12-26": "Special Bank Holiday",
    "2023-01-06": "Duruthu Full Moon Poya Day",
    "2023-01-15": "Tamil Thai Pongal Day",
    "2023-01-16": "Special Bank Holiday",
    "2023-02-04": "Independence Day",
    "2023-02-05": "Nawam Full Moon Poya Day",
    "2023-02-18": "Maha Sivarathri Day",
    "2023-03-06": "Medin Full Moon Poya Day",
    "2023-04-05": "Bak Full Moon Poya Day",
    "2023-04-07": "Good Friday",
    "2023-04-13": "Day Before Sinhala and Tamil New Year",
    "2023-04-14": "Sinhala and Tamil New Year",
    "2023-04-22": "Eid al-Fitr",
    "2023-05-01": "International Workers' Day",
    "2023-05-05": "Vesak Full Moon Poya Day",
    "2023-05-06": "Day Following Vesak Full Moon Poya Day",
    "2023-06-03": "Poson Full Moon Poya Day",
    "2023-06-29": "Eid al-Adha",
    "2023-07-03": "Adhi Esala Full Moon Poya Day",
    "2023-08-01": "Esala Full Moon Poya Day",
    "2023-08-30": "Nikini Full Moon Poya Day",
    "2023-09-28": "Prophet's Birthday",
    "2023-09-29": "Binara Full Moon Poya Day",
    "2023-10-28": "Vap Full Moon Poya Day",
    "2023-11-12": "Deepavali Festival Day",
    "2023-11-26": "Il Full Moon Poya Day",
    "2023-12-25": "Christmas Day",
    "2023-12-26": "Unduvap Full Moon Poya Day",
    "2024-01-15": "Tamil Thai Pongal Day",
    "2024-01-25": "Duruthu Full Moon Poya Day",
    "2024-02-04": "Independence Day",
    "2024-02-23": "Nawam Full Moon Poya Day",
    "2024-03-08": "Maha Sivarathri Day",
    "2024-03-24": "Medin Full Moon Poya Day",
    "2024-03-29": "Good Friday",
    "2024-04-11": "Eid al-Fitr",
    "2024-04-12": "Day Before Sinhala and Tamil New Year",
    "2024-04-13": "Sinhala and Tamil New Year",
    "2024-04-15": "Special Public Holiday",
    "2024-04-23": "Bak Full Moon Poya Day",
    "2024-05-01": "International Workers' Day",
    "2024-05-23": "Vesak Full Moon Poya Day",
    "2024-05-24": "Day Following Vesak Full Moon Poya Day",
    "2024-06-17": "Eid al-Adha",
    "2024-06-21": "Poson Full Moon Poya Day",
    "2024-07-20": "Esala Full Moon Poya Day",
    "2024-08-19": "Nikini Full Moon Poya Day",
    "2024-09-16": "Prophet's Birthday",
    "2024-09-17": "Binara Full Moon Poya Day",
    "2024-09-29": "Special Public Holiday",
    "2024-10-17": "Vap Full Moon Poya Day",
    "2024-10-31": "Deepavali Festival Day",
    "2024-11-15": "Il Full Moon Poya Day",
    "2024-12-14": "Unduvap Full Moon Poya Day",
    "2024-12-25": "Christmas Day",
    "2025-01-13": "Duruthu Full Moon Poya Day",
    "2025-01-14": "Tamil Thai Pongal Day",
    "2025-02-04": "Independence Day",
    "2025-02-12": "Nawam Full Moon Poya Day",
    "2025-02-26": "Maha Sivarathri Day",
    "2025-03-13": "Medin Full Moon Poya Day",
    "2025-03-31": "Eid al-Fitr",
    "2025-04-12": "Bak Full Moon Poya Day",
    "2025-04-13": "Day Before Sinhala and Tamil New Year",
    "2025-04-14": "Sinhala and Tamil New Year",
    "2025-04-15": "Special Bank Holiday",
    "2025-04-18": "Good Friday",
    "2025-05-01": "International Workers' Day",
    "2025-05-12": "Vesak Full Moon Poya Day",
    "2025-05-13": "Day Following Vesak Full Moon Poya Day",
    "2025-06-07": "Eid al-Adha",
    "2025-06-10": "Poson Full Moon Poya Day",
    "2025-07-10": "Esala Full Moon Poya Day",
    "2025-08-08": "Nikini Full Moon Poya Day",
    "2025-09-05": "Prophet's Birthday",
    "2025-09-07": "Binara Full Moon Poya Day",
    "2025-10-06": "Vap Full Moon Poya Day",
    "2025-10-20": "Deepavali Festival Day",
    "2025-11-05": "Il Full Moon Poya Day",
    "2025-12-04": "Unduvap Full Moon Poya Day",
    "2025-12-25": "Christmas Day"
}
