{
    "1982-01-01": "New Year's Day",
    "1982-01-25": "Chinese New Year's Day",
    "1982-01-26": "The second day of Chinese New Year",
    "1982-01-27": "The third day of Chinese New Year",
    "1982-04-05": "Tomb-Sweeping Day",
    "1982-04-09": "Good Friday",
    "1982-04-10": "Holy Saturday",
    "1982-04-25": "Freedom Day",
    "1982-05-01": "Labor Day",
    "1982-06-10": "Corpus Christi; Day of Portugal, Camões, and the Portuguese Communities",
    "1982-06-24": "Macau City Day",
    "1982-06-25": "Dragon Boat Festival",
    "1982-08-15": "Assumption Day",
    "1982-10-01": "National Day of the People's Republic of China",
    "1982-10-02": "The Day following Mid-Autumn Festival",
    "1982-10-05": "Republic Day",
    "1982-10-25": "Double Ninth Festival",
    "1982-11-01": "All Saints' Day",
    "1982-11-02": "All Soul's Day",
    "1982-12-01": "Restoration of Independence Day",
    "1982-12-08": "Immaculate Conception",
    "1982-12-22": "Winter Solstice",
    "1982-12-24": "Christmas Eve",
    "1982-12-25": "Christmas Day",
    "1983-01-01": "New Year's Day",
    "1983-02-13": "Chinese New Year's Day",
    "1983-02-14": "The second day of Chinese New Year",
    "1983-02-15": "The third day of Chinese New Year",
    "1983-04-01": "Good Friday",
    "1983-04-02": "Holy Saturday",
    "1983-04-05": "Tomb-Sweeping Day",
    "1983-04-25": "Freedom Day",
    "1983-05-01": "Labor Day",
    "1983-06-02": "Corpus Christi",
    "1983-06-10": "Day of Portugal, Camões, and the Portuguese Communities",
    "1983-06-15": "Dragon Boat Festival",
    "1983-06-24": "Macau City Day",
    "1983-08-15": "Assumption Day",
    "1983-09-22": "The Day following Mid-Autumn Festival",
    "1983-10-01": "National Day of the People's Republic of China",
    "1983-10-05": "Republic Day",
    "1983-10-14": "Double Ninth Festival",
    "1983-11-01": "All Saints' Day",
    "1983-11-02": "All Soul's Day",
    "1983-12-01": "Restoration of Independence Day",
    "1983-12-08": "Immaculate Conception",
    "1983-12-22": "Winter Solstice",
    "1983-12-24": "Christmas Eve",
    "1983-12-25": "Christmas Day",
    "1984-01-01": "New Year's Day",
    "1984-02-02": "Chinese New Year's Day",
    "1984-02-03": "The second day of Chinese New Year",
    "1984-02-04": "The third day of Chinese New Year",
    "1984-04-04": "Tomb-Sweeping Day",
    "1984-04-20": "Good Friday",
    "1984-04-21": "Holy Saturday",
    "1984-04-25": "Freedom Day",
    "1984-05-01": "Labor Day",
    "1984-06-04": "Dragon Boat Festival",
    "1984-06-10": "Day of Portugal, Camões, and the Portuguese Communities",
    "1984-06-21": "Corpus Christi",
    "1984-06-24": "Macau City Day",
    "1984-08-15": "Assumption Day",
    "1984-09-11": "The Day following Mid-Autumn Festival",
    "1984-10-01": "National Day of the People's Republic of China",
    "1984-10-03": "Double Ninth Festival",
    "1984-10-05": "Republic Day",
    "1984-11-01": "All Saints' Day",
    "1984-11-02": "All Soul's Day",
    "1984-12-01": "Restoration of Independence Day",
    "1984-12-08": "Immaculate Conception",
    "1984-12-22": "Winter Solstice",
    "1984-12-24": "Christmas Eve",
    "1984-12-25": "Christmas Day",
    "1985-01-01": "New Year's Day",
    "1985-02-20": "Chinese New Year's Day",
    "1985-02-21": "The second day of Chinese New Year",
    "1985-02-22": "The third day of Chinese New Year",
    "1985-04-05": "Good Friday; Tomb-Sweeping Day",
    "1985-04-06": "Holy Saturday",
    "1985-04-25": "Freedom Day",
    "1985-05-01": "Labor Day",
    "1985-06-06": "Corpus Christi",
    "1985-06-10": "Day of Portugal, Camões, and the Portuguese Communities",
    "1985-06-22": "Dragon Boat Festival",
    "1985-06-24": "Macau City Day",
    "1985-08-15": "Assumption Day",
    "1985-09-29": "Mid-Autumn Festival",
    "1985-09-30": "The Day following Mid-Autumn Festival",
    "1985-10-01": "National Day of the People's Republic of China",
    "1985-10-05": "Republic Day",
    "1985-10-22": "Double Ninth Festival",
    "1985-11-01": "All Saints' Day",
    "1985-11-02": "All Soul's Day",
    "1985-12-01": "Restoration of Independence Day",
    "1985-12-08": "Immaculate Conception",
    "1985-12-22": "Winter Solstice",
    "1985-12-24": "Christmas Eve",
    "1985-12-25": "Christmas Day",
    "1986-01-01": "New Year's Day",
    "1986-02-09": "Chinese New Year's Day",
    "1986-02-10": "The second day of Chinese New Year",
    "1986-02-11": "The third day of Chinese New Year",
    "1986-03-28": "Good Friday",
    "1986-03-29": "Holy Saturday",
    "1986-04-05": "Tomb-Sweeping Day",
    "1986-04-25": "Freedom Day",
    "1986-05-01": "Labor Day",
    "1986-05-29": "Corpus Christi",
    "1986-06-10": "Day of Portugal, Camões, and the Portuguese Communities",
    "1986-06-11": "Dragon Boat Festival",
    "1986-06-24": "Macau City Day",
    "1986-08-15": "Assumption Day",
    "1986-09-18": "Mid-Autumn Festival",
    "1986-09-19": "The Day following Mid-Autumn Festival",
    "1986-10-01": "National Day of the People's Republic of China",
    "1986-10-05": "Republic Day",
    "1986-10-12": "Double Ninth Festival",
    "1986-11-01": "All Saints' Day",
    "1986-11-02": "All Soul's Day",
    "1986-12-01": "Restoration of Independence Day",
    "1986-12-08": "Immaculate Conception",
    "1986-12-22": "Winter Solstice",
    "1986-12-24": "Christmas Eve",
    "1986-12-25": "Christmas Day",
    "1987-01-01": "New Year's Day",
    "1987-01-29": "Chinese New Year's Day",
    "1987-01-30": "The second day of Chinese New Year",
    "1987-01-31": "The third day of Chinese New Year",
    "1987-04-05": "Tomb-Sweeping Day",
    "1987-04-17": "Good Friday",
    "1987-04-18": "Holy Saturday",
    "1987-04-25": "Freedom Day",
    "1987-05-01": "Labor Day",
    "1987-05-31": "Dragon Boat Festival",
    "1987-06-10": "Day of Portugal, Camões, and the Portuguese Communities",
    "1987-06-18": "Corpus Christi",
    "1987-06-24": "Macau City Day",
    "1987-10-01": "National Day of the People's Republic of China",
    "1987-10-05": "Republic Day",
    "1987-10-07": "Mid-Autumn Festival",
    "1987-10-08": "The Day following Mid-Autumn Festival",
    "1987-10-31": "Double Ninth Festival",
    "1987-11-02": "All Soul's Day",
    "1987-12-01": "Restoration of Independence Day",
    "1987-12-08": "Immaculate Conception",
    "1987-12-22": "Winter Solstice",
    "1987-12-24": "Christmas Eve",
    "1987-12-25": "Christmas Day",
    "1988-01-01": "New Year's Day",
    "1988-02-17": "Chinese New Year's Day",
    "1988-02-18": "The second day of Chinese New Year",
    "1988-02-19": "The third day of Chinese New Year",
    "1988-04-01": "Good Friday",
    "1988-04-02": "Holy Saturday",
    "1988-04-04": "Tomb-Sweeping Day",
    "1988-04-25": "Freedom Day",
    "1988-05-01": "Labor Day",
    "1988-06-10": "Day of Portugal, Camões, and the Portuguese Communities",
    "1988-06-18": "Dragon Boat Festival",
    "1988-06-24": "Macau City Day",
    "1988-09-25": "Mid-Autumn Festival",
    "1988-09-26": "The Day following Mid-Autumn Festival",
    "1988-10-01": "National Day of the People's Republic of China",
    "1988-10-05": "Republic Day",
    "1988-10-19": "Double Ninth Festival",
    "1988-11-02": "All Soul's Day",
    "1988-12-01": "Restoration of Independence Day",
    "1988-12-08": "Immaculate Conception",
    "1988-12-22": "Winter Solstice",
    "1988-12-24": "Christmas Eve",
    "1988-12-25": "Christmas Day",
    "1989-01-01": "New Year's Day",
    "1989-02-06": "Chinese New Year's Day",
    "1989-02-07": "The second day of Chinese New Year",
    "1989-02-08": "The third day of Chinese New Year",
    "1989-03-24": "Good Friday",
    "1989-03-25": "Holy Saturday",
    "1989-04-05": "Tomb-Sweeping Day",
    "1989-04-25": "Freedom Day",
    "1989-05-01": "Labor Day",
    "1989-06-08": "Dragon Boat Festival",
    "1989-06-10": "Day of Portugal, Camões, and the Portuguese Communities",
    "1989-06-24": "Macau City Day",
    "1989-09-14": "Mid-Autumn Festival",
    "1989-09-15": "The Day following Mid-Autumn Festival",
    "1989-10-01": "National Day of the People's Republic of China",
    "1989-10-05": "Republic Day",
    "1989-10-08": "Double Ninth Festival",
    "1989-11-02": "All Soul's Day",
    "1989-12-01": "Restoration of Independence Day",
    "1989-12-08": "Immaculate Conception",
    "1989-12-22": "Winter Solstice",
    "1989-12-24": "Christmas Eve",
    "1989-12-25": "Christmas Day",
    "1990-01-01": "New Year's Day",
    "1990-01-27": "Chinese New Year's Day",
    "1990-01-28": "The second day of Chinese New Year",
    "1990-01-29": "The third day of Chinese New Year",
    "1990-04-05": "Tomb-Sweeping Day",
    "1990-04-13": "Good Friday",
    "1990-04-14": "Holy Saturday",
    "1990-04-25": "Freedom Day",
    "1990-05-01": "Labor Day",
    "1990-05-28": "Dragon Boat Festival",
    "1990-06-10": "Day of Portugal, Camões, and the Portuguese Communities",
    "1990-06-24": "Macau City Day",
    "1990-10-01": "National Day of the People's Republic of China",
    "1990-10-03": "Mid-Autumn Festival",
    "1990-10-04": "The Day following Mid-Autumn Festival",
    "1990-10-05": "Republic Day",
    "1990-10-26": "Double Ninth Festival",
    "1990-11-02": "All Soul's Day",
    "1990-12-01": "Restoration of Independence Day",
    "1990-12-08": "Immaculate Conception",
    "1990-12-22": "Winter Solstice",
    "1990-12-24": "Christmas Eve",
    "1990-12-25": "Christmas Day",
    "1991-01-01": "New Year's Day",
    "1991-02-15": "Chinese New Year's Day",
    "1991-02-16": "The second day of Chinese New Year",
    "1991-02-17": "The third day of Chinese New Year",
    "1991-03-29": "Good Friday",
    "1991-03-30": "Holy Saturday",
    "1991-04-05": "Tomb-Sweeping Day",
    "1991-04-25": "Freedom Day",
    "1991-05-01": "Labor Day",
    "1991-06-10": "Day of Portugal, Camões, and the Portuguese Communities",
    "1991-06-16": "Dragon Boat Festival",
    "1991-06-24": "Macau City Day",
    "1991-09-22": "Mid-Autumn Festival",
    "1991-09-23": "The Day following Mid-Autumn Festival",
    "1991-10-01": "National Day of the People's Republic of China",
    "1991-10-05": "Republic Day",
    "1991-10-16": "Double Ninth Festival",
    "1991-11-02": "All Soul's Day",
    "1991-12-01": "Restoration of Independence Day",
    "1991-12-08": "Immaculate Conception",
    "1991-12-22": "Winter Solstice",
    "1991-12-24": "Christmas Eve",
    "1991-12-25": "Christmas Day",
    "1992-01-01": "New Year's Day",
    "1992-02-04": "Chinese New Year's Day",
    "1992-02-05": "The second day of Chinese New Year",
    "1992-02-06": "The third day of Chinese New Year",
    "1992-04-04": "Tomb-Sweeping Day",
    "1992-04-17": "Good Friday",
    "1992-04-18": "Holy Saturday",
    "1992-04-25": "Freedom Day",
    "1992-05-01": "Labor Day",
    "1992-06-05": "Dragon Boat Festival",
    "1992-06-10": "Day of Portugal, Camões, and the Portuguese Communities",
    "1992-06-24": "Macau City Day",
    "1992-09-11": "Mid-Autumn Festival",
    "1992-09-12": "The Day following Mid-Autumn Festival",
    "1992-10-01": "National Day of the People's Republic of China",
    "1992-10-04": "Double Ninth Festival",
    "1992-10-05": "Republic Day",
    "1992-11-02": "All Soul's Day",
    "1992-12-01": "Restoration of Independence Day",
    "1992-12-08": "Immaculate Conception",
    "1992-12-22": "Winter Solstice",
    "1992-12-24": "Christmas Eve",
    "1992-12-25": "Christmas Day",
    "1993-01-01": "New Year's Day",
    "1993-01-23": "Chinese New Year's Day",
    "1993-01-24": "The second day of Chinese New Year",
    "1993-01-25": "The third day of Chinese New Year",
    "1993-04-05": "Tomb-Sweeping Day",
    "1993-04-09": "Good Friday",
    "1993-04-10": "Holy Saturday",
    "1993-04-25": "Freedom Day",
    "1993-05-01": "Labor Day",
    "1993-06-10": "Day of Portugal, Camões, and the Portuguese Communities",
    "1993-06-24": "Dragon Boat Festival; Macau City Day",
    "1993-09-30": "Mid-Autumn Festival",
    "1993-10-01": "National Day of the People's Republic of China; The Day following Mid-Autumn Festival",
    "1993-10-05": "Republic Day",
    "1993-10-23": "Double Ninth Festival",
    "1993-11-02": "All Soul's Day",
    "1993-12-01": "Restoration of Independence Day",
    "1993-12-08": "Immaculate Conception",
    "1993-12-22": "Winter Solstice",
    "1993-12-24": "Christmas Eve",
    "1993-12-25": "Christmas Day",
    "1994-01-01": "New Year's Day",
    "1994-02-10": "Chinese New Year's Day",
    "1994-02-11": "The second day of Chinese New Year",
    "1994-02-12": "The third day of Chinese New Year",
    "1994-04-01": "Good Friday",
    "1994-04-02": "Holy Saturday",
    "1994-04-05": "Tomb-Sweeping Day",
    "1994-04-25": "Freedom Day",
    "1994-05-01": "Labor Day",
    "1994-06-10": "Day of Portugal, Camões, and the Portuguese Communities",
    "1994-06-13": "Dragon Boat Festival",
    "1994-06-24": "Macau City Day",
    "1994-09-20": "Mid-Autumn Festival",
    "1994-09-21": "The Day following Mid-Autumn Festival",
    "1994-10-01": "National Day of the People's Republic of China",
    "1994-10-05": "Republic Day",
    "1994-10-13": "Double Ninth Festival",
    "1994-11-02": "All Soul's Day",
    "1994-12-01": "Restoration of Independence Day",
    "1994-12-08": "Immaculate Conception",
    "1994-12-22": "Winter Solstice",
    "1994-12-24": "Christmas Eve",
    "1994-12-25": "Christmas Day",
    "1995-01-01": "New Year's Day",
    "1995-01-31": "Chinese New Year's Day",
    "1995-02-01": "The second day of Chinese New Year",
    "1995-02-02": "The third day of Chinese New Year",
    "1995-04-05": "Tomb-Sweeping Day",
    "1995-04-14": "Good Friday",
    "1995-04-15": "Holy Saturday",
    "1995-04-25": "Freedom Day",
    "1995-05-01": "Labor Day",
    "1995-06-02": "Dragon Boat Festival",
    "1995-06-10": "Day of Portugal, Camões, and the Portuguese Communities",
    "1995-06-24": "Macau City Day",
    "1995-09-09": "Mid-Autumn Festival",
    "1995-09-10": "The Day following Mid-Autumn Festival",
    "1995-10-01": "National Day of the People's Republic of China",
    "1995-10-05": "Republic Day",
    "1995-11-01": "Double Ninth Festival",
    "1995-11-02": "All Soul's Day",
    "1995-12-01": "Restoration of Independence Day",
    "1995-12-08": "Immaculate Conception",
    "1995-12-22": "Winter Solstice",
    "1995-12-24": "Christmas Eve",
    "1995-12-25": "Christmas Day",
    "1996-01-01": "New Year's Day",
    "1996-02-19": "Chinese New Year's Day",
    "1996-02-20": "The second day of Chinese New Year",
    "1996-02-21": "The third day of Chinese New Year",
    "1996-04-04": "Tomb-Sweeping Day",
    "1996-04-05": "Good Friday",
    "1996-04-06": "Holy Saturday",
    "1996-04-25": "Freedom Day",
    "1996-05-01": "Labor Day",
    "1996-06-10": "Day of Portugal, Camões, and the Portuguese Communities",
    "1996-06-20": "Dragon Boat Festival",
    "1996-06-24": "Macau City Day",
    "1996-09-27": "Mid-Autumn Festival",
    "1996-09-28": "The Day following Mid-Autumn Festival",
    "1996-10-01": "National Day of the People's Republic of China",
    "1996-10-05": "Republic Day",
    "1996-10-20": "Double Ninth Festival",
    "1996-11-02": "All Soul's Day",
    "1996-12-01": "Restoration of Independence Day",
    "1996-12-08": "Immaculate Conception",
    "1996-12-22": "Winter Solstice",
    "1996-12-24": "Christmas Eve",
    "1996-12-25": "Christmas Day",
    "1997-01-01": "New Year's Day",
    "1997-02-07": "Chinese New Year's Day",
    "1997-02-08": "The second day of Chinese New Year",
    "1997-02-09": "The third day of Chinese New Year",
    "1997-03-28": "Good Friday",
    "1997-03-29": "Holy Saturday",
    "1997-04-05": "Tomb-Sweeping Day",
    "1997-04-25": "Freedom Day",
    "1997-05-01": "Labor Day",
    "1997-06-09": "Dragon Boat Festival",
    "1997-06-10": "Day of Portugal, Camões, and the Portuguese Communities",
    "1997-06-24": "Macau City Day",
    "1997-09-16": "Mid-Autumn Festival",
    "1997-09-17": "The Day following Mid-Autumn Festival",
    "1997-10-01": "National Day of the People's Republic of China",
    "1997-10-05": "Republic Day",
    "1997-10-10": "Double Ninth Festival",
    "1997-11-02": "All Soul's Day",
    "1997-12-01": "Restoration of Independence Day",
    "1997-12-08": "Immaculate Conception",
    "1997-12-22": "Winter Solstice",
    "1997-12-24": "Christmas Eve",
    "1997-12-25": "Christmas Day",
    "1998-01-01": "New Year's Day",
    "1998-01-28": "Chinese New Year's Day",
    "1998-01-29": "The second day of Chinese New Year",
    "1998-01-30": "The third day of Chinese New Year",
    "1998-04-05": "Tomb-Sweeping Day",
    "1998-04-10": "Good Friday",
    "1998-04-11": "Holy Saturday",
    "1998-04-25": "Freedom Day",
    "1998-05-01": "Labor Day",
    "1998-05-30": "Dragon Boat Festival",
    "1998-06-10": "Day of Portugal, Camões, and the Portuguese Communities",
    "1998-06-24": "Macau City Day",
    "1998-10-01": "National Day of the People's Republic of China",
    "1998-10-05": "Mid-Autumn Festival; Republic Day",
    "1998-10-06": "The Day following Mid-Autumn Festival",
    "1998-10-28": "Double Ninth Festival",
    "1998-11-02": "All Soul's Day",
    "1998-12-01": "Restoration of Independence Day",
    "1998-12-08": "Immaculate Conception",
    "1998-12-22": "Winter Solstice",
    "1998-12-23": "Additional Public Holiday",
    "1998-12-24": "Christmas Eve",
    "1998-12-25": "Christmas Day",
    "1998-12-31": "Additional Half-Day Public Holiday",
    "1999-01-01": "New Year's Day",
    "1999-02-15": "Additional Public Holiday",
    "1999-02-16": "Chinese New Year's Day",
    "1999-02-17": "The second day of Chinese New Year",
    "1999-02-18": "The third day of Chinese New Year",
    "1999-04-02": "Good Friday",
    "1999-04-03": "Holy Saturday",
    "1999-04-05": "Tomb-Sweeping Day",
    "1999-04-25": "Freedom Day",
    "1999-05-01": "Labor Day",
    "1999-06-10": "Day of Portugal, Camões, and the Portuguese Communities",
    "1999-06-18": "Dragon Boat Festival",
    "1999-06-24": "Macau City Day",
    "1999-09-24": "Mid-Autumn Festival",
    "1999-09-25": "The Day following Mid-Autumn Festival",
    "1999-10-01": "National Day of the People's Republic of China",
    "1999-10-05": "Republic Day",
    "1999-10-17": "Double Ninth Festival",
    "1999-11-02": "All Soul's Day",
    "1999-12-01": "Restoration of Independence Day",
    "1999-12-08": "Immaculate Conception",
    "1999-12-20": "The Handover of Macau to China and the Establishment of the Macau Special Administrative Region of the People's Republic of China",
    "1999-12-21": "The day following the Handover of Macau to China and the Establishment of the Macau Special Administrative Region of the People's Republic of China",
    "1999-12-22": "Winter Solstice",
    "1999-12-24": "Christmas Eve",
    "1999-12-25": "Christmas Day",
    "1999-12-31": "Additional Half-Day Public Holiday",
    "2000-01-01": "New Year's Day",
    "2000-02-04": "Additional Half-Day Public Holiday",
    "2000-02-05": "Chinese New Year's Day",
    "2000-02-06": "The second day of Chinese New Year",
    "2000-02-07": "The third day of Chinese New Year",
    "2000-04-04": "Tomb-Sweeping Day",
    "2000-04-21": "Good Friday",
    "2000-04-22": "The Day before Easter",
    "2000-05-01": "Labor Day",
    "2000-05-11": "The Buddha's Birthday",
    "2000-06-06": "Dragon Boat Festival",
    "2000-09-13": "The Day following Mid-Autumn Festival",
    "2000-10-01": "National Day of the People's Republic of China",
    "2000-10-02": "The day following National Day of the People's Republic of China",
    "2000-10-06": "Double Ninth Festival",
    "2000-11-02": "All Soul's Day",
    "2000-12-08": "Immaculate Conception",
    "2000-12-20": "Macao S.A.R. Establishment Day",
    "2000-12-21": "Winter Solstice",
    "2000-12-24": "Christmas Eve",
    "2000-12-25": "Christmas Day",
    "2001-01-01": "New Year's Day",
    "2001-01-24": "Chinese New Year's Day",
    "2001-01-25": "The second day of Chinese New Year",
    "2001-01-26": "The third day of Chinese New Year",
    "2001-04-05": "Tomb-Sweeping Day",
    "2001-04-13": "Good Friday",
    "2001-04-14": "The Day before Easter",
    "2001-04-30": "The Buddha's Birthday",
    "2001-05-01": "Labor Day",
    "2001-06-25": "Dragon Boat Festival",
    "2001-10-01": "National Day of the People's Republic of China",
    "2001-10-02": "The Day following Mid-Autumn Festival; The day following National Day of the People's Republic of China",
    "2001-10-25": "Double Ninth Festival",
    "2001-11-02": "All Soul's Day",
    "2001-12-08": "Immaculate Conception",
    "2001-12-20": "Macao S.A.R. Establishment Day",
    "2001-12-22": "Winter Solstice",
    "2001-12-24": "Christmas Eve",
    "2001-12-25": "Christmas Day",
    "2002-01-01": "New Year's Day",
    "2002-02-12": "Chinese New Year's Day",
    "2002-02-13": "The second day of Chinese New Year",
    "2002-02-14": "The third day of Chinese New Year",
    "2002-03-29": "Good Friday",
    "2002-03-30": "The Day before Easter",
    "2002-04-05": "Tomb-Sweeping Day",
    "2002-05-01": "Labor Day",
    "2002-05-19": "The Buddha's Birthday",
    "2002-06-15": "Dragon Boat Festival",
    "2002-09-22": "The Day following Mid-Autumn Festival",
    "2002-10-01": "National Day of the People's Republic of China",
    "2002-10-02": "The day following National Day of the People's Republic of China",
    "2002-10-14": "Double Ninth Festival",
    "2002-11-02": "All Soul's Day",
    "2002-12-08": "Immaculate Conception",
    "2002-12-20": "Macao S.A.R. Establishment Day",
    "2002-12-22": "Winter Solstice",
    "2002-12-24": "Christmas Eve",
    "2002-12-25": "Christmas Day",
    "2003-01-01": "New Year's Day",
    "2003-02-01": "Chinese New Year's Day",
    "2003-02-02": "The second day of Chinese New Year",
    "2003-02-03": "The third day of Chinese New Year",
    "2003-04-05": "Tomb-Sweeping Day",
    "2003-04-18": "Good Friday",
    "2003-04-19": "The Day before Easter",
    "2003-05-01": "Labor Day",
    "2003-05-08": "The Buddha's Birthday",
    "2003-06-04": "Dragon Boat Festival",
    "2003-09-12": "The Day following Mid-Autumn Festival",
    "2003-10-01": "National Day of the People's Republic of China",
    "2003-10-02": "The day following National Day of the People's Republic of China",
    "2003-10-04": "Double Ninth Festival",
    "2003-11-02": "All Soul's Day",
    "2003-12-08": "Immaculate Conception",
    "2003-12-20": "Macao S.A.R. Establishment Day",
    "2003-12-22": "Winter Solstice",
    "2003-12-24": "Christmas Eve",
    "2003-12-25": "Christmas Day",
    "2004-01-01": "New Year's Day",
    "2004-01-22": "Chinese New Year's Day",
    "2004-01-23": "The second day of Chinese New Year",
    "2004-01-24": "The third day of Chinese New Year",
    "2004-04-04": "Tomb-Sweeping Day",
    "2004-04-09": "Good Friday",
    "2004-04-10": "The Day before Easter",
    "2004-05-01": "Labor Day",
    "2004-05-26": "The Buddha's Birthday",
    "2004-06-22": "Dragon Boat Festival",
    "2004-09-29": "The Day following Mid-Autumn Festival",
    "2004-10-01": "National Day of the People's Republic of China",
    "2004-10-02": "The day following National Day of the People's Republic of China",
    "2004-10-22": "Double Ninth Festival",
    "2004-11-02": "All Soul's Day",
    "2004-12-08": "Immaculate Conception",
    "2004-12-20": "Macao S.A.R. Establishment Day",
    "2004-12-21": "Winter Solstice",
    "2004-12-24": "Christmas Eve",
    "2004-12-25": "Christmas Day",
    "2005-01-01": "New Year's Day",
    "2005-02-08": "Chinese New Year's Eve (Afternoon)",
    "2005-02-09": "Chinese New Year's Day",
    "2005-02-10": "The second day of Chinese New Year",
    "2005-02-11": "The third day of Chinese New Year",
    "2005-03-25": "Good Friday",
    "2005-03-26": "The Day before Easter",
    "2005-04-05": "Tomb-Sweeping Day",
    "2005-05-01": "Labor Day",
    "2005-05-15": "The Buddha's Birthday",
    "2005-06-11": "Dragon Boat Festival",
    "2005-09-19": "The Day following Mid-Autumn Festival",
    "2005-10-01": "National Day of the People's Republic of China",
    "2005-10-02": "The day following National Day of the People's Republic of China",
    "2005-10-11": "Double Ninth Festival",
    "2005-11-02": "All Soul's Day",
    "2005-12-08": "Immaculate Conception",
    "2005-12-20": "Macao S.A.R. Establishment Day",
    "2005-12-22": "Winter Solstice",
    "2005-12-24": "Christmas Eve",
    "2005-12-25": "Christmas Day",
    "2006-01-01": "New Year's Day",
    "2006-01-29": "Chinese New Year's Day",
    "2006-01-30": "The second day of Chinese New Year",
    "2006-01-31": "The third day of Chinese New Year",
    "2006-02-01": "The fourth day of Chinese New Year",
    "2006-04-05": "Tomb-Sweeping Day",
    "2006-04-14": "Good Friday",
    "2006-04-15": "The Day before Easter",
    "2006-05-01": "Labor Day",
    "2006-05-05": "The Buddha's Birthday",
    "2006-05-31": "Dragon Boat Festival",
    "2006-10-01": "National Day of the People's Republic of China",
    "2006-10-02": "The day following National Day of the People's Republic of China",
    "2006-10-07": "The Day following Mid-Autumn Festival",
    "2006-10-30": "Double Ninth Festival",
    "2006-11-02": "All Soul's Day",
    "2006-12-08": "Immaculate Conception",
    "2006-12-20": "Macao S.A.R. Establishment Day",
    "2006-12-22": "Winter Solstice",
    "2006-12-24": "Christmas Eve",
    "2006-12-25": "Christmas Day",
    "2007-01-01": "New Year's Day",
    "2007-02-18": "Chinese New Year's Day",
    "2007-02-19": "The second day of Chinese New Year",
    "2007-02-20": "The third day of Chinese New Year",
    "2007-02-21": "The fourth day of Chinese New Year",
    "2007-04-05": "Tomb-Sweeping Day",
    "2007-04-06": "Good Friday",
    "2007-04-07": "The Day before Easter",
    "2007-05-01": "Labor Day",
    "2007-05-24": "The Buddha's Birthday",
    "2007-06-19": "Dragon Boat Festival",
    "2007-09-26": "The Day following Mid-Autumn Festival",
    "2007-10-01": "National Day of the People's Republic of China",
    "2007-10-02": "The day following National Day of the People's Republic of China",
    "2007-10-19": "Double Ninth Festival",
    "2007-11-02": "All Soul's Day",
    "2007-12-08": "Immaculate Conception",
    "2007-12-20": "Macao S.A.R. Establishment Day",
    "2007-12-22": "Winter Solstice",
    "2007-12-24": "Christmas Eve",
    "2007-12-25": "Christmas Day",
    "2007-12-31": "New Year's Eve (Afternoon)",
    "2008-01-01": "New Year's Day",
    "2008-02-06": "Chinese New Year's Eve (Afternoon)",
    "2008-02-07": "Chinese New Year's Day",
    "2008-02-08": "The second day of Chinese New Year",
    "2008-02-09": "The third day of Chinese New Year",
    "2008-03-21": "Good Friday",
    "2008-03-22": "The Day before Easter",
    "2008-04-04": "Tomb-Sweeping Day",
    "2008-05-01": "Labor Day",
    "2008-05-12": "The Buddha's Birthday",
    "2008-06-08": "Dragon Boat Festival",
    "2008-09-15": "The Day following Mid-Autumn Festival",
    "2008-10-01": "National Day of the People's Republic of China",
    "2008-10-02": "The day following National Day of the People's Republic of China",
    "2008-10-07": "Double Ninth Festival",
    "2008-11-02": "All Soul's Day",
    "2008-12-08": "Immaculate Conception",
    "2008-12-20": "Macao S.A.R. Establishment Day",
    "2008-12-21": "Winter Solstice",
    "2008-12-22": "Additional Government Holiday",
    "2008-12-24": "Christmas Eve",
    "2008-12-25": "Christmas Day",
    "2008-12-31": "New Year's Eve (Afternoon)",
    "2009-01-01": "New Year's Day",
    "2009-01-26": "Chinese New Year's Day",
    "2009-01-27": "The second day of Chinese New Year",
    "2009-01-28": "The third day of Chinese New Year",
    "2009-04-04": "Tomb-Sweeping Day",
    "2009-04-10": "Good Friday",
    "2009-04-11": "The Day before Easter",
    "2009-05-01": "Labor Day",
    "2009-05-02": "The Buddha's Birthday",
    "2009-05-28": "Dragon Boat Festival",
    "2009-10-01": "National Day of the People's Republic of China",
    "2009-10-02": "The day following National Day of the People's Republic of China",
    "2009-10-04": "The Day following Mid-Autumn Festival",
    "2009-10-26": "Double Ninth Festival",
    "2009-11-02": "All Soul's Day",
    "2009-12-08": "Immaculate Conception",
    "2009-12-20": "Macao S.A.R. Establishment Day",
    "2009-12-22": "Winter Solstice",
    "2009-12-24": "Christmas Eve",
    "2009-12-25": "Christmas Day",
    "2009-12-31": "New Year's Eve (Afternoon)",
    "2010-01-01": "New Year's Day",
    "2010-02-14": "Chinese New Year's Day",
    "2010-02-15": "The second day of Chinese New Year",
    "2010-02-16": "The third day of Chinese New Year",
    "2010-02-17": "The fourth day of Chinese New Year",
    "2010-04-02": "Good Friday",
    "2010-04-03": "The Day before Easter",
    "2010-04-05": "Tomb-Sweeping Day",
    "2010-05-01": "Labor Day",
    "2010-05-21": "The Buddha's Birthday",
    "2010-06-16": "Dragon Boat Festival",
    "2010-09-23": "The Day following Mid-Autumn Festival",
    "2010-10-01": "National Day of the People's Republic of China",
    "2010-10-02": "The day following National Day of the People's Republic of China",
    "2010-10-16": "Double Ninth Festival",
    "2010-11-02": "All Soul's Day",
    "2010-12-08": "Immaculate Conception",
    "2010-12-20": "Macao S.A.R. Establishment Day",
    "2010-12-22": "Winter Solstice",
    "2010-12-24": "Christmas Eve",
    "2010-12-25": "Christmas Day",
    "2010-12-31": "New Year's Eve (Afternoon)",
    "2011-01-01": "New Year's Day",
    "2011-02-02": "Chinese New Year's Eve (Afternoon)",
    "2011-02-03": "Chinese New Year's Day",
    "2011-02-04": "The second day of Chinese New Year",
    "2011-02-05": "The third day of Chinese New Year",
    "2011-04-05": "Tomb-Sweeping Day",
    "2011-04-22": "Good Friday",
    "2011-04-23": "The Day before Easter",
    "2011-05-01": "Labor Day",
    "2011-05-02": "The first working day after Labor Day",
    "2011-05-10": "The Buddha's Birthday",
    "2011-06-06": "Dragon Boat Festival",
    "2011-09-13": "The Day following Mid-Autumn Festival",
    "2011-10-01": "National Day of the People's Republic of China",
    "2011-10-02": "The day following National Day of the People's Republic of China",
    "2011-10-03": "The first working day after The day following National Day of the People's Republic of China",
    "2011-10-05": "Double Ninth Festival",
    "2011-11-02": "All Soul's Day",
    "2011-12-08": "Immaculate Conception",
    "2011-12-20": "Macao S.A.R. Establishment Day",
    "2011-12-22": "Winter Solstice",
    "2011-12-24": "Christmas Eve",
    "2011-12-25": "Christmas Day",
    "2011-12-26": "The first working day after Christmas Day",
    "2012-01-01": "New Year's Day",
    "2012-01-02": "The first working day after New Year's Day",
    "2012-01-23": "Chinese New Year's Day",
    "2012-01-24": "The second day of Chinese New Year",
    "2012-01-25": "The third day of Chinese New Year",
    "2012-04-04": "Tomb-Sweeping Day",
    "2012-04-06": "Good Friday",
    "2012-04-07": "The Day before Easter",
    "2012-04-09": "The first working day after The Day before Easter",
    "2012-04-28": "The Buddha's Birthday",
    "2012-04-30": "The first working day after The Buddha's Birthday",
    "2012-05-01": "Labor Day",
    "2012-06-23": "Dragon Boat Festival",
    "2012-06-25": "The first working day after Dragon Boat Festival",
    "2012-10-01": "National Day of the People's Republic of China; The Day following Mid-Autumn Festival",
    "2012-10-02": "The day following National Day of the People's Republic of China",
    "2012-10-03": "Overlapping of the National Day of the People's Republic of China and the Day following Mid-Autumn Festival",
    "2012-10-23": "Double Ninth Festival",
    "2012-11-02": "All Soul's Day",
    "2012-12-08": "Immaculate Conception",
    "2012-12-10": "The first working day after Immaculate Conception",
    "2012-12-20": "Macao S.A.R. Establishment Day",
    "2012-12-21": "Winter Solstice",
    "2012-12-24": "Christmas Eve",
    "2012-12-25": "Christmas Day",
    "2012-12-31": "New Year's Eve",
    "2013-01-01": "New Year's Day",
    "2013-02-10": "Chinese New Year's Day",
    "2013-02-11": "The second day of Chinese New Year",
    "2013-02-12": "The third day of Chinese New Year",
    "2013-02-13": "The fourth day of Chinese New Year",
    "2013-03-29": "Good Friday",
    "2013-03-30": "The Day before Easter",
    "2013-04-01": "The first working day after The Day before Easter",
    "2013-04-04": "Tomb-Sweeping Day",
    "2013-05-01": "Labor Day",
    "2013-05-17": "The Buddha's Birthday",
    "2013-06-12": "Dragon Boat Festival",
    "2013-09-20": "The Day following Mid-Autumn Festival",
    "2013-10-01": "National Day of the People's Republic of China",
    "2013-10-02": "The day following National Day of the People's Republic of China",
    "2013-10-13": "Double Ninth Festival",
    "2013-10-14": "The first working day after Double Ninth Festival",
    "2013-11-02": "All Soul's Day",
    "2013-11-04": "The first working day after All Soul's Day",
    "2013-12-08": "Immaculate Conception",
    "2013-12-09": "The first working day after Immaculate Conception",
    "2013-12-20": "Macao S.A.R. Establishment Day",
    "2013-12-22": "Winter Solstice",
    "2013-12-23": "The first working day after Winter Solstice",
    "2013-12-24": "Christmas Eve",
    "2013-12-25": "Christmas Day",
    "2013-12-31": "New Year's Eve (Afternoon)",
    "2014-01-01": "New Year's Day",
    "2014-01-30": "Chinese New Year's Eve (Afternoon)",
    "2014-01-31": "Chinese New Year's Day",
    "2014-02-01": "The second day of Chinese New Year",
    "2014-02-02": "The third day of Chinese New Year",
    "2014-02-03": "The fourth day of Chinese New Year",
    "2014-02-04": "The fifth day of Chinese New Year",
    "2014-04-05": "Tomb-Sweeping Day",
    "2014-04-07": "The first working day after Tomb-Sweeping Day",
    "2014-04-18": "Good Friday",
    "2014-04-19": "The Day before Easter",
    "2014-04-21": "The first working day after The Day before Easter",
    "2014-05-01": "Labor Day",
    "2014-05-06": "The Buddha's Birthday",
    "2014-06-02": "Dragon Boat Festival",
    "2014-09-09": "The Day following Mid-Autumn Festival",
    "2014-10-01": "National Day of the People's Republic of China",
    "2014-10-02": "Double Ninth Festival; The day following National Day of the People's Republic of China",
    "2014-10-03": "Overlapping of the Day following National Day of the People's Republic of China and the Double Ninth Festival",
    "2014-11-02": "All Soul's Day",
    "2014-11-03": "The first working day after All Soul's Day",
    "2014-12-08": "Immaculate Conception",
    "2014-12-20": "Macao S.A.R. Establishment Day",
    "2014-12-22": "Winter Solstice",
    "2014-12-23": "The first working day after Macao S.A.R. Establishment Day",
    "2014-12-24": "Christmas Eve",
    "2014-12-25": "Christmas Day",
    "2014-12-31": "New Year's Eve (Afternoon)",
    "2015-01-01": "New Year's Day",
    "2015-02-18": "Chinese New Year's Eve (Afternoon)",
    "2015-02-19": "Chinese New Year's Day",
    "2015-02-20": "The second day of Chinese New Year",
    "2015-02-21": "The third day of Chinese New Year",
    "2015-02-23": "The fifth day of Chinese New Year",
    "2015-04-03": "Good Friday",
    "2015-04-04": "The Day before Easter",
    "2015-04-05": "Tomb-Sweeping Day",
    "2015-04-06": "The first working day after The Day before Easter",
    "2015-04-07": "The first working day after Tomb-Sweeping Day",
    "2015-05-01": "Labor Day",
    "2015-05-25": "The Buddha's Birthday",
    "2015-06-20": "Dragon Boat Festival",
    "2015-06-22": "The first working day after Dragon Boat Festival",
    "2015-09-03": "70th Anniversary of the Victory of the Chinese People's War of Resistance against Japanese Aggression and the World Anti-Fascist War",
    "2015-09-28": "The Day following Mid-Autumn Festival",
    "2015-10-01": "National Day of the People's Republic of China",
    "2015-10-02": "The day following National Day of the People's Republic of China",
    "2015-10-21": "Double Ninth Festival",
    "2015-11-02": "All Soul's Day",
    "2015-12-08": "Immaculate Conception",
    "2015-12-20": "Macao S.A.R. Establishment Day",
    "2015-12-21": "The first working day after Macao S.A.R. Establishment Day",
    "2015-12-22": "Winter Solstice",
    "2015-12-24": "Christmas Eve",
    "2015-12-25": "Christmas Day",
    "2015-12-31": "New Year's Eve (Afternoon)",
    "2016-01-01": "New Year's Day",
    "2016-02-08": "Chinese New Year's Day",
    "2016-02-09": "The second day of Chinese New Year",
    "2016-02-10": "The third day of Chinese New Year",
    "2016-03-25": "Good Friday",
    "2016-03-26": "The Day before Easter",
    "2016-03-28": "The first working day after The Day before Easter",
    "2016-04-04": "Tomb-Sweeping Day",
    "2016-05-01": "Labor Day",
    "2016-05-02": "The first working day after Labor Day",
    "2016-05-14": "The Buddha's Birthday",
    "2016-05-16": "The first working day after The Buddha's Birthday",
    "2016-06-09": "Dragon Boat Festival",
    "2016-09-16": "The Day following Mid-Autumn Festival",
    "2016-10-01": "National Day of the People's Republic of China",
    "2016-10-02": "The day following National Day of the People's Republic of China",
    "2016-10-03": "The first working day after National Day of the People's Republic of China",
    "2016-10-04": "The first working day after The day following National Day of the People's Republic of China",
    "2016-10-09": "Double Ninth Festival",
    "2016-10-10": "The first working day after Double Ninth Festival",
    "2016-11-02": "All Soul's Day",
    "2016-12-08": "Immaculate Conception",
    "2016-12-20": "Macao S.A.R. Establishment Day",
    "2016-12-21": "Winter Solstice",
    "2016-12-24": "Christmas Eve",
    "2016-12-25": "Christmas Day",
    "2016-12-26": "The first working day after Christmas Eve",
    "2016-12-27": "The first working day after Christmas Day",
    "2017-01-01": "New Year's Day",
    "2017-01-02": "The first working day after New Year's Day",
    "2017-01-27": "Chinese New Year's Eve (Afternoon)",
    "2017-01-28": "Chinese New Year's Day",
    "2017-01-29": "The second day of Chinese New Year",
    "2017-01-30": "The third day of Chinese New Year",
    "2017-01-31": "The fourth day of Chinese New Year",
    "2017-02-01": "The fifth day of Chinese New Year",
    "2017-04-04": "Tomb-Sweeping Day",
    "2017-04-14": "Good Friday",
    "2017-04-15": "The Day before Easter",
    "2017-04-17": "The first working day after The Day before Easter",
    "2017-05-01": "Labor Day",
    "2017-05-03": "The Buddha's Birthday",
    "2017-05-30": "Dragon Boat Festival",
    "2017-10-01": "National Day of the People's Republic of China",
    "2017-10-02": "The day following National Day of the People's Republic of China",
    "2017-10-03": "The first working day after National Day of the People's Republic of China",
    "2017-10-05": "The Day following Mid-Autumn Festival",
    "2017-10-28": "Double Ninth Festival",
    "2017-10-30": "The first working day after Double Ninth Festival",
    "2017-11-02": "All Soul's Day",
    "2017-12-08": "Immaculate Conception",
    "2017-12-20": "Macao S.A.R. Establishment Day",
    "2017-12-22": "Winter Solstice",
    "2017-12-24": "Christmas Eve",
    "2017-12-25": "Christmas Day",
    "2017-12-26": "The first working day after Christmas Eve",
    "2018-01-01": "New Year's Day",
    "2018-02-15": "Chinese New Year's Eve (Afternoon)",
    "2018-02-16": "Chinese New Year's Day",
    "2018-02-17": "The second day of Chinese New Year",
    "2018-02-18": "The third day of Chinese New Year",
    "2018-02-19": "The fourth day of Chinese New Year",
    "2018-02-20": "The fifth day of Chinese New Year",
    "2018-03-30": "Good Friday",
    "2018-03-31": "The Day before Easter",
    "2018-04-02": "The first working day after The Day before Easter",
    "2018-04-05": "Tomb-Sweeping Day",
    "2018-05-01": "Labor Day",
    "2018-05-22": "The Buddha's Birthday",
    "2018-06-18": "Dragon Boat Festival",
    "2018-09-25": "The Day following Mid-Autumn Festival",
    "2018-10-01": "National Day of the People's Republic of China",
    "2018-10-02": "The day following National Day of the People's Republic of China",
    "2018-10-17": "Double Ninth Festival",
    "2018-11-02": "All Soul's Day",
    "2018-12-08": "Immaculate Conception",
    "2018-12-10": "The first working day after Immaculate Conception",
    "2018-12-20": "Macao S.A.R. Establishment Day",
    "2018-12-22": "Winter Solstice",
    "2018-12-24": "Christmas Eve",
    "2018-12-25": "Christmas Day",
    "2018-12-26": "The first working day after Winter Solstice",
    "2018-12-31": "New Year's Eve (Afternoon)",
    "2019-01-01": "New Year's Day",
    "2019-02-04": "Chinese New Year's Eve (Afternoon)",
    "2019-02-05": "Chinese New Year's Day",
    "2019-02-06": "The second day of Chinese New Year",
    "2019-02-07": "The third day of Chinese New Year",
    "2019-04-05": "Tomb-Sweeping Day",
    "2019-04-19": "Good Friday",
    "2019-04-20": "The Day before Easter",
    "2019-04-22": "The first working day after The Day before Easter",
    "2019-05-01": "Labor Day",
    "2019-05-12": "The Buddha's Birthday",
    "2019-05-13": "The first working day after The Buddha's Birthday",
    "2019-06-07": "Dragon Boat Festival",
    "2019-09-14": "The Day following Mid-Autumn Festival",
    "2019-09-16": "The first working day after The Day following Mid-Autumn Festival",
    "2019-10-01": "National Day of the People's Republic of China",
    "2019-10-02": "The day following National Day of the People's Republic of China",
    "2019-10-07": "Double Ninth Festival",
    "2019-11-02": "All Soul's Day",
    "2019-11-04": "The first working day after All Soul's Day",
    "2019-12-08": "Immaculate Conception",
    "2019-12-09": "The first working day after Immaculate Conception",
    "2019-12-20": "Macao S.A.R. Establishment Day",
    "2019-12-22": "Winter Solstice",
    "2019-12-23": "The first working day after Winter Solstice",
    "2019-12-24": "Christmas Eve",
    "2019-12-25": "Christmas Day",
    "2019-12-31": "New Year's Eve (Afternoon)",
    "2020-01-01": "New Year's Day",
    "2020-01-24": "Chinese New Year's Eve (Afternoon)",
    "2020-01-25": "Chinese New Year's Day",
    "2020-01-26": "The second day of Chinese New Year",
    "2020-01-27": "The third day of Chinese New Year",
    "2020-01-28": "Compensatory rest day for Chinese New Year's Day",
    "2020-01-29": "Compensatory rest day for The second day of Chinese New Year",
    "2020-04-04": "Tomb-Sweeping Day",
    "2020-04-06": "Compensatory rest day for Tomb-Sweeping Day",
    "2020-04-10": "Good Friday",
    "2020-04-11": "The Day before Easter",
    "2020-04-13": "Compensatory rest day for The Day before Easter",
    "2020-04-30": "The Buddha's Birthday",
    "2020-05-01": "Labor Day",
    "2020-06-25": "Dragon Boat Festival",
    "2020-10-01": "National Day of the People's Republic of China",
    "2020-10-02": "The Day following Mid-Autumn Festival; The day following National Day of the People's Republic of China",
    "2020-10-05": "Overlapping of the Day following National Day of the People's Republic of China and the Day following Mid-Autumn Festival",
    "2020-10-25": "Double Ninth Festival",
    "2020-10-26": "Compensatory rest day for Double Ninth Festival",
    "2020-11-02": "All Soul's Day",
    "2020-12-08": "Immaculate Conception",
    "2020-12-20": "Macao S.A.R. Establishment Day",
    "2020-12-21": "Winter Solstice",
    "2020-12-22": "Compensatory rest day for Macao S.A.R. Establishment Day",
    "2020-12-24": "Christmas Eve",
    "2020-12-25": "Christmas Day",
    "2020-12-31": "New Year's Eve (Afternoon)",
    "2021-01-01": "New Year's Day",
    "2021-02-11": "Chinese New Year's Eve (Afternoon)",
    "2021-02-12": "Chinese New Year's Day",
    "2021-02-13": "The second day of Chinese New Year",
    "2021-02-14": "The third day of Chinese New Year",
    "2021-02-15": "Compensatory rest day for The second day of Chinese New Year",
    "2021-02-16": "Compensatory rest day for The third day of Chinese New Year",
    "2021-04-02": "Good Friday",
    "2021-04-03": "The Day before Easter",
    "2021-04-04": "Tomb-Sweeping Day",
    "2021-04-05": "Compensatory rest day for The Day before Easter",
    "2021-04-06": "Compensatory rest day for Tomb-Sweeping Day",
    "2021-05-01": "Labor Day",
    "2021-05-03": "Compensatory rest day for Labor Day",
    "2021-05-19": "The Buddha's Birthday",
    "2021-06-14": "Dragon Boat Festival",
    "2021-09-22": "The Day following Mid-Autumn Festival",
    "2021-10-01": "National Day of the People's Republic of China",
    "2021-10-02": "The day following National Day of the People's Republic of China",
    "2021-10-04": "Compensatory rest day for The day following National Day of the People's Republic of China",
    "2021-10-14": "Double Ninth Festival",
    "2021-11-02": "All Soul's Day",
    "2021-12-08": "Immaculate Conception",
    "2021-12-20": "Macao S.A.R. Establishment Day",
    "2021-12-21": "Winter Solstice",
    "2021-12-24": "Christmas Eve",
    "2021-12-25": "Christmas Day",
    "2021-12-27": "Compensatory rest day for Christmas Day",
    "2021-12-31": "New Year's Eve (Afternoon)",
    "2022-01-01": "New Year's Day",
    "2022-01-03": "Compensatory rest day for New Year's Day",
    "2022-01-31": "Chinese New Year's Eve (Afternoon)",
    "2022-02-01": "Chinese New Year's Day",
    "2022-02-02": "The second day of Chinese New Year",
    "2022-02-03": "The third day of Chinese New Year",
    "2022-04-05": "Tomb-Sweeping Day",
    "2022-04-15": "Good Friday",
    "2022-04-16": "The Day before Easter",
    "2022-04-18": "Compensatory rest day for The Day before Easter",
    "2022-05-01": "Labor Day",
    "2022-05-02": "Compensatory rest day for Labor Day",
    "2022-05-08": "The Buddha's Birthday",
    "2022-05-09": "Compensatory rest day for The Buddha's Birthday",
    "2022-06-03": "Dragon Boat Festival",
    "2022-09-11": "The Day following Mid-Autumn Festival",
    "2022-09-12": "Compensatory rest day for The Day following Mid-Autumn Festival",
    "2022-10-01": "National Day of the People's Republic of China",
    "2022-10-02": "The day following National Day of the People's Republic of China",
    "2022-10-03": "Compensatory rest day for National Day of the People's Republic of China",
    "2022-10-04": "Double Ninth Festival",
    "2022-10-05": "Compensatory rest day for The day following National Day of the People's Republic of China",
    "2022-11-02": "All Soul's Day",
    "2022-12-08": "Immaculate Conception",
    "2022-12-20": "Macao S.A.R. Establishment Day",
    "2022-12-22": "Winter Solstice",
    "2022-12-24": "Christmas Eve",
    "2022-12-25": "Christmas Day",
    "2022-12-26": "Compensatory rest day for Christmas Eve",
    "2022-12-27": "Compensatory rest day for Christmas Day",
    "2023-01-01": "New Year's Day",
    "2023-01-02": "Compensatory rest day for New Year's Day",
    "2023-01-22": "Chinese New Year's Day",
    "2023-01-23": "The second day of Chinese New Year",
    "2023-01-24": "The third day of Chinese New Year",
    "2023-01-25": "Compensatory rest day for Chinese New Year's Day",
    "2023-04-05": "Tomb-Sweeping Day",
    "2023-04-07": "Good Friday",
    "2023-04-08": "The Day before Easter",
    "2023-04-10": "Compensatory rest day for The Day before Easter",
    "2023-05-01": "Labor Day",
    "2023-05-26": "The Buddha's Birthday",
    "2023-06-22": "Dragon Boat Festival",
    "2023-09-30": "The Day following Mid-Autumn Festival",
    "2023-10-01": "National Day of the People's Republic of China",
    "2023-10-02": "The day following National Day of the People's Republic of China",
    "2023-10-03": "Compensatory rest day for The Day following Mid-Autumn Festival",
    "2023-10-04": "Compensatory rest day for National Day of the People's Republic of China",
    "2023-10-23": "Double Ninth Festival",
    "2023-11-02": "All Soul's Day",
    "2023-12-08": "Immaculate Conception",
    "2023-12-20": "Macao S.A.R. Establishment Day",
    "2023-12-22": "Winter Solstice",
    "2023-12-24": "Christmas Eve",
    "2023-12-25": "Christmas Day",
    "2023-12-26": "Compensatory rest day for Christmas Eve",
    "2024-01-01": "New Year's Day",
    "2024-02-09": "Chinese New Year's Eve (Afternoon)",
    "2024-02-10": "Chinese New Year's Day",
    "2024-02-11": "The second day of Chinese New Year",
    "2024-02-12": "The third day of Chinese New Year",
    "2024-02-13": "Compensatory rest day for Chinese New Year's Day",
    "2024-02-14": "Compensatory rest day for The second day of Chinese New Year",
    "2024-03-29": "Good Friday",
    "2024-03-30": "The Day before Easter",
    "2024-04-01": "Compensatory rest day for The Day before Easter",
    "2024-04-04": "Tomb-Sweeping Day",
    "2024-05-01": "Labor Day",
    "2024-05-15": "The Buddha's Birthday",
    "2024-06-10": "Dragon Boat Festival",
    "2024-09-18": "The Day following Mid-Autumn Festival",
    "2024-10-01": "National Day of the People's Republic of China",
    "2024-10-02": "The day following National Day of the People's Republic of China",
    "2024-10-11": "Double Ninth Festival",
    "2024-11-02": "All Soul's Day",
    "2024-11-04": "Compensatory rest day for All Soul's Day",
    "2024-12-08": "Immaculate Conception",
    "2024-12-09": "Compensatory rest day for Immaculate Conception",
    "2024-12-20": "Macao S.A.R. Establishment Day",
    "2024-12-21": "Winter Solstice",
    "2024-12-23": "Compensatory rest day for Winter Solstice",
    "2024-12-24": "Christmas Eve",
    "2024-12-25": "Christmas Day",
    "2024-12-31": "New Year's Eve (Afternoon)",
    "2025-01-01": "New Year's Day",
    "2025-01-28": "Chinese New Year's Eve (Afternoon)",
    "2025-01-29": "Chinese New Year's Day",
    "2025-01-30": "The second day of Chinese New Year",
    "2025-01-31": "The third day of Chinese New Year",
    "2025-04-04": "Tomb-Sweeping Day",
    "2025-04-18": "Good Friday",
    "2025-04-19": "The Day before Easter",
    "2025-04-21": "Compensatory rest day for The Day before Easter",
    "2025-05-01": "Labor Day",
    "2025-05-05": "The Buddha's Birthday",
    "2025-05-31": "Dragon Boat Festival",
    "2025-06-02": "Compensatory rest day for Dragon Boat Festival",
    "2025-10-01": "National Day of the People's Republic of China",
    "2025-10-02": "The day following National Day of the People's Republic of China",
    "2025-10-07": "The Day following Mid-Autumn Festival",
    "2025-10-29": "Double Ninth Festival",
    "2025-11-02": "All Soul's Day",
    "2025-11-03": "Compensatory rest day for All Soul's Day",
    "2025-12-08": "Immaculate Conception",
    "2025-12-20": "Macao S.A.R. Establishment Day",
    "2025-12-21": "Winter Solstice",
    "2025-12-22": "Compensatory rest day for Macao S.A.R. Establishment Day",
    "2025-12-23": "Compensatory rest day for Winter Solstice",
    "2025-12-24": "Christmas Eve",
    "2025-12-25": "Christmas Day",
    "2025-12-31": "New Year's Eve (Afternoon)",
    "2026-01-01": "New Year's Day",
    "2026-02-16": "Chinese New Year's Eve (Afternoon)",
    "2026-02-17": "Chinese New Year's Day",
    "2026-02-18": "The second day of Chinese New Year",
    "2026-02-19": "The third day of Chinese New Year",
    "2026-04-03": "Good Friday",
    "2026-04-04": "The Day before Easter",
    "2026-04-05": "Tomb-Sweeping Day",
    "2026-04-06": "Compensatory rest day for The Day before Easter",
    "2026-04-07": "Compensatory rest day for Tomb-Sweeping Day",
    "2026-05-01": "Labor Day",
    "2026-05-24": "The Buddha's Birthday",
    "2026-05-25": "Compensatory rest day for The Buddha's Birthday",
    "2026-06-19": "Dragon Boat Festival",
    "2026-09-26": "The Day following Mid-Autumn Festival",
    "2026-09-28": "Compensatory rest day for The Day following Mid-Autumn Festival",
    "2026-10-01": "National Day of the People's Republic of China",
    "2026-10-02": "The day following National Day of the People's Republic of China",
    "2026-10-18": "Double Ninth Festival",
    "2026-10-19": "Compensatory rest day for Double Ninth Festival",
    "2026-11-02": "All Soul's Day",
    "2026-12-08": "Immaculate Conception",
    "2026-12-20": "Macao S.A.R. Establishment Day",
    "2026-12-21": "Compensatory rest day for Macao S.A.R. Establishment Day",
    "2026-12-22": "Winter Solstice",
    "2026-12-24": "Christmas Eve",
    "2026-12-25": "Christmas Day",
    "2026-12-31": "New Year's Eve (Afternoon)",
    "2027-01-01": "New Year's Day",
    "2027-02-05": "Chinese New Year's Eve (Afternoon)",
    "2027-02-06": "Chinese New Year's Day",
    "2027-02-07": "The second day of Chinese New Year",
    "2027-02-08": "The third day of Chinese New Year",
    "2027-02-09": "Compensatory rest day for Chinese New Year's Day",
    "2027-02-10": "Compensatory rest day for The second day of Chinese New Year",
    "2027-03-26": "Good Friday",
    "2027-03-27": "The Day before Easter",
    "2027-03-29": "Compensatory rest day for The Day before Easter",
    "2027-04-05": "Tomb-Sweeping Day",
    "2027-05-01": "Labor Day",
    "2027-05-03": "Compensatory rest day for Labor Day",
    "2027-05-13": "The Buddha's Birthday",
    "2027-06-09": "Dragon Boat Festival",
    "2027-09-16": "The Day following Mid-Autumn Festival",
    "2027-10-01": "National Day of the People's Republic of China",
    "2027-10-02": "The day following National Day of the People's Republic of China",
    "2027-10-04": "Compensatory rest day for The day following National Day of the People's Republic of China",
    "2027-10-08": "Double Ninth Festival",
    "2027-11-02": "All Soul's Day",
    "2027-12-08": "Immaculate Conception",
    "2027-12-20": "Macao S.A.R. Establishment Day",
    "2027-12-22": "Winter Solstice",
    "2027-12-24": "Christmas Eve",
    "2027-12-25": "Christmas Day",
    "2027-12-27": "Compensatory rest day for Christmas Day",
    "2027-12-31": "New Year's Eve (Afternoon)",
    "2028-01-01": "New Year's Day",
    "2028-01-03": "Compensatory rest day for New Year's Day",
    "2028-01-25": "Chinese New Year's Eve (Afternoon)",
    "2028-01-26": "Chinese New Year's Day",
    "2028-01-27": "The second day of Chinese New Year",
    "2028-01-28": "The third day of Chinese New Year",
    "2028-04-04": "Tomb-Sweeping Day",
    "2028-04-14": "Good Friday",
    "2028-04-15": "The Day before Easter",
    "2028-04-17": "Compensatory rest day for The Day before Easter",
    "2028-05-01": "Labor Day",
    "2028-05-02": "The Buddha's Birthday",
    "2028-05-28": "Dragon Boat Festival",
    "2028-05-29": "Compensatory rest day for Dragon Boat Festival",
    "2028-10-01": "National Day of the People's Republic of China",
    "2028-10-02": "The day following National Day of the People's Republic of China",
    "2028-10-03": "Compensatory rest day for National Day of the People's Republic of China",
    "2028-10-04": "The Day following Mid-Autumn Festival",
    "2028-10-26": "Double Ninth Festival",
    "2028-11-02": "All Soul's Day",
    "2028-12-08": "Immaculate Conception",
    "2028-12-20": "Macao S.A.R. Establishment Day",
    "2028-12-21": "Winter Solstice",
    "2028-12-24": "Christmas Eve",
    "2028-12-25": "Christmas Day",
    "2028-12-26": "Compensatory rest day for Christmas Eve",
    "2029-01-01": "New Year's Day",
    "2029-02-12": "Chinese New Year's Eve (Afternoon)",
    "2029-02-13": "Chinese New Year's Day",
    "2029-02-14": "The second day of Chinese New Year",
    "2029-02-15": "The third day of Chinese New Year",
    "2029-03-30": "Good Friday",
    "2029-03-31": "The Day before Easter",
    "2029-04-02": "Compensatory rest day for The Day before Easter",
    "2029-04-04": "Tomb-Sweeping Day",
    "2029-05-01": "Labor Day",
    "2029-05-20": "The Buddha's Birthday",
    "2029-05-21": "Compensatory rest day for The Buddha's Birthday",
    "2029-06-16": "Dragon Boat Festival",
    "2029-06-18": "Compensatory rest day for Dragon Boat Festival",
    "2029-09-23": "The Day following Mid-Autumn Festival",
    "2029-09-24": "Compensatory rest day for The Day following Mid-Autumn Festival",
    "2029-10-01": "National Day of the People's Republic of China",
    "2029-10-02": "The day following National Day of the People's Republic of China",
    "2029-10-16": "Double Ninth Festival",
    "2029-11-02": "All Soul's Day",
    "2029-12-08": "Immaculate Conception",
    "2029-12-10": "Compensatory rest day for Immaculate Conception",
    "2029-12-20": "Macao S.A.R. Establishment Day",
    "2029-12-21": "Winter Solstice",
    "2029-12-24": "Christmas Eve",
    "2029-12-25": "Christmas Day",
    "2029-12-31": "New Year's Eve (Afternoon)",
    "2030-01-01": "New Year's Day",
    "2030-02-03": "Chinese New Year's Day",
    "2030-02-04": "The second day of Chinese New Year",
    "2030-02-05": "The third day of Chinese New Year",
    "2030-02-06": "Compensatory rest day for Chinese New Year's Day",
    "2030-04-05": "Tomb-Sweeping Day",
    "2030-04-19": "Good Friday",
    "2030-04-20": "The Day before Easter",
    "2030-04-22": "Compensatory rest day for The Day before Easter",
    "2030-05-01": "Labor Day",
    "2030-05-09": "The Buddha's Birthday",
    "2030-06-05": "Dragon Boat Festival",
    "2030-09-13": "The Day following Mid-Autumn Festival",
    "2030-10-01": "National Day of the People's Republic of China",
    "2030-10-02": "The day following National Day of the People's Republic of China",
    "2030-10-05": "Double Ninth Festival",
    "2030-10-07": "Compensatory rest day for Double Ninth Festival",
    "2030-11-02": "All Soul's Day",
    "2030-11-04": "Compensatory rest day for All Soul's Day",
    "2030-12-08": "Immaculate Conception",
    "2030-12-09": "Compensatory rest day for Immaculate Conception",
    "2030-12-20": "Macao S.A.R. Establishment Day",
    "2030-12-22": "Winter Solstice",
    "2030-12-23": "Compensatory rest day for Winter Solstice",
    "2030-12-24": "Christmas Eve",
    "2030-12-25": "Christmas Day",
    "2030-12-31": "New Year's Eve (Afternoon)",
    "2031-01-01": "New Year's Day",
    "2031-01-22": "Chinese New Year's Eve (Afternoon)",
    "2031-01-23": "Chinese New Year's Day",
    "2031-01-24": "The second day of Chinese New Year",
    "2031-01-25": "The third day of Chinese New Year",
    "2031-01-27": "Compensatory rest day for The third day of Chinese New Year",
    "2031-04-05": "Tomb-Sweeping Day",
    "2031-04-07": "Compensatory rest day for Tomb-Sweeping Day",
    "2031-04-11": "Good Friday",
    "2031-04-12": "The Day before Easter",
    "2031-04-14": "Compensatory rest day for The Day before Easter",
    "2031-05-01": "Labor Day",
    "2031-05-28": "The Buddha's Birthday",
    "2031-06-24": "Dragon Boat Festival",
    "2031-10-01": "National Day of the People's Republic of China",
    "2031-10-02": "The Day following Mid-Autumn Festival; The day following National Day of the People's Republic of China",
    "2031-10-24": "Double Ninth Festival",
    "2031-11-02": "All Soul's Day",
    "2031-11-03": "Compensatory rest day for All Soul's Day",
    "2031-12-08": "Immaculate Conception",
    "2031-12-20": "Macao S.A.R. Establishment Day",
    "2031-12-22": "Winter Solstice",
    "2031-12-23": "Compensatory rest day for Macao S.A.R. Establishment Day",
    "2031-12-24": "Christmas Eve",
    "2031-12-25": "Christmas Day",
    "2031-12-31": "New Year's Eve (Afternoon)",
    "2032-01-01": "New Year's Day",
    "2032-02-10": "Chinese New Year's Eve (Afternoon)",
    "2032-02-11": "Chinese New Year's Day",
    "2032-02-12": "The second day of Chinese New Year",
    "2032-02-13": "The third day of Chinese New Year",
    "2032-03-26": "Good Friday",
    "2032-03-27": "The Day before Easter",
    "2032-03-29": "Compensatory rest day for The Day before Easter",
    "2032-04-04": "Tomb-Sweeping Day",
    "2032-04-05": "Compensatory rest day for Tomb-Sweeping Day",
    "2032-05-01": "Labor Day",
    "2032-05-03": "Compensatory rest day for Labor Day",
    "2032-05-16": "The Buddha's Birthday",
    "2032-05-17": "Compensatory rest day for The Buddha's Birthday",
    "2032-06-12": "Dragon Boat Festival",
    "2032-06-14": "Compensatory rest day for Dragon Boat Festival",
    "2032-09-20": "The Day following Mid-Autumn Festival",
    "2032-10-01": "National Day of the People's Republic of China",
    "2032-10-02": "The day following National Day of the People's Republic of China",
    "2032-10-04": "Compensatory rest day for The day following National Day of the People's Republic of China",
    "2032-10-12": "Double Ninth Festival",
    "2032-11-02": "All Soul's Day",
    "2032-12-08": "Immaculate Conception",
    "2032-12-20": "Macao S.A.R. Establishment Day",
    "2032-12-21": "Winter Solstice",
    "2032-12-24": "Christmas Eve",
    "2032-12-25": "Christmas Day",
    "2032-12-27": "Compensatory rest day for Christmas Day",
    "2032-12-31": "New Year's Eve (Afternoon)",
    "2033-01-01": "New Year's Day",
    "2033-01-03": "Compensatory rest day for New Year's Day",
    "2033-01-31": "Chinese New Year's Day",
    "2033-02-01": "The second day of Chinese New Year",
    "2033-02-02": "The third day of Chinese New Year",
    "2033-04-04": "Tomb-Sweeping Day",
    "2033-04-15": "Good Friday",
    "2033-04-16": "The Day before Easter",
    "2033-04-18": "Compensatory rest day for The Day before Easter",
    "2033-05-01": "Labor Day",
    "2033-05-02": "Compensatory rest day for Labor Day",
    "2033-05-06": "The Buddha's Birthday",
    "2033-06-01": "Dragon Boat Festival",
    "2033-09-09": "The Day following Mid-Autumn Festival",
    "2033-10-01": "Double Ninth Festival; National Day of the People's Republic of China",
    "2033-10-02": "The day following National Day of the People's Republic of China",
    "2033-10-03": "Compensatory rest day for Double Ninth Festival",
    "2033-10-04": "Compensatory rest day for National Day of the People's Republic of China",
    "2033-10-05": "Compensatory rest day for The day following National Day of the People's Republic of China",
    "2033-11-02": "All Soul's Day",
    "2033-12-08": "Immaculate Conception",
    "2033-12-20": "Macao S.A.R. Establishment Day",
    "2033-12-21": "Winter Solstice",
    "2033-12-24": "Christmas Eve",
    "2033-12-25": "Christmas Day",
    "2033-12-26": "Compensatory rest day for Christmas Eve",
    "2033-12-27": "Compensatory rest day for Christmas Day",
    "2034-01-01": "New Year's Day",
    "2034-01-02": "Compensatory rest day for New Year's Day",
    "2034-02-19": "Chinese New Year's Day",
    "2034-02-20": "The second day of Chinese New Year",
    "2034-02-21": "The third day of Chinese New Year",
    "2034-02-22": "Compensatory rest day for Chinese New Year's Day",
    "2034-04-05": "Tomb-Sweeping Day",
    "2034-04-07": "Good Friday",
    "2034-04-08": "The Day before Easter",
    "2034-04-10": "Compensatory rest day for The Day before Easter",
    "2034-05-01": "Labor Day",
    "2034-05-25": "The Buddha's Birthday",
    "2034-06-20": "Dragon Boat Festival",
    "2034-09-28": "The Day following Mid-Autumn Festival",
    "2034-10-01": "National Day of the People's Republic of China",
    "2034-10-02": "The day following National Day of the People's Republic of China",
    "2034-10-03": "Compensatory rest day for National Day of the People's Republic of China",
    "2034-10-20": "Double Ninth Festival",
    "2034-11-02": "All Soul's Day",
    "2034-12-08": "Immaculate Conception",
    "2034-12-20": "Macao S.A.R. Establishment Day",
    "2034-12-22": "Winter Solstice",
    "2034-12-24": "Christmas Eve",
    "2034-12-25": "Christmas Day",
    "2034-12-26": "Compensatory rest day for Christmas Eve",
    "2035-01-01": "New Year's Day",
    "2035-02-07": "Chinese New Year's Eve (Afternoon)",
    "2035-02-08": "Chinese New Year's Day",
    "2035-02-09": "The second day of Chinese New Year",
    "2035-02-10": "The third day of Chinese New Year",
    "2035-02-12": "Compensatory rest day for The third day of Chinese New Year",
    "2035-03-23": "Good Friday",
    "2035-03-24": "The Day before Easter",
    "2035-03-26": "Compensatory rest day for The Day before Easter",
    "2035-04-05": "Tomb-Sweeping Day",
    "2035-05-01": "Labor Day",
    "2035-05-15": "The Buddha's Birthday",
    "2035-06-10": "Dragon Boat Festival",
    "2035-06-11": "Compensatory rest day for Dragon Boat Festival",
    "2035-09-17": "The Day following Mid-Autumn Festival",
    "2035-10-01": "National Day of the People's Republic of China",
    "2035-10-02": "The day following National Day of the People's Republic of China",
    "2035-10-09": "Double Ninth Festival",
    "2035-11-02": "All Soul's Day",
    "2035-12-08": "Immaculate Conception",
    "2035-12-10": "Compensatory rest day for Immaculate Conception",
    "2035-12-20": "Macao S.A.R. Establishment Day",
    "2035-12-22": "Winter Solstice",
    "2035-12-24": "Christmas Eve",
    "2035-12-25": "Christmas Day",
    "2035-12-26": "Compensatory rest day for Winter Solstice",
    "2035-12-31": "New Year's Eve (Afternoon)",
    "2036-01-01": "New Year's Day",
    "2036-01-28": "Chinese New Year's Day",
    "2036-01-29": "The second day of Chinese New Year",
    "2036-01-30": "The third day of Chinese New Year",
    "2036-04-04": "Tomb-Sweeping Day",
    "2036-04-11": "Good Friday",
    "2036-04-12": "The Day before Easter",
    "2036-04-14": "Compensatory rest day for The Day before Easter",
    "2036-05-01": "Labor Day",
    "2036-05-03": "The Buddha's Birthday",
    "2036-05-05": "Compensatory rest day for The Buddha's Birthday",
    "2036-05-30": "Dragon Boat Festival",
    "2036-10-01": "National Day of the People's Republic of China",
    "2036-10-02": "The day following National Day of the People's Republic of China",
    "2036-10-05": "The Day following Mid-Autumn Festival",
    "2036-10-06": "Compensatory rest day for The Day following Mid-Autumn Festival",
    "2036-10-27": "Double Ninth Festival",
    "2036-11-02": "All Soul's Day",
    "2036-11-03": "Compensatory rest day for All Soul's Day",
    "2036-12-08": "Immaculate Conception",
    "2036-12-20": "Macao S.A.R. Establishment Day",
    "2036-12-21": "Winter Solstice",
    "2036-12-22": "Compensatory rest day for Macao S.A.R. Establishment Day",
    "2036-12-23": "Compensatory rest day for Winter Solstice",
    "2036-12-24": "Christmas Eve",
    "2036-12-25": "Christmas Day",
    "2036-12-31": "New Year's Eve (Afternoon)",
    "2037-01-01": "New Year's Day",
    "2037-02-15": "Chinese New Year's Day",
    "2037-02-16": "The second day of Chinese New Year",
    "2037-02-17": "The third day of Chinese New Year",
    "2037-02-18": "Compensatory rest day for Chinese New Year's Day",
    "2037-04-03": "Good Friday",
    "2037-04-04": "The Day before Easter; Tomb-Sweeping Day",
    "2037-04-06": "Compensatory rest day for The Day before Easter",
    "2037-04-07": "Compensatory rest day for Tomb-Sweeping Day",
    "2037-05-01": "Labor Day",
    "2037-05-22": "The Buddha's Birthday",
    "2037-06-18": "Dragon Boat Festival",
    "2037-09-25": "The Day following Mid-Autumn Festival",
    "2037-10-01": "National Day of the People's Republic of China",
    "2037-10-02": "The day following National Day of the People's Republic of China",
    "2037-10-17": "Double Ninth Festival",
    "2037-10-19": "Compensatory rest day for Double Ninth Festival",
    "2037-11-02": "All Soul's Day",
    "2037-12-08": "Immaculate Conception",
    "2037-12-20": "Macao S.A.R. Establishment Day",
    "2037-12-21": "Winter Solstice",
    "2037-12-22": "Compensatory rest day for Macao S.A.R. Establishment Day",
    "2037-12-24": "Christmas Eve",
    "2037-12-25": "Christmas Day",
    "2037-12-31": "New Year's Eve (Afternoon)",
    "2038-01-01": "New Year's Day",
    "2038-02-03": "Chinese New Year's Eve (Afternoon)",
    "2038-02-04": "Chinese New Year's Day",
    "2038-02-05": "The second day of Chinese New Year",
    "2038-02-06": "The third day of Chinese New Year",
    "2038-02-08": "Compensatory rest day for The third day of Chinese New Year",
    "2038-04-05": "Tomb-Sweeping Day",
    "2038-04-23": "Good Friday",
    "2038-04-24": "The Day before Easter",
    "2038-04-26": "Compensatory rest day for The Day before Easter",
    "2038-05-01": "Labor Day",
    "2038-05-03": "Compensatory rest day for Labor Day",
    "2038-05-11": "The Buddha's Birthday",
    "2038-06-07": "Dragon Boat Festival",
    "2038-09-14": "The Day following Mid-Autumn Festival",
    "2038-10-01": "National Day of the People's Republic of China",
    "2038-10-02": "The day following National Day of the People's Republic of China",
    "2038-10-04": "Compensatory rest day for The day following National Day of the People's Republic of China",
    "2038-10-07": "Double Ninth Festival",
    "2038-11-02": "All Soul's Day",
    "2038-12-08": "Immaculate Conception",
    "2038-12-20": "Macao S.A.R. Establishment Day",
    "2038-12-22": "Winter Solstice",
    "2038-12-24": "Christmas Eve",
    "2038-12-25": "Christmas Day",
    "2038-12-27": "Compensatory rest day for Christmas Day",
    "2038-12-31": "New Year's Eve (Afternoon)",
    "2039-01-01": "New Year's Day",
    "2039-01-03": "Compensatory rest day for New Year's Day",
    "2039-01-24": "Chinese New Year's Day",
    "2039-01-25": "The second day of Chinese New Year",
    "2039-01-26": "The third day of Chinese New Year",
    "2039-04-05": "Tomb-Sweeping Day",
    "2039-04-08": "Good Friday",
    "2039-04-09": "The Day before Easter",
    "2039-04-11": "Compensatory rest day for The Day before Easter",
    "2039-04-30": "The Buddha's Birthday",
    "2039-05-01": "Labor Day",
    "2039-05-02": "Compensatory rest day for The Buddha's Birthday",
    "2039-05-03": "Compensatory rest day for Labor Day",
    "2039-05-27": "Dragon Boat Festival",
    "2039-10-01": "National Day of the People's Republic of China",
    "2039-10-02": "The day following National Day of the People's Republic of China",
    "2039-10-03": "The Day following Mid-Autumn Festival",
    "2039-10-04": "Compensatory rest day for National Day of the People's Republic of China",
    "2039-10-05": "Compensatory rest day for The day following National Day of the People's Republic of China",
    "2039-10-26": "Double Ninth Festival",
    "2039-11-02": "All Soul's Day",
    "2039-12-08": "Immaculate Conception",
    "2039-12-20": "Macao S.A.R. Establishment Day",
    "2039-12-22": "Winter Solstice",
    "2039-12-24": "Christmas Eve",
    "2039-12-25": "Christmas Day",
    "2039-12-26": "Compensatory rest day for Christmas Eve",
    "2039-12-27": "Compensatory rest day for Christmas Day",
    "2040-01-01": "New Year's Day",
    "2040-01-02": "Compensatory rest day for New Year's Day",
    "2040-02-12": "Chinese New Year's Day",
    "2040-02-13": "The second day of Chinese New Year",
    "2040-02-14": "The third day of Chinese New Year",
    "2040-02-15": "Compensatory rest day for Chinese New Year's Day",
    "2040-03-30": "Good Friday",
    "2040-03-31": "The Day before Easter",
    "2040-04-02": "Compensatory rest day for The Day before Easter",
    "2040-04-04": "Tomb-Sweeping Day",
    "2040-05-01": "Labor Day",
    "2040-05-18": "The Buddha's Birthday",
    "2040-06-14": "Dragon Boat Festival",
    "2040-09-21": "The Day following Mid-Autumn Festival",
    "2040-10-01": "National Day of the People's Republic of China",
    "2040-10-02": "The day following National Day of the People's Republic of China",
    "2040-10-14": "Double Ninth Festival",
    "2040-10-15": "Compensatory rest day for Double Ninth Festival",
    "2040-11-02": "All Soul's Day",
    "2040-12-08": "Immaculate Conception",
    "2040-12-10": "Compensatory rest day for Immaculate Conception",
    "2040-12-20": "Macao S.A.R. Establishment Day",
    "2040-12-21": "Winter Solstice",
    "2040-12-24": "Christmas Eve",
    "2040-12-25": "Christmas Day",
    "2040-12-31": "New Year's Eve (Afternoon)",
    "2041-01-01": "New Year's Day",
    "2041-01-31": "Chinese New Year's Eve (Afternoon)",
    "2041-02-01": "Chinese New Year's Day",
    "2041-02-02": "The second day of Chinese New Year",
    "2041-02-03": "The third day of Chinese New Year",
    "2041-02-04": "Compensatory rest day for The second day of Chinese New Year",
    "2041-02-05": "Compensatory rest day for The third day of Chinese New Year",
    "2041-04-04": "Tomb-Sweeping Day",
    "2041-04-19": "Good Friday",
    "2041-04-20": "The Day before Easter",
    "2041-04-22": "Compensatory rest day for The Day before Easter",
    "2041-05-01": "Labor Day",
    "2041-05-07": "The Buddha's Birthday",
    "2041-06-03": "Dragon Boat Festival",
    "2041-09-11": "The Day following Mid-Autumn Festival",
    "2041-10-01": "National Day of the People's Republic of China",
    "2041-10-02": "The day following National Day of the People's Republic of China",
    "2041-10-03": "Double Ninth Festival",
    "2041-11-02": "All Soul's Day",
    "2041-11-04": "Compensatory rest day for All Soul's Day",
    "2041-12-08": "Immaculate Conception",
    "2041-12-09": "Compensatory rest day for Immaculate Conception",
    "2041-12-20": "Macao S.A.R. Establishment Day",
    "2041-12-21": "Winter Solstice",
    "2041-12-23": "Compensatory rest day for Winter Solstice",
    "2041-12-24": "Christmas Eve",
    "2041-12-25": "Christmas Day",
    "2041-12-31": "New Year's Eve (Afternoon)",
    "2042-01-01": "New Year's Day",
    "2042-01-21": "Chinese New Year's Eve (Afternoon)",
    "2042-01-22": "Chinese New Year's Day",
    "2042-01-23": "The second day of Chinese New Year",
    "2042-01-24": "The third day of Chinese New Year",
    "2042-04-04": "Good Friday; Tomb-Sweeping Day",
    "2042-04-05": "The Day before Easter",
    "2042-04-07": "Compensatory rest day for The Day before Easter",
    "2042-05-01": "Labor Day",
    "2042-05-26": "The Buddha's Birthday",
    "2042-06-22": "Dragon Boat Festival",
    "2042-06-23": "Compensatory rest day for Dragon Boat Festival",
    "2042-09-29": "The Day following Mid-Autumn Festival",
    "2042-10-01": "National Day of the People's Republic of China",
    "2042-10-02": "The day following National Day of the People's Republic of China",
    "2042-10-22": "Double Ninth Festival",
    "2042-11-02": "All Soul's Day",
    "2042-11-03": "Compensatory rest day for All Soul's Day",
    "2042-12-08": "Immaculate Conception",
    "2042-12-20": "Macao S.A.R. Establishment Day",
    "2042-12-22": "Winter Solstice",
    "2042-12-23": "Compensatory rest day for Macao S.A.R. Establishment Day",
    "2042-12-24": "Christmas Eve",
    "2042-12-25": "Christmas Day",
    "2042-12-31": "New Year's Eve (Afternoon)",
    "2043-01-01": "New Year's Day",
    "2043-02-09": "Chinese New Year's Eve (Afternoon)",
    "2043-02-10": "Chinese New Year's Day",
    "2043-02-11": "The second day of Chinese New Year",
    "2043-02-12": "The third day of Chinese New Year",
    "2043-03-27": "Good Friday",
    "2043-03-28": "The Day before Easter",
    "2043-03-30": "Compensatory rest day for The Day before Easter",
    "2043-04-05": "Tomb-Sweeping Day",
    "2043-04-06": "Compensatory rest day for Tomb-Sweeping Day",
    "2043-05-01": "Labor Day",
    "2043-05-16": "The Buddha's Birthday",
    "2043-05-18": "Compensatory rest day for The Buddha's Birthday",
    "2043-06-11": "Dragon Boat Festival",
    "2043-09-18": "The Day following Mid-Autumn Festival",
    "2043-10-01": "National Day of the People's Republic of China",
    "2043-10-02": "The day following National Day of the People's Republic of China",
    "2043-10-11": "Double Ninth Festival",
    "2043-10-12": "Compensatory rest day for Double Ninth Festival",
    "2043-11-02": "All Soul's Day",
    "2043-12-08": "Immaculate Conception",
    "2043-12-20": "Macao S.A.R. Establishment Day",
    "2043-12-21": "Compensatory rest day for Macao S.A.R. Establishment Day",
    "2043-12-22": "Winter Solstice",
    "2043-12-24": "Christmas Eve",
    "2043-12-25": "Christmas Day",
    "2043-12-31": "New Year's Eve (Afternoon)",
    "2044-01-01": "New Year's Day",
    "2044-01-29": "Chinese New Year's Eve (Afternoon)",
    "2044-01-30": "Chinese New Year's Day",
    "2044-01-31": "The second day of Chinese New Year",
    "2044-02-01": "The third day of Chinese New Year",
    "2044-02-02": "Compensatory rest day for Chinese New Year's Day",
    "2044-02-03": "Compensatory rest day for The second day of Chinese New Year",
    "2044-04-04": "Tomb-Sweeping Day",
    "2044-04-15": "Good Friday",
    "2044-04-16": "The Day before Easter",
    "2044-04-18": "Compensatory rest day for The Day before Easter",
    "2044-05-01": "Labor Day",
    "2044-05-02": "Compensatory rest day for Labor Day",
    "2044-05-05": "The Buddha's Birthday",
    "2044-05-31": "Dragon Boat Festival",
    "2044-10-01": "National Day of the People's Republic of China",
    "2044-10-02": "The day following National Day of the People's Republic of China",
    "2044-10-03": "Compensatory rest day for National Day of the People's Republic of China",
    "2044-10-04": "Compensatory rest day for The day following National Day of the People's Republic of China",
    "2044-10-06": "The Day following Mid-Autumn Festival",
    "2044-10-29": "Double Ninth Festival",
    "2044-10-31": "Compensatory rest day for Double Ninth Festival",
    "2044-11-02": "All Soul's Day",
    "2044-12-08": "Immaculate Conception",
    "2044-12-20": "Macao S.A.R. Establishment Day",
    "2044-12-21": "Winter Solstice",
    "2044-12-24": "Christmas Eve",
    "2044-12-25": "Christmas Day",
    "2044-12-26": "Compensatory rest day for Christmas Eve",
    "2044-12-27": "Compensatory rest day for Christmas Day",
    "2045-01-01": "New Year's Day",
    "2045-01-02": "Compensatory rest day for New Year's Day",
    "2045-02-16": "Chinese New Year's Eve (Afternoon)",
    "2045-02-17": "Chinese New Year's Day",
    "2045-02-18": "The second day of Chinese New Year",
    "2045-02-19": "The third day of Chinese New Year",
    "2045-02-20": "Compensatory rest day for The second day of Chinese New Year",
    "2045-02-21": "Compensatory rest day for The third day of Chinese New Year",
    "2045-04-04": "Tomb-Sweeping Day",
    "2045-04-07": "Good Friday",
    "2045-04-08": "The Day before Easter",
    "2045-04-10": "Compensatory rest day for The Day before Easter",
    "2045-05-01": "Labor Day",
    "2045-05-24": "The Buddha's Birthday",
    "2045-06-19": "Dragon Boat Festival",
    "2045-09-26": "The Day following Mid-Autumn Festival",
    "2045-10-01": "National Day of the People's Republic of China",
    "2045-10-02": "The day following National Day of the People's Republic of China",
    "2045-10-03": "Compensatory rest day for National Day of the People's Republic of China",
    "2045-10-18": "Double Ninth Festival",
    "2045-11-02": "All Soul's Day",
    "2045-12-08": "Immaculate Conception",
    "2045-12-20": "Macao S.A.R. Establishment Day",
    "2045-12-21": "Winter Solstice",
    "2045-12-24": "Christmas Eve",
    "2045-12-25": "Christmas Day",
    "2045-12-26": "Compensatory rest day for Christmas Eve",
    "2046-01-01": "New Year's Day",
    "2046-02-05": "Chinese New Year's Eve (Afternoon)",
    "2046-02-06": "Chinese New Year's Day",
    "2046-02-07": "The second day of Chinese New Year",
    "2046-02-08": "The third day of Chinese New Year",
    "2046-03-23": "Good Friday",
    "2046-03-24": "The Day before Easter",
    "2046-03-26": "Compensatory rest day for The Day before Easter",
    "2046-04-04": "Tomb-Sweeping Day",
    "2046-05-01": "Labor Day",
    "2046-05-13": "The Buddha's Birthday",
    "2046-05-14": "Compensatory rest day for The Buddha's Birthday",
    "2046-06-08": "Dragon Boat Festival",
    "2046-09-16": "The Day following Mid-Autumn Festival",
    "2046-09-17": "Compensatory rest day for The Day following Mid-Autumn Festival",
    "2046-10-01": "National Day of the People's Republic of China",
    "2046-10-02": "The day following National Day of the People's Republic of China",
    "2046-10-08": "Double Ninth Festival",
    "2046-11-02": "All Soul's Day",
    "2046-12-08": "Immaculate Conception",
    "2046-12-10": "Compensatory rest day for Immaculate Conception",
    "2046-12-20": "Macao S.A.R. Establishment Day",
    "2046-12-22": "Winter Solstice",
    "2046-12-24": "Christmas Eve",
    "2046-12-25": "Christmas Day",
    "2046-12-26": "Compensatory rest day for Winter Solstice",
    "2046-12-31": "New Year's Eve (Afternoon)",
    "2047-01-01": "New Year's Day",
    "2047-01-25": "Chinese New Year's Eve (Afternoon)",
    "2047-01-26": "Chinese New Year's Day",
    "2047-01-27": "The second day of Chinese New Year",
    "2047-01-28": "The third day of Chinese New Year",
    "2047-01-29": "Compensatory rest day for Chinese New Year's Day",
    "2047-01-30": "Compensatory rest day for The second day of Chinese New Year",
    "2047-04-05": "Tomb-Sweeping Day",
    "2047-04-12": "Good Friday",
    "2047-04-13": "The Day before Easter",
    "2047-04-15": "Compensatory rest day for The Day before Easter",
    "2047-05-01": "Labor Day",
    "2047-05-02": "The Buddha's Birthday",
    "2047-05-29": "Dragon Boat Festival",
    "2047-10-01": "National Day of the People's Republic of China",
    "2047-10-02": "The day following National Day of the People's Republic of China",
    "2047-10-05": "The Day following Mid-Autumn Festival",
    "2047-10-07": "Compensatory rest day for The Day following Mid-Autumn Festival",
    "2047-10-27": "Double Ninth Festival",
    "2047-10-28": "Compensatory rest day for Double Ninth Festival",
    "2047-11-02": "All Soul's Day",
    "2047-11-04": "Compensatory rest day for All Soul's Day",
    "2047-12-08": "Immaculate Conception",
    "2047-12-09": "Compensatory rest day for Immaculate Conception",
    "2047-12-20": "Macao S.A.R. Establishment Day",
    "2047-12-22": "Winter Solstice",
    "2047-12-23": "Compensatory rest day for Winter Solstice",
    "2047-12-24": "Christmas Eve",
    "2047-12-25": "Christmas Day",
    "2047-12-31": "New Year's Eve (Afternoon)",
    "2048-01-01": "New Year's Day",
    "2048-02-13": "Chinese New Year's Eve (Afternoon)",
    "2048-02-14": "Chinese New Year's Day",
    "2048-02-15": "The second day of Chinese New Year",
    "2048-02-16": "The third day of Chinese New Year",
    "2048-02-17": "Compensatory rest day for The second day of Chinese New Year",
    "2048-02-18": "Compensatory rest day for The third day of Chinese New Year",
    "2048-04-03": "Good Friday",
    "2048-04-04": "The Day before Easter; Tomb-Sweeping Day",
    "2048-04-06": "Compensatory rest day for The Day before Easter",
    "2048-04-07": "Compensatory rest day for Tomb-Sweeping Day",
    "2048-05-01": "Labor Day",
    "2048-05-20": "The Buddha's Birthday",
    "2048-06-15": "Dragon Boat Festival",
    "2048-09-23": "The Day following Mid-Autumn Festival",
    "2048-10-01": "National Day of the People's Republic of China",
    "2048-10-02": "The day following National Day of the People's Republic of China",
    "2048-10-16": "Double Ninth Festival",
    "2048-11-02": "All Soul's Day",
    "2048-12-08": "Immaculate Conception",
    "2048-12-20": "Macao S.A.R. Establishment Day",
    "2048-12-21": "Winter Solstice",
    "2048-12-22": "Compensatory rest day for Macao S.A.R. Establishment Day",
    "2048-12-24": "Christmas Eve",
    "2048-12-25": "Christmas Day",
    "2048-12-31": "New Year's Eve (Afternoon)",
    "2049-01-01": "New Year's Day",
    "2049-02-01": "Chinese New Year's Eve (Afternoon)",
    "2049-02-02": "Chinese New Year's Day",
    "2049-02-03": "The second day of Chinese New Year",
    "2049-02-04": "The third day of Chinese New Year",
    "2049-04-04": "Tomb-Sweeping Day",
    "2049-04-05": "Compensatory rest day for Tomb-Sweeping Day",
    "2049-04-16": "Good Friday",
    "2049-04-17": "The Day before Easter",
    "2049-04-19": "Compensatory rest day for The Day before Easter",
    "2049-05-01": "Labor Day",
    "2049-05-03": "Compensatory rest day for Labor Day",
    "2049-05-09": "The Buddha's Birthday",
    "2049-05-10": "Compensatory rest day for The Buddha's Birthday",
    "2049-06-04": "Dragon Boat Festival",
    "2049-09-12": "The Day following Mid-Autumn Festival",
    "2049-09-13": "Compensatory rest day for The Day following Mid-Autumn Festival",
    "2049-10-01": "National Day of the People's Republic of China",
    "2049-10-02": "The day following National Day of the People's Republic of China",
    "2049-10-04": "Compensatory rest day for The day following National Day of the People's Republic of China",
    "2049-10-05": "Double Ninth Festival",
    "2049-11-02": "All Soul's Day",
    "2049-12-08": "Immaculate Conception",
    "2049-12-20": "Macao S.A.R. Establishment Day",
    "2049-12-21": "Winter Solstice",
    "2049-12-24": "Christmas Eve",
    "2049-12-25": "Christmas Day",
    "2049-12-27": "Compensatory rest day for Christmas Day",
    "2049-12-31": "New Year's Eve (Afternoon)",
    "2050-01-01": "New Year's Day",
    "2050-01-03": "Compensatory rest day for New Year's Day",
    "2050-01-23": "Chinese New Year's Day",
    "2050-01-24": "The second day of Chinese New Year",
    "2050-01-25": "The third day of Chinese New Year",
    "2050-01-26": "Compensatory rest day for Chinese New Year's Day",
    "2050-04-04": "Tomb-Sweeping Day",
    "2050-04-08": "Good Friday",
    "2050-04-09": "The Day before Easter",
    "2050-04-11": "Compensatory rest day for The Day before Easter",
    "2050-05-01": "Labor Day",
    "2050-05-02": "Compensatory rest day for Labor Day",
    "2050-05-28": "The Buddha's Birthday",
    "2050-05-30": "Compensatory rest day for The Buddha's Birthday",
    "2050-06-23": "Dragon Boat Festival",
    "2050-10-01": "National Day of the People's Republic of China; The Day following Mid-Autumn Festival",
    "2050-10-02": "The day following National Day of the People's Republic of China",
    "2050-10-03": "Compensatory rest day for National Day of the People's Republic of China",
    "2050-10-04": "Compensatory rest day for The Day following Mid-Autumn Festival",
    "2050-10-05": "Compensatory rest day for The day following National Day of the People's Republic of China",
    "2050-10-24": "Double Ninth Festival",
    "2050-11-02": "All Soul's Day",
    "2050-12-08": "Immaculate Conception",
    "2050-12-20": "Macao S.A.R. Establishment Day",
    "2050-12-22": "Winter Solstice",
    "2050-12-24": "Christmas Eve",
    "2050-12-25": "Christmas Day",
    "2050-12-26": "Compensatory rest day for Christmas Eve",
    "2050-12-27": "Compensatory rest day for Christmas Day"
}
