{
    "1950-01-01": "New Year's Day",
    "1950-01-02": "Day after New Year's Day",
    "1950-01-03": "New Year's Day (observed)",
    "1950-04-07": "Good Friday",
    "1950-04-10": "Easter Monday",
    "1950-04-25": "Anzac Day",
    "1950-06-05": "King's Birthday",
    "1950-10-23": "Labour Day",
    "1950-11-27": "Chatham Islands Anniversary Day",
    "1950-12-25": "Christmas Day",
    "1950-12-26": "Boxing Day",
    "1951-01-01": "New Year's Day",
    "1951-01-02": "Day after New Year's Day",
    "1951-03-23": "Good Friday",
    "1951-03-26": "Easter Monday",
    "1951-04-25": "Anzac Day",
    "1951-06-04": "King's Birthday",
    "1951-10-22": "Labour Day",
    "1951-12-03": "Chatham Islands Anniversary Day",
    "1951-12-25": "Christmas Day",
    "1951-12-26": "Boxing Day",
    "1952-01-01": "New Year's Day",
    "1952-01-02": "Day after New Year's Day",
    "1952-04-11": "Good Friday",
    "1952-04-14": "Easter Monday",
    "1952-04-25": "Anzac Day",
    "1952-06-02": "Queen's Birthday",
    "1952-10-27": "Labour Day",
    "1952-12-01": "Chatham Islands Anniversary Day",
    "1952-12-25": "Christmas Day",
    "1952-12-26": "Boxing Day",
    "1953-01-01": "New Year's Day",
    "1953-01-02": "Day after New Year's Day",
    "1953-04-03": "Good Friday",
    "1953-04-06": "Easter Monday",
    "1953-04-25": "Anzac Day",
    "1953-06-01": "Queen's Birthday",
    "1953-10-26": "Labour Day",
    "1953-11-30": "Chatham Islands Anniversary Day",
    "1953-12-25": "Christmas Day",
    "1953-12-26": "Boxing Day",
    "1953-12-28": "Boxing Day (observed)",
    "1954-01-01": "New Year's Day",
    "1954-01-02": "Day after New Year's Day",
    "1954-01-04": "Day after New Year's Day (observed)",
    "1954-04-16": "Good Friday",
    "1954-04-19": "Easter Monday",
    "1954-04-25": "Anzac Day",
    "1954-06-07": "Queen's Birthday",
    "1954-10-25": "Labour Day",
    "1954-11-29": "Chatham Islands Anniversary Day",
    "1954-12-25": "Christmas Day",
    "1954-12-26": "Boxing Day",
    "1954-12-27": "Christmas Day (observed)",
    "1954-12-28": "Boxing Day (observed)",
    "1955-01-01": "New Year's Day",
    "1955-01-02": "Day after New Year's Day",
    "1955-01-03": "New Year's Day (observed)",
    "1955-01-04": "Day after New Year's Day (observed)",
    "1955-04-08": "Good Friday",
    "1955-04-11": "Easter Monday",
    "1955-04-25": "Anzac Day",
    "1955-06-06": "Queen's Birthday",
    "1955-10-24": "Labour Day",
    "1955-11-28": "Chatham Islands Anniversary Day",
    "1955-12-25": "Christmas Day",
    "1955-12-26": "Boxing Day",
    "1955-12-27": "Christmas Day (observed)",
    "1956-01-01": "New Year's Day",
    "1956-01-02": "Day after New Year's Day",
    "1956-01-03": "New Year's Day (observed)",
    "1956-03-30": "Good Friday",
    "1956-04-02": "Easter Monday",
    "1956-04-25": "Anzac Day",
    "1956-06-04": "Queen's Birthday",
    "1956-10-22": "Labour Day",
    "1956-12-03": "Chatham Islands Anniversary Day",
    "1956-12-25": "Christmas Day",
    "1956-12-26": "Boxing Day",
    "1957-01-01": "New Year's Day",
    "1957-01-02": "Day after New Year's Day",
    "1957-04-19": "Good Friday",
    "1957-04-22": "Easter Monday",
    "1957-04-25": "Anzac Day",
    "1957-06-03": "Queen's Birthday",
    "1957-10-28": "Labour Day",
    "1957-12-02": "Chatham Islands Anniversary Day",
    "1957-12-25": "Christmas Day",
    "1957-12-26": "Boxing Day",
    "1958-01-01": "New Year's Day",
    "1958-01-02": "Day after New Year's Day",
    "1958-04-04": "Good Friday",
    "1958-04-07": "Easter Monday",
    "1958-04-25": "Anzac Day",
    "1958-06-02": "Queen's Birthday",
    "1958-10-27": "Labour Day",
    "1958-12-01": "Chatham Islands Anniversary Day",
    "1958-12-25": "Christmas Day",
    "1958-12-26": "Boxing Day",
    "1959-01-01": "New Year's Day",
    "1959-01-02": "Day after New Year's Day",
    "1959-03-27": "Good Friday",
    "1959-03-30": "Easter Monday",
    "1959-04-25": "Anzac Day",
    "1959-06-01": "Queen's Birthday",
    "1959-10-26": "Labour Day",
    "1959-11-30": "Chatham Islands Anniversary Day",
    "1959-12-25": "Christmas Day",
    "1959-12-26": "Boxing Day",
    "1959-12-28": "Boxing Day (observed)",
    "1960-01-01": "New Year's Day",
    "1960-01-02": "Day after New Year's Day",
    "1960-01-04": "Day after New Year's Day (observed)",
    "1960-04-15": "Good Friday",
    "1960-04-18": "Easter Monday",
    "1960-04-25": "Anzac Day",
    "1960-06-06": "Queen's Birthday",
    "1960-10-24": "Labour Day",
    "1960-11-28": "Chatham Islands Anniversary Day",
    "1960-12-25": "Christmas Day",
    "1960-12-26": "Boxing Day",
    "1960-12-27": "Christmas Day (observed)",
    "1961-01-01": "New Year's Day",
    "1961-01-02": "Day after New Year's Day",
    "1961-01-03": "New Year's Day (observed)",
    "1961-03-31": "Good Friday",
    "1961-04-03": "Easter Monday",
    "1961-04-25": "Anzac Day",
    "1961-06-05": "Queen's Birthday",
    "1961-10-23": "Labour Day",
    "1961-11-27": "Chatham Islands Anniversary Day",
    "1961-12-25": "Christmas Day",
    "1961-12-26": "Boxing Day",
    "1962-01-01": "New Year's Day",
    "1962-01-02": "Day after New Year's Day",
    "1962-04-20": "Good Friday",
    "1962-04-23": "Easter Monday",
    "1962-04-25": "Anzac Day",
    "1962-06-04": "Queen's Birthday",
    "1962-10-22": "Labour Day",
    "1962-12-03": "Chatham Islands Anniversary Day",
    "1962-12-25": "Christmas Day",
    "1962-12-26": "Boxing Day",
    "1963-01-01": "New Year's Day",
    "1963-01-02": "Day after New Year's Day",
    "1963-04-12": "Good Friday",
    "1963-04-15": "Easter Monday",
    "1963-04-25": "Anzac Day",
    "1963-06-03": "Queen's Birthday",
    "1963-10-28": "Labour Day",
    "1963-12-02": "Chatham Islands Anniversary Day",
    "1963-12-25": "Christmas Day",
    "1963-12-26": "Boxing Day",
    "1964-01-01": "New Year's Day",
    "1964-01-02": "Day after New Year's Day",
    "1964-03-27": "Good Friday",
    "1964-03-30": "Easter Monday",
    "1964-04-25": "Anzac Day",
    "1964-06-01": "Queen's Birthday",
    "1964-10-26": "Labour Day",
    "1964-11-30": "Chatham Islands Anniversary Day",
    "1964-12-25": "Christmas Day",
    "1964-12-26": "Boxing Day",
    "1964-12-28": "Boxing Day (observed)",
    "1965-01-01": "New Year's Day",
    "1965-01-02": "Day after New Year's Day",
    "1965-01-04": "Day after New Year's Day (observed)",
    "1965-04-16": "Good Friday",
    "1965-04-19": "Easter Monday",
    "1965-04-25": "Anzac Day",
    "1965-06-07": "Queen's Birthday",
    "1965-10-25": "Labour Day",
    "1965-11-29": "Chatham Islands Anniversary Day",
    "1965-12-25": "Christmas Day",
    "1965-12-26": "Boxing Day",
    "1965-12-27": "Christmas Day (observed)",
    "1965-12-28": "Boxing Day (observed)",
    "1966-01-01": "New Year's Day",
    "1966-01-02": "Day after New Year's Day",
    "1966-01-03": "New Year's Day (observed)",
    "1966-01-04": "Day after New Year's Day (observed)",
    "1966-04-08": "Good Friday",
    "1966-04-11": "Easter Monday",
    "1966-04-25": "Anzac Day",
    "1966-06-06": "Queen's Birthday",
    "1966-10-24": "Labour Day",
    "1966-11-28": "Chatham Islands Anniversary Day",
    "1966-12-25": "Christmas Day",
    "1966-12-26": "Boxing Day",
    "1966-12-27": "Christmas Day (observed)",
    "1967-01-01": "New Year's Day",
    "1967-01-02": "Day after New Year's Day",
    "1967-01-03": "New Year's Day (observed)",
    "1967-03-24": "Good Friday",
    "1967-03-27": "Easter Monday",
    "1967-04-25": "Anzac Day",
    "1967-06-05": "Queen's Birthday",
    "1967-10-23": "Labour Day",
    "1967-11-27": "Chatham Islands Anniversary Day",
    "1967-12-25": "Christmas Day",
    "1967-12-26": "Boxing Day",
    "1968-01-01": "New Year's Day",
    "1968-01-02": "Day after New Year's Day",
    "1968-04-12": "Good Friday",
    "1968-04-15": "Easter Monday",
    "1968-04-25": "Anzac Day",
    "1968-06-03": "Queen's Birthday",
    "1968-10-28": "Labour Day",
    "1968-12-02": "Chatham Islands Anniversary Day",
    "1968-12-25": "Christmas Day",
    "1968-12-26": "Boxing Day",
    "1969-01-01": "New Year's Day",
    "1969-01-02": "Day after New Year's Day",
    "1969-04-04": "Good Friday",
    "1969-04-07": "Easter Monday",
    "1969-04-25": "Anzac Day",
    "1969-06-02": "Queen's Birthday",
    "1969-10-27": "Labour Day",
    "1969-12-01": "Chatham Islands Anniversary Day",
    "1969-12-25": "Christmas Day",
    "1969-12-26": "Boxing Day",
    "1970-01-01": "New Year's Day",
    "1970-01-02": "Day after New Year's Day",
    "1970-03-27": "Good Friday",
    "1970-03-30": "Easter Monday",
    "1970-04-25": "Anzac Day",
    "1970-06-01": "Queen's Birthday",
    "1970-10-26": "Labour Day",
    "1970-11-30": "Chatham Islands Anniversary Day",
    "1970-12-25": "Christmas Day",
    "1970-12-26": "Boxing Day",
    "1970-12-28": "Boxing Day (observed)",
    "1971-01-01": "New Year's Day",
    "1971-01-02": "Day after New Year's Day",
    "1971-01-04": "Day after New Year's Day (observed)",
    "1971-04-09": "Good Friday",
    "1971-04-12": "Easter Monday",
    "1971-04-25": "Anzac Day",
    "1971-06-07": "Queen's Birthday",
    "1971-10-25": "Labour Day",
    "1971-11-29": "Chatham Islands Anniversary Day",
    "1971-12-25": "Christmas Day",
    "1971-12-26": "Boxing Day",
    "1971-12-27": "Christmas Day (observed)",
    "1971-12-28": "Boxing Day (observed)",
    "1972-01-01": "New Year's Day",
    "1972-01-02": "Day after New Year's Day",
    "1972-01-03": "New Year's Day (observed)",
    "1972-01-04": "Day after New Year's Day (observed)",
    "1972-03-31": "Good Friday",
    "1972-04-03": "Easter Monday",
    "1972-04-25": "Anzac Day",
    "1972-06-05": "Queen's Birthday",
    "1972-10-23": "Labour Day",
    "1972-11-27": "Chatham Islands Anniversary Day",
    "1972-12-25": "Christmas Day",
    "1972-12-26": "Boxing Day",
    "1973-01-01": "New Year's Day",
    "1973-01-02": "Day after New Year's Day",
    "1973-04-20": "Good Friday",
    "1973-04-23": "Easter Monday",
    "1973-04-25": "Anzac Day",
    "1973-06-04": "Queen's Birthday",
    "1973-10-22": "Labour Day",
    "1973-12-03": "Chatham Islands Anniversary Day",
    "1973-12-25": "Christmas Day",
    "1973-12-26": "Boxing Day",
    "1974-01-01": "New Year's Day",
    "1974-01-02": "Day after New Year's Day",
    "1974-02-06": "New Zealand Day",
    "1974-04-12": "Good Friday",
    "1974-04-15": "Easter Monday",
    "1974-04-25": "Anzac Day",
    "1974-06-03": "Queen's Birthday",
    "1974-10-28": "Labour Day",
    "1974-12-02": "Chatham Islands Anniversary Day",
    "1974-12-25": "Christmas Day",
    "1974-12-26": "Boxing Day",
    "1975-01-01": "New Year's Day",
    "1975-01-02": "Day after New Year's Day",
    "1975-02-06": "New Zealand Day",
    "1975-03-28": "Good Friday",
    "1975-03-31": "Easter Monday",
    "1975-04-25": "Anzac Day",
    "1975-06-02": "Queen's Birthday",
    "1975-10-27": "Labour Day",
    "1975-12-01": "Chatham Islands Anniversary Day",
    "1975-12-25": "Christmas Day",
    "1975-12-26": "Boxing Day",
    "1976-01-01": "New Year's Day",
    "1976-01-02": "Day after New Year's Day",
    "1976-02-06": "New Zealand Day",
    "1976-04-16": "Good Friday",
    "1976-04-19": "Easter Monday",
    "1976-04-25": "Anzac Day",
    "1976-06-07": "Queen's Birthday",
    "1976-10-25": "Labour Day",
    "1976-11-29": "Chatham Islands Anniversary Day",
    "1976-12-25": "Christmas Day",
    "1976-12-26": "Boxing Day",
    "1976-12-27": "Christmas Day (observed)",
    "1976-12-28": "Boxing Day (observed)",
    "1977-01-01": "New Year's Day",
    "1977-01-02": "Day after New Year's Day",
    "1977-01-03": "New Year's Day (observed)",
    "1977-01-04": "Day after New Year's Day (observed)",
    "1977-02-06": "Waitangi Day",
    "1977-04-08": "Good Friday",
    "1977-04-11": "Easter Monday",
    "1977-04-25": "Anzac Day",
    "1977-06-06": "Queen's Birthday",
    "1977-10-24": "Labour Day",
    "1977-11-28": "Chatham Islands Anniversary Day",
    "1977-12-25": "Christmas Day",
    "1977-12-26": "Boxing Day",
    "1977-12-27": "Christmas Day (observed)",
    "1978-01-01": "New Year's Day",
    "1978-01-02": "Day after New Year's Day",
    "1978-01-03": "New Year's Day (observed)",
    "1978-02-06": "Waitangi Day",
    "1978-03-24": "Good Friday",
    "1978-03-27": "Easter Monday",
    "1978-04-25": "Anzac Day",
    "1978-06-05": "Queen's Birthday",
    "1978-10-23": "Labour Day",
    "1978-11-27": "Chatham Islands Anniversary Day",
    "1978-12-25": "Christmas Day",
    "1978-12-26": "Boxing Day",
    "1979-01-01": "New Year's Day",
    "1979-01-02": "Day after New Year's Day",
    "1979-02-06": "Waitangi Day",
    "1979-04-13": "Good Friday",
    "1979-04-16": "Easter Monday",
    "1979-04-25": "Anzac Day",
    "1979-06-04": "Queen's Birthday",
    "1979-10-22": "Labour Day",
    "1979-12-03": "Chatham Islands Anniversary Day",
    "1979-12-25": "Christmas Day",
    "1979-12-26": "Boxing Day",
    "1980-01-01": "New Year's Day",
    "1980-01-02": "Day after New Year's Day",
    "1980-02-06": "Waitangi Day",
    "1980-04-04": "Good Friday",
    "1980-04-07": "Easter Monday",
    "1980-04-25": "Anzac Day",
    "1980-06-02": "Queen's Birthday",
    "1980-10-27": "Labour Day",
    "1980-12-01": "Chatham Islands Anniversary Day",
    "1980-12-25": "Christmas Day",
    "1980-12-26": "Boxing Day",
    "1981-01-01": "New Year's Day",
    "1981-01-02": "Day after New Year's Day",
    "1981-02-06": "Waitangi Day",
    "1981-04-17": "Good Friday",
    "1981-04-20": "Easter Monday",
    "1981-04-25": "Anzac Day",
    "1981-06-01": "Queen's Birthday",
    "1981-10-26": "Labour Day",
    "1981-11-30": "Chatham Islands Anniversary Day",
    "1981-12-25": "Christmas Day",
    "1981-12-26": "Boxing Day",
    "1981-12-28": "Boxing Day (observed)",
    "1982-01-01": "New Year's Day",
    "1982-01-02": "Day after New Year's Day",
    "1982-01-04": "Day after New Year's Day (observed)",
    "1982-02-06": "Waitangi Day",
    "1982-04-09": "Good Friday",
    "1982-04-12": "Easter Monday",
    "1982-04-25": "Anzac Day",
    "1982-06-07": "Queen's Birthday",
    "1982-10-25": "Labour Day",
    "1982-11-29": "Chatham Islands Anniversary Day",
    "1982-12-25": "Christmas Day",
    "1982-12-26": "Boxing Day",
    "1982-12-27": "Christmas Day (observed)",
    "1982-12-28": "Boxing Day (observed)",
    "1983-01-01": "New Year's Day",
    "1983-01-02": "Day after New Year's Day",
    "1983-01-03": "New Year's Day (observed)",
    "1983-01-04": "Day after New Year's Day (observed)",
    "1983-02-06": "Waitangi Day",
    "1983-04-01": "Good Friday",
    "1983-04-04": "Easter Monday",
    "1983-04-25": "Anzac Day",
    "1983-06-06": "Queen's Birthday",
    "1983-10-24": "Labour Day",
    "1983-11-28": "Chatham Islands Anniversary Day",
    "1983-12-25": "Christmas Day",
    "1983-12-26": "Boxing Day",
    "1983-12-27": "Christmas Day (observed)",
    "1984-01-01": "New Year's Day",
    "1984-01-02": "Day after New Year's Day",
    "1984-01-03": "New Year's Day (observed)",
    "1984-02-06": "Waitangi Day",
    "1984-04-20": "Good Friday",
    "1984-04-23": "Easter Monday",
    "1984-04-25": "Anzac Day",
    "1984-06-04": "Queen's Birthday",
    "1984-10-22": "Labour Day",
    "1984-12-03": "Chatham Islands Anniversary Day",
    "1984-12-25": "Christmas Day",
    "1984-12-26": "Boxing Day",
    "1985-01-01": "New Year's Day",
    "1985-01-02": "Day after New Year's Day",
    "1985-02-06": "Waitangi Day",
    "1985-04-05": "Good Friday",
    "1985-04-08": "Easter Monday",
    "1985-04-25": "Anzac Day",
    "1985-06-03": "Queen's Birthday",
    "1985-10-28": "Labour Day",
    "1985-12-02": "Chatham Islands Anniversary Day",
    "1985-12-25": "Christmas Day",
    "1985-12-26": "Boxing Day",
    "1986-01-01": "New Year's Day",
    "1986-01-02": "Day after New Year's Day",
    "1986-02-06": "Waitangi Day",
    "1986-03-28": "Good Friday",
    "1986-03-31": "Easter Monday",
    "1986-04-25": "Anzac Day",
    "1986-06-02": "Queen's Birthday",
    "1986-10-27": "Labour Day",
    "1986-12-01": "Chatham Islands Anniversary Day",
    "1986-12-25": "Christmas Day",
    "1986-12-26": "Boxing Day",
    "1987-01-01": "New Year's Day",
    "1987-01-02": "Day after New Year's Day",
    "1987-02-06": "Waitangi Day",
    "1987-04-17": "Good Friday",
    "1987-04-20": "Easter Monday",
    "1987-04-25": "Anzac Day",
    "1987-06-01": "Queen's Birthday",
    "1987-10-26": "Labour Day",
    "1987-11-30": "Chatham Islands Anniversary Day",
    "1987-12-25": "Christmas Day",
    "1987-12-26": "Boxing Day",
    "1987-12-28": "Boxing Day (observed)",
    "1988-01-01": "New Year's Day",
    "1988-01-02": "Day after New Year's Day",
    "1988-01-04": "Day after New Year's Day (observed)",
    "1988-02-06": "Waitangi Day",
    "1988-04-01": "Good Friday",
    "1988-04-04": "Easter Monday",
    "1988-04-25": "Anzac Day",
    "1988-06-06": "Queen's Birthday",
    "1988-10-24": "Labour Day",
    "1988-11-28": "Chatham Islands Anniversary Day",
    "1988-12-25": "Christmas Day",
    "1988-12-26": "Boxing Day",
    "1988-12-27": "Christmas Day (observed)",
    "1989-01-01": "New Year's Day",
    "1989-01-02": "Day after New Year's Day",
    "1989-01-03": "New Year's Day (observed)",
    "1989-02-06": "Waitangi Day",
    "1989-03-24": "Good Friday",
    "1989-03-27": "Easter Monday",
    "1989-04-25": "Anzac Day",
    "1989-06-05": "Queen's Birthday",
    "1989-10-23": "Labour Day",
    "1989-11-27": "Chatham Islands Anniversary Day",
    "1989-12-25": "Christmas Day",
    "1989-12-26": "Boxing Day",
    "1990-01-01": "New Year's Day",
    "1990-01-02": "Day after New Year's Day",
    "1990-02-06": "Waitangi Day",
    "1990-04-13": "Good Friday",
    "1990-04-16": "Easter Monday",
    "1990-04-25": "Anzac Day",
    "1990-06-04": "Queen's Birthday",
    "1990-10-22": "Labour Day",
    "1990-12-03": "Chatham Islands Anniversary Day",
    "1990-12-25": "Christmas Day",
    "1990-12-26": "Boxing Day",
    "1991-01-01": "New Year's Day",
    "1991-01-02": "Day after New Year's Day",
    "1991-02-06": "Waitangi Day",
    "1991-03-29": "Good Friday",
    "1991-04-01": "Easter Monday",
    "1991-04-25": "Anzac Day",
    "1991-06-03": "Queen's Birthday",
    "1991-10-28": "Labour Day",
    "1991-12-02": "Chatham Islands Anniversary Day",
    "1991-12-25": "Christmas Day",
    "1991-12-26": "Boxing Day",
    "1992-01-01": "New Year's Day",
    "1992-01-02": "Day after New Year's Day",
    "1992-02-06": "Waitangi Day",
    "1992-04-17": "Good Friday",
    "1992-04-20": "Easter Monday",
    "1992-04-25": "Anzac Day",
    "1992-06-01": "Queen's Birthday",
    "1992-10-26": "Labour Day",
    "1992-11-30": "Chatham Islands Anniversary Day",
    "1992-12-25": "Christmas Day",
    "1992-12-26": "Boxing Day",
    "1992-12-28": "Boxing Day (observed)",
    "1993-01-01": "New Year's Day",
    "1993-01-02": "Day after New Year's Day",
    "1993-01-04": "Day after New Year's Day (observed)",
    "1993-02-06": "Waitangi Day",
    "1993-04-09": "Good Friday",
    "1993-04-12": "Easter Monday",
    "1993-04-25": "Anzac Day",
    "1993-06-07": "Queen's Birthday",
    "1993-10-25": "Labour Day",
    "1993-11-29": "Chatham Islands Anniversary Day",
    "1993-12-25": "Christmas Day",
    "1993-12-26": "Boxing Day",
    "1993-12-27": "Christmas Day (observed)",
    "1993-12-28": "Boxing Day (observed)",
    "1994-01-01": "New Year's Day",
    "1994-01-02": "Day after New Year's Day",
    "1994-01-03": "New Year's Day (observed)",
    "1994-01-04": "Day after New Year's Day (observed)",
    "1994-02-06": "Waitangi Day",
    "1994-04-01": "Good Friday",
    "1994-04-04": "Easter Monday",
    "1994-04-25": "Anzac Day",
    "1994-06-06": "Queen's Birthday",
    "1994-10-24": "Labour Day",
    "1994-11-28": "Chatham Islands Anniversary Day",
    "1994-12-25": "Christmas Day",
    "1994-12-26": "Boxing Day",
    "1994-12-27": "Christmas Day (observed)",
    "1995-01-01": "New Year's Day",
    "1995-01-02": "Day after New Year's Day",
    "1995-01-03": "New Year's Day (observed)",
    "1995-02-06": "Waitangi Day",
    "1995-04-14": "Good Friday",
    "1995-04-17": "Easter Monday",
    "1995-04-25": "Anzac Day",
    "1995-06-05": "Queen's Birthday",
    "1995-10-23": "Labour Day",
    "1995-11-27": "Chatham Islands Anniversary Day",
    "1995-12-25": "Christmas Day",
    "1995-12-26": "Boxing Day",
    "1996-01-01": "New Year's Day",
    "1996-01-02": "Day after New Year's Day",
    "1996-02-06": "Waitangi Day",
    "1996-04-05": "Good Friday",
    "1996-04-08": "Easter Monday",
    "1996-04-25": "Anzac Day",
    "1996-06-03": "Queen's Birthday",
    "1996-10-28": "Labour Day",
    "1996-12-02": "Chatham Islands Anniversary Day",
    "1996-12-25": "Christmas Day",
    "1996-12-26": "Boxing Day",
    "1997-01-01": "New Year's Day",
    "1997-01-02": "Day after New Year's Day",
    "1997-02-06": "Waitangi Day",
    "1997-03-28": "Good Friday",
    "1997-03-31": "Easter Monday",
    "1997-04-25": "Anzac Day",
    "1997-06-02": "Queen's Birthday",
    "1997-10-27": "Labour Day",
    "1997-12-01": "Chatham Islands Anniversary Day",
    "1997-12-25": "Christmas Day",
    "1997-12-26": "Boxing Day",
    "1998-01-01": "New Year's Day",
    "1998-01-02": "Day after New Year's Day",
    "1998-02-06": "Waitangi Day",
    "1998-04-10": "Good Friday",
    "1998-04-13": "Easter Monday",
    "1998-04-25": "Anzac Day",
    "1998-06-01": "Queen's Birthday",
    "1998-10-26": "Labour Day",
    "1998-11-30": "Chatham Islands Anniversary Day",
    "1998-12-25": "Christmas Day",
    "1998-12-26": "Boxing Day",
    "1998-12-28": "Boxing Day (observed)",
    "1999-01-01": "New Year's Day",
    "1999-01-02": "Day after New Year's Day",
    "1999-01-04": "Day after New Year's Day (observed)",
    "1999-02-06": "Waitangi Day",
    "1999-04-02": "Good Friday",
    "1999-04-05": "Easter Monday",
    "1999-04-25": "Anzac Day",
    "1999-06-07": "Queen's Birthday",
    "1999-10-25": "Labour Day",
    "1999-11-29": "Chatham Islands Anniversary Day",
    "1999-12-25": "Christmas Day",
    "1999-12-26": "Boxing Day",
    "1999-12-27": "Christmas Day (observed)",
    "1999-12-28": "Boxing Day (observed)",
    "2000-01-01": "New Year's Day",
    "2000-01-02": "Day after New Year's Day",
    "2000-01-03": "New Year's Day (observed)",
    "2000-01-04": "Day after New Year's Day (observed)",
    "2000-02-06": "Waitangi Day",
    "2000-04-21": "Good Friday",
    "2000-04-24": "Easter Monday",
    "2000-04-25": "Anzac Day",
    "2000-06-05": "Queen's Birthday",
    "2000-10-23": "Labour Day",
    "2000-11-27": "Chatham Islands Anniversary Day",
    "2000-12-25": "Christmas Day",
    "2000-12-26": "Boxing Day",
    "2001-01-01": "New Year's Day",
    "2001-01-02": "Day after New Year's Day",
    "2001-02-06": "Waitangi Day",
    "2001-04-13": "Good Friday",
    "2001-04-16": "Easter Monday",
    "2001-04-25": "Anzac Day",
    "2001-06-04": "Queen's Birthday",
    "2001-10-22": "Labour Day",
    "2001-12-03": "Chatham Islands Anniversary Day",
    "2001-12-25": "Christmas Day",
    "2001-12-26": "Boxing Day",
    "2002-01-01": "New Year's Day",
    "2002-01-02": "Day after New Year's Day",
    "2002-02-06": "Waitangi Day",
    "2002-03-29": "Good Friday",
    "2002-04-01": "Easter Monday",
    "2002-04-25": "Anzac Day",
    "2002-06-03": "Queen's Birthday",
    "2002-10-28": "Labour Day",
    "2002-12-02": "Chatham Islands Anniversary Day",
    "2002-12-25": "Christmas Day",
    "2002-12-26": "Boxing Day",
    "2003-01-01": "New Year's Day",
    "2003-01-02": "Day after New Year's Day",
    "2003-02-06": "Waitangi Day",
    "2003-04-18": "Good Friday",
    "2003-04-21": "Easter Monday",
    "2003-04-25": "Anzac Day",
    "2003-06-02": "Queen's Birthday",
    "2003-10-27": "Labour Day",
    "2003-12-01": "Chatham Islands Anniversary Day",
    "2003-12-25": "Christmas Day",
    "2003-12-26": "Boxing Day",
    "2004-01-01": "New Year's Day",
    "2004-01-02": "Day after New Year's Day",
    "2004-02-06": "Waitangi Day",
    "2004-04-09": "Good Friday",
    "2004-04-12": "Easter Monday",
    "2004-04-25": "Anzac Day",
    "2004-06-07": "Queen's Birthday",
    "2004-10-25": "Labour Day",
    "2004-11-29": "Chatham Islands Anniversary Day",
    "2004-12-25": "Christmas Day",
    "2004-12-26": "Boxing Day",
    "2004-12-27": "Christmas Day (observed)",
    "2004-12-28": "Boxing Day (observed)",
    "2005-01-01": "New Year's Day",
    "2005-01-02": "Day after New Year's Day",
    "2005-01-03": "New Year's Day (observed)",
    "2005-01-04": "Day after New Year's Day (observed)",
    "2005-02-06": "Waitangi Day",
    "2005-03-25": "Good Friday",
    "2005-03-28": "Easter Monday",
    "2005-04-25": "Anzac Day",
    "2005-06-06": "Queen's Birthday",
    "2005-10-24": "Labour Day",
    "2005-11-28": "Chatham Islands Anniversary Day",
    "2005-12-25": "Christmas Day",
    "2005-12-26": "Boxing Day",
    "2005-12-27": "Christmas Day (observed)",
    "2006-01-01": "New Year's Day",
    "2006-01-02": "Day after New Year's Day",
    "2006-01-03": "New Year's Day (observed)",
    "2006-02-06": "Waitangi Day",
    "2006-04-14": "Good Friday",
    "2006-04-17": "Easter Monday",
    "2006-04-25": "Anzac Day",
    "2006-06-05": "Queen's Birthday",
    "2006-10-23": "Labour Day",
    "2006-11-27": "Chatham Islands Anniversary Day",
    "2006-12-25": "Christmas Day",
    "2006-12-26": "Boxing Day",
    "2007-01-01": "New Year's Day",
    "2007-01-02": "Day after New Year's Day",
    "2007-02-06": "Waitangi Day",
    "2007-04-06": "Good Friday",
    "2007-04-09": "Easter Monday",
    "2007-04-25": "Anzac Day",
    "2007-06-04": "Queen's Birthday",
    "2007-10-22": "Labour Day",
    "2007-12-03": "Chatham Islands Anniversary Day",
    "2007-12-25": "Christmas Day",
    "2007-12-26": "Boxing Day",
    "2008-01-01": "New Year's Day",
    "2008-01-02": "Day after New Year's Day",
    "2008-02-06": "Waitangi Day",
    "2008-03-21": "Good Friday",
    "2008-03-24": "Easter Monday",
    "2008-04-25": "Anzac Day",
    "2008-06-02": "Queen's Birthday",
    "2008-10-27": "Labour Day",
    "2008-12-01": "Chatham Islands Anniversary Day",
    "2008-12-25": "Christmas Day",
    "2008-12-26": "Boxing Day",
    "2009-01-01": "New Year's Day",
    "2009-01-02": "Day after New Year's Day",
    "2009-02-06": "Waitangi Day",
    "2009-04-10": "Good Friday",
    "2009-04-13": "Easter Monday",
    "2009-04-25": "Anzac Day",
    "2009-06-01": "Queen's Birthday",
    "2009-10-26": "Labour Day",
    "2009-11-30": "Chatham Islands Anniversary Day",
    "2009-12-25": "Christmas Day",
    "2009-12-26": "Boxing Day",
    "2009-12-28": "Boxing Day (observed)",
    "2010-01-01": "New Year's Day",
    "2010-01-02": "Day after New Year's Day",
    "2010-01-04": "Day after New Year's Day (observed)",
    "2010-02-06": "Waitangi Day",
    "2010-04-02": "Good Friday",
    "2010-04-05": "Easter Monday",
    "2010-04-25": "Anzac Day",
    "2010-06-07": "Queen's Birthday",
    "2010-10-25": "Labour Day",
    "2010-11-29": "Chatham Islands Anniversary Day",
    "2010-12-25": "Christmas Day",
    "2010-12-26": "Boxing Day",
    "2010-12-27": "Christmas Day (observed)",
    "2010-12-28": "Boxing Day (observed)",
    "2011-01-01": "New Year's Day",
    "2011-01-02": "Day after New Year's Day",
    "2011-01-03": "New Year's Day (observed)",
    "2011-01-04": "Day after New Year's Day (observed)",
    "2011-02-06": "Waitangi Day",
    "2011-04-22": "Good Friday",
    "2011-04-25": "Anzac Day; Easter Monday",
    "2011-06-06": "Queen's Birthday",
    "2011-10-24": "Labour Day",
    "2011-11-28": "Chatham Islands Anniversary Day",
    "2011-12-25": "Christmas Day",
    "2011-12-26": "Boxing Day",
    "2011-12-27": "Christmas Day (observed)",
    "2012-01-01": "New Year's Day",
    "2012-01-02": "Day after New Year's Day",
    "2012-01-03": "New Year's Day (observed)",
    "2012-02-06": "Waitangi Day",
    "2012-04-06": "Good Friday",
    "2012-04-09": "Easter Monday",
    "2012-04-25": "Anzac Day",
    "2012-06-04": "Queen's Birthday",
    "2012-10-22": "Labour Day",
    "2012-12-03": "Chatham Islands Anniversary Day",
    "2012-12-25": "Christmas Day",
    "2012-12-26": "Boxing Day",
    "2013-01-01": "New Year's Day",
    "2013-01-02": "Day after New Year's Day",
    "2013-02-06": "Waitangi Day",
    "2013-03-29": "Good Friday",
    "2013-04-01": "Easter Monday",
    "2013-04-25": "Anzac Day",
    "2013-06-03": "Queen's Birthday",
    "2013-10-28": "Labour Day",
    "2013-12-02": "Chatham Islands Anniversary Day",
    "2013-12-25": "Christmas Day",
    "2013-12-26": "Boxing Day",
    "2014-01-01": "New Year's Day",
    "2014-01-02": "Day after New Year's Day",
    "2014-02-06": "Waitangi Day",
    "2014-04-18": "Good Friday",
    "2014-04-21": "Easter Monday",
    "2014-04-25": "Anzac Day",
    "2014-06-02": "Queen's Birthday",
    "2014-10-27": "Labour Day",
    "2014-12-01": "Chatham Islands Anniversary Day",
    "2014-12-25": "Christmas Day",
    "2014-12-26": "Boxing Day",
    "2015-01-01": "New Year's Day",
    "2015-01-02": "Day after New Year's Day",
    "2015-02-06": "Waitangi Day",
    "2015-04-03": "Good Friday",
    "2015-04-06": "Easter Monday",
    "2015-04-25": "Anzac Day",
    "2015-04-27": "Anzac Day (observed)",
    "2015-06-01": "Queen's Birthday",
    "2015-10-26": "Labour Day",
    "2015-11-30": "Chatham Islands Anniversary Day",
    "2015-12-25": "Christmas Day",
    "2015-12-26": "Boxing Day",
    "2015-12-28": "Boxing Day (observed)",
    "2016-01-01": "New Year's Day",
    "2016-01-02": "Day after New Year's Day",
    "2016-01-04": "Day after New Year's Day (observed)",
    "2016-02-06": "Waitangi Day",
    "2016-02-08": "Waitangi Day (observed)",
    "2016-03-25": "Good Friday",
    "2016-03-28": "Easter Monday",
    "2016-04-25": "Anzac Day",
    "2016-06-06": "Queen's Birthday",
    "2016-10-24": "Labour Day",
    "2016-11-28": "Chatham Islands Anniversary Day",
    "2016-12-25": "Christmas Day",
    "2016-12-26": "Boxing Day",
    "2016-12-27": "Christmas Day (observed)",
    "2017-01-01": "New Year's Day",
    "2017-01-02": "Day after New Year's Day",
    "2017-01-03": "New Year's Day (observed)",
    "2017-02-06": "Waitangi Day",
    "2017-04-14": "Good Friday",
    "2017-04-17": "Easter Monday",
    "2017-04-25": "Anzac Day",
    "2017-06-05": "Queen's Birthday",
    "2017-10-23": "Labour Day",
    "2017-11-27": "Chatham Islands Anniversary Day",
    "2017-12-25": "Christmas Day",
    "2017-12-26": "Boxing Day",
    "2018-01-01": "New Year's Day",
    "2018-01-02": "Day after New Year's Day",
    "2018-02-06": "Waitangi Day",
    "2018-03-30": "Good Friday",
    "2018-04-02": "Easter Monday",
    "2018-04-25": "Anzac Day",
    "2018-06-04": "Queen's Birthday",
    "2018-10-22": "Labour Day",
    "2018-12-03": "Chatham Islands Anniversary Day",
    "2018-12-25": "Christmas Day",
    "2018-12-26": "Boxing Day",
    "2019-01-01": "New Year's Day",
    "2019-01-02": "Day after New Year's Day",
    "2019-02-06": "Waitangi Day",
    "2019-04-19": "Good Friday",
    "2019-04-22": "Easter Monday",
    "2019-04-25": "Anzac Day",
    "2019-06-03": "Queen's Birthday",
    "2019-10-28": "Labour Day",
    "2019-12-02": "Chatham Islands Anniversary Day",
    "2019-12-25": "Christmas Day",
    "2019-12-26": "Boxing Day",
    "2020-01-01": "New Year's Day",
    "2020-01-02": "Day after New Year's Day",
    "2020-02-06": "Waitangi Day",
    "2020-04-10": "Good Friday",
    "2020-04-13": "Easter Monday",
    "2020-04-25": "Anzac Day",
    "2020-04-27": "Anzac Day (observed)",
    "2020-06-01": "Queen's Birthday",
    "2020-10-26": "Labour Day",
    "2020-11-30": "Chatham Islands Anniversary Day",
    "2020-12-25": "Christmas Day",
    "2020-12-26": "Boxing Day",
    "2020-12-28": "Boxing Day (observed)",
    "2021-01-01": "New Year's Day",
    "2021-01-02": "Day after New Year's Day",
    "2021-01-04": "Day after New Year's Day (observed)",
    "2021-02-06": "Waitangi Day",
    "2021-02-08": "Waitangi Day (observed)",
    "2021-04-02": "Good Friday",
    "2021-04-05": "Easter Monday",
    "2021-04-25": "Anzac Day",
    "2021-04-26": "Anzac Day (observed)",
    "2021-06-07": "Queen's Birthday",
    "2021-10-25": "Labour Day",
    "2021-11-29": "Chatham Islands Anniversary Day",
    "2021-12-25": "Christmas Day",
    "2021-12-26": "Boxing Day",
    "2021-12-27": "Christmas Day (observed)",
    "2021-12-28": "Boxing Day (observed)",
    "2022-01-01": "New Year's Day",
    "2022-01-02": "Day after New Year's Day",
    "2022-01-03": "New Year's Day (observed)",
    "2022-01-04": "Day after New Year's Day (observed)",
    "2022-02-06": "Waitangi Day",
    "2022-02-07": "Waitangi Day (observed)",
    "2022-04-15": "Good Friday",
    "2022-04-18": "Easter Monday",
    "2022-04-25": "Anzac Day",
    "2022-06-06": "Queen's Birthday",
    "2022-06-24": "Matariki",
    "2022-09-26": "Queen Elizabeth II Memorial Day",
    "2022-10-24": "Labour Day",
    "2022-11-28": "Chatham Islands Anniversary Day",
    "2022-12-25": "Christmas Day",
    "2022-12-26": "Boxing Day",
    "2022-12-27": "Christmas Day (observed)",
    "2023-01-01": "New Year's Day",
    "2023-01-02": "Day after New Year's Day",
    "2023-01-03": "New Year's Day (observed)",
    "2023-02-06": "Waitangi Day",
    "2023-04-07": "Good Friday",
    "2023-04-10": "Easter Monday",
    "2023-04-25": "Anzac Day",
    "2023-06-05": "King's Birthday",
    "2023-07-14": "Matariki",
    "2023-10-23": "Labour Day",
    "2023-11-27": "Chatham Islands Anniversary Day",
    "2023-12-25": "Christmas Day",
    "2023-12-26": "Boxing Day",
    "2024-01-01": "New Year's Day",
    "2024-01-02": "Day after New Year's Day",
    "2024-02-06": "Waitangi Day",
    "2024-03-29": "Good Friday",
    "2024-04-01": "Easter Monday",
    "2024-04-25": "Anzac Day",
    "2024-06-03": "King's Birthday",
    "2024-06-28": "Matariki",
    "2024-10-28": "Labour Day",
    "2024-12-02": "Chatham Islands Anniversary Day",
    "2024-12-25": "Christmas Day",
    "2024-12-26": "Boxing Day",
    "2025-01-01": "New Year's Day",
    "2025-01-02": "Day after New Year's Day",
    "2025-02-06": "Waitangi Day",
    "2025-04-18": "Good Friday",
    "2025-04-21": "Easter Monday",
    "2025-04-25": "Anzac Day",
    "2025-06-02": "King's Birthday",
    "2025-06-20": "Matariki",
    "2025-10-27": "Labour Day",
    "2025-12-01": "Chatham Islands Anniversary Day",
    "2025-12-25": "Christmas Day",
    "2025-12-26": "Boxing Day",
    "2026-01-01": "New Year's Day",
    "2026-01-02": "Day after New Year's Day",
    "2026-02-06": "Waitangi Day",
    "2026-04-03": "Good Friday",
    "2026-04-06": "Easter Monday",
    "2026-04-25": "Anzac Day",
    "2026-04-27": "Anzac Day (observed)",
    "2026-06-01": "King's Birthday",
    "2026-07-10": "Matariki",
    "2026-10-26": "Labour Day",
    "2026-11-30": "Chatham Islands Anniversary Day",
    "2026-12-25": "Christmas Day",
    "2026-12-26": "Boxing Day",
    "2026-12-28": "Boxing Day (observed)",
    "2027-01-01": "New Year's Day",
    "2027-01-02": "Day after New Year's Day",
    "2027-01-04": "Day after New Year's Day (observed)",
    "2027-02-06": "Waitangi Day",
    "2027-02-08": "Waitangi Day (observed)",
    "2027-03-26": "Good Friday",
    "2027-03-29": "Easter Monday",
    "2027-04-25": "Anzac Day",
    "2027-04-26": "Anzac Day (observed)",
    "2027-06-07": "King's Birthday",
    "2027-06-25": "Matariki",
    "2027-10-25": "Labour Day",
    "2027-11-29": "Chatham Islands Anniversary Day",
    "2027-12-25": "Christmas Day",
    "2027-12-26": "Boxing Day",
    "2027-12-27": "Christmas Day (observed)",
    "2027-12-28": "Boxing Day (observed)",
    "2028-01-01": "New Year's Day",
    "2028-01-02": "Day after New Year's Day",
    "2028-01-03": "New Year's Day (observed)",
    "2028-01-04": "Day after New Year's Day (observed)",
    "2028-02-06": "Waitangi Day",
    "2028-02-07": "Waitangi Day (observed)",
    "2028-04-14": "Good Friday",
    "2028-04-17": "Easter Monday",
    "2028-04-25": "Anzac Day",
    "2028-06-05": "King's Birthday",
    "2028-07-14": "Matariki",
    "2028-10-23": "Labour Day",
    "2028-11-27": "Chatham Islands Anniversary Day",
    "2028-12-25": "Christmas Day",
    "2028-12-26": "Boxing Day",
    "2029-01-01": "New Year's Day",
    "2029-01-02": "Day after New Year's Day",
    "2029-02-06": "Waitangi Day",
    "2029-03-30": "Good Friday",
    "2029-04-02": "Easter Monday",
    "2029-04-25": "Anzac Day",
    "2029-06-04": "King's Birthday",
    "2029-07-06": "Matariki",
    "2029-10-22": "Labour Day",
    "2029-12-03": "Chatham Islands Anniversary Day",
    "2029-12-25": "Christmas Day",
    "2029-12-26": "Boxing Day",
    "2030-01-01": "New Year's Day",
    "2030-01-02": "Day after New Year's Day",
    "2030-02-06": "Waitangi Day",
    "2030-04-19": "Good Friday",
    "2030-04-22": "Easter Monday",
    "2030-04-25": "Anzac Day",
    "2030-06-03": "King's Birthday",
    "2030-06-21": "Matariki",
    "2030-10-28": "Labour Day",
    "2030-12-02": "Chatham Islands Anniversary Day",
    "2030-12-25": "Christmas Day",
    "2030-12-26": "Boxing Day",
    "2031-01-01": "New Year's Day",
    "2031-01-02": "Day after New Year's Day",
    "2031-02-06": "Waitangi Day",
    "2031-04-11": "Good Friday",
    "2031-04-14": "Easter Monday",
    "2031-04-25": "Anzac Day",
    "2031-06-02": "King's Birthday",
    "2031-07-11": "Matariki",
    "2031-10-27": "Labour Day",
    "2031-12-01": "Chatham Islands Anniversary Day",
    "2031-12-25": "Christmas Day",
    "2031-12-26": "Boxing Day",
    "2032-01-01": "New Year's Day",
    "2032-01-02": "Day after New Year's Day",
    "2032-02-06": "Waitangi Day",
    "2032-03-26": "Good Friday",
    "2032-03-29": "Easter Monday",
    "2032-04-25": "Anzac Day",
    "2032-04-26": "Anzac Day (observed)",
    "2032-06-07": "King's Birthday",
    "2032-07-02": "Matariki",
    "2032-10-25": "Labour Day",
    "2032-11-29": "Chatham Islands Anniversary Day",
    "2032-12-25": "Christmas Day",
    "2032-12-26": "Boxing Day",
    "2032-12-27": "Christmas Day (observed)",
    "2032-12-28": "Boxing Day (observed)",
    "2033-01-01": "New Year's Day",
    "2033-01-02": "Day after New Year's Day",
    "2033-01-03": "New Year's Day (observed)",
    "2033-01-04": "Day after New Year's Day (observed)",
    "2033-02-06": "Waitangi Day",
    "2033-02-07": "Waitangi Day (observed)",
    "2033-04-15": "Good Friday",
    "2033-04-18": "Easter Monday",
    "2033-04-25": "Anzac Day",
    "2033-06-06": "King's Birthday",
    "2033-06-24": "Matariki",
    "2033-10-24": "Labour Day",
    "2033-11-28": "Chatham Islands Anniversary Day",
    "2033-12-25": "Christmas Day",
    "2033-12-26": "Boxing Day",
    "2033-12-27": "Christmas Day (observed)",
    "2034-01-01": "New Year's Day",
    "2034-01-02": "Day after New Year's Day",
    "2034-01-03": "New Year's Day (observed)",
    "2034-02-06": "Waitangi Day",
    "2034-04-07": "Good Friday",
    "2034-04-10": "Easter Monday",
    "2034-04-25": "Anzac Day",
    "2034-06-05": "King's Birthday",
    "2034-07-07": "Matariki",
    "2034-10-23": "Labour Day",
    "2034-11-27": "Chatham Islands Anniversary Day",
    "2034-12-25": "Christmas Day",
    "2034-12-26": "Boxing Day",
    "2035-01-01": "New Year's Day",
    "2035-01-02": "Day after New Year's Day",
    "2035-02-06": "Waitangi Day",
    "2035-03-23": "Good Friday",
    "2035-03-26": "Easter Monday",
    "2035-04-25": "Anzac Day",
    "2035-06-04": "King's Birthday",
    "2035-06-29": "Matariki",
    "2035-10-22": "Labour Day",
    "2035-12-03": "Chatham Islands Anniversary Day",
    "2035-12-25": "Christmas Day",
    "2035-12-26": "Boxing Day",
    "2036-01-01": "New Year's Day",
    "2036-01-02": "Day after New Year's Day",
    "2036-02-06": "Waitangi Day",
    "2036-04-11": "Good Friday",
    "2036-04-14": "Easter Monday",
    "2036-04-25": "Anzac Day",
    "2036-06-02": "King's Birthday",
    "2036-07-18": "Matariki",
    "2036-10-27": "Labour Day",
    "2036-12-01": "Chatham Islands Anniversary Day",
    "2036-12-25": "Christmas Day",
    "2036-12-26": "Boxing Day",
    "2037-01-01": "New Year's Day",
    "2037-01-02": "Day after New Year's Day",
    "2037-02-06": "Waitangi Day",
    "2037-04-03": "Good Friday",
    "2037-04-06": "Easter Monday",
    "2037-04-25": "Anzac Day",
    "2037-04-27": "Anzac Day (observed)",
    "2037-06-01": "King's Birthday",
    "2037-07-10": "Matariki",
    "2037-10-26": "Labour Day",
    "2037-11-30": "Chatham Islands Anniversary Day",
    "2037-12-25": "Christmas Day",
    "2037-12-26": "Boxing Day",
    "2037-12-28": "Boxing Day (observed)",
    "2038-01-01": "New Year's Day",
    "2038-01-02": "Day after New Year's Day",
    "2038-01-04": "Day after New Year's Day (observed)",
    "2038-02-06": "Waitangi Day",
    "2038-02-08": "Waitangi Day (observed)",
    "2038-04-23": "Good Friday",
    "2038-04-25": "Anzac Day",
    "2038-04-26": "Anzac Day (observed); Easter Monday",
    "2038-06-07": "King's Birthday",
    "2038-06-25": "Matariki",
    "2038-10-25": "Labour Day",
    "2038-11-29": "Chatham Islands Anniversary Day",
    "2038-12-25": "Christmas Day",
    "2038-12-26": "Boxing Day",
    "2038-12-27": "Christmas Day (observed)",
    "2038-12-28": "Boxing Day (observed)",
    "2039-01-01": "New Year's Day",
    "2039-01-02": "Day after New Year's Day",
    "2039-01-03": "New Year's Day (observed)",
    "2039-01-04": "Day after New Year's Day (observed)",
    "2039-02-06": "Waitangi Day",
    "2039-02-07": "Waitangi Day (observed)",
    "2039-04-08": "Good Friday",
    "2039-04-11": "Easter Monday",
    "2039-04-25": "Anzac Day",
    "2039-06-06": "King's Birthday",
    "2039-07-15": "Matariki",
    "2039-10-24": "Labour Day",
    "2039-11-28": "Chatham Islands Anniversary Day",
    "2039-12-25": "Christmas Day",
    "2039-12-26": "Boxing Day",
    "2039-12-27": "Christmas Day (observed)",
    "2040-01-01": "New Year's Day",
    "2040-01-02": "Day after New Year's Day",
    "2040-01-03": "New Year's Day (observed)",
    "2040-02-06": "Waitangi Day",
    "2040-03-30": "Good Friday",
    "2040-04-02": "Easter Monday",
    "2040-04-25": "Anzac Day",
    "2040-06-04": "King's Birthday",
    "2040-07-06": "Matariki",
    "2040-10-22": "Labour Day",
    "2040-12-03": "Chatham Islands Anniversary Day",
    "2040-12-25": "Christmas Day",
    "2040-12-26": "Boxing Day",
    "2041-01-01": "New Year's Day",
    "2041-01-02": "Day after New Year's Day",
    "2041-02-06": "Waitangi Day",
    "2041-04-19": "Good Friday",
    "2041-04-22": "Easter Monday",
    "2041-04-25": "Anzac Day",
    "2041-06-03": "King's Birthday",
    "2041-07-19": "Matariki",
    "2041-10-28": "Labour Day",
    "2041-12-02": "Chatham Islands Anniversary Day",
    "2041-12-25": "Christmas Day",
    "2041-12-26": "Boxing Day",
    "2042-01-01": "New Year's Day",
    "2042-01-02": "Day after New Year's Day",
    "2042-02-06": "Waitangi Day",
    "2042-04-04": "Good Friday",
    "2042-04-07": "Easter Monday",
    "2042-04-25": "Anzac Day",
    "2042-06-02": "King's Birthday",
    "2042-07-11": "Matariki",
    "2042-10-27": "Labour Day",
    "2042-12-01": "Chatham Islands Anniversary Day",
    "2042-12-25": "Christmas Day",
    "2042-12-26": "Boxing Day",
    "2043-01-01": "New Year's Day",
    "2043-01-02": "Day after New Year's Day",
    "2043-02-06": "Waitangi Day",
    "2043-03-27": "Good Friday",
    "2043-03-30": "Easter Monday",
    "2043-04-25": "Anzac Day",
    "2043-04-27": "Anzac Day (observed)",
    "2043-06-01": "King's Birthday",
    "2043-07-03": "Matariki",
    "2043-10-26": "Labour Day",
    "2043-11-30": "Chatham Islands Anniversary Day",
    "2043-12-25": "Christmas Day",
    "2043-12-26": "Boxing Day",
    "2043-12-28": "Boxing Day (observed)",
    "2044-01-01": "New Year's Day",
    "2044-01-02": "Day after New Year's Day",
    "2044-01-04": "Day after New Year's Day (observed)",
    "2044-02-06": "Waitangi Day",
    "2044-02-08": "Waitangi Day (observed)",
    "2044-04-15": "Good Friday",
    "2044-04-18": "Easter Monday",
    "2044-04-25": "Anzac Day",
    "2044-06-06": "King's Birthday",
    "2044-06-24": "Matariki",
    "2044-10-24": "Labour Day",
    "2044-11-28": "Chatham Islands Anniversary Day",
    "2044-12-25": "Christmas Day",
    "2044-12-26": "Boxing Day",
    "2044-12-27": "Christmas Day (observed)",
    "2045-01-01": "New Year's Day",
    "2045-01-02": "Day after New Year's Day",
    "2045-01-03": "New Year's Day (observed)",
    "2045-02-06": "Waitangi Day",
    "2045-04-07": "Good Friday",
    "2045-04-10": "Easter Monday",
    "2045-04-25": "Anzac Day",
    "2045-06-05": "King's Birthday",
    "2045-07-07": "Matariki",
    "2045-10-23": "Labour Day",
    "2045-11-27": "Chatham Islands Anniversary Day",
    "2045-12-25": "Christmas Day",
    "2045-12-26": "Boxing Day",
    "2046-01-01": "New Year's Day",
    "2046-01-02": "Day after New Year's Day",
    "2046-02-06": "Waitangi Day",
    "2046-03-23": "Good Friday",
    "2046-03-26": "Easter Monday",
    "2046-04-25": "Anzac Day",
    "2046-06-04": "King's Birthday",
    "2046-06-29": "Matariki",
    "2046-10-22": "Labour Day",
    "2046-12-03": "Chatham Islands Anniversary Day",
    "2046-12-25": "Christmas Day",
    "2046-12-26": "Boxing Day",
    "2047-01-01": "New Year's Day",
    "2047-01-02": "Day after New Year's Day",
    "2047-02-06": "Waitangi Day",
    "2047-04-12": "Good Friday",
    "2047-04-15": "Easter Monday",
    "2047-04-25": "Anzac Day",
    "2047-06-03": "King's Birthday",
    "2047-07-19": "Matariki",
    "2047-10-28": "Labour Day",
    "2047-12-02": "Chatham Islands Anniversary Day",
    "2047-12-25": "Christmas Day",
    "2047-12-26": "Boxing Day",
    "2048-01-01": "New Year's Day",
    "2048-01-02": "Day after New Year's Day",
    "2048-02-06": "Waitangi Day",
    "2048-04-03": "Good Friday",
    "2048-04-06": "Easter Monday",
    "2048-04-25": "Anzac Day",
    "2048-04-27": "Anzac Day (observed)",
    "2048-06-01": "King's Birthday",
    "2048-07-03": "Matariki",
    "2048-10-26": "Labour Day",
    "2048-11-30": "Chatham Islands Anniversary Day",
    "2048-12-25": "Christmas Day",
    "2048-12-26": "Boxing Day",
    "2048-12-28": "Boxing Day (observed)",
    "2049-01-01": "New Year's Day",
    "2049-01-02": "Day after New Year's Day",
    "2049-01-04": "Day after New Year's Day (observed)",
    "2049-02-06": "Waitangi Day",
    "2049-02-08": "Waitangi Day (observed)",
    "2049-04-16": "Good Friday",
    "2049-04-19": "Easter Monday",
    "2049-04-25": "Anzac Day",
    "2049-04-26": "Anzac Day (observed)",
    "2049-06-07": "King's Birthday",
    "2049-06-25": "Matariki",
    "2049-10-25": "Labour Day",
    "2049-11-29": "Chatham Islands Anniversary Day",
    "2049-12-25": "Christmas Day",
    "2049-12-26": "Boxing Day",
    "2049-12-27": "Christmas Day (observed)",
    "2049-12-28": "Boxing Day (observed)",
    "2050-01-01": "New Year's Day",
    "2050-01-02": "Day after New Year's Day",
    "2050-01-03": "New Year's Day (observed)",
    "2050-01-04": "Day after New Year's Day (observed)",
    "2050-02-06": "Waitangi Day",
    "2050-02-07": "Waitangi Day (observed)",
    "2050-04-08": "Good Friday",
    "2050-04-11": "Easter Monday",
    "2050-04-25": "Anzac Day",
    "2050-06-06": "King's Birthday",
    "2050-07-15": "Matariki",
    "2050-10-24": "Labour Day",
    "2050-11-28": "Chatham Islands Anniversary Day",
    "2050-12-25": "Christmas Day",
    "2050-12-26": "Boxing Day",
    "2050-12-27": "Christmas Day (observed)"
}
