{
    "1991-01-01": "New Year's Day",
    "1991-03-01": "Patriots Day",
    "1991-03-28": "Maundy Thursday",
    "1991-03-29": "Good Friday",
    "1991-03-31": "Easter Sunday",
    "1991-05-01": "Workers' Day",
    "1991-05-15": "Independence Day",
    "1991-06-12": "Chaco Armistice Day",
    "1991-08-15": "Asuncion Foundation's Day",
    "1991-12-08": "Caacupe Virgin Day",
    "1991-12-25": "Christmas Day",
    "1992-01-01": "New Year's Day",
    "1992-03-01": "Patriots Day",
    "1992-04-16": "Maundy Thursday",
    "1992-04-17": "Good Friday",
    "1992-04-19": "Easter Sunday",
    "1992-05-01": "Workers' Day",
    "1992-05-15": "Independence Day",
    "1992-06-12": "Chaco Armistice Day",
    "1992-08-15": "Asuncion Foundation's Day",
    "1992-12-08": "Caacupe Virgin Day",
    "1992-12-25": "Christmas Day",
    "1993-01-01": "New Year's Day",
    "1993-03-01": "Patriots Day",
    "1993-04-08": "Maundy Thursday",
    "1993-04-09": "Good Friday",
    "1993-04-11": "Easter Sunday",
    "1993-05-01": "Workers' Day",
    "1993-05-15": "Independence Day",
    "1993-06-12": "Chaco Armistice Day",
    "1993-08-15": "Asuncion Foundation's Day",
    "1993-12-08": "Caacupe Virgin Day",
    "1993-12-25": "Christmas Day",
    "1994-01-01": "New Year's Day",
    "1994-03-01": "Patriots Day",
    "1994-03-31": "Maundy Thursday",
    "1994-04-01": "Good Friday",
    "1994-04-03": "Easter Sunday",
    "1994-05-01": "Workers' Day",
    "1994-05-15": "Independence Day",
    "1994-06-12": "Chaco Armistice Day",
    "1994-08-15": "Asuncion Foundation's Day",
    "1994-12-08": "Caacupe Virgin Day",
    "1994-12-25": "Christmas Day",
    "1995-01-01": "New Year's Day",
    "1995-03-01": "Patriots Day",
    "1995-04-13": "Maundy Thursday",
    "1995-04-14": "Good Friday",
    "1995-04-16": "Easter Sunday",
    "1995-05-01": "Workers' Day",
    "1995-05-15": "Independence Day",
    "1995-06-12": "Chaco Armistice Day",
    "1995-08-15": "Asuncion Foundation's Day",
    "1995-09-29": "Boqueron Battle Day",
    "1995-12-08": "Caacupe Virgin Day",
    "1995-12-25": "Christmas Day",
    "1996-01-01": "New Year's Day",
    "1996-03-01": "Patriots Day",
    "1996-04-04": "Maundy Thursday",
    "1996-04-05": "Good Friday",
    "1996-04-07": "Easter Sunday",
    "1996-05-01": "Workers' Day",
    "1996-05-15": "Independence Day",
    "1996-06-12": "Chaco Armistice Day",
    "1996-08-15": "Asuncion Foundation's Day",
    "1996-09-29": "Boqueron Battle Day",
    "1996-12-08": "Caacupe Virgin Day",
    "1996-12-25": "Christmas Day",
    "1997-01-01": "New Year's Day",
    "1997-03-01": "Patriots Day",
    "1997-03-27": "Maundy Thursday",
    "1997-03-28": "Good Friday",
    "1997-03-30": "Easter Sunday",
    "1997-05-01": "Workers' Day",
    "1997-05-15": "Independence Day",
    "1997-06-12": "Chaco Armistice Day",
    "1997-08-15": "Asuncion Foundation's Day",
    "1997-09-29": "Boqueron Battle Day",
    "1997-12-08": "Caacupe Virgin Day",
    "1997-12-25": "Christmas Day",
    "1998-01-01": "New Year's Day",
    "1998-03-01": "Patriots Day",
    "1998-04-09": "Maundy Thursday",
    "1998-04-10": "Good Friday",
    "1998-04-12": "Easter Sunday",
    "1998-05-01": "Workers' Day",
    "1998-05-15": "Independence Day",
    "1998-06-12": "Chaco Armistice Day",
    "1998-08-15": "Asuncion Foundation's Day",
    "1998-09-29": "Boqueron Battle Day",
    "1998-12-08": "Caacupe Virgin Day",
    "1998-12-25": "Christmas Day",
    "1999-01-01": "New Year's Day",
    "1999-03-01": "Patriots Day",
    "1999-04-01": "Maundy Thursday",
    "1999-04-02": "Good Friday",
    "1999-04-04": "Easter Sunday",
    "1999-05-01": "Workers' Day",
    "1999-05-15": "Independence Day",
    "1999-06-12": "Chaco Armistice Day",
    "1999-08-15": "Asuncion Foundation's Day",
    "1999-09-29": "Boqueron Battle Day",
    "1999-12-08": "Caacupe Virgin Day",
    "1999-12-25": "Christmas Day",
    "2000-01-01": "New Year's Day",
    "2000-03-01": "Patriots Day",
    "2000-04-20": "Maundy Thursday",
    "2000-04-21": "Good Friday",
    "2000-04-23": "Easter Sunday",
    "2000-05-01": "Workers' Day",
    "2000-05-15": "Independence Day",
    "2000-06-12": "Chaco Armistice Day",
    "2000-08-15": "Asuncion Foundation's Day",
    "2000-09-29": "Boqueron Battle Day",
    "2000-12-08": "Caacupe Virgin Day",
    "2000-12-25": "Christmas Day",
    "2001-01-01": "New Year's Day",
    "2001-03-01": "Patriots Day",
    "2001-04-12": "Maundy Thursday",
    "2001-04-13": "Good Friday",
    "2001-04-15": "Easter Sunday",
    "2001-05-01": "Workers' Day",
    "2001-05-15": "Independence Day",
    "2001-06-12": "Chaco Armistice Day",
    "2001-08-15": "Asuncion Foundation's Day",
    "2001-09-29": "Boqueron Battle Day",
    "2001-12-08": "Caacupe Virgin Day",
    "2001-12-25": "Christmas Day",
    "2002-01-01": "New Year's Day",
    "2002-03-01": "Patriots Day",
    "2002-03-28": "Maundy Thursday",
    "2002-03-29": "Good Friday",
    "2002-03-31": "Easter Sunday",
    "2002-05-01": "Workers' Day",
    "2002-05-15": "Independence Day",
    "2002-06-12": "Chaco Armistice Day",
    "2002-08-15": "Asuncion Foundation's Day",
    "2002-09-29": "Boqueron Battle Day",
    "2002-12-08": "Caacupe Virgin Day",
    "2002-12-25": "Christmas Day",
    "2003-01-01": "New Year's Day",
    "2003-03-01": "Patriots Day",
    "2003-04-17": "Maundy Thursday",
    "2003-04-18": "Good Friday",
    "2003-04-20": "Easter Sunday",
    "2003-05-01": "Workers' Day",
    "2003-05-15": "Independence Day",
    "2003-06-12": "Chaco Armistice Day",
    "2003-08-15": "Asuncion Foundation's Day",
    "2003-09-29": "Boqueron Battle Day",
    "2003-12-08": "Caacupe Virgin Day",
    "2003-12-25": "Christmas Day",
    "2004-01-01": "New Year's Day",
    "2004-03-01": "Patriots Day",
    "2004-04-08": "Maundy Thursday",
    "2004-04-09": "Good Friday",
    "2004-04-11": "Easter Sunday",
    "2004-05-01": "Workers' Day",
    "2004-05-15": "Independence Day",
    "2004-06-12": "Chaco Armistice Day",
    "2004-08-15": "Asuncion Foundation's Day",
    "2004-09-29": "Boqueron Battle Day",
    "2004-12-08": "Caacupe Virgin Day",
    "2004-12-25": "Christmas Day",
    "2005-01-01": "New Year's Day",
    "2005-03-01": "Patriots Day",
    "2005-03-24": "Maundy Thursday",
    "2005-03-25": "Good Friday",
    "2005-03-27": "Easter Sunday",
    "2005-05-01": "Workers' Day",
    "2005-05-15": "Independence Day",
    "2005-06-12": "Chaco Armistice Day",
    "2005-08-15": "Asuncion Foundation's Day",
    "2005-09-29": "Boqueron Battle Day",
    "2005-12-08": "Caacupe Virgin Day",
    "2005-12-25": "Christmas Day",
    "2006-01-01": "New Year's Day",
    "2006-03-01": "Patriots Day",
    "2006-04-13": "Maundy Thursday",
    "2006-04-14": "Good Friday",
    "2006-04-16": "Easter Sunday",
    "2006-05-01": "Workers' Day",
    "2006-05-15": "Independence Day",
    "2006-06-12": "Chaco Armistice Day",
    "2006-08-15": "Asuncion Foundation's Day",
    "2006-09-29": "Boqueron Battle Day",
    "2006-12-08": "Caacupe Virgin Day",
    "2006-12-25": "Christmas Day",
    "2007-01-01": "New Year's Day",
    "2007-01-29": "Public holiday",
    "2007-03-01": "Patriots Day",
    "2007-04-05": "Maundy Thursday",
    "2007-04-06": "Good Friday",
    "2007-04-08": "Easter Sunday",
    "2007-05-01": "Workers' Day",
    "2007-05-15": "Independence Day",
    "2007-06-12": "Chaco Armistice Day",
    "2007-08-15": "Asuncion Foundation's Day",
    "2007-09-29": "Boqueron Battle Day",
    "2007-12-08": "Caacupe Virgin Day",
    "2007-12-25": "Christmas Day",
    "2008-01-01": "New Year's Day",
    "2008-03-01": "Patriots Day",
    "2008-03-20": "Maundy Thursday",
    "2008-03-21": "Good Friday",
    "2008-03-23": "Easter Sunday",
    "2008-05-01": "Workers' Day",
    "2008-05-15": "Independence Day",
    "2008-06-12": "Chaco Armistice Day",
    "2008-08-15": "Asuncion Foundation's Day",
    "2008-09-29": "Boqueron Battle Day",
    "2008-12-08": "Caacupe Virgin Day",
    "2008-12-25": "Christmas Day",
    "2009-01-01": "New Year's Day",
    "2009-03-01": "Patriots Day",
    "2009-04-09": "Maundy Thursday",
    "2009-04-10": "Good Friday",
    "2009-04-12": "Easter Sunday",
    "2009-05-01": "Workers' Day",
    "2009-05-15": "Independence Day",
    "2009-06-12": "Chaco Armistice Day",
    "2009-08-15": "Asuncion Foundation's Day",
    "2009-09-10": "Public holiday",
    "2009-09-29": "Boqueron Battle Day",
    "2009-12-08": "Caacupe Virgin Day",
    "2009-12-25": "Christmas Day",
    "2010-01-01": "New Year's Day",
    "2010-03-01": "Patriots Day",
    "2010-04-01": "Maundy Thursday",
    "2010-04-02": "Good Friday",
    "2010-04-04": "Easter Sunday",
    "2010-05-01": "Workers' Day",
    "2010-05-15": "Independence Day",
    "2010-06-12": "Chaco Armistice Day",
    "2010-06-14": "Public holiday",
    "2010-08-15": "Asuncion Foundation's Day",
    "2010-09-29": "Boqueron Battle Day",
    "2010-12-08": "Caacupe Virgin Day",
    "2010-12-24": "Public sector holiday",
    "2010-12-25": "Christmas Day",
    "2010-12-31": "Public sector holiday",
    "2011-01-01": "New Year's Day",
    "2011-03-01": "Patriots Day",
    "2011-04-19": "Public holiday",
    "2011-04-20": "Public sector holiday",
    "2011-04-21": "Maundy Thursday",
    "2011-04-22": "Good Friday",
    "2011-04-24": "Easter Sunday",
    "2011-05-01": "Workers' Day",
    "2011-05-14": "Public holiday",
    "2011-05-15": "Independence Day",
    "2011-05-16": "Public holiday",
    "2011-06-12": "Chaco Armistice Day",
    "2011-08-15": "Asuncion Foundation's Day",
    "2011-09-29": "Boqueron Battle Day",
    "2011-12-08": "Caacupe Virgin Day",
    "2011-12-23": "Public sector holiday",
    "2011-12-25": "Christmas Day",
    "2011-12-30": "Public sector holiday",
    "2012-01-01": "New Year's Day",
    "2012-03-01": "Patriots Day",
    "2012-04-04": "Public sector holiday",
    "2012-04-05": "Maundy Thursday",
    "2012-04-06": "Good Friday",
    "2012-04-08": "Easter Sunday",
    "2012-05-01": "Workers' Day",
    "2012-05-14": "National Holiday",
    "2012-05-15": "Independence Day",
    "2012-06-12": "Chaco Armistice Day",
    "2012-08-15": "Asuncion Foundation's Day",
    "2012-09-29": "Boqueron Battle Day",
    "2012-12-08": "Caacupe Virgin Day",
    "2012-12-24": "Public sector holiday",
    "2012-12-25": "Christmas Day",
    "2012-12-31": "Public sector holiday",
    "2013-01-01": "New Year's Day",
    "2013-03-04": "Patriots Day",
    "2013-03-27": "Public sector holiday",
    "2013-03-28": "Maundy Thursday",
    "2013-03-29": "Good Friday",
    "2013-03-31": "Easter Sunday",
    "2013-05-01": "Workers' Day",
    "2013-05-14": "National Holiday",
    "2013-05-15": "Independence Day",
    "2013-06-10": "Chaco Armistice Day",
    "2013-08-14": "Public holiday",
    "2013-08-15": "Asuncion Foundation's Day",
    "2013-09-29": "Boqueron Battle Day",
    "2013-12-08": "Caacupe Virgin Day",
    "2013-12-25": "Christmas Day",
    "2014-01-01": "New Year's Day",
    "2014-03-01": "Patriots Day",
    "2014-04-16": "Public sector holiday",
    "2014-04-17": "Maundy Thursday",
    "2014-04-18": "Good Friday",
    "2014-04-20": "Easter Sunday",
    "2014-05-01": "Workers' Day",
    "2014-05-14": "National Holiday",
    "2014-05-15": "Independence Day",
    "2014-06-16": "Chaco Armistice Day",
    "2014-08-15": "Asuncion Foundation's Day",
    "2014-09-29": "Boqueron Battle Day",
    "2014-12-08": "Caacupe Virgin Day",
    "2014-12-24": "Public sector holiday",
    "2014-12-25": "Christmas Day",
    "2014-12-31": "Public sector holiday",
    "2015-01-01": "New Year's Day",
    "2015-03-01": "Patriots Day",
    "2015-04-01": "Public sector holiday",
    "2015-04-02": "Maundy Thursday",
    "2015-04-03": "Good Friday",
    "2015-04-05": "Easter Sunday",
    "2015-05-01": "Workers' Day",
    "2015-05-14": "National Holiday",
    "2015-05-15": "Independence Day",
    "2015-06-12": "Chaco Armistice Day",
    "2015-07-10": "Public holiday",
    "2015-07-11": "Public holiday",
    "2015-08-15": "Asuncion Foundation's Day",
    "2015-09-28": "Boqueron Battle Day",
    "2015-12-08": "Caacupe Virgin Day",
    "2015-12-24": "Public sector holiday",
    "2015-12-25": "Christmas Day",
    "2015-12-31": "Public sector holiday",
    "2016-01-01": "New Year's Day",
    "2016-02-29": "Patriots Day",
    "2016-03-23": "Public sector holiday",
    "2016-03-24": "Maundy Thursday",
    "2016-03-25": "Good Friday",
    "2016-03-27": "Easter Sunday",
    "2016-05-01": "Workers' Day",
    "2016-05-14": "National Holiday",
    "2016-05-15": "Independence Day",
    "2016-06-12": "Chaco Armistice Day",
    "2016-08-15": "Asuncion Foundation's Day",
    "2016-10-03": "Boqueron Battle Day",
    "2016-12-08": "Caacupe Virgin Day",
    "2016-12-25": "Christmas Day",
    "2017-01-01": "New Year's Day",
    "2017-02-27": "Patriots Day",
    "2017-03-28": "Public sector holiday",
    "2017-04-13": "Maundy Thursday",
    "2017-04-14": "Good Friday",
    "2017-04-16": "Easter Sunday",
    "2017-05-01": "Workers' Day",
    "2017-05-14": "National Holiday",
    "2017-05-15": "Independence Day",
    "2017-06-12": "Chaco Armistice Day",
    "2017-08-14": "Asuncion Foundation's Day",
    "2017-10-02": "Boqueron Battle Day",
    "2017-12-08": "Caacupe Virgin Day",
    "2017-12-25": "Christmas Day",
    "2018-01-01": "New Year's Day",
    "2018-02-26": "Patriots Day",
    "2018-03-29": "Maundy Thursday",
    "2018-03-30": "Good Friday",
    "2018-04-01": "Easter Sunday",
    "2018-05-01": "Workers' Day",
    "2018-05-14": "National Holiday",
    "2018-05-15": "Independence Day",
    "2018-06-11": "Chaco Armistice Day",
    "2018-08-15": "Asuncion Foundation's Day",
    "2018-09-29": "Boqueron Battle Day",
    "2018-12-08": "Caacupe Virgin Day",
    "2018-12-24": "Public sector holiday",
    "2018-12-25": "Christmas Day",
    "2018-12-31": "Public sector holiday",
    "2019-01-01": "New Year's Day",
    "2019-03-04": "Patriots Day",
    "2019-04-17": "Public sector holiday",
    "2019-04-18": "Maundy Thursday",
    "2019-04-19": "Good Friday",
    "2019-04-21": "Easter Sunday",
    "2019-05-01": "Workers' Day",
    "2019-05-14": "National Holiday",
    "2019-05-15": "Independence Day",
    "2019-06-17": "Chaco Armistice Day",
    "2019-08-15": "Asuncion Foundation's Day",
    "2019-09-29": "Boqueron Battle Day",
    "2019-12-08": "Caacupe Virgin Day",
    "2019-12-24": "Public sector holiday",
    "2019-12-25": "Christmas Day",
    "2019-12-31": "Public sector holiday",
    "2020-01-01": "New Year's Day",
    "2020-03-01": "Patriots Day",
    "2020-04-08": "Public sector holiday",
    "2020-04-09": "Maundy Thursday",
    "2020-04-10": "Good Friday",
    "2020-04-12": "Easter Sunday",
    "2020-05-01": "Workers' Day",
    "2020-05-14": "National Holiday",
    "2020-05-15": "Independence Day",
    "2020-06-12": "Chaco Armistice Day",
    "2020-08-15": "Asuncion Foundation's Day",
    "2020-09-29": "Boqueron Battle Day",
    "2020-12-08": "Caacupe Virgin Day",
    "2020-12-25": "Christmas Day",
    "2021-01-01": "New Year's Day",
    "2021-03-01": "Patriots Day",
    "2021-04-01": "Maundy Thursday",
    "2021-04-02": "Good Friday",
    "2021-04-04": "Easter Sunday",
    "2021-05-01": "Workers' Day",
    "2021-05-14": "National Holiday",
    "2021-05-15": "Independence Day",
    "2021-06-12": "Chaco Armistice Day",
    "2021-08-15": "Asuncion Foundation's Day",
    "2021-09-27": "Boqueron Battle Day",
    "2021-12-08": "Caacupe Virgin Day",
    "2021-12-24": "Public sector holiday",
    "2021-12-25": "Christmas Day",
    "2021-12-31": "Public sector holiday",
    "2022-01-01": "New Year's Day",
    "2022-02-28": "Patriots Day",
    "2022-04-13": "Public sector holiday",
    "2022-04-14": "Maundy Thursday",
    "2022-04-15": "Good Friday",
    "2022-04-17": "Easter Sunday",
    "2022-05-01": "Workers' Day",
    "2022-05-02": "Public sector holiday",
    "2022-05-14": "National Holiday",
    "2022-05-15": "Independence Day",
    "2022-06-12": "Chaco Armistice Day",
    "2022-08-15": "Asuncion Foundation's Day",
    "2022-10-03": "Boqueron Battle Day",
    "2022-12-08": "Caacupe Virgin Day",
    "2022-12-25": "Christmas Day",
    "2023-01-01": "New Year's Day",
    "2023-02-27": "Patriots Day",
    "2023-04-05": "Public sector holiday",
    "2023-04-06": "Maundy Thursday",
    "2023-04-07": "Good Friday",
    "2023-04-09": "Easter Sunday",
    "2023-05-01": "Workers' Day",
    "2023-05-14": "National Holiday",
    "2023-05-15": "Independence Day",
    "2023-06-12": "Chaco Armistice Day",
    "2023-08-15": "Asuncion Foundation's Day",
    "2023-09-29": "Boqueron Battle Day",
    "2023-12-07": "Public sector holiday",
    "2023-12-08": "Caacupe Virgin Day",
    "2023-12-25": "Christmas Day",
    "2024-01-01": "New Year's Day",
    "2024-03-01": "Patriots Day",
    "2024-03-27": "Public sector holiday",
    "2024-03-28": "Maundy Thursday",
    "2024-03-29": "Good Friday",
    "2024-03-31": "Easter Sunday",
    "2024-05-01": "Workers' Day",
    "2024-05-14": "National Holiday",
    "2024-05-15": "Independence Day",
    "2024-06-10": "Chaco Armistice Day",
    "2024-08-15": "Asuncion Foundation's Day",
    "2024-09-30": "Boqueron Battle Day",
    "2024-12-08": "Caacupe Virgin Day",
    "2024-12-24": "Public sector holiday",
    "2024-12-25": "Christmas Day",
    "2024-12-31": "Public sector holiday",
    "2025-01-01": "New Year's Day",
    "2025-03-03": "Patriots Day",
    "2025-04-16": "Public sector holiday",
    "2025-04-17": "Maundy Thursday",
    "2025-04-18": "Good Friday",
    "2025-04-20": "Easter Sunday",
    "2025-05-01": "Workers' Day",
    "2025-05-14": "National Holiday",
    "2025-05-15": "Independence Day",
    "2025-06-16": "Chaco Armistice Day",
    "2025-08-15": "Asuncion Foundation's Day",
    "2025-09-29": "Boqueron Battle Day",
    "2025-12-08": "Caacupe Virgin Day",
    "2025-12-25": "Christmas Day",
    "2026-01-01": "New Year's Day",
    "2026-03-01": "Patriots Day",
    "2026-04-02": "Maundy Thursday",
    "2026-04-03": "Good Friday",
    "2026-04-05": "Easter Sunday",
    "2026-05-01": "Workers' Day",
    "2026-05-14": "National Holiday",
    "2026-05-15": "Independence Day",
    "2026-06-12": "Chaco Armistice Day",
    "2026-08-15": "Asuncion Foundation's Day",
    "2026-09-29": "Boqueron Battle Day",
    "2026-12-08": "Caacupe Virgin Day",
    "2026-12-25": "Christmas Day",
    "2027-01-01": "New Year's Day",
    "2027-03-01": "Patriots Day",
    "2027-03-25": "Maundy Thursday",
    "2027-03-26": "Good Friday",
    "2027-03-28": "Easter Sunday",
    "2027-05-01": "Workers' Day",
    "2027-05-14": "National Holiday",
    "2027-05-15": "Independence Day",
    "2027-06-12": "Chaco Armistice Day",
    "2027-08-15": "Asuncion Foundation's Day",
    "2027-09-29": "Boqueron Battle Day",
    "2027-12-08": "Caacupe Virgin Day",
    "2027-12-25": "Christmas Day",
    "2028-01-01": "New Year's Day",
    "2028-03-01": "Patriots Day",
    "2028-04-13": "Maundy Thursday",
    "2028-04-14": "Good Friday",
    "2028-04-16": "Easter Sunday",
    "2028-05-01": "Workers' Day",
    "2028-05-14": "National Holiday",
    "2028-05-15": "Independence Day",
    "2028-06-12": "Chaco Armistice Day",
    "2028-08-15": "Asuncion Foundation's Day",
    "2028-09-29": "Boqueron Battle Day",
    "2028-12-08": "Caacupe Virgin Day",
    "2028-12-25": "Christmas Day",
    "2029-01-01": "New Year's Day",
    "2029-03-01": "Patriots Day",
    "2029-03-29": "Maundy Thursday",
    "2029-03-30": "Good Friday",
    "2029-04-01": "Easter Sunday",
    "2029-05-01": "Workers' Day",
    "2029-05-14": "National Holiday",
    "2029-05-15": "Independence Day",
    "2029-06-12": "Chaco Armistice Day",
    "2029-08-15": "Asuncion Foundation's Day",
    "2029-09-29": "Boqueron Battle Day",
    "2029-12-08": "Caacupe Virgin Day",
    "2029-12-25": "Christmas Day",
    "2030-01-01": "New Year's Day",
    "2030-03-01": "Patriots Day",
    "2030-04-18": "Maundy Thursday",
    "2030-04-19": "Good Friday",
    "2030-04-21": "Easter Sunday",
    "2030-05-01": "Workers' Day",
    "2030-05-14": "National Holiday",
    "2030-05-15": "Independence Day",
    "2030-06-12": "Chaco Armistice Day",
    "2030-08-15": "Asuncion Foundation's Day",
    "2030-09-29": "Boqueron Battle Day",
    "2030-12-08": "Caacupe Virgin Day",
    "2030-12-25": "Christmas Day",
    "2031-01-01": "New Year's Day",
    "2031-03-01": "Patriots Day",
    "2031-04-10": "Maundy Thursday",
    "2031-04-11": "Good Friday",
    "2031-04-13": "Easter Sunday",
    "2031-05-01": "Workers' Day",
    "2031-05-14": "National Holiday",
    "2031-05-15": "Independence Day",
    "2031-06-12": "Chaco Armistice Day",
    "2031-08-15": "Asuncion Foundation's Day",
    "2031-09-29": "Boqueron Battle Day",
    "2031-12-08": "Caacupe Virgin Day",
    "2031-12-25": "Christmas Day",
    "2032-01-01": "New Year's Day",
    "2032-03-01": "Patriots Day",
    "2032-03-25": "Maundy Thursday",
    "2032-03-26": "Good Friday",
    "2032-03-28": "Easter Sunday",
    "2032-05-01": "Workers' Day",
    "2032-05-14": "National Holiday",
    "2032-05-15": "Independence Day",
    "2032-06-12": "Chaco Armistice Day",
    "2032-08-15": "Asuncion Foundation's Day",
    "2032-09-29": "Boqueron Battle Day",
    "2032-12-08": "Caacupe Virgin Day",
    "2032-12-25": "Christmas Day",
    "2033-01-01": "New Year's Day",
    "2033-03-01": "Patriots Day",
    "2033-04-14": "Maundy Thursday",
    "2033-04-15": "Good Friday",
    "2033-04-17": "Easter Sunday",
    "2033-05-01": "Workers' Day",
    "2033-05-14": "National Holiday",
    "2033-05-15": "Independence Day",
    "2033-06-12": "Chaco Armistice Day",
    "2033-08-15": "Asuncion Foundation's Day",
    "2033-09-29": "Boqueron Battle Day",
    "2033-12-08": "Caacupe Virgin Day",
    "2033-12-25": "Christmas Day",
    "2034-01-01": "New Year's Day",
    "2034-03-01": "Patriots Day",
    "2034-04-06": "Maundy Thursday",
    "2034-04-07": "Good Friday",
    "2034-04-09": "Easter Sunday",
    "2034-05-01": "Workers' Day",
    "2034-05-14": "National Holiday",
    "2034-05-15": "Independence Day",
    "2034-06-12": "Chaco Armistice Day",
    "2034-08-15": "Asuncion Foundation's Day",
    "2034-09-29": "Boqueron Battle Day",
    "2034-12-08": "Caacupe Virgin Day",
    "2034-12-25": "Christmas Day",
    "2035-01-01": "New Year's Day",
    "2035-03-01": "Patriots Day",
    "2035-03-22": "Maundy Thursday",
    "2035-03-23": "Good Friday",
    "2035-03-25": "Easter Sunday",
    "2035-05-01": "Workers' Day",
    "2035-05-14": "National Holiday",
    "2035-05-15": "Independence Day",
    "2035-06-12": "Chaco Armistice Day",
    "2035-08-15": "Asuncion Foundation's Day",
    "2035-09-29": "Boqueron Battle Day",
    "2035-12-08": "Caacupe Virgin Day",
    "2035-12-25": "Christmas Day",
    "2036-01-01": "New Year's Day",
    "2036-03-01": "Patriots Day",
    "2036-04-10": "Maundy Thursday",
    "2036-04-11": "Good Friday",
    "2036-04-13": "Easter Sunday",
    "2036-05-01": "Workers' Day",
    "2036-05-14": "National Holiday",
    "2036-05-15": "Independence Day",
    "2036-06-12": "Chaco Armistice Day",
    "2036-08-15": "Asuncion Foundation's Day",
    "2036-09-29": "Boqueron Battle Day",
    "2036-12-08": "Caacupe Virgin Day",
    "2036-12-25": "Christmas Day",
    "2037-01-01": "New Year's Day",
    "2037-03-01": "Patriots Day",
    "2037-04-02": "Maundy Thursday",
    "2037-04-03": "Good Friday",
    "2037-04-05": "Easter Sunday",
    "2037-05-01": "Workers' Day",
    "2037-05-14": "National Holiday",
    "2037-05-15": "Independence Day",
    "2037-06-12": "Chaco Armistice Day",
    "2037-08-15": "Asuncion Foundation's Day",
    "2037-09-29": "Boqueron Battle Day",
    "2037-12-08": "Caacupe Virgin Day",
    "2037-12-25": "Christmas Day",
    "2038-01-01": "New Year's Day",
    "2038-03-01": "Patriots Day",
    "2038-04-22": "Maundy Thursday",
    "2038-04-23": "Good Friday",
    "2038-04-25": "Easter Sunday",
    "2038-05-01": "Workers' Day",
    "2038-05-14": "National Holiday",
    "2038-05-15": "Independence Day",
    "2038-06-12": "Chaco Armistice Day",
    "2038-08-15": "Asuncion Foundation's Day",
    "2038-09-29": "Boqueron Battle Day",
    "2038-12-08": "Caacupe Virgin Day",
    "2038-12-25": "Christmas Day",
    "2039-01-01": "New Year's Day",
    "2039-03-01": "Patriots Day",
    "2039-04-07": "Maundy Thursday",
    "2039-04-08": "Good Friday",
    "2039-04-10": "Easter Sunday",
    "2039-05-01": "Workers' Day",
    "2039-05-14": "National Holiday",
    "2039-05-15": "Independence Day",
    "2039-06-12": "Chaco Armistice Day",
    "2039-08-15": "Asuncion Foundation's Day",
    "2039-09-29": "Boqueron Battle Day",
    "2039-12-08": "Caacupe Virgin Day",
    "2039-12-25": "Christmas Day",
    "2040-01-01": "New Year's Day",
    "2040-03-01": "Patriots Day",
    "2040-03-29": "Maundy Thursday",
    "2040-03-30": "Good Friday",
    "2040-04-01": "Easter Sunday",
    "2040-05-01": "Workers' Day",
    "2040-05-14": "National Holiday",
    "2040-05-15": "Independence Day",
    "2040-06-12": "Chaco Armistice Day",
    "2040-08-15": "Asuncion Foundation's Day",
    "2040-09-29": "Boqueron Battle Day",
    "2040-12-08": "Caacupe Virgin Day",
    "2040-12-25": "Christmas Day",
    "2041-01-01": "New Year's Day",
    "2041-03-01": "Patriots Day",
    "2041-04-18": "Maundy Thursday",
    "2041-04-19": "Good Friday",
    "2041-04-21": "Easter Sunday",
    "2041-05-01": "Workers' Day",
    "2041-05-14": "National Holiday",
    "2041-05-15": "Independence Day",
    "2041-06-12": "Chaco Armistice Day",
    "2041-08-15": "Asuncion Foundation's Day",
    "2041-09-29": "Boqueron Battle Day",
    "2041-12-08": "Caacupe Virgin Day",
    "2041-12-25": "Christmas Day",
    "2042-01-01": "New Year's Day",
    "2042-03-01": "Patriots Day",
    "2042-04-03": "Maundy Thursday",
    "2042-04-04": "Good Friday",
    "2042-04-06": "Easter Sunday",
    "2042-05-01": "Workers' Day",
    "2042-05-14": "National Holiday",
    "2042-05-15": "Independence Day",
    "2042-06-12": "Chaco Armistice Day",
    "2042-08-15": "Asuncion Foundation's Day",
    "2042-09-29": "Boqueron Battle Day",
    "2042-12-08": "Caacupe Virgin Day",
    "2042-12-25": "Christmas Day",
    "2043-01-01": "New Year's Day",
    "2043-03-01": "Patriots Day",
    "2043-03-26": "Maundy Thursday",
    "2043-03-27": "Good Friday",
    "2043-03-29": "Easter Sunday",
    "2043-05-01": "Workers' Day",
    "2043-05-14": "National Holiday",
    "2043-05-15": "Independence Day",
    "2043-06-12": "Chaco Armistice Day",
    "2043-08-15": "Asuncion Foundation's Day",
    "2043-09-29": "Boqueron Battle Day",
    "2043-12-08": "Caacupe Virgin Day",
    "2043-12-25": "Christmas Day",
    "2044-01-01": "New Year's Day",
    "2044-03-01": "Patriots Day",
    "2044-04-14": "Maundy Thursday",
    "2044-04-15": "Good Friday",
    "2044-04-17": "Easter Sunday",
    "2044-05-01": "Workers' Day",
    "2044-05-14": "National Holiday",
    "2044-05-15": "Independence Day",
    "2044-06-12": "Chaco Armistice Day",
    "2044-08-15": "Asuncion Foundation's Day",
    "2044-09-29": "Boqueron Battle Day",
    "2044-12-08": "Caacupe Virgin Day",
    "2044-12-25": "Christmas Day",
    "2045-01-01": "New Year's Day",
    "2045-03-01": "Patriots Day",
    "2045-04-06": "Maundy Thursday",
    "2045-04-07": "Good Friday",
    "2045-04-09": "Easter Sunday",
    "2045-05-01": "Workers' Day",
    "2045-05-14": "National Holiday",
    "2045-05-15": "Independence Day",
    "2045-06-12": "Chaco Armistice Day",
    "2045-08-15": "Asuncion Foundation's Day",
    "2045-09-29": "Boqueron Battle Day",
    "2045-12-08": "Caacupe Virgin Day",
    "2045-12-25": "Christmas Day",
    "2046-01-01": "New Year's Day",
    "2046-03-01": "Patriots Day",
    "2046-03-22": "Maundy Thursday",
    "2046-03-23": "Good Friday",
    "2046-03-25": "Easter Sunday",
    "2046-05-01": "Workers' Day",
    "2046-05-14": "National Holiday",
    "2046-05-15": "Independence Day",
    "2046-06-12": "Chaco Armistice Day",
    "2046-08-15": "Asuncion Foundation's Day",
    "2046-09-29": "Boqueron Battle Day",
    "2046-12-08": "Caacupe Virgin Day",
    "2046-12-25": "Christmas Day",
    "2047-01-01": "New Year's Day",
    "2047-03-01": "Patriots Day",
    "2047-04-11": "Maundy Thursday",
    "2047-04-12": "Good Friday",
    "2047-04-14": "Easter Sunday",
    "2047-05-01": "Workers' Day",
    "2047-05-14": "National Holiday",
    "2047-05-15": "Independence Day",
    "2047-06-12": "Chaco Armistice Day",
    "2047-08-15": "Asuncion Foundation's Day",
    "2047-09-29": "Boqueron Battle Day",
    "2047-12-08": "Caacupe Virgin Day",
    "2047-12-25": "Christmas Day",
    "2048-01-01": "New Year's Day",
    "2048-03-01": "Patriots Day",
    "2048-04-02": "Maundy Thursday",
    "2048-04-03": "Good Friday",
    "2048-04-05": "Easter Sunday",
    "2048-05-01": "Workers' Day",
    "2048-05-14": "National Holiday",
    "2048-05-15": "Independence Day",
    "2048-06-12": "Chaco Armistice Day",
    "2048-08-15": "Asuncion Foundation's Day",
    "2048-09-29": "Boqueron Battle Day",
    "2048-12-08": "Caacupe Virgin Day",
    "2048-12-25": "Christmas Day",
    "2049-01-01": "New Year's Day",
    "2049-03-01": "Patriots Day",
    "2049-04-15": "Maundy Thursday",
    "2049-04-16": "Good Friday",
    "2049-04-18": "Easter Sunday",
    "2049-05-01": "Workers' Day",
    "2049-05-14": "National Holiday",
    "2049-05-15": "Independence Day",
    "2049-06-12": "Chaco Armistice Day",
    "2049-08-15": "Asuncion Foundation's Day",
    "2049-09-29": "Boqueron Battle Day",
    "2049-12-08": "Caacupe Virgin Day",
    "2049-12-25": "Christmas Day",
    "2050-01-01": "New Year's Day",
    "2050-03-01": "Patriots Day",
    "2050-04-07": "Maundy Thursday",
    "2050-04-08": "Good Friday",
    "2050-04-10": "Easter Sunday",
    "2050-05-01": "Workers' Day",
    "2050-05-14": "National Holiday",
    "2050-05-15": "Independence Day",
    "2050-06-12": "Chaco Armistice Day",
    "2050-08-15": "Asuncion Foundation's Day",
    "2050-09-29": "Boqueron Battle Day",
    "2050-12-08": "Caacupe Virgin Day",
    "2050-12-25": "Christmas Day"
}
