{
    "2012-01-01": "New Year's Day",
    "2012-02-01": "National Heroes' Day",
    "2012-04-06": "Good Friday",
    "2012-04-07": "Memorial Day of Genocide perpetrated against the Tutsi in 1994",
    "2012-05-01": "Labour Day",
    "2012-07-01": "Independence Day",
    "2012-07-04": "Liberation Day",
    "2012-08-15": "Assumption Day",
    "2012-08-19": "Eid al-Fitr",
    "2012-12-25": "Christmas Day",
    "2012-12-26": "Boxing Day",
    "2013-01-01": "New Year's Day",
    "2013-02-01": "National Heroes' Day",
    "2013-03-29": "Good Friday",
    "2013-04-07": "Memorial Day of Genocide perpetrated against the Tutsi in 1994",
    "2013-05-01": "Labour Day",
    "2013-07-01": "Independence Day",
    "2013-07-04": "Liberation Day",
    "2013-08-08": "Eid al-Fitr",
    "2013-08-15": "Assumption Day",
    "2013-12-25": "Christmas Day",
    "2013-12-26": "Boxing Day",
    "2014-01-01": "New Year's Day",
    "2014-02-01": "National Heroes' Day",
    "2014-04-07": "Memorial Day of Genocide perpetrated against the Tutsi in 1994",
    "2014-04-18": "Good Friday",
    "2014-05-01": "Labour Day",
    "2014-07-01": "Independence Day",
    "2014-07-04": "Liberation Day",
    "2014-07-29": "Eid al-Fitr",
    "2014-08-15": "Assumption Day",
    "2014-12-25": "Christmas Day",
    "2014-12-26": "Boxing Day",
    "2015-01-01": "New Year's Day",
    "2015-02-01": "National Heroes' Day",
    "2015-04-03": "Good Friday",
    "2015-04-07": "Memorial Day of Genocide perpetrated against the Tutsi in 1994",
    "2015-05-01": "Labour Day",
    "2015-07-01": "Independence Day",
    "2015-07-04": "Liberation Day",
    "2015-07-18": "Eid al-Fitr",
    "2015-08-07": "Umuganura Day",
    "2015-08-15": "Assumption Day",
    "2015-09-23": "Eid al-Adha (estimated)",
    "2015-12-25": "Christmas Day",
    "2015-12-26": "Boxing Day",
    "2016-01-01": "New Year's Day",
    "2016-01-02": "Day after New Year's Day",
    "2016-02-01": "National Heroes' Day",
    "2016-03-25": "Good Friday",
    "2016-04-07": "Memorial Day of Genocide perpetrated against the Tutsi in 1994",
    "2016-05-01": "Labour Day",
    "2016-07-01": "Independence Day",
    "2016-07-04": "Liberation Day",
    "2016-07-07": "Eid al-Fitr",
    "2016-08-05": "Umuganura Day",
    "2016-08-15": "Assumption Day",
    "2016-09-11": "Eid al-Adha (estimated)",
    "2016-12-25": "Christmas Day",
    "2016-12-26": "Boxing Day",
    "2017-01-01": "New Year's Day",
    "2017-01-02": "Day after New Year's Day",
    "2017-02-01": "National Heroes' Day",
    "2017-04-07": "Memorial Day of Genocide perpetrated against the Tutsi in 1994",
    "2017-04-14": "Good Friday",
    "2017-04-17": "Easter Monday",
    "2017-05-01": "Labour Day",
    "2017-06-26": "Eid al-Fitr",
    "2017-07-01": "Independence Day",
    "2017-07-03": "Independence Day (observed)",
    "2017-07-04": "Liberation Day",
    "2017-08-04": "Umuganura Day",
    "2017-08-15": "Assumption Day",
    "2017-09-01": "Eid al-Adha (estimated)",
    "2017-12-25": "Christmas Day",
    "2017-12-26": "Boxing Day",
    "2018-01-01": "New Year's Day",
    "2018-01-02": "Day after New Year's Day",
    "2018-02-01": "National Heroes' Day",
    "2018-03-30": "Good Friday",
    "2018-04-02": "Easter Monday",
    "2018-04-07": "Memorial Day of Genocide perpetrated against the Tutsi in 1994",
    "2018-05-01": "Labour Day",
    "2018-06-15": "Eid al-Fitr",
    "2018-07-01": "Independence Day",
    "2018-07-02": "Independence Day (observed)",
    "2018-07-04": "Liberation Day",
    "2018-08-03": "Umuganura Day",
    "2018-08-15": "Assumption Day",
    "2018-08-22": "Eid al-Adha",
    "2018-12-25": "Christmas Day",
    "2018-12-26": "Boxing Day",
    "2019-01-01": "New Year's Day",
    "2019-01-02": "Day after New Year's Day",
    "2019-02-01": "National Heroes' Day",
    "2019-04-07": "Memorial Day of Genocide perpetrated against the Tutsi in 1994",
    "2019-04-19": "Good Friday",
    "2019-04-22": "Easter Monday",
    "2019-05-01": "Labour Day",
    "2019-06-04": "Eid al-Fitr",
    "2019-07-01": "Independence Day",
    "2019-07-04": "Liberation Day",
    "2019-08-02": "Umuganura Day",
    "2019-08-12": "Eid al-Adha",
    "2019-08-15": "Assumption Day",
    "2019-12-25": "Christmas Day",
    "2019-12-26": "Boxing Day",
    "2020-01-01": "New Year's Day",
    "2020-01-02": "Day after New Year's Day",
    "2020-02-01": "National Heroes' Day",
    "2020-02-03": "National Heroes' Day (observed)",
    "2020-04-07": "Memorial Day of Genocide perpetrated against the Tutsi in 1994",
    "2020-04-10": "Good Friday",
    "2020-04-13": "Easter Monday",
    "2020-05-01": "Labour Day",
    "2020-05-24": "Eid al-Fitr",
    "2020-05-25": "Eid al-Fitr (observed)",
    "2020-07-01": "Independence Day",
    "2020-07-04": "Liberation Day",
    "2020-07-06": "Liberation Day (observed)",
    "2020-07-31": "Eid al-Adha",
    "2020-08-07": "Umuganura Day",
    "2020-08-15": "Assumption Day",
    "2020-08-17": "Assumption Day (observed)",
    "2020-12-25": "Christmas Day",
    "2020-12-26": "Boxing Day",
    "2021-01-01": "New Year's Day",
    "2021-01-02": "Day after New Year's Day",
    "2021-02-01": "National Heroes' Day",
    "2021-04-02": "Good Friday",
    "2021-04-05": "Easter Monday",
    "2021-04-07": "Memorial Day of Genocide perpetrated against the Tutsi in 1994",
    "2021-05-01": "Labour Day",
    "2021-05-03": "Labour Day (observed)",
    "2021-05-13": "Eid al-Fitr",
    "2021-07-01": "Independence Day",
    "2021-07-04": "Liberation Day",
    "2021-07-05": "Liberation Day (observed)",
    "2021-07-20": "Eid al-Adha",
    "2021-08-06": "Umuganura Day",
    "2021-08-15": "Assumption Day",
    "2021-08-16": "Assumption Day (observed)",
    "2021-12-25": "Christmas Day",
    "2021-12-26": "Boxing Day",
    "2021-12-27": "Christmas Day (observed)",
    "2022-01-01": "New Year's Day",
    "2022-01-02": "Day after New Year's Day",
    "2022-01-03": "New Year's Day (observed)",
    "2022-02-01": "National Heroes' Day",
    "2022-04-07": "Memorial Day of Genocide perpetrated against the Tutsi in 1994",
    "2022-04-15": "Good Friday",
    "2022-04-18": "Easter Monday",
    "2022-05-01": "Labour Day",
    "2022-05-02": "Eid al-Fitr",
    "2022-05-03": "Labour Day (observed)",
    "2022-07-01": "Independence Day",
    "2022-07-04": "Liberation Day",
    "2022-07-11": "Eid al-Adha",
    "2022-08-05": "Umuganura Day",
    "2022-08-15": "Assumption Day",
    "2022-12-25": "Christmas Day",
    "2022-12-26": "Boxing Day",
    "2022-12-27": "Christmas Day (observed)",
    "2023-01-01": "New Year's Day",
    "2023-01-02": "Day after New Year's Day",
    "2023-01-03": "New Year's Day (observed)",
    "2023-02-01": "National Heroes' Day",
    "2023-04-07": "Good Friday; Memorial Day of Genocide perpetrated against the Tutsi in 1994",
    "2023-04-10": "Easter Monday",
    "2023-04-21": "Eid al-Fitr",
    "2023-05-01": "Labour Day",
    "2023-06-28": "Eid al-Adha",
    "2023-07-01": "Independence Day",
    "2023-07-03": "Independence Day (observed)",
    "2023-07-04": "Liberation Day",
    "2023-08-04": "Umuganura Day",
    "2023-08-15": "Assumption Day",
    "2023-12-25": "Christmas Day",
    "2023-12-26": "Boxing Day",
    "2024-01-01": "New Year's Day",
    "2024-01-02": "Day after New Year's Day",
    "2024-02-01": "National Heroes' Day",
    "2024-03-29": "Good Friday",
    "2024-04-01": "Easter Monday",
    "2024-04-07": "Memorial Day of Genocide perpetrated against the Tutsi in 1994",
    "2024-04-10": "Eid al-Fitr",
    "2024-05-01": "Labour Day",
    "2024-06-16": "Eid al-Adha",
    "2024-06-17": "Eid al-Adha (observed)",
    "2024-07-01": "Independence Day",
    "2024-07-04": "Liberation Day",
    "2024-08-02": "Umuganura Day",
    "2024-08-15": "Assumption Day",
    "2024-12-25": "Christmas Day",
    "2024-12-26": "Boxing Day",
    "2025-01-01": "New Year's Day",
    "2025-01-02": "Day after New Year's Day",
    "2025-02-01": "National Heroes' Day",
    "2025-02-03": "National Heroes' Day (observed)",
    "2025-03-31": "Eid al-Fitr",
    "2025-04-07": "Memorial Day of Genocide perpetrated against the Tutsi in 1994",
    "2025-04-18": "Good Friday",
    "2025-04-21": "Easter Monday",
    "2025-05-01": "Labour Day",
    "2025-06-06": "Eid al-Adha",
    "2025-07-01": "Independence Day",
    "2025-07-04": "Liberation Day",
    "2025-08-01": "Umuganura Day",
    "2025-08-15": "Assumption Day",
    "2025-12-25": "Christmas Day",
    "2025-12-26": "Boxing Day",
    "2026-01-01": "New Year's Day",
    "2026-01-02": "Day after New Year's Day",
    "2026-02-01": "National Heroes' Day",
    "2026-02-02": "National Heroes' Day (observed)",
    "2026-03-20": "Eid al-Fitr (estimated)",
    "2026-04-03": "Good Friday",
    "2026-04-06": "Easter Monday",
    "2026-04-07": "Memorial Day of Genocide perpetrated against the Tutsi in 1994",
    "2026-05-01": "Labour Day",
    "2026-05-27": "Eid al-Adha (estimated)",
    "2026-07-01": "Independence Day",
    "2026-07-04": "Liberation Day",
    "2026-07-06": "Liberation Day (observed)",
    "2026-08-07": "Umuganura Day",
    "2026-08-15": "Assumption Day",
    "2026-08-17": "Assumption Day (observed)",
    "2026-12-25": "Christmas Day",
    "2026-12-26": "Boxing Day",
    "2027-01-01": "New Year's Day",
    "2027-01-02": "Day after New Year's Day",
    "2027-02-01": "National Heroes' Day",
    "2027-03-09": "Eid al-Fitr (estimated)",
    "2027-03-26": "Good Friday",
    "2027-03-29": "Easter Monday",
    "2027-04-07": "Memorial Day of Genocide perpetrated against the Tutsi in 1994",
    "2027-05-01": "Labour Day",
    "2027-05-03": "Labour Day (observed)",
    "2027-05-16": "Eid al-Adha (estimated)",
    "2027-05-17": "Eid al-Adha (observed, estimated)",
    "2027-07-01": "Independence Day",
    "2027-07-04": "Liberation Day",
    "2027-07-05": "Liberation Day (observed)",
    "2027-08-06": "Umuganura Day",
    "2027-08-15": "Assumption Day",
    "2027-08-16": "Assumption Day (observed)",
    "2027-12-25": "Christmas Day",
    "2027-12-26": "Boxing Day",
    "2027-12-27": "Christmas Day (observed)",
    "2028-01-01": "New Year's Day",
    "2028-01-02": "Day after New Year's Day",
    "2028-01-03": "New Year's Day (observed)",
    "2028-02-01": "National Heroes' Day",
    "2028-02-26": "Eid al-Fitr (estimated)",
    "2028-02-28": "Eid al-Fitr (observed, estimated)",
    "2028-04-07": "Memorial Day of Genocide perpetrated against the Tutsi in 1994",
    "2028-04-14": "Good Friday",
    "2028-04-17": "Easter Monday",
    "2028-05-01": "Labour Day",
    "2028-05-05": "Eid al-Adha (estimated)",
    "2028-07-01": "Independence Day",
    "2028-07-03": "Independence Day (observed)",
    "2028-07-04": "Liberation Day",
    "2028-08-04": "Umuganura Day",
    "2028-08-15": "Assumption Day",
    "2028-12-25": "Christmas Day",
    "2028-12-26": "Boxing Day",
    "2029-01-01": "New Year's Day",
    "2029-01-02": "Day after New Year's Day",
    "2029-02-01": "National Heroes' Day",
    "2029-02-14": "Eid al-Fitr (estimated)",
    "2029-03-30": "Good Friday",
    "2029-04-02": "Easter Monday",
    "2029-04-07": "Memorial Day of Genocide perpetrated against the Tutsi in 1994",
    "2029-04-24": "Eid al-Adha (estimated)",
    "2029-05-01": "Labour Day",
    "2029-07-01": "Independence Day",
    "2029-07-02": "Independence Day (observed)",
    "2029-07-04": "Liberation Day",
    "2029-08-03": "Umuganura Day",
    "2029-08-15": "Assumption Day",
    "2029-12-25": "Christmas Day",
    "2029-12-26": "Boxing Day",
    "2030-01-01": "New Year's Day",
    "2030-01-02": "Day after New Year's Day",
    "2030-02-01": "National Heroes' Day",
    "2030-02-04": "Eid al-Fitr (estimated)",
    "2030-04-07": "Memorial Day of Genocide perpetrated against the Tutsi in 1994",
    "2030-04-13": "Eid al-Adha (estimated)",
    "2030-04-15": "Eid al-Adha (observed, estimated)",
    "2030-04-19": "Good Friday",
    "2030-04-22": "Easter Monday",
    "2030-05-01": "Labour Day",
    "2030-07-01": "Independence Day",
    "2030-07-04": "Liberation Day",
    "2030-08-02": "Umuganura Day",
    "2030-08-15": "Assumption Day",
    "2030-12-25": "Christmas Day",
    "2030-12-26": "Boxing Day",
    "2031-01-01": "New Year's Day",
    "2031-01-02": "Day after New Year's Day",
    "2031-01-24": "Eid al-Fitr (estimated)",
    "2031-02-01": "National Heroes' Day",
    "2031-02-03": "National Heroes' Day (observed)",
    "2031-04-02": "Eid al-Adha (estimated)",
    "2031-04-07": "Memorial Day of Genocide perpetrated against the Tutsi in 1994",
    "2031-04-11": "Good Friday",
    "2031-04-14": "Easter Monday",
    "2031-05-01": "Labour Day",
    "2031-07-01": "Independence Day",
    "2031-07-04": "Liberation Day",
    "2031-08-01": "Umuganura Day",
    "2031-08-15": "Assumption Day",
    "2031-12-25": "Christmas Day",
    "2031-12-26": "Boxing Day",
    "2032-01-01": "New Year's Day",
    "2032-01-02": "Day after New Year's Day",
    "2032-01-14": "Eid al-Fitr (estimated)",
    "2032-02-01": "National Heroes' Day",
    "2032-02-02": "National Heroes' Day (observed)",
    "2032-03-22": "Eid al-Adha (estimated)",
    "2032-03-26": "Good Friday",
    "2032-03-29": "Easter Monday",
    "2032-04-07": "Memorial Day of Genocide perpetrated against the Tutsi in 1994",
    "2032-05-01": "Labour Day",
    "2032-05-03": "Labour Day (observed)",
    "2032-07-01": "Independence Day",
    "2032-07-04": "Liberation Day",
    "2032-07-05": "Liberation Day (observed)",
    "2032-08-06": "Umuganura Day",
    "2032-08-15": "Assumption Day",
    "2032-08-16": "Assumption Day (observed)",
    "2032-12-25": "Christmas Day",
    "2032-12-26": "Boxing Day",
    "2032-12-27": "Christmas Day (observed)",
    "2033-01-01": "New Year's Day",
    "2033-01-02": "Day after New Year's Day; Eid al-Fitr (estimated)",
    "2033-01-03": "New Year's Day (observed)",
    "2033-01-04": "Day after New Year's Day (observed); Eid al-Fitr (observed, estimated)",
    "2033-02-01": "National Heroes' Day",
    "2033-03-11": "Eid al-Adha (estimated)",
    "2033-04-07": "Memorial Day of Genocide perpetrated against the Tutsi in 1994",
    "2033-04-15": "Good Friday",
    "2033-04-18": "Easter Monday",
    "2033-05-01": "Labour Day",
    "2033-05-02": "Labour Day (observed)",
    "2033-07-01": "Independence Day",
    "2033-07-04": "Liberation Day",
    "2033-08-05": "Umuganura Day",
    "2033-08-15": "Assumption Day",
    "2033-12-23": "Eid al-Fitr (estimated)",
    "2033-12-25": "Christmas Day",
    "2033-12-26": "Boxing Day",
    "2033-12-27": "Christmas Day (observed)",
    "2034-01-01": "New Year's Day",
    "2034-01-02": "Day after New Year's Day",
    "2034-01-03": "New Year's Day (observed)",
    "2034-02-01": "National Heroes' Day",
    "2034-03-01": "Eid al-Adha (estimated)",
    "2034-04-07": "Good Friday; Memorial Day of Genocide perpetrated against the Tutsi in 1994",
    "2034-04-10": "Easter Monday",
    "2034-05-01": "Labour Day",
    "2034-07-01": "Independence Day",
    "2034-07-03": "Independence Day (observed)",
    "2034-07-04": "Liberation Day",
    "2034-08-04": "Umuganura Day",
    "2034-08-15": "Assumption Day",
    "2034-12-12": "Eid al-Fitr (estimated)",
    "2034-12-25": "Christmas Day",
    "2034-12-26": "Boxing Day",
    "2035-01-01": "New Year's Day",
    "2035-01-02": "Day after New Year's Day",
    "2035-02-01": "National Heroes' Day",
    "2035-02-18": "Eid al-Adha (estimated)",
    "2035-02-19": "Eid al-Adha (observed, estimated)",
    "2035-03-23": "Good Friday",
    "2035-03-26": "Easter Monday",
    "2035-04-07": "Memorial Day of Genocide perpetrated against the Tutsi in 1994",
    "2035-05-01": "Labour Day",
    "2035-07-01": "Independence Day",
    "2035-07-02": "Independence Day (observed)",
    "2035-07-04": "Liberation Day",
    "2035-08-03": "Umuganura Day",
    "2035-08-15": "Assumption Day",
    "2035-12-01": "Eid al-Fitr (estimated)",
    "2035-12-03": "Eid al-Fitr (observed, estimated)",
    "2035-12-25": "Christmas Day",
    "2035-12-26": "Boxing Day",
    "2036-01-01": "New Year's Day",
    "2036-01-02": "Day after New Year's Day",
    "2036-02-01": "National Heroes' Day",
    "2036-02-07": "Eid al-Adha (estimated)",
    "2036-04-07": "Memorial Day of Genocide perpetrated against the Tutsi in 1994",
    "2036-04-11": "Good Friday",
    "2036-04-14": "Easter Monday",
    "2036-05-01": "Labour Day",
    "2036-07-01": "Independence Day",
    "2036-07-04": "Liberation Day",
    "2036-08-01": "Umuganura Day",
    "2036-08-15": "Assumption Day",
    "2036-11-19": "Eid al-Fitr (estimated)",
    "2036-12-25": "Christmas Day",
    "2036-12-26": "Boxing Day",
    "2037-01-01": "New Year's Day",
    "2037-01-02": "Day after New Year's Day",
    "2037-01-26": "Eid al-Adha (estimated)",
    "2037-02-01": "National Heroes' Day",
    "2037-02-02": "National Heroes' Day (observed)",
    "2037-04-03": "Good Friday",
    "2037-04-06": "Easter Monday",
    "2037-04-07": "Memorial Day of Genocide perpetrated against the Tutsi in 1994",
    "2037-05-01": "Labour Day",
    "2037-07-01": "Independence Day",
    "2037-07-04": "Liberation Day",
    "2037-07-06": "Liberation Day (observed)",
    "2037-08-07": "Umuganura Day",
    "2037-08-15": "Assumption Day",
    "2037-08-17": "Assumption Day (observed)",
    "2037-11-08": "Eid al-Fitr (estimated)",
    "2037-11-09": "Eid al-Fitr (observed, estimated)",
    "2037-12-25": "Christmas Day",
    "2037-12-26": "Boxing Day",
    "2038-01-01": "New Year's Day",
    "2038-01-02": "Day after New Year's Day",
    "2038-01-16": "Eid al-Adha (estimated)",
    "2038-01-18": "Eid al-Adha (observed, estimated)",
    "2038-02-01": "National Heroes' Day",
    "2038-04-07": "Memorial Day of Genocide perpetrated against the Tutsi in 1994",
    "2038-04-23": "Good Friday",
    "2038-04-26": "Easter Monday",
    "2038-05-01": "Labour Day",
    "2038-05-03": "Labour Day (observed)",
    "2038-07-01": "Independence Day",
    "2038-07-04": "Liberation Day",
    "2038-07-05": "Liberation Day (observed)",
    "2038-08-06": "Umuganura Day",
    "2038-08-15": "Assumption Day",
    "2038-08-16": "Assumption Day (observed)",
    "2038-10-29": "Eid al-Fitr (estimated)",
    "2038-12-25": "Christmas Day",
    "2038-12-26": "Boxing Day",
    "2038-12-27": "Christmas Day (observed)",
    "2039-01-01": "New Year's Day",
    "2039-01-02": "Day after New Year's Day",
    "2039-01-03": "New Year's Day (observed)",
    "2039-01-05": "Eid al-Adha (estimated)",
    "2039-02-01": "National Heroes' Day",
    "2039-04-07": "Memorial Day of Genocide perpetrated against the Tutsi in 1994",
    "2039-04-08": "Good Friday",
    "2039-04-11": "Easter Monday",
    "2039-05-01": "Labour Day",
    "2039-05-02": "Labour Day (observed)",
    "2039-07-01": "Independence Day",
    "2039-07-04": "Liberation Day",
    "2039-08-05": "Umuganura Day",
    "2039-08-15": "Assumption Day",
    "2039-10-19": "Eid al-Fitr (estimated)",
    "2039-12-25": "Christmas Day",
    "2039-12-26": "Boxing Day; Eid al-Adha (estimated)",
    "2039-12-27": "Christmas Day (observed)",
    "2040-01-01": "New Year's Day",
    "2040-01-02": "Day after New Year's Day",
    "2040-01-03": "New Year's Day (observed)",
    "2040-02-01": "National Heroes' Day",
    "2040-03-30": "Good Friday",
    "2040-04-02": "Easter Monday",
    "2040-04-07": "Memorial Day of Genocide perpetrated against the Tutsi in 1994",
    "2040-05-01": "Labour Day",
    "2040-07-01": "Independence Day",
    "2040-07-02": "Independence Day (observed)",
    "2040-07-04": "Liberation Day",
    "2040-08-03": "Umuganura Day",
    "2040-08-15": "Assumption Day",
    "2040-10-07": "Eid al-Fitr (estimated)",
    "2040-10-08": "Eid al-Fitr (observed, estimated)",
    "2040-12-14": "Eid al-Adha (estimated)",
    "2040-12-25": "Christmas Day",
    "2040-12-26": "Boxing Day",
    "2041-01-01": "New Year's Day",
    "2041-01-02": "Day after New Year's Day",
    "2041-02-01": "National Heroes' Day",
    "2041-04-07": "Memorial Day of Genocide perpetrated against the Tutsi in 1994",
    "2041-04-19": "Good Friday",
    "2041-04-22": "Easter Monday",
    "2041-05-01": "Labour Day",
    "2041-07-01": "Independence Day",
    "2041-07-04": "Liberation Day",
    "2041-08-02": "Umuganura Day",
    "2041-08-15": "Assumption Day",
    "2041-09-26": "Eid al-Fitr (estimated)",
    "2041-12-04": "Eid al-Adha (estimated)",
    "2041-12-25": "Christmas Day",
    "2041-12-26": "Boxing Day",
    "2042-01-01": "New Year's Day",
    "2042-01-02": "Day after New Year's Day",
    "2042-02-01": "National Heroes' Day",
    "2042-02-03": "National Heroes' Day (observed)",
    "2042-04-04": "Good Friday",
    "2042-04-07": "Easter Monday; Memorial Day of Genocide perpetrated against the Tutsi in 1994",
    "2042-05-01": "Labour Day",
    "2042-07-01": "Independence Day",
    "2042-07-04": "Liberation Day",
    "2042-08-01": "Umuganura Day",
    "2042-08-15": "Assumption Day",
    "2042-09-15": "Eid al-Fitr (estimated)",
    "2042-11-23": "Eid al-Adha (estimated)",
    "2042-11-24": "Eid al-Adha (observed, estimated)",
    "2042-12-25": "Christmas Day",
    "2042-12-26": "Boxing Day",
    "2043-01-01": "New Year's Day",
    "2043-01-02": "Day after New Year's Day",
    "2043-02-01": "National Heroes' Day",
    "2043-02-02": "National Heroes' Day (observed)",
    "2043-03-27": "Good Friday",
    "2043-03-30": "Easter Monday",
    "2043-04-07": "Memorial Day of Genocide perpetrated against the Tutsi in 1994",
    "2043-05-01": "Labour Day",
    "2043-07-01": "Independence Day",
    "2043-07-04": "Liberation Day",
    "2043-07-06": "Liberation Day (observed)",
    "2043-08-07": "Umuganura Day",
    "2043-08-15": "Assumption Day",
    "2043-08-17": "Assumption Day (observed)",
    "2043-09-04": "Eid al-Fitr (estimated)",
    "2043-11-12": "Eid al-Adha (estimated)",
    "2043-12-25": "Christmas Day",
    "2043-12-26": "Boxing Day",
    "2044-01-01": "New Year's Day",
    "2044-01-02": "Day after New Year's Day",
    "2044-02-01": "National Heroes' Day",
    "2044-04-07": "Memorial Day of Genocide perpetrated against the Tutsi in 1994",
    "2044-04-15": "Good Friday",
    "2044-04-18": "Easter Monday",
    "2044-05-01": "Labour Day",
    "2044-05-02": "Labour Day (observed)",
    "2044-07-01": "Independence Day",
    "2044-07-04": "Liberation Day",
    "2044-08-05": "Umuganura Day",
    "2044-08-15": "Assumption Day",
    "2044-08-24": "Eid al-Fitr (estimated)",
    "2044-10-31": "Eid al-Adha (estimated)",
    "2044-12-25": "Christmas Day",
    "2044-12-26": "Boxing Day",
    "2044-12-27": "Christmas Day (observed)",
    "2045-01-01": "New Year's Day",
    "2045-01-02": "Day after New Year's Day",
    "2045-01-03": "New Year's Day (observed)",
    "2045-02-01": "National Heroes' Day",
    "2045-04-07": "Good Friday; Memorial Day of Genocide perpetrated against the Tutsi in 1994",
    "2045-04-10": "Easter Monday",
    "2045-05-01": "Labour Day",
    "2045-07-01": "Independence Day",
    "2045-07-03": "Independence Day (observed)",
    "2045-07-04": "Liberation Day",
    "2045-08-04": "Umuganura Day",
    "2045-08-14": "Eid al-Fitr (estimated)",
    "2045-08-15": "Assumption Day",
    "2045-10-21": "Eid al-Adha (estimated)",
    "2045-10-23": "Eid al-Adha (observed, estimated)",
    "2045-12-25": "Christmas Day",
    "2045-12-26": "Boxing Day",
    "2046-01-01": "New Year's Day",
    "2046-01-02": "Day after New Year's Day",
    "2046-02-01": "National Heroes' Day",
    "2046-03-23": "Good Friday",
    "2046-03-26": "Easter Monday",
    "2046-04-07": "Memorial Day of Genocide perpetrated against the Tutsi in 1994",
    "2046-05-01": "Labour Day",
    "2046-07-01": "Independence Day",
    "2046-07-02": "Independence Day (observed)",
    "2046-07-04": "Liberation Day",
    "2046-08-03": "Eid al-Fitr (estimated); Umuganura Day",
    "2046-08-15": "Assumption Day",
    "2046-10-10": "Eid al-Adha (estimated)",
    "2046-12-25": "Christmas Day",
    "2046-12-26": "Boxing Day",
    "2047-01-01": "New Year's Day",
    "2047-01-02": "Day after New Year's Day",
    "2047-02-01": "National Heroes' Day",
    "2047-04-07": "Memorial Day of Genocide perpetrated against the Tutsi in 1994",
    "2047-04-12": "Good Friday",
    "2047-04-15": "Easter Monday",
    "2047-05-01": "Labour Day",
    "2047-07-01": "Independence Day",
    "2047-07-04": "Liberation Day",
    "2047-07-24": "Eid al-Fitr (estimated)",
    "2047-08-02": "Umuganura Day",
    "2047-08-15": "Assumption Day",
    "2047-09-30": "Eid al-Adha (estimated)",
    "2047-12-25": "Christmas Day",
    "2047-12-26": "Boxing Day",
    "2048-01-01": "New Year's Day",
    "2048-01-02": "Day after New Year's Day",
    "2048-02-01": "National Heroes' Day",
    "2048-02-03": "National Heroes' Day (observed)",
    "2048-04-03": "Good Friday",
    "2048-04-06": "Easter Monday",
    "2048-04-07": "Memorial Day of Genocide perpetrated against the Tutsi in 1994",
    "2048-05-01": "Labour Day",
    "2048-07-01": "Independence Day",
    "2048-07-04": "Liberation Day",
    "2048-07-06": "Liberation Day (observed)",
    "2048-07-12": "Eid al-Fitr (estimated)",
    "2048-07-13": "Eid al-Fitr (observed, estimated)",
    "2048-08-07": "Umuganura Day",
    "2048-08-15": "Assumption Day",
    "2048-08-17": "Assumption Day (observed)",
    "2048-09-19": "Eid al-Adha (estimated)",
    "2048-09-21": "Eid al-Adha (observed, estimated)",
    "2048-12-25": "Christmas Day",
    "2048-12-26": "Boxing Day",
    "2049-01-01": "New Year's Day",
    "2049-01-02": "Day after New Year's Day",
    "2049-02-01": "National Heroes' Day",
    "2049-04-07": "Memorial Day of Genocide perpetrated against the Tutsi in 1994",
    "2049-04-16": "Good Friday",
    "2049-04-19": "Easter Monday",
    "2049-05-01": "Labour Day",
    "2049-05-03": "Labour Day (observed)",
    "2049-07-01": "Eid al-Fitr (estimated); Independence Day",
    "2049-07-04": "Liberation Day",
    "2049-07-05": "Liberation Day (observed)",
    "2049-08-06": "Umuganura Day",
    "2049-08-15": "Assumption Day",
    "2049-08-16": "Assumption Day (observed)",
    "2049-09-08": "Eid al-Adha (estimated)",
    "2049-12-25": "Christmas Day",
    "2049-12-26": "Boxing Day",
    "2049-12-27": "Christmas Day (observed)",
    "2050-01-01": "New Year's Day",
    "2050-01-02": "Day after New Year's Day",
    "2050-01-03": "New Year's Day (observed)",
    "2050-02-01": "National Heroes' Day",
    "2050-04-07": "Memorial Day of Genocide perpetrated against the Tutsi in 1994",
    "2050-04-08": "Good Friday",
    "2050-04-11": "Easter Monday",
    "2050-05-01": "Labour Day",
    "2050-05-02": "Labour Day (observed)",
    "2050-06-20": "Eid al-Fitr (estimated)",
    "2050-07-01": "Independence Day",
    "2050-07-04": "Liberation Day",
    "2050-08-05": "Umuganura Day",
    "2050-08-15": "Assumption Day",
    "2050-08-28": "Eid al-Adha (estimated)",
    "2050-08-29": "Eid al-Adha (observed, estimated)",
    "2050-12-25": "Christmas Day",
    "2050-12-26": "Boxing Day",
    "2050-12-27": "Christmas Day (observed)"
}
