{
    "1950-01-01": "Solemnity of Mary Day",
    "1950-01-06": "Epiphany",
    "1950-02-11": "Lateran Treaty Day",
    "1950-03-19": "Saint Joseph's Day",
    "1950-04-09": "Easter Sunday",
    "1950-04-10": "Easter Monday",
    "1950-05-18": "Ascension of Christ",
    "1950-06-08": "Corpus Christi",
    "1950-06-29": "Saint Peter and Saint Paul's Day",
    "1950-08-15": "Assumption Day",
    "1950-09-08": "Nativity of Mary Day",
    "1950-11-01": "All Saints' Day",
    "1950-12-08": "Immaculate Conception Day",
    "1950-12-25": "Christmas Day",
    "1950-12-26": "Saint Stephen's Day",
    "1951-01-01": "Solemnity of Mary Day",
    "1951-01-06": "Epiphany",
    "1951-02-11": "Lateran Treaty Day",
    "1951-03-19": "Saint Joseph's Day",
    "1951-03-25": "Easter Sunday",
    "1951-03-26": "Easter Monday",
    "1951-05-03": "Ascension of Christ",
    "1951-05-24": "Corpus Christi",
    "1951-06-29": "Saint Peter and Saint Paul's Day",
    "1951-08-15": "Assumption Day",
    "1951-09-08": "Nativity of Mary Day",
    "1951-11-01": "All Saints' Day",
    "1951-12-08": "Immaculate Conception Day",
    "1951-12-25": "Christmas Day",
    "1951-12-26": "Saint Stephen's Day",
    "1952-01-01": "Solemnity of Mary Day",
    "1952-01-06": "Epiphany",
    "1952-02-11": "Lateran Treaty Day",
    "1952-03-19": "Saint Joseph's Day",
    "1952-04-13": "Easter Sunday",
    "1952-04-14": "Easter Monday",
    "1952-05-22": "Ascension of Christ",
    "1952-06-12": "Corpus Christi",
    "1952-06-29": "Saint Peter and Saint Paul's Day",
    "1952-08-15": "Assumption Day",
    "1952-09-08": "Nativity of Mary Day",
    "1952-11-01": "All Saints' Day",
    "1952-12-08": "Immaculate Conception Day",
    "1952-12-25": "Christmas Day",
    "1952-12-26": "Saint Stephen's Day",
    "1953-01-01": "Solemnity of Mary Day",
    "1953-01-06": "Epiphany",
    "1953-02-11": "Lateran Treaty Day",
    "1953-03-19": "Saint Joseph's Day",
    "1953-04-05": "Easter Sunday",
    "1953-04-06": "Easter Monday",
    "1953-05-14": "Ascension of Christ",
    "1953-06-04": "Corpus Christi",
    "1953-06-29": "Saint Peter and Saint Paul's Day",
    "1953-08-15": "Assumption Day",
    "1953-09-08": "Nativity of Mary Day",
    "1953-11-01": "All Saints' Day",
    "1953-12-08": "Immaculate Conception Day",
    "1953-12-25": "Christmas Day",
    "1953-12-26": "Saint Stephen's Day",
    "1954-01-01": "Solemnity of Mary Day",
    "1954-01-06": "Epiphany",
    "1954-02-11": "Lateran Treaty Day",
    "1954-03-19": "Saint Joseph's Day",
    "1954-04-18": "Easter Sunday",
    "1954-04-19": "Easter Monday",
    "1954-05-27": "Ascension of Christ",
    "1954-06-17": "Corpus Christi",
    "1954-06-29": "Saint Peter and Saint Paul's Day",
    "1954-08-15": "Assumption Day",
    "1954-09-08": "Nativity of Mary Day",
    "1954-11-01": "All Saints' Day",
    "1954-12-08": "Immaculate Conception Day",
    "1954-12-25": "Christmas Day",
    "1954-12-26": "Saint Stephen's Day",
    "1955-01-01": "Solemnity of Mary Day",
    "1955-01-06": "Epiphany",
    "1955-02-11": "Lateran Treaty Day",
    "1955-03-19": "Saint Joseph's Day",
    "1955-04-10": "Easter Sunday",
    "1955-04-11": "Easter Monday",
    "1955-05-01": "Saint Joseph the Worker's Day",
    "1955-05-19": "Ascension of Christ",
    "1955-06-09": "Corpus Christi",
    "1955-06-29": "Saint Peter and Saint Paul's Day",
    "1955-08-15": "Assumption Day",
    "1955-09-08": "Nativity of Mary Day",
    "1955-11-01": "All Saints' Day",
    "1955-12-08": "Immaculate Conception Day",
    "1955-12-25": "Christmas Day",
    "1955-12-26": "Saint Stephen's Day",
    "1956-01-01": "Solemnity of Mary Day",
    "1956-01-06": "Epiphany",
    "1956-02-11": "Lateran Treaty Day",
    "1956-03-19": "Saint Joseph's Day",
    "1956-04-01": "Easter Sunday",
    "1956-04-02": "Easter Monday",
    "1956-05-01": "Saint Joseph the Worker's Day",
    "1956-05-10": "Ascension of Christ",
    "1956-05-31": "Corpus Christi",
    "1956-06-29": "Saint Peter and Saint Paul's Day",
    "1956-08-15": "Assumption Day",
    "1956-09-08": "Nativity of Mary Day",
    "1956-11-01": "All Saints' Day",
    "1956-12-08": "Immaculate Conception Day",
    "1956-12-25": "Christmas Day",
    "1956-12-26": "Saint Stephen's Day",
    "1957-01-01": "Solemnity of Mary Day",
    "1957-01-06": "Epiphany",
    "1957-02-11": "Lateran Treaty Day",
    "1957-03-19": "Saint Joseph's Day",
    "1957-04-21": "Easter Sunday",
    "1957-04-22": "Easter Monday",
    "1957-05-01": "Saint Joseph the Worker's Day",
    "1957-05-30": "Ascension of Christ",
    "1957-06-20": "Corpus Christi",
    "1957-06-29": "Saint Peter and Saint Paul's Day",
    "1957-08-15": "Assumption Day",
    "1957-09-08": "Nativity of Mary Day",
    "1957-11-01": "All Saints' Day",
    "1957-12-08": "Immaculate Conception Day",
    "1957-12-25": "Christmas Day",
    "1957-12-26": "Saint Stephen's Day",
    "1958-01-01": "Solemnity of Mary Day",
    "1958-01-06": "Epiphany",
    "1958-02-11": "Lateran Treaty Day",
    "1958-03-19": "Saint Joseph's Day",
    "1958-04-06": "Easter Sunday",
    "1958-04-07": "Easter Monday",
    "1958-05-01": "Saint Joseph the Worker's Day",
    "1958-05-15": "Ascension of Christ",
    "1958-06-05": "Corpus Christi",
    "1958-06-29": "Saint Peter and Saint Paul's Day",
    "1958-08-15": "Assumption Day",
    "1958-09-08": "Nativity of Mary Day",
    "1958-11-01": "All Saints' Day",
    "1958-12-08": "Immaculate Conception Day",
    "1958-12-25": "Christmas Day",
    "1958-12-26": "Saint Stephen's Day",
    "1959-01-01": "Solemnity of Mary Day",
    "1959-01-06": "Epiphany",
    "1959-02-11": "Lateran Treaty Day",
    "1959-03-19": "Saint Joseph's Day",
    "1959-03-29": "Easter Sunday",
    "1959-03-30": "Easter Monday",
    "1959-05-01": "Saint Joseph the Worker's Day",
    "1959-05-07": "Ascension of Christ",
    "1959-05-28": "Corpus Christi",
    "1959-06-29": "Saint Peter and Saint Paul's Day",
    "1959-08-15": "Assumption Day",
    "1959-09-08": "Nativity of Mary Day",
    "1959-11-01": "All Saints' Day",
    "1959-12-08": "Immaculate Conception Day",
    "1959-12-25": "Christmas Day",
    "1959-12-26": "Saint Stephen's Day",
    "1960-01-01": "Solemnity of Mary Day",
    "1960-01-06": "Epiphany",
    "1960-02-11": "Lateran Treaty Day",
    "1960-03-19": "Saint Joseph's Day",
    "1960-04-17": "Easter Sunday",
    "1960-04-18": "Easter Monday",
    "1960-05-01": "Saint Joseph the Worker's Day",
    "1960-05-26": "Ascension of Christ",
    "1960-06-16": "Corpus Christi",
    "1960-06-29": "Saint Peter and Saint Paul's Day",
    "1960-08-15": "Assumption Day",
    "1960-09-08": "Nativity of Mary Day",
    "1960-11-01": "All Saints' Day",
    "1960-12-08": "Immaculate Conception Day",
    "1960-12-25": "Christmas Day",
    "1960-12-26": "Saint Stephen's Day",
    "1961-01-01": "Solemnity of Mary Day",
    "1961-01-06": "Epiphany",
    "1961-02-11": "Lateran Treaty Day",
    "1961-03-19": "Saint Joseph's Day",
    "1961-04-02": "Easter Sunday",
    "1961-04-03": "Easter Monday",
    "1961-05-01": "Saint Joseph the Worker's Day",
    "1961-05-11": "Ascension of Christ",
    "1961-06-01": "Corpus Christi",
    "1961-06-29": "Saint Peter and Saint Paul's Day",
    "1961-08-15": "Assumption Day",
    "1961-09-08": "Nativity of Mary Day",
    "1961-11-01": "All Saints' Day",
    "1961-12-08": "Immaculate Conception Day",
    "1961-12-25": "Christmas Day",
    "1961-12-26": "Saint Stephen's Day",
    "1962-01-01": "Solemnity of Mary Day",
    "1962-01-06": "Epiphany",
    "1962-02-11": "Lateran Treaty Day",
    "1962-03-19": "Saint Joseph's Day",
    "1962-04-22": "Easter Sunday",
    "1962-04-23": "Easter Monday",
    "1962-05-01": "Saint Joseph the Worker's Day",
    "1962-05-31": "Ascension of Christ",
    "1962-06-21": "Corpus Christi",
    "1962-06-29": "Saint Peter and Saint Paul's Day",
    "1962-08-15": "Assumption Day",
    "1962-09-08": "Nativity of Mary Day",
    "1962-11-01": "All Saints' Day",
    "1962-12-08": "Immaculate Conception Day",
    "1962-12-25": "Christmas Day",
    "1962-12-26": "Saint Stephen's Day",
    "1963-01-01": "Solemnity of Mary Day",
    "1963-01-06": "Epiphany",
    "1963-02-11": "Lateran Treaty Day",
    "1963-03-19": "Saint Joseph's Day",
    "1963-04-14": "Easter Sunday",
    "1963-04-15": "Easter Monday",
    "1963-05-01": "Saint Joseph the Worker's Day",
    "1963-05-23": "Ascension of Christ",
    "1963-06-13": "Corpus Christi",
    "1963-06-29": "Saint Peter and Saint Paul's Day",
    "1963-08-15": "Assumption Day",
    "1963-09-08": "Nativity of Mary Day",
    "1963-11-01": "All Saints' Day",
    "1963-12-08": "Immaculate Conception Day",
    "1963-12-25": "Christmas Day",
    "1963-12-26": "Saint Stephen's Day",
    "1964-01-01": "Solemnity of Mary Day",
    "1964-01-06": "Epiphany",
    "1964-02-11": "Lateran Treaty Day",
    "1964-03-19": "Saint Joseph's Day",
    "1964-03-29": "Easter Sunday",
    "1964-03-30": "Easter Monday",
    "1964-05-01": "Saint Joseph the Worker's Day",
    "1964-05-07": "Ascension of Christ",
    "1964-05-28": "Corpus Christi",
    "1964-06-29": "Saint Peter and Saint Paul's Day",
    "1964-08-15": "Assumption Day",
    "1964-09-08": "Nativity of Mary Day",
    "1964-11-01": "All Saints' Day",
    "1964-12-08": "Immaculate Conception Day",
    "1964-12-25": "Christmas Day",
    "1964-12-26": "Saint Stephen's Day",
    "1965-01-01": "Solemnity of Mary Day",
    "1965-01-06": "Epiphany",
    "1965-02-11": "Lateran Treaty Day",
    "1965-03-19": "Saint Joseph's Day",
    "1965-04-18": "Easter Sunday",
    "1965-04-19": "Easter Monday",
    "1965-05-01": "Saint Joseph the Worker's Day",
    "1965-05-27": "Ascension of Christ",
    "1965-06-17": "Corpus Christi",
    "1965-06-29": "Saint Peter and Saint Paul's Day",
    "1965-08-15": "Assumption Day",
    "1965-09-08": "Nativity of Mary Day",
    "1965-11-01": "All Saints' Day",
    "1965-12-08": "Immaculate Conception Day",
    "1965-12-25": "Christmas Day",
    "1965-12-26": "Saint Stephen's Day",
    "1966-01-01": "Solemnity of Mary Day",
    "1966-01-06": "Epiphany",
    "1966-02-11": "Lateran Treaty Day",
    "1966-03-19": "Saint Joseph's Day",
    "1966-04-10": "Easter Sunday",
    "1966-04-11": "Easter Monday",
    "1966-05-01": "Saint Joseph the Worker's Day",
    "1966-05-19": "Ascension of Christ",
    "1966-06-09": "Corpus Christi",
    "1966-06-29": "Saint Peter and Saint Paul's Day",
    "1966-08-15": "Assumption Day",
    "1966-09-08": "Nativity of Mary Day",
    "1966-11-01": "All Saints' Day",
    "1966-12-08": "Immaculate Conception Day",
    "1966-12-25": "Christmas Day",
    "1966-12-26": "Saint Stephen's Day",
    "1967-01-01": "Solemnity of Mary Day",
    "1967-01-06": "Epiphany",
    "1967-02-11": "Lateran Treaty Day",
    "1967-03-19": "Saint Joseph's Day",
    "1967-03-26": "Easter Sunday",
    "1967-03-27": "Easter Monday",
    "1967-05-01": "Saint Joseph the Worker's Day",
    "1967-05-04": "Ascension of Christ",
    "1967-05-25": "Corpus Christi",
    "1967-06-29": "Saint Peter and Saint Paul's Day",
    "1967-08-15": "Assumption Day",
    "1967-09-08": "Nativity of Mary Day",
    "1967-11-01": "All Saints' Day",
    "1967-12-08": "Immaculate Conception Day",
    "1967-12-25": "Christmas Day",
    "1967-12-26": "Saint Stephen's Day",
    "1968-01-01": "Solemnity of Mary Day",
    "1968-01-06": "Epiphany",
    "1968-02-11": "Lateran Treaty Day",
    "1968-03-19": "Saint Joseph's Day",
    "1968-04-14": "Easter Sunday",
    "1968-04-15": "Easter Monday",
    "1968-05-01": "Saint Joseph the Worker's Day",
    "1968-05-23": "Ascension of Christ",
    "1968-06-13": "Corpus Christi",
    "1968-06-29": "Saint Peter and Saint Paul's Day",
    "1968-08-15": "Assumption Day",
    "1968-09-08": "Nativity of Mary Day",
    "1968-11-01": "All Saints' Day",
    "1968-12-08": "Immaculate Conception Day",
    "1968-12-25": "Christmas Day",
    "1968-12-26": "Saint Stephen's Day",
    "1969-01-01": "Solemnity of Mary Day",
    "1969-01-06": "Epiphany",
    "1969-02-11": "Lateran Treaty Day",
    "1969-03-19": "Saint Joseph's Day",
    "1969-04-06": "Easter Sunday",
    "1969-04-07": "Easter Monday",
    "1969-05-01": "Saint Joseph the Worker's Day",
    "1969-05-15": "Ascension of Christ",
    "1969-06-05": "Corpus Christi",
    "1969-06-29": "Saint Peter and Saint Paul's Day",
    "1969-08-15": "Assumption Day",
    "1969-09-08": "Nativity of Mary Day",
    "1969-11-01": "All Saints' Day",
    "1969-12-08": "Immaculate Conception Day",
    "1969-12-25": "Christmas Day",
    "1969-12-26": "Saint Stephen's Day",
    "1970-01-01": "Solemnity of Mary Day",
    "1970-01-06": "Epiphany",
    "1970-02-11": "Lateran Treaty Day",
    "1970-03-19": "Saint Joseph's Day",
    "1970-03-29": "Easter Sunday",
    "1970-03-30": "Easter Monday",
    "1970-05-01": "Saint Joseph the Worker's Day",
    "1970-05-07": "Ascension of Christ",
    "1970-05-28": "Corpus Christi",
    "1970-06-29": "Saint Peter and Saint Paul's Day",
    "1970-08-15": "Assumption Day",
    "1970-09-08": "Nativity of Mary Day",
    "1970-11-01": "All Saints' Day",
    "1970-12-08": "Immaculate Conception Day",
    "1970-12-25": "Christmas Day",
    "1970-12-26": "Saint Stephen's Day",
    "1971-01-01": "Solemnity of Mary Day",
    "1971-01-06": "Epiphany",
    "1971-02-11": "Lateran Treaty Day",
    "1971-03-19": "Saint Joseph's Day",
    "1971-04-11": "Easter Sunday",
    "1971-04-12": "Easter Monday",
    "1971-05-01": "Saint Joseph the Worker's Day",
    "1971-05-20": "Ascension of Christ",
    "1971-06-10": "Corpus Christi",
    "1971-06-29": "Saint Peter and Saint Paul's Day",
    "1971-08-15": "Assumption Day",
    "1971-09-08": "Nativity of Mary Day",
    "1971-11-01": "All Saints' Day",
    "1971-12-08": "Immaculate Conception Day",
    "1971-12-25": "Christmas Day",
    "1971-12-26": "Saint Stephen's Day",
    "1972-01-01": "Solemnity of Mary Day",
    "1972-01-06": "Epiphany",
    "1972-02-11": "Lateran Treaty Day",
    "1972-03-19": "Saint Joseph's Day",
    "1972-04-02": "Easter Sunday",
    "1972-04-03": "Easter Monday",
    "1972-05-01": "Saint Joseph the Worker's Day",
    "1972-05-11": "Ascension of Christ",
    "1972-06-01": "Corpus Christi",
    "1972-06-29": "Saint Peter and Saint Paul's Day",
    "1972-08-15": "Assumption Day",
    "1972-09-08": "Nativity of Mary Day",
    "1972-11-01": "All Saints' Day",
    "1972-12-08": "Immaculate Conception Day",
    "1972-12-25": "Christmas Day",
    "1972-12-26": "Saint Stephen's Day",
    "1973-01-01": "Solemnity of Mary Day",
    "1973-01-06": "Epiphany",
    "1973-02-11": "Lateran Treaty Day",
    "1973-03-19": "Saint Joseph's Day",
    "1973-04-22": "Easter Sunday",
    "1973-04-23": "Easter Monday",
    "1973-05-01": "Saint Joseph the Worker's Day",
    "1973-05-31": "Ascension of Christ",
    "1973-06-21": "Corpus Christi",
    "1973-06-29": "Saint Peter and Saint Paul's Day",
    "1973-08-15": "Assumption Day",
    "1973-09-08": "Nativity of Mary Day",
    "1973-11-01": "All Saints' Day",
    "1973-12-08": "Immaculate Conception Day",
    "1973-12-25": "Christmas Day",
    "1973-12-26": "Saint Stephen's Day",
    "1974-01-01": "Solemnity of Mary Day",
    "1974-01-06": "Epiphany",
    "1974-02-11": "Lateran Treaty Day",
    "1974-03-19": "Saint Joseph's Day",
    "1974-04-14": "Easter Sunday",
    "1974-04-15": "Easter Monday",
    "1974-05-01": "Saint Joseph the Worker's Day",
    "1974-05-23": "Ascension of Christ",
    "1974-06-13": "Corpus Christi",
    "1974-06-29": "Saint Peter and Saint Paul's Day",
    "1974-08-15": "Assumption Day",
    "1974-09-08": "Nativity of Mary Day",
    "1974-11-01": "All Saints' Day",
    "1974-12-08": "Immaculate Conception Day",
    "1974-12-25": "Christmas Day",
    "1974-12-26": "Saint Stephen's Day",
    "1975-01-01": "Solemnity of Mary Day",
    "1975-01-06": "Epiphany",
    "1975-02-11": "Lateran Treaty Day",
    "1975-03-19": "Saint Joseph's Day",
    "1975-03-30": "Easter Sunday",
    "1975-03-31": "Easter Monday",
    "1975-05-01": "Saint Joseph the Worker's Day",
    "1975-05-08": "Ascension of Christ",
    "1975-05-29": "Corpus Christi",
    "1975-06-29": "Saint Peter and Saint Paul's Day",
    "1975-08-15": "Assumption Day",
    "1975-09-08": "Nativity of Mary Day",
    "1975-11-01": "All Saints' Day",
    "1975-12-08": "Immaculate Conception Day",
    "1975-12-25": "Christmas Day",
    "1975-12-26": "Saint Stephen's Day",
    "1976-01-01": "Solemnity of Mary Day",
    "1976-01-06": "Epiphany",
    "1976-02-11": "Lateran Treaty Day",
    "1976-03-19": "Saint Joseph's Day",
    "1976-04-18": "Easter Sunday",
    "1976-04-19": "Easter Monday",
    "1976-05-01": "Saint Joseph the Worker's Day",
    "1976-05-27": "Ascension of Christ",
    "1976-06-17": "Corpus Christi",
    "1976-06-29": "Saint Peter and Saint Paul's Day",
    "1976-08-15": "Assumption Day",
    "1976-09-08": "Nativity of Mary Day",
    "1976-11-01": "All Saints' Day",
    "1976-12-08": "Immaculate Conception Day",
    "1976-12-25": "Christmas Day",
    "1976-12-26": "Saint Stephen's Day",
    "1977-01-01": "Solemnity of Mary Day",
    "1977-01-06": "Epiphany",
    "1977-02-11": "Lateran Treaty Day",
    "1977-03-19": "Saint Joseph's Day",
    "1977-04-10": "Easter Sunday",
    "1977-04-11": "Easter Monday",
    "1977-05-01": "Saint Joseph the Worker's Day",
    "1977-05-19": "Ascension of Christ",
    "1977-06-09": "Corpus Christi",
    "1977-06-29": "Saint Peter and Saint Paul's Day",
    "1977-08-15": "Assumption Day",
    "1977-09-08": "Nativity of Mary Day",
    "1977-11-01": "All Saints' Day",
    "1977-12-08": "Immaculate Conception Day",
    "1977-12-25": "Christmas Day",
    "1977-12-26": "Saint Stephen's Day",
    "1978-01-01": "Solemnity of Mary Day",
    "1978-01-06": "Epiphany",
    "1978-02-11": "Lateran Treaty Day",
    "1978-03-19": "Saint Joseph's Day",
    "1978-03-26": "Easter Sunday",
    "1978-03-27": "Easter Monday",
    "1978-05-01": "Saint Joseph the Worker's Day",
    "1978-05-04": "Ascension of Christ",
    "1978-05-25": "Corpus Christi",
    "1978-06-29": "Saint Peter and Saint Paul's Day",
    "1978-08-15": "Assumption Day",
    "1978-09-08": "Nativity of Mary Day",
    "1978-10-16": "Anniversary of the Election of the Holy Father",
    "1978-11-01": "All Saints' Day",
    "1978-11-04": "Saint Charles Borromeo Day",
    "1978-12-08": "Immaculate Conception Day",
    "1978-12-25": "Christmas Day",
    "1978-12-26": "Saint Stephen's Day",
    "1979-01-01": "Solemnity of Mary Day",
    "1979-01-06": "Epiphany",
    "1979-02-11": "Lateran Treaty Day",
    "1979-03-19": "Saint Joseph's Day",
    "1979-04-15": "Easter Sunday",
    "1979-04-16": "Easter Monday",
    "1979-05-01": "Saint Joseph the Worker's Day",
    "1979-05-24": "Ascension of Christ",
    "1979-06-14": "Corpus Christi",
    "1979-06-29": "Saint Peter and Saint Paul's Day",
    "1979-08-15": "Assumption Day",
    "1979-09-08": "Nativity of Mary Day",
    "1979-10-16": "Anniversary of the Election of the Holy Father",
    "1979-11-01": "All Saints' Day",
    "1979-11-04": "Saint Charles Borromeo Day",
    "1979-12-08": "Immaculate Conception Day",
    "1979-12-25": "Christmas Day",
    "1979-12-26": "Saint Stephen's Day",
    "1980-01-01": "Solemnity of Mary Day",
    "1980-01-06": "Epiphany",
    "1980-02-11": "Lateran Treaty Day",
    "1980-03-19": "Saint Joseph's Day",
    "1980-04-06": "Easter Sunday",
    "1980-04-07": "Easter Monday",
    "1980-05-01": "Saint Joseph the Worker's Day",
    "1980-05-15": "Ascension of Christ",
    "1980-06-05": "Corpus Christi",
    "1980-06-29": "Saint Peter and Saint Paul's Day",
    "1980-08-15": "Assumption Day",
    "1980-09-08": "Nativity of Mary Day",
    "1980-10-16": "Anniversary of the Election of the Holy Father",
    "1980-11-01": "All Saints' Day",
    "1980-11-04": "Saint Charles Borromeo Day",
    "1980-12-08": "Immaculate Conception Day",
    "1980-12-25": "Christmas Day",
    "1980-12-26": "Saint Stephen's Day",
    "1981-01-01": "Solemnity of Mary Day",
    "1981-01-06": "Epiphany",
    "1981-02-11": "Lateran Treaty Day",
    "1981-03-19": "Saint Joseph's Day",
    "1981-04-19": "Easter Sunday",
    "1981-04-20": "Easter Monday",
    "1981-05-01": "Saint Joseph the Worker's Day",
    "1981-05-28": "Ascension of Christ",
    "1981-06-18": "Corpus Christi",
    "1981-06-29": "Saint Peter and Saint Paul's Day",
    "1981-08-15": "Assumption Day",
    "1981-09-08": "Nativity of Mary Day",
    "1981-10-16": "Anniversary of the Election of the Holy Father",
    "1981-11-01": "All Saints' Day",
    "1981-11-04": "Saint Charles Borromeo Day",
    "1981-12-08": "Immaculate Conception Day",
    "1981-12-25": "Christmas Day",
    "1981-12-26": "Saint Stephen's Day",
    "1982-01-01": "Solemnity of Mary Day",
    "1982-01-06": "Epiphany",
    "1982-02-11": "Lateran Treaty Day",
    "1982-03-19": "Saint Joseph's Day",
    "1982-04-11": "Easter Sunday",
    "1982-04-12": "Easter Monday",
    "1982-05-01": "Saint Joseph the Worker's Day",
    "1982-05-20": "Ascension of Christ",
    "1982-06-10": "Corpus Christi",
    "1982-06-29": "Saint Peter and Saint Paul's Day",
    "1982-08-15": "Assumption Day",
    "1982-09-08": "Nativity of Mary Day",
    "1982-10-16": "Anniversary of the Election of the Holy Father",
    "1982-11-01": "All Saints' Day",
    "1982-11-04": "Saint Charles Borromeo Day",
    "1982-12-08": "Immaculate Conception Day",
    "1982-12-25": "Christmas Day",
    "1982-12-26": "Saint Stephen's Day",
    "1983-01-01": "Solemnity of Mary Day",
    "1983-01-06": "Epiphany",
    "1983-02-11": "Lateran Treaty Day",
    "1983-03-19": "Saint Joseph's Day",
    "1983-04-03": "Easter Sunday",
    "1983-04-04": "Easter Monday",
    "1983-05-01": "Saint Joseph the Worker's Day",
    "1983-05-12": "Ascension of Christ",
    "1983-06-02": "Corpus Christi",
    "1983-06-29": "Saint Peter and Saint Paul's Day",
    "1983-08-15": "Assumption Day",
    "1983-09-08": "Nativity of Mary Day",
    "1983-10-16": "Anniversary of the Election of the Holy Father",
    "1983-11-01": "All Saints' Day",
    "1983-11-04": "Saint Charles Borromeo Day",
    "1983-12-08": "Immaculate Conception Day",
    "1983-12-25": "Christmas Day",
    "1983-12-26": "Saint Stephen's Day",
    "1984-01-01": "Solemnity of Mary Day",
    "1984-01-06": "Epiphany",
    "1984-02-11": "Lateran Treaty Day",
    "1984-03-19": "Saint Joseph's Day",
    "1984-04-22": "Easter Sunday",
    "1984-04-23": "Easter Monday",
    "1984-05-01": "Saint Joseph the Worker's Day",
    "1984-05-31": "Ascension of Christ",
    "1984-06-21": "Corpus Christi",
    "1984-06-29": "Saint Peter and Saint Paul's Day",
    "1984-08-15": "Assumption Day",
    "1984-09-08": "Nativity of Mary Day",
    "1984-10-16": "Anniversary of the Election of the Holy Father",
    "1984-11-01": "All Saints' Day",
    "1984-11-04": "Saint Charles Borromeo Day",
    "1984-12-08": "Immaculate Conception Day",
    "1984-12-25": "Christmas Day",
    "1984-12-26": "Saint Stephen's Day",
    "1985-01-01": "Solemnity of Mary Day",
    "1985-01-06": "Epiphany",
    "1985-02-11": "Lateran Treaty Day",
    "1985-03-19": "Saint Joseph's Day",
    "1985-04-07": "Easter Sunday",
    "1985-04-08": "Easter Monday",
    "1985-05-01": "Saint Joseph the Worker's Day",
    "1985-05-16": "Ascension of Christ",
    "1985-06-06": "Corpus Christi",
    "1985-06-29": "Saint Peter and Saint Paul's Day",
    "1985-08-15": "Assumption Day",
    "1985-09-08": "Nativity of Mary Day",
    "1985-10-16": "Anniversary of the Election of the Holy Father",
    "1985-11-01": "All Saints' Day",
    "1985-11-04": "Saint Charles Borromeo Day",
    "1985-12-08": "Immaculate Conception Day",
    "1985-12-25": "Christmas Day",
    "1985-12-26": "Saint Stephen's Day",
    "1986-01-01": "Solemnity of Mary Day",
    "1986-01-06": "Epiphany",
    "1986-02-11": "Lateran Treaty Day",
    "1986-03-19": "Saint Joseph's Day",
    "1986-03-30": "Easter Sunday",
    "1986-03-31": "Easter Monday",
    "1986-05-01": "Saint Joseph the Worker's Day",
    "1986-05-08": "Ascension of Christ",
    "1986-05-29": "Corpus Christi",
    "1986-06-29": "Saint Peter and Saint Paul's Day",
    "1986-08-15": "Assumption Day",
    "1986-09-08": "Nativity of Mary Day",
    "1986-10-16": "Anniversary of the Election of the Holy Father",
    "1986-11-01": "All Saints' Day",
    "1986-11-04": "Saint Charles Borromeo Day",
    "1986-12-08": "Immaculate Conception Day",
    "1986-12-25": "Christmas Day",
    "1986-12-26": "Saint Stephen's Day",
    "1987-01-01": "Solemnity of Mary Day",
    "1987-01-06": "Epiphany",
    "1987-02-11": "Lateran Treaty Day",
    "1987-03-19": "Saint Joseph's Day",
    "1987-04-19": "Easter Sunday",
    "1987-04-20": "Easter Monday",
    "1987-05-01": "Saint Joseph the Worker's Day",
    "1987-05-28": "Ascension of Christ",
    "1987-06-18": "Corpus Christi",
    "1987-06-29": "Saint Peter and Saint Paul's Day",
    "1987-08-15": "Assumption Day",
    "1987-09-08": "Nativity of Mary Day",
    "1987-10-16": "Anniversary of the Election of the Holy Father",
    "1987-11-01": "All Saints' Day",
    "1987-11-04": "Saint Charles Borromeo Day",
    "1987-12-08": "Immaculate Conception Day",
    "1987-12-25": "Christmas Day",
    "1987-12-26": "Saint Stephen's Day",
    "1988-01-01": "Solemnity of Mary Day",
    "1988-01-06": "Epiphany",
    "1988-02-11": "Lateran Treaty Day",
    "1988-03-19": "Saint Joseph's Day",
    "1988-04-03": "Easter Sunday",
    "1988-04-04": "Easter Monday",
    "1988-05-01": "Saint Joseph the Worker's Day",
    "1988-05-12": "Ascension of Christ",
    "1988-06-02": "Corpus Christi",
    "1988-06-29": "Saint Peter and Saint Paul's Day",
    "1988-08-15": "Assumption Day",
    "1988-09-08": "Nativity of Mary Day",
    "1988-10-16": "Anniversary of the Election of the Holy Father",
    "1988-11-01": "All Saints' Day",
    "1988-11-04": "Saint Charles Borromeo Day",
    "1988-12-08": "Immaculate Conception Day",
    "1988-12-25": "Christmas Day",
    "1988-12-26": "Saint Stephen's Day",
    "1989-01-01": "Solemnity of Mary Day",
    "1989-01-06": "Epiphany",
    "1989-02-11": "Lateran Treaty Day",
    "1989-03-19": "Saint Joseph's Day",
    "1989-03-26": "Easter Sunday",
    "1989-03-27": "Easter Monday",
    "1989-05-01": "Saint Joseph the Worker's Day",
    "1989-05-04": "Ascension of Christ",
    "1989-05-25": "Corpus Christi",
    "1989-06-29": "Saint Peter and Saint Paul's Day",
    "1989-08-15": "Assumption Day",
    "1989-09-08": "Nativity of Mary Day",
    "1989-10-16": "Anniversary of the Election of the Holy Father",
    "1989-11-01": "All Saints' Day",
    "1989-11-04": "Saint Charles Borromeo Day",
    "1989-12-08": "Immaculate Conception Day",
    "1989-12-25": "Christmas Day",
    "1989-12-26": "Saint Stephen's Day",
    "1990-01-01": "Solemnity of Mary Day",
    "1990-01-06": "Epiphany",
    "1990-02-11": "Lateran Treaty Day",
    "1990-03-19": "Saint Joseph's Day",
    "1990-04-15": "Easter Sunday",
    "1990-04-16": "Easter Monday",
    "1990-05-01": "Saint Joseph the Worker's Day",
    "1990-05-24": "Ascension of Christ",
    "1990-06-14": "Corpus Christi",
    "1990-06-29": "Saint Peter and Saint Paul's Day",
    "1990-08-15": "Assumption Day",
    "1990-09-08": "Nativity of Mary Day",
    "1990-10-16": "Anniversary of the Election of the Holy Father",
    "1990-11-01": "All Saints' Day",
    "1990-11-04": "Saint Charles Borromeo Day",
    "1990-12-08": "Immaculate Conception Day",
    "1990-12-25": "Christmas Day",
    "1990-12-26": "Saint Stephen's Day",
    "1991-01-01": "Solemnity of Mary Day",
    "1991-01-06": "Epiphany",
    "1991-02-11": "Lateran Treaty Day",
    "1991-03-19": "Saint Joseph's Day",
    "1991-03-31": "Easter Sunday",
    "1991-04-01": "Easter Monday",
    "1991-05-01": "Saint Joseph the Worker's Day",
    "1991-05-09": "Ascension of Christ",
    "1991-05-30": "Corpus Christi",
    "1991-06-29": "Saint Peter and Saint Paul's Day",
    "1991-08-15": "Assumption Day",
    "1991-09-08": "Nativity of Mary Day",
    "1991-10-16": "Anniversary of the Election of the Holy Father",
    "1991-11-01": "All Saints' Day",
    "1991-11-04": "Saint Charles Borromeo Day",
    "1991-12-08": "Immaculate Conception Day",
    "1991-12-25": "Christmas Day",
    "1991-12-26": "Saint Stephen's Day",
    "1992-01-01": "Solemnity of Mary Day",
    "1992-01-06": "Epiphany",
    "1992-02-11": "Lateran Treaty Day",
    "1992-03-19": "Saint Joseph's Day",
    "1992-04-19": "Easter Sunday",
    "1992-04-20": "Easter Monday",
    "1992-05-01": "Saint Joseph the Worker's Day",
    "1992-05-28": "Ascension of Christ",
    "1992-06-18": "Corpus Christi",
    "1992-06-29": "Saint Peter and Saint Paul's Day",
    "1992-08-15": "Assumption Day",
    "1992-09-08": "Nativity of Mary Day",
    "1992-10-16": "Anniversary of the Election of the Holy Father",
    "1992-11-01": "All Saints' Day",
    "1992-11-04": "Saint Charles Borromeo Day",
    "1992-12-08": "Immaculate Conception Day",
    "1992-12-25": "Christmas Day",
    "1992-12-26": "Saint Stephen's Day",
    "1993-01-01": "Solemnity of Mary Day",
    "1993-01-06": "Epiphany",
    "1993-02-11": "Lateran Treaty Day",
    "1993-03-19": "Saint Joseph's Day",
    "1993-04-11": "Easter Sunday",
    "1993-04-12": "Easter Monday",
    "1993-05-01": "Saint Joseph the Worker's Day",
    "1993-05-20": "Ascension of Christ",
    "1993-06-10": "Corpus Christi",
    "1993-06-29": "Saint Peter and Saint Paul's Day",
    "1993-08-15": "Assumption Day",
    "1993-09-08": "Nativity of Mary Day",
    "1993-10-16": "Anniversary of the Election of the Holy Father",
    "1993-11-01": "All Saints' Day",
    "1993-11-04": "Saint Charles Borromeo Day",
    "1993-12-08": "Immaculate Conception Day",
    "1993-12-25": "Christmas Day",
    "1993-12-26": "Saint Stephen's Day",
    "1994-01-01": "Solemnity of Mary Day",
    "1994-01-06": "Epiphany",
    "1994-02-11": "Lateran Treaty Day",
    "1994-03-19": "Saint Joseph's Day",
    "1994-04-03": "Easter Sunday",
    "1994-04-04": "Easter Monday",
    "1994-05-01": "Saint Joseph the Worker's Day",
    "1994-05-12": "Ascension of Christ",
    "1994-06-02": "Corpus Christi",
    "1994-06-29": "Saint Peter and Saint Paul's Day",
    "1994-08-15": "Assumption Day",
    "1994-09-08": "Nativity of Mary Day",
    "1994-10-16": "Anniversary of the Election of the Holy Father",
    "1994-11-01": "All Saints' Day",
    "1994-11-04": "Saint Charles Borromeo Day",
    "1994-12-08": "Immaculate Conception Day",
    "1994-12-25": "Christmas Day",
    "1994-12-26": "Saint Stephen's Day",
    "1995-01-01": "Solemnity of Mary Day",
    "1995-01-06": "Epiphany",
    "1995-02-11": "Lateran Treaty Day",
    "1995-03-19": "Saint Joseph's Day",
    "1995-04-16": "Easter Sunday",
    "1995-04-17": "Easter Monday",
    "1995-05-01": "Saint Joseph the Worker's Day",
    "1995-05-25": "Ascension of Christ",
    "1995-06-15": "Corpus Christi",
    "1995-06-29": "Saint Peter and Saint Paul's Day",
    "1995-08-15": "Assumption Day",
    "1995-09-08": "Nativity of Mary Day",
    "1995-10-16": "Anniversary of the Election of the Holy Father",
    "1995-11-01": "All Saints' Day",
    "1995-11-04": "Saint Charles Borromeo Day",
    "1995-12-08": "Immaculate Conception Day",
    "1995-12-25": "Christmas Day",
    "1995-12-26": "Saint Stephen's Day",
    "1996-01-01": "Solemnity of Mary Day",
    "1996-01-06": "Epiphany",
    "1996-02-11": "Lateran Treaty Day",
    "1996-03-19": "Saint Joseph's Day",
    "1996-04-07": "Easter Sunday",
    "1996-04-08": "Easter Monday",
    "1996-05-01": "Saint Joseph the Worker's Day",
    "1996-05-16": "Ascension of Christ",
    "1996-06-06": "Corpus Christi",
    "1996-06-29": "Saint Peter and Saint Paul's Day",
    "1996-08-15": "Assumption Day",
    "1996-09-08": "Nativity of Mary Day",
    "1996-10-16": "Anniversary of the Election of the Holy Father",
    "1996-11-01": "All Saints' Day",
    "1996-11-04": "Saint Charles Borromeo Day",
    "1996-12-08": "Immaculate Conception Day",
    "1996-12-25": "Christmas Day",
    "1996-12-26": "Saint Stephen's Day",
    "1997-01-01": "Solemnity of Mary Day",
    "1997-01-06": "Epiphany",
    "1997-02-11": "Lateran Treaty Day",
    "1997-03-19": "Saint Joseph's Day",
    "1997-03-30": "Easter Sunday",
    "1997-03-31": "Easter Monday",
    "1997-05-01": "Saint Joseph the Worker's Day",
    "1997-05-08": "Ascension of Christ",
    "1997-05-29": "Corpus Christi",
    "1997-06-29": "Saint Peter and Saint Paul's Day",
    "1997-08-15": "Assumption Day",
    "1997-09-08": "Nativity of Mary Day",
    "1997-10-16": "Anniversary of the Election of the Holy Father",
    "1997-11-01": "All Saints' Day",
    "1997-11-04": "Saint Charles Borromeo Day",
    "1997-12-08": "Immaculate Conception Day",
    "1997-12-25": "Christmas Day",
    "1997-12-26": "Saint Stephen's Day",
    "1998-01-01": "Solemnity of Mary Day",
    "1998-01-06": "Epiphany",
    "1998-02-11": "Lateran Treaty Day",
    "1998-03-19": "Saint Joseph's Day",
    "1998-04-12": "Easter Sunday",
    "1998-04-13": "Easter Monday",
    "1998-05-01": "Saint Joseph the Worker's Day",
    "1998-05-21": "Ascension of Christ",
    "1998-06-11": "Corpus Christi",
    "1998-06-29": "Saint Peter and Saint Paul's Day",
    "1998-08-15": "Assumption Day",
    "1998-09-08": "Nativity of Mary Day",
    "1998-10-16": "Anniversary of the Election of the Holy Father",
    "1998-11-01": "All Saints' Day",
    "1998-11-04": "Saint Charles Borromeo Day",
    "1998-12-08": "Immaculate Conception Day",
    "1998-12-25": "Christmas Day",
    "1998-12-26": "Saint Stephen's Day",
    "1999-01-01": "Solemnity of Mary Day",
    "1999-01-06": "Epiphany",
    "1999-02-11": "Lateran Treaty Day",
    "1999-03-19": "Saint Joseph's Day",
    "1999-04-04": "Easter Sunday",
    "1999-04-05": "Easter Monday",
    "1999-05-01": "Saint Joseph the Worker's Day",
    "1999-05-13": "Ascension of Christ",
    "1999-06-03": "Corpus Christi",
    "1999-06-29": "Saint Peter and Saint Paul's Day",
    "1999-08-15": "Assumption Day",
    "1999-09-08": "Nativity of Mary Day",
    "1999-10-16": "Anniversary of the Election of the Holy Father",
    "1999-11-01": "All Saints' Day",
    "1999-11-04": "Saint Charles Borromeo Day",
    "1999-12-08": "Immaculate Conception Day",
    "1999-12-25": "Christmas Day",
    "1999-12-26": "Saint Stephen's Day",
    "2000-01-01": "Solemnity of Mary Day",
    "2000-01-06": "Epiphany",
    "2000-02-11": "Lateran Treaty Day",
    "2000-03-19": "Saint Joseph's Day",
    "2000-04-23": "Easter Sunday",
    "2000-04-24": "Easter Monday",
    "2000-05-01": "Saint Joseph the Worker's Day",
    "2000-06-01": "Ascension of Christ",
    "2000-06-22": "Corpus Christi",
    "2000-06-29": "Saint Peter and Saint Paul's Day",
    "2000-08-15": "Assumption Day",
    "2000-09-08": "Nativity of Mary Day",
    "2000-10-16": "Anniversary of the Election of the Holy Father",
    "2000-11-01": "All Saints' Day",
    "2000-11-04": "Saint Charles Borromeo Day",
    "2000-12-08": "Immaculate Conception Day",
    "2000-12-25": "Christmas Day",
    "2000-12-26": "Saint Stephen's Day",
    "2001-01-01": "Solemnity of Mary Day",
    "2001-01-06": "Epiphany",
    "2001-02-11": "Lateran Treaty Day",
    "2001-03-19": "Saint Joseph's Day",
    "2001-04-15": "Easter Sunday",
    "2001-04-16": "Easter Monday",
    "2001-05-01": "Saint Joseph the Worker's Day",
    "2001-05-24": "Ascension of Christ",
    "2001-06-14": "Corpus Christi",
    "2001-06-29": "Saint Peter and Saint Paul's Day",
    "2001-08-15": "Assumption Day",
    "2001-09-08": "Nativity of Mary Day",
    "2001-10-16": "Anniversary of the Election of the Holy Father",
    "2001-11-01": "All Saints' Day",
    "2001-11-04": "Saint Charles Borromeo Day",
    "2001-12-08": "Immaculate Conception Day",
    "2001-12-25": "Christmas Day",
    "2001-12-26": "Saint Stephen's Day",
    "2002-01-01": "Solemnity of Mary Day",
    "2002-01-06": "Epiphany",
    "2002-02-11": "Lateran Treaty Day",
    "2002-03-19": "Saint Joseph's Day",
    "2002-03-31": "Easter Sunday",
    "2002-04-01": "Easter Monday",
    "2002-05-01": "Saint Joseph the Worker's Day",
    "2002-05-09": "Ascension of Christ",
    "2002-05-30": "Corpus Christi",
    "2002-06-29": "Saint Peter and Saint Paul's Day",
    "2002-08-15": "Assumption Day",
    "2002-09-08": "Nativity of Mary Day",
    "2002-10-16": "Anniversary of the Election of the Holy Father",
    "2002-11-01": "All Saints' Day",
    "2002-11-04": "Saint Charles Borromeo Day",
    "2002-12-08": "Immaculate Conception Day",
    "2002-12-25": "Christmas Day",
    "2002-12-26": "Saint Stephen's Day",
    "2003-01-01": "Solemnity of Mary Day",
    "2003-01-06": "Epiphany",
    "2003-02-11": "Lateran Treaty Day",
    "2003-03-19": "Saint Joseph's Day",
    "2003-04-20": "Easter Sunday",
    "2003-04-21": "Easter Monday",
    "2003-05-01": "Saint Joseph the Worker's Day",
    "2003-05-29": "Ascension of Christ",
    "2003-06-19": "Corpus Christi",
    "2003-06-29": "Saint Peter and Saint Paul's Day",
    "2003-08-15": "Assumption Day",
    "2003-09-08": "Nativity of Mary Day",
    "2003-10-16": "Anniversary of the Election of the Holy Father",
    "2003-11-01": "All Saints' Day",
    "2003-11-04": "Saint Charles Borromeo Day",
    "2003-12-08": "Immaculate Conception Day",
    "2003-12-25": "Christmas Day",
    "2003-12-26": "Saint Stephen's Day",
    "2004-01-01": "Solemnity of Mary Day",
    "2004-01-06": "Epiphany",
    "2004-02-11": "Lateran Treaty Day",
    "2004-03-19": "Saint Joseph's Day",
    "2004-04-11": "Easter Sunday",
    "2004-04-12": "Easter Monday",
    "2004-05-01": "Saint Joseph the Worker's Day",
    "2004-05-20": "Ascension of Christ",
    "2004-06-10": "Corpus Christi",
    "2004-06-29": "Saint Peter and Saint Paul's Day",
    "2004-08-15": "Assumption Day",
    "2004-09-08": "Nativity of Mary Day",
    "2004-10-16": "Anniversary of the Election of the Holy Father",
    "2004-11-01": "All Saints' Day",
    "2004-11-04": "Saint Charles Borromeo Day",
    "2004-12-08": "Immaculate Conception Day",
    "2004-12-25": "Christmas Day",
    "2004-12-26": "Saint Stephen's Day",
    "2005-01-01": "Solemnity of Mary Day",
    "2005-01-06": "Epiphany",
    "2005-02-11": "Lateran Treaty Day",
    "2005-03-19": "Saint Joseph's Day",
    "2005-03-27": "Easter Sunday",
    "2005-03-28": "Easter Monday",
    "2005-04-19": "Anniversary of the Election of the Holy Father",
    "2005-05-01": "Saint Joseph the Worker's Day",
    "2005-05-05": "Ascension of Christ",
    "2005-05-26": "Corpus Christi",
    "2005-06-29": "Saint Peter and Saint Paul's Day",
    "2005-08-15": "Assumption Day",
    "2005-09-08": "Nativity of Mary Day",
    "2005-11-01": "All Saints' Day",
    "2005-12-08": "Immaculate Conception Day",
    "2005-12-25": "Christmas Day",
    "2005-12-26": "Saint Stephen's Day",
    "2006-01-01": "Solemnity of Mary Day",
    "2006-01-06": "Epiphany",
    "2006-02-11": "Lateran Treaty Day",
    "2006-03-19": "Saint Joseph's Day",
    "2006-04-16": "Easter Sunday",
    "2006-04-17": "Easter Monday",
    "2006-04-19": "Anniversary of the Election of the Holy Father",
    "2006-05-01": "Saint Joseph the Worker's Day",
    "2006-05-25": "Ascension of Christ",
    "2006-06-15": "Corpus Christi",
    "2006-06-29": "Saint Peter and Saint Paul's Day",
    "2006-08-15": "Assumption Day",
    "2006-09-08": "Nativity of Mary Day",
    "2006-11-01": "All Saints' Day",
    "2006-12-08": "Immaculate Conception Day",
    "2006-12-25": "Christmas Day",
    "2006-12-26": "Saint Stephen's Day",
    "2007-01-01": "Solemnity of Mary Day",
    "2007-01-06": "Epiphany",
    "2007-02-11": "Lateran Treaty Day",
    "2007-03-19": "Saint Joseph's Day",
    "2007-04-08": "Easter Sunday",
    "2007-04-09": "Easter Monday",
    "2007-04-19": "Anniversary of the Election of the Holy Father",
    "2007-05-01": "Saint Joseph the Worker's Day",
    "2007-05-17": "Ascension of Christ",
    "2007-06-07": "Corpus Christi",
    "2007-06-29": "Saint Peter and Saint Paul's Day",
    "2007-08-15": "Assumption Day",
    "2007-09-08": "Nativity of Mary Day",
    "2007-11-01": "All Saints' Day",
    "2007-12-08": "Immaculate Conception Day",
    "2007-12-25": "Christmas Day",
    "2007-12-26": "Saint Stephen's Day",
    "2008-01-01": "Solemnity of Mary Day",
    "2008-01-06": "Epiphany",
    "2008-02-11": "Lateran Treaty Day",
    "2008-03-19": "Saint Joseph's Day",
    "2008-03-23": "Easter Sunday",
    "2008-03-24": "Easter Monday",
    "2008-04-19": "Anniversary of the Election of the Holy Father",
    "2008-05-01": "Ascension of Christ; Saint Joseph the Worker's Day",
    "2008-05-22": "Corpus Christi",
    "2008-06-29": "Saint Peter and Saint Paul's Day",
    "2008-08-15": "Assumption Day",
    "2008-09-08": "Nativity of Mary Day",
    "2008-11-01": "All Saints' Day",
    "2008-12-08": "Immaculate Conception Day",
    "2008-12-25": "Christmas Day",
    "2008-12-26": "Saint Stephen's Day",
    "2009-01-01": "Solemnity of Mary Day",
    "2009-01-06": "Epiphany",
    "2009-02-11": "Lateran Treaty Day",
    "2009-03-19": "Saint Joseph's Day",
    "2009-04-12": "Easter Sunday",
    "2009-04-13": "Easter Monday",
    "2009-04-19": "Anniversary of the Election of the Holy Father",
    "2009-05-01": "Saint Joseph the Worker's Day",
    "2009-05-21": "Ascension of Christ",
    "2009-06-11": "Corpus Christi",
    "2009-06-29": "Saint Peter and Saint Paul's Day",
    "2009-08-15": "Assumption Day",
    "2009-09-08": "Nativity of Mary Day",
    "2009-11-01": "All Saints' Day",
    "2009-12-08": "Immaculate Conception Day",
    "2009-12-25": "Christmas Day",
    "2009-12-26": "Saint Stephen's Day",
    "2010-01-01": "Solemnity of Mary Day",
    "2010-01-06": "Epiphany",
    "2010-02-11": "Lateran Treaty Day",
    "2010-03-19": "Saint Joseph's Day",
    "2010-04-04": "Easter Sunday",
    "2010-04-05": "Easter Monday",
    "2010-04-19": "Anniversary of the Election of the Holy Father",
    "2010-05-01": "Saint Joseph the Worker's Day",
    "2010-06-29": "Saint Peter and Saint Paul's Day",
    "2010-08-15": "Assumption Day",
    "2010-09-08": "Nativity of Mary Day",
    "2010-11-01": "All Saints' Day",
    "2010-12-08": "Immaculate Conception Day",
    "2010-12-25": "Christmas Day",
    "2010-12-26": "Saint Stephen's Day",
    "2011-01-01": "Solemnity of Mary Day",
    "2011-01-06": "Epiphany",
    "2011-02-11": "Lateran Treaty Day",
    "2011-03-19": "Saint Joseph's Day",
    "2011-04-19": "Anniversary of the Election of the Holy Father",
    "2011-04-24": "Easter Sunday",
    "2011-04-25": "Easter Monday",
    "2011-05-01": "Saint Joseph the Worker's Day",
    "2011-06-29": "Saint Peter and Saint Paul's Day",
    "2011-08-15": "Assumption Day",
    "2011-09-08": "Nativity of Mary Day",
    "2011-11-01": "All Saints' Day",
    "2011-12-08": "Immaculate Conception Day",
    "2011-12-25": "Christmas Day",
    "2011-12-26": "Saint Stephen's Day",
    "2012-01-01": "Solemnity of Mary Day",
    "2012-01-06": "Epiphany",
    "2012-02-11": "Lateran Treaty Day",
    "2012-03-19": "Saint Joseph's Day",
    "2012-04-08": "Easter Sunday",
    "2012-04-09": "Easter Monday",
    "2012-04-19": "Anniversary of the Election of the Holy Father",
    "2012-05-01": "Saint Joseph the Worker's Day",
    "2012-06-29": "Saint Peter and Saint Paul's Day",
    "2012-08-15": "Assumption Day",
    "2012-09-08": "Nativity of Mary Day",
    "2012-11-01": "All Saints' Day",
    "2012-12-08": "Immaculate Conception Day",
    "2012-12-25": "Christmas Day",
    "2012-12-26": "Saint Stephen's Day",
    "2013-01-01": "Solemnity of Mary Day",
    "2013-01-06": "Epiphany",
    "2013-02-11": "Lateran Treaty Day",
    "2013-03-13": "Anniversary of the Election of the Holy Father",
    "2013-03-19": "Saint Joseph's Day",
    "2013-03-31": "Easter Sunday",
    "2013-04-01": "Easter Monday",
    "2013-04-23": "Saint George's Day",
    "2013-05-01": "Saint Joseph the Worker's Day",
    "2013-06-29": "Saint Peter and Saint Paul's Day",
    "2013-08-15": "Assumption Day",
    "2013-09-08": "Nativity of Mary Day",
    "2013-11-01": "All Saints' Day",
    "2013-12-08": "Immaculate Conception Day",
    "2013-12-25": "Christmas Day",
    "2013-12-26": "Saint Stephen's Day",
    "2014-01-01": "Solemnity of Mary Day",
    "2014-01-06": "Epiphany",
    "2014-02-11": "Lateran Treaty Day",
    "2014-03-13": "Anniversary of the Election of the Holy Father",
    "2014-03-19": "Saint Joseph's Day",
    "2014-04-20": "Easter Sunday",
    "2014-04-21": "Easter Monday",
    "2014-04-23": "Saint George's Day",
    "2014-05-01": "Saint Joseph the Worker's Day",
    "2014-06-29": "Saint Peter and Saint Paul's Day",
    "2014-08-15": "Assumption Day",
    "2014-09-08": "Nativity of Mary Day",
    "2014-11-01": "All Saints' Day",
    "2014-12-08": "Immaculate Conception Day",
    "2014-12-25": "Christmas Day",
    "2014-12-26": "Saint Stephen's Day",
    "2015-01-01": "Solemnity of Mary Day",
    "2015-01-06": "Epiphany",
    "2015-02-11": "Lateran Treaty Day",
    "2015-03-13": "Anniversary of the Election of the Holy Father",
    "2015-03-19": "Saint Joseph's Day",
    "2015-04-05": "Easter Sunday",
    "2015-04-06": "Easter Monday",
    "2015-04-23": "Saint George's Day",
    "2015-05-01": "Saint Joseph the Worker's Day",
    "2015-06-29": "Saint Peter and Saint Paul's Day",
    "2015-08-15": "Assumption Day",
    "2015-09-08": "Nativity of Mary Day",
    "2015-11-01": "All Saints' Day",
    "2015-12-08": "Immaculate Conception Day",
    "2015-12-25": "Christmas Day",
    "2015-12-26": "Saint Stephen's Day",
    "2016-01-01": "Solemnity of Mary Day",
    "2016-01-06": "Epiphany",
    "2016-02-11": "Lateran Treaty Day",
    "2016-03-13": "Anniversary of the Election of the Holy Father",
    "2016-03-19": "Saint Joseph's Day",
    "2016-03-27": "Easter Sunday",
    "2016-03-28": "Easter Monday",
    "2016-04-23": "Saint George's Day",
    "2016-05-01": "Saint Joseph the Worker's Day",
    "2016-06-29": "Saint Peter and Saint Paul's Day",
    "2016-08-15": "Assumption Day",
    "2016-09-08": "Nativity of Mary Day",
    "2016-11-01": "All Saints' Day",
    "2016-12-08": "Immaculate Conception Day",
    "2016-12-25": "Christmas Day",
    "2016-12-26": "Saint Stephen's Day",
    "2017-01-01": "Solemnity of Mary Day",
    "2017-01-06": "Epiphany",
    "2017-02-11": "Lateran Treaty Day",
    "2017-03-13": "Anniversary of the Election of the Holy Father",
    "2017-03-19": "Saint Joseph's Day",
    "2017-04-16": "Easter Sunday",
    "2017-04-17": "Easter Monday",
    "2017-04-23": "Saint George's Day",
    "2017-05-01": "Saint Joseph the Worker's Day",
    "2017-06-29": "Saint Peter and Saint Paul's Day",
    "2017-08-15": "Assumption Day",
    "2017-09-08": "Nativity of Mary Day",
    "2017-11-01": "All Saints' Day",
    "2017-12-08": "Immaculate Conception Day",
    "2017-12-25": "Christmas Day",
    "2017-12-26": "Saint Stephen's Day",
    "2018-01-01": "Solemnity of Mary Day",
    "2018-01-06": "Epiphany",
    "2018-02-11": "Lateran Treaty Day",
    "2018-03-13": "Anniversary of the Election of the Holy Father",
    "2018-03-19": "Saint Joseph's Day",
    "2018-04-01": "Easter Sunday",
    "2018-04-02": "Easter Monday",
    "2018-04-23": "Saint George's Day",
    "2018-05-01": "Saint Joseph the Worker's Day",
    "2018-06-29": "Saint Peter and Saint Paul's Day",
    "2018-08-15": "Assumption Day",
    "2018-09-08": "Nativity of Mary Day",
    "2018-11-01": "All Saints' Day",
    "2018-12-08": "Immaculate Conception Day",
    "2018-12-25": "Christmas Day",
    "2018-12-26": "Saint Stephen's Day",
    "2019-01-01": "Solemnity of Mary Day",
    "2019-01-06": "Epiphany",
    "2019-02-11": "Lateran Treaty Day",
    "2019-03-13": "Anniversary of the Election of the Holy Father",
    "2019-03-19": "Saint Joseph's Day",
    "2019-04-21": "Easter Sunday",
    "2019-04-22": "Easter Monday",
    "2019-04-23": "Saint George's Day",
    "2019-05-01": "Saint Joseph the Worker's Day",
    "2019-06-29": "Saint Peter and Saint Paul's Day",
    "2019-08-15": "Assumption Day",
    "2019-09-08": "Nativity of Mary Day",
    "2019-11-01": "All Saints' Day",
    "2019-12-08": "Immaculate Conception Day",
    "2019-12-25": "Christmas Day",
    "2019-12-26": "Saint Stephen's Day",
    "2020-01-01": "Solemnity of Mary Day",
    "2020-01-06": "Epiphany",
    "2020-02-11": "Lateran Treaty Day",
    "2020-03-13": "Anniversary of the Election of the Holy Father",
    "2020-03-19": "Saint Joseph's Day",
    "2020-04-12": "Easter Sunday",
    "2020-04-13": "Easter Monday",
    "2020-04-23": "Saint George's Day",
    "2020-05-01": "Saint Joseph the Worker's Day",
    "2020-06-29": "Saint Peter and Saint Paul's Day",
    "2020-08-15": "Assumption Day",
    "2020-09-08": "Nativity of Mary Day",
    "2020-11-01": "All Saints' Day",
    "2020-12-08": "Immaculate Conception Day",
    "2020-12-25": "Christmas Day",
    "2020-12-26": "Saint Stephen's Day",
    "2021-01-01": "Solemnity of Mary Day",
    "2021-01-06": "Epiphany",
    "2021-02-11": "Lateran Treaty Day",
    "2021-03-13": "Anniversary of the Election of the Holy Father",
    "2021-03-19": "Saint Joseph's Day",
    "2021-04-04": "Easter Sunday",
    "2021-04-05": "Easter Monday",
    "2021-04-23": "Saint George's Day",
    "2021-05-01": "Saint Joseph the Worker's Day",
    "2021-06-29": "Saint Peter and Saint Paul's Day",
    "2021-08-15": "Assumption Day",
    "2021-09-08": "Nativity of Mary Day",
    "2021-11-01": "All Saints' Day",
    "2021-12-08": "Immaculate Conception Day",
    "2021-12-25": "Christmas Day",
    "2021-12-26": "Saint Stephen's Day",
    "2022-01-01": "Solemnity of Mary Day",
    "2022-01-06": "Epiphany",
    "2022-02-11": "Lateran Treaty Day",
    "2022-03-13": "Anniversary of the Election of the Holy Father",
    "2022-03-19": "Saint Joseph's Day",
    "2022-04-17": "Easter Sunday",
    "2022-04-18": "Easter Monday",
    "2022-04-23": "Saint George's Day",
    "2022-05-01": "Saint Joseph the Worker's Day",
    "2022-06-29": "Saint Peter and Saint Paul's Day",
    "2022-08-15": "Assumption Day",
    "2022-09-08": "Nativity of Mary Day",
    "2022-11-01": "All Saints' Day",
    "2022-12-08": "Immaculate Conception Day",
    "2022-12-25": "Christmas Day",
    "2022-12-26": "Saint Stephen's Day",
    "2023-01-01": "Solemnity of Mary Day",
    "2023-01-06": "Epiphany",
    "2023-02-11": "Lateran Treaty Day",
    "2023-03-13": "Anniversary of the Election of the Holy Father",
    "2023-03-19": "Saint Joseph's Day",
    "2023-04-09": "Easter Sunday",
    "2023-04-10": "Easter Monday",
    "2023-04-23": "Saint George's Day",
    "2023-05-01": "Saint Joseph the Worker's Day",
    "2023-06-29": "Saint Peter and Saint Paul's Day",
    "2023-08-15": "Assumption Day",
    "2023-09-08": "Nativity of Mary Day",
    "2023-11-01": "All Saints' Day",
    "2023-12-08": "Immaculate Conception Day",
    "2023-12-25": "Christmas Day",
    "2023-12-26": "Saint Stephen's Day",
    "2024-01-01": "Solemnity of Mary Day",
    "2024-01-06": "Epiphany",
    "2024-02-11": "Lateran Treaty Day",
    "2024-03-13": "Anniversary of the Election of the Holy Father",
    "2024-03-19": "Saint Joseph's Day",
    "2024-03-31": "Easter Sunday",
    "2024-04-01": "Easter Monday",
    "2024-04-23": "Saint George's Day",
    "2024-05-01": "Saint Joseph the Worker's Day",
    "2024-06-29": "Saint Peter and Saint Paul's Day",
    "2024-08-15": "Assumption Day",
    "2024-09-08": "Nativity of Mary Day",
    "2024-11-01": "All Saints' Day",
    "2024-12-08": "Immaculate Conception Day",
    "2024-12-25": "Christmas Day",
    "2024-12-26": "Saint Stephen's Day",
    "2025-01-01": "Solemnity of Mary Day",
    "2025-01-06": "Epiphany",
    "2025-02-11": "Lateran Treaty Day",
    "2025-03-13": "Anniversary of the Election of the Holy Father",
    "2025-03-19": "Saint Joseph's Day",
    "2025-04-20": "Easter Sunday",
    "2025-04-21": "Easter Monday",
    "2025-04-23": "Saint George's Day",
    "2025-05-01": "Saint Joseph the Worker's Day",
    "2025-06-29": "Saint Peter and Saint Paul's Day",
    "2025-08-15": "Assumption Day",
    "2025-09-08": "Nativity of Mary Day",
    "2025-11-01": "All Saints' Day",
    "2025-12-08": "Immaculate Conception Day",
    "2025-12-25": "Christmas Day",
    "2025-12-26": "Saint Stephen's Day",
    "2026-01-01": "Solemnity of Mary Day",
    "2026-01-06": "Epiphany",
    "2026-02-11": "Lateran Treaty Day",
    "2026-03-13": "Anniversary of the Election of the Holy Father",
    "2026-03-19": "Saint Joseph's Day",
    "2026-04-05": "Easter Sunday",
    "2026-04-06": "Easter Monday",
    "2026-04-23": "Saint George's Day",
    "2026-05-01": "Saint Joseph the Worker's Day",
    "2026-06-29": "Saint Peter and Saint Paul's Day",
    "2026-08-15": "Assumption Day",
    "2026-09-08": "Nativity of Mary Day",
    "2026-11-01": "All Saints' Day",
    "2026-12-08": "Immaculate Conception Day",
    "2026-12-25": "Christmas Day",
    "2026-12-26": "Saint Stephen's Day",
    "2027-01-01": "Solemnity of Mary Day",
    "2027-01-06": "Epiphany",
    "2027-02-11": "Lateran Treaty Day",
    "2027-03-13": "Anniversary of the Election of the Holy Father",
    "2027-03-19": "Saint Joseph's Day",
    "2027-03-28": "Easter Sunday",
    "2027-03-29": "Easter Monday",
    "2027-04-23": "Saint George's Day",
    "2027-05-01": "Saint Joseph the Worker's Day",
    "2027-06-29": "Saint Peter and Saint Paul's Day",
    "2027-08-15": "Assumption Day",
    "2027-09-08": "Nativity of Mary Day",
    "2027-11-01": "All Saints' Day",
    "2027-12-08": "Immaculate Conception Day",
    "2027-12-25": "Christmas Day",
    "2027-12-26": "Saint Stephen's Day",
    "2028-01-01": "Solemnity of Mary Day",
    "2028-01-06": "Epiphany",
    "2028-02-11": "Lateran Treaty Day",
    "2028-03-13": "Anniversary of the Election of the Holy Father",
    "2028-03-19": "Saint Joseph's Day",
    "2028-04-16": "Easter Sunday",
    "2028-04-17": "Easter Monday",
    "2028-04-23": "Saint George's Day",
    "2028-05-01": "Saint Joseph the Worker's Day",
    "2028-06-29": "Saint Peter and Saint Paul's Day",
    "2028-08-15": "Assumption Day",
    "2028-09-08": "Nativity of Mary Day",
    "2028-11-01": "All Saints' Day",
    "2028-12-08": "Immaculate Conception Day",
    "2028-12-25": "Christmas Day",
    "2028-12-26": "Saint Stephen's Day",
    "2029-01-01": "Solemnity of Mary Day",
    "2029-01-06": "Epiphany",
    "2029-02-11": "Lateran Treaty Day",
    "2029-03-13": "Anniversary of the Election of the Holy Father",
    "2029-03-19": "Saint Joseph's Day",
    "2029-04-01": "Easter Sunday",
    "2029-04-02": "Easter Monday",
    "2029-04-23": "Saint George's Day",
    "2029-05-01": "Saint Joseph the Worker's Day",
    "2029-06-29": "Saint Peter and Saint Paul's Day",
    "2029-08-15": "Assumption Day",
    "2029-09-08": "Nativity of Mary Day",
    "2029-11-01": "All Saints' Day",
    "2029-12-08": "Immaculate Conception Day",
    "2029-12-25": "Christmas Day",
    "2029-12-26": "Saint Stephen's Day",
    "2030-01-01": "Solemnity of Mary Day",
    "2030-01-06": "Epiphany",
    "2030-02-11": "Lateran Treaty Day",
    "2030-03-13": "Anniversary of the Election of the Holy Father",
    "2030-03-19": "Saint Joseph's Day",
    "2030-04-21": "Easter Sunday",
    "2030-04-22": "Easter Monday",
    "2030-04-23": "Saint George's Day",
    "2030-05-01": "Saint Joseph the Worker's Day",
    "2030-06-29": "Saint Peter and Saint Paul's Day",
    "2030-08-15": "Assumption Day",
    "2030-09-08": "Nativity of Mary Day",
    "2030-11-01": "All Saints' Day",
    "2030-12-08": "Immaculate Conception Day",
    "2030-12-25": "Christmas Day",
    "2030-12-26": "Saint Stephen's Day",
    "2031-01-01": "Solemnity of Mary Day",
    "2031-01-06": "Epiphany",
    "2031-02-11": "Lateran Treaty Day",
    "2031-03-13": "Anniversary of the Election of the Holy Father",
    "2031-03-19": "Saint Joseph's Day",
    "2031-04-13": "Easter Sunday",
    "2031-04-14": "Easter Monday",
    "2031-04-23": "Saint George's Day",
    "2031-05-01": "Saint Joseph the Worker's Day",
    "2031-06-29": "Saint Peter and Saint Paul's Day",
    "2031-08-15": "Assumption Day",
    "2031-09-08": "Nativity of Mary Day",
    "2031-11-01": "All Saints' Day",
    "2031-12-08": "Immaculate Conception Day",
    "2031-12-25": "Christmas Day",
    "2031-12-26": "Saint Stephen's Day",
    "2032-01-01": "Solemnity of Mary Day",
    "2032-01-06": "Epiphany",
    "2032-02-11": "Lateran Treaty Day",
    "2032-03-13": "Anniversary of the Election of the Holy Father",
    "2032-03-19": "Saint Joseph's Day",
    "2032-03-28": "Easter Sunday",
    "2032-03-29": "Easter Monday",
    "2032-04-23": "Saint George's Day",
    "2032-05-01": "Saint Joseph the Worker's Day",
    "2032-06-29": "Saint Peter and Saint Paul's Day",
    "2032-08-15": "Assumption Day",
    "2032-09-08": "Nativity of Mary Day",
    "2032-11-01": "All Saints' Day",
    "2032-12-08": "Immaculate Conception Day",
    "2032-12-25": "Christmas Day",
    "2032-12-26": "Saint Stephen's Day",
    "2033-01-01": "Solemnity of Mary Day",
    "2033-01-06": "Epiphany",
    "2033-02-11": "Lateran Treaty Day",
    "2033-03-13": "Anniversary of the Election of the Holy Father",
    "2033-03-19": "Saint Joseph's Day",
    "2033-04-17": "Easter Sunday",
    "2033-04-18": "Easter Monday",
    "2033-04-23": "Saint George's Day",
    "2033-05-01": "Saint Joseph the Worker's Day",
    "2033-06-29": "Saint Peter and Saint Paul's Day",
    "2033-08-15": "Assumption Day",
    "2033-09-08": "Nativity of Mary Day",
    "2033-11-01": "All Saints' Day",
    "2033-12-08": "Immaculate Conception Day",
    "2033-12-25": "Christmas Day",
    "2033-12-26": "Saint Stephen's Day",
    "2034-01-01": "Solemnity of Mary Day",
    "2034-01-06": "Epiphany",
    "2034-02-11": "Lateran Treaty Day",
    "2034-03-13": "Anniversary of the Election of the Holy Father",
    "2034-03-19": "Saint Joseph's Day",
    "2034-04-09": "Easter Sunday",
    "2034-04-10": "Easter Monday",
    "2034-04-23": "Saint George's Day",
    "2034-05-01": "Saint Joseph the Worker's Day",
    "2034-06-29": "Saint Peter and Saint Paul's Day",
    "2034-08-15": "Assumption Day",
    "2034-09-08": "Nativity of Mary Day",
    "2034-11-01": "All Saints' Day",
    "2034-12-08": "Immaculate Conception Day",
    "2034-12-25": "Christmas Day",
    "2034-12-26": "Saint Stephen's Day",
    "2035-01-01": "Solemnity of Mary Day",
    "2035-01-06": "Epiphany",
    "2035-02-11": "Lateran Treaty Day",
    "2035-03-13": "Anniversary of the Election of the Holy Father",
    "2035-03-19": "Saint Joseph's Day",
    "2035-03-25": "Easter Sunday",
    "2035-03-26": "Easter Monday",
    "2035-04-23": "Saint George's Day",
    "2035-05-01": "Saint Joseph the Worker's Day",
    "2035-06-29": "Saint Peter and Saint Paul's Day",
    "2035-08-15": "Assumption Day",
    "2035-09-08": "Nativity of Mary Day",
    "2035-11-01": "All Saints' Day",
    "2035-12-08": "Immaculate Conception Day",
    "2035-12-25": "Christmas Day",
    "2035-12-26": "Saint Stephen's Day",
    "2036-01-01": "Solemnity of Mary Day",
    "2036-01-06": "Epiphany",
    "2036-02-11": "Lateran Treaty Day",
    "2036-03-13": "Anniversary of the Election of the Holy Father",
    "2036-03-19": "Saint Joseph's Day",
    "2036-04-13": "Easter Sunday",
    "2036-04-14": "Easter Monday",
    "2036-04-23": "Saint George's Day",
    "2036-05-01": "Saint Joseph the Worker's Day",
    "2036-06-29": "Saint Peter and Saint Paul's Day",
    "2036-08-15": "Assumption Day",
    "2036-09-08": "Nativity of Mary Day",
    "2036-11-01": "All Saints' Day",
    "2036-12-08": "Immaculate Conception Day",
    "2036-12-25": "Christmas Day",
    "2036-12-26": "Saint Stephen's Day",
    "2037-01-01": "Solemnity of Mary Day",
    "2037-01-06": "Epiphany",
    "2037-02-11": "Lateran Treaty Day",
    "2037-03-13": "Anniversary of the Election of the Holy Father",
    "2037-03-19": "Saint Joseph's Day",
    "2037-04-05": "Easter Sunday",
    "2037-04-06": "Easter Monday",
    "2037-04-23": "Saint George's Day",
    "2037-05-01": "Saint Joseph the Worker's Day",
    "2037-06-29": "Saint Peter and Saint Paul's Day",
    "2037-08-15": "Assumption Day",
    "2037-09-08": "Nativity of Mary Day",
    "2037-11-01": "All Saints' Day",
    "2037-12-08": "Immaculate Conception Day",
    "2037-12-25": "Christmas Day",
    "2037-12-26": "Saint Stephen's Day",
    "2038-01-01": "Solemnity of Mary Day",
    "2038-01-06": "Epiphany",
    "2038-02-11": "Lateran Treaty Day",
    "2038-03-13": "Anniversary of the Election of the Holy Father",
    "2038-03-19": "Saint Joseph's Day",
    "2038-04-23": "Saint George's Day",
    "2038-04-25": "Easter Sunday",
    "2038-04-26": "Easter Monday",
    "2038-05-01": "Saint Joseph the Worker's Day",
    "2038-06-29": "Saint Peter and Saint Paul's Day",
    "2038-08-15": "Assumption Day",
    "2038-09-08": "Nativity of Mary Day",
    "2038-11-01": "All Saints' Day",
    "2038-12-08": "Immaculate Conception Day",
    "2038-12-25": "Christmas Day",
    "2038-12-26": "Saint Stephen's Day",
    "2039-01-01": "Solemnity of Mary Day",
    "2039-01-06": "Epiphany",
    "2039-02-11": "Lateran Treaty Day",
    "2039-03-13": "Anniversary of the Election of the Holy Father",
    "2039-03-19": "Saint Joseph's Day",
    "2039-04-10": "Easter Sunday",
    "2039-04-11": "Easter Monday",
    "2039-04-23": "Saint George's Day",
    "2039-05-01": "Saint Joseph the Worker's Day",
    "2039-06-29": "Saint Peter and Saint Paul's Day",
    "2039-08-15": "Assumption Day",
    "2039-09-08": "Nativity of Mary Day",
    "2039-11-01": "All Saints' Day",
    "2039-12-08": "Immaculate Conception Day",
    "2039-12-25": "Christmas Day",
    "2039-12-26": "Saint Stephen's Day",
    "2040-01-01": "Solemnity of Mary Day",
    "2040-01-06": "Epiphany",
    "2040-02-11": "Lateran Treaty Day",
    "2040-03-13": "Anniversary of the Election of the Holy Father",
    "2040-03-19": "Saint Joseph's Day",
    "2040-04-01": "Easter Sunday",
    "2040-04-02": "Easter Monday",
    "2040-04-23": "Saint George's Day",
    "2040-05-01": "Saint Joseph the Worker's Day",
    "2040-06-29": "Saint Peter and Saint Paul's Day",
    "2040-08-15": "Assumption Day",
    "2040-09-08": "Nativity of Mary Day",
    "2040-11-01": "All Saints' Day",
    "2040-12-08": "Immaculate Conception Day",
    "2040-12-25": "Christmas Day",
    "2040-12-26": "Saint Stephen's Day",
    "2041-01-01": "Solemnity of Mary Day",
    "2041-01-06": "Epiphany",
    "2041-02-11": "Lateran Treaty Day",
    "2041-03-13": "Anniversary of the Election of the Holy Father",
    "2041-03-19": "Saint Joseph's Day",
    "2041-04-21": "Easter Sunday",
    "2041-04-22": "Easter Monday",
    "2041-04-23": "Saint George's Day",
    "2041-05-01": "Saint Joseph the Worker's Day",
    "2041-06-29": "Saint Peter and Saint Paul's Day",
    "2041-08-15": "Assumption Day",
    "2041-09-08": "Nativity of Mary Day",
    "2041-11-01": "All Saints' Day",
    "2041-12-08": "Immaculate Conception Day",
    "2041-12-25": "Christmas Day",
    "2041-12-26": "Saint Stephen's Day",
    "2042-01-01": "Solemnity of Mary Day",
    "2042-01-06": "Epiphany",
    "2042-02-11": "Lateran Treaty Day",
    "2042-03-13": "Anniversary of the Election of the Holy Father",
    "2042-03-19": "Saint Joseph's Day",
    "2042-04-06": "Easter Sunday",
    "2042-04-07": "Easter Monday",
    "2042-04-23": "Saint George's Day",
    "2042-05-01": "Saint Joseph the Worker's Day",
    "2042-06-29": "Saint Peter and Saint Paul's Day",
    "2042-08-15": "Assumption Day",
    "2042-09-08": "Nativity of Mary Day",
    "2042-11-01": "All Saints' Day",
    "2042-12-08": "Immaculate Conception Day",
    "2042-12-25": "Christmas Day",
    "2042-12-26": "Saint Stephen's Day",
    "2043-01-01": "Solemnity of Mary Day",
    "2043-01-06": "Epiphany",
    "2043-02-11": "Lateran Treaty Day",
    "2043-03-13": "Anniversary of the Election of the Holy Father",
    "2043-03-19": "Saint Joseph's Day",
    "2043-03-29": "Easter Sunday",
    "2043-03-30": "Easter Monday",
    "2043-04-23": "Saint George's Day",
    "2043-05-01": "Saint Joseph the Worker's Day",
    "2043-06-29": "Saint Peter and Saint Paul's Day",
    "2043-08-15": "Assumption Day",
    "2043-09-08": "Nativity of Mary Day",
    "2043-11-01": "All Saints' Day",
    "2043-12-08": "Immaculate Conception Day",
    "2043-12-25": "Christmas Day",
    "2043-12-26": "Saint Stephen's Day",
    "2044-01-01": "Solemnity of Mary Day",
    "2044-01-06": "Epiphany",
    "2044-02-11": "Lateran Treaty Day",
    "2044-03-13": "Anniversary of the Election of the Holy Father",
    "2044-03-19": "Saint Joseph's Day",
    "2044-04-17": "Easter Sunday",
    "2044-04-18": "Easter Monday",
    "2044-04-23": "Saint George's Day",
    "2044-05-01": "Saint Joseph the Worker's Day",
    "2044-06-29": "Saint Peter and Saint Paul's Day",
    "2044-08-15": "Assumption Day",
    "2044-09-08": "Nativity of Mary Day",
    "2044-11-01": "All Saints' Day",
    "2044-12-08": "Immaculate Conception Day",
    "2044-12-25": "Christmas Day",
    "2044-12-26": "Saint Stephen's Day",
    "2045-01-01": "Solemnity of Mary Day",
    "2045-01-06": "Epiphany",
    "2045-02-11": "Lateran Treaty Day",
    "2045-03-13": "Anniversary of the Election of the Holy Father",
    "2045-03-19": "Saint Joseph's Day",
    "2045-04-09": "Easter Sunday",
    "2045-04-10": "Easter Monday",
    "2045-04-23": "Saint George's Day",
    "2045-05-01": "Saint Joseph the Worker's Day",
    "2045-06-29": "Saint Peter and Saint Paul's Day",
    "2045-08-15": "Assumption Day",
    "2045-09-08": "Nativity of Mary Day",
    "2045-11-01": "All Saints' Day",
    "2045-12-08": "Immaculate Conception Day",
    "2045-12-25": "Christmas Day",
    "2045-12-26": "Saint Stephen's Day",
    "2046-01-01": "Solemnity of Mary Day",
    "2046-01-06": "Epiphany",
    "2046-02-11": "Lateran Treaty Day",
    "2046-03-13": "Anniversary of the Election of the Holy Father",
    "2046-03-19": "Saint Joseph's Day",
    "2046-03-25": "Easter Sunday",
    "2046-03-26": "Easter Monday",
    "2046-04-23": "Saint George's Day",
    "2046-05-01": "Saint Joseph the Worker's Day",
    "2046-06-29": "Saint Peter and Saint Paul's Day",
    "2046-08-15": "Assumption Day",
    "2046-09-08": "Nativity of Mary Day",
    "2046-11-01": "All Saints' Day",
    "2046-12-08": "Immaculate Conception Day",
    "2046-12-25": "Christmas Day",
    "2046-12-26": "Saint Stephen's Day",
    "2047-01-01": "Solemnity of Mary Day",
    "2047-01-06": "Epiphany",
    "2047-02-11": "Lateran Treaty Day",
    "2047-03-13": "Anniversary of the Election of the Holy Father",
    "2047-03-19": "Saint Joseph's Day",
    "2047-04-14": "Easter Sunday",
    "2047-04-15": "Easter Monday",
    "2047-04-23": "Saint George's Day",
    "2047-05-01": "Saint Joseph the Worker's Day",
    "2047-06-29": "Saint Peter and Saint Paul's Day",
    "2047-08-15": "Assumption Day",
    "2047-09-08": "Nativity of Mary Day",
    "2047-11-01": "All Saints' Day",
    "2047-12-08": "Immaculate Conception Day",
    "2047-12-25": "Christmas Day",
    "2047-12-26": "Saint Stephen's Day",
    "2048-01-01": "Solemnity of Mary Day",
    "2048-01-06": "Epiphany",
    "2048-02-11": "Lateran Treaty Day",
    "2048-03-13": "Anniversary of the Election of the Holy Father",
    "2048-03-19": "Saint Joseph's Day",
    "2048-04-05": "Easter Sunday",
    "2048-04-06": "Easter Monday",
    "2048-04-23": "Saint George's Day",
    "2048-05-01": "Saint Joseph the Worker's Day",
    "2048-06-29": "Saint Peter and Saint Paul's Day",
    "2048-08-15": "Assumption Day",
    "2048-09-08": "Nativity of Mary Day",
    "2048-11-01": "All Saints' Day",
    "2048-12-08": "Immaculate Conception Day",
    "2048-12-25": "Christmas Day",
    "2048-12-26": "Saint Stephen's Day",
    "2049-01-01": "Solemnity of Mary Day",
    "2049-01-06": "Epiphany",
    "2049-02-11": "Lateran Treaty Day",
    "2049-03-13": "Anniversary of the Election of the Holy Father",
    "2049-03-19": "Saint Joseph's Day",
    "2049-04-18": "Easter Sunday",
    "2049-04-19": "Easter Monday",
    "2049-04-23": "Saint George's Day",
    "2049-05-01": "Saint Joseph the Worker's Day",
    "2049-06-29": "Saint Peter and Saint Paul's Day",
    "2049-08-15": "Assumption Day",
    "2049-09-08": "Nativity of Mary Day",
    "2049-11-01": "All Saints' Day",
    "2049-12-08": "Immaculate Conception Day",
    "2049-12-25": "Christmas Day",
    "2049-12-26": "Saint Stephen's Day",
    "2050-01-01": "Solemnity of Mary Day",
    "2050-01-06": "Epiphany",
    "2050-02-11": "Lateran Treaty Day",
    "2050-03-13": "Anniversary of the Election of the Holy Father",
    "2050-03-19": "Saint Joseph's Day",
    "2050-04-10": "Easter Sunday",
    "2050-04-11": "Easter Monday",
    "2050-04-23": "Saint George's Day",
    "2050-05-01": "Saint Joseph the Worker's Day",
    "2050-06-29": "Saint Peter and Saint Paul's Day",
    "2050-08-15": "Assumption Day",
    "2050-09-08": "Nativity of Mary Day",
    "2050-11-01": "All Saints' Day",
    "2050-12-08": "Immaculate Conception Day",
    "2050-12-25": "Christmas Day",
    "2050-12-26": "Saint Stephen's Day"
}
