{
    "1950-01-01": "New Year's Day",
    "1950-01-02": "The Day After New Year's Day",
    "1950-04-07": "Good Friday",
    "1950-04-08": "Day After Good Friday",
    "1950-04-10": "Easter Monday",
    "1950-05-08": "Mother's Day",
    "1950-06-01": "Independence Day",
    "1950-08-14": "Father's Day",
    "1950-10-09": "White Monday (Lotu a Tamaiti)",
    "1950-12-25": "Christmas Day",
    "1950-12-26": "Boxing Day",
    "1951-01-01": "New Year's Day",
    "1951-01-02": "The Day After New Year's Day",
    "1951-03-23": "Good Friday",
    "1951-03-24": "Day After Good Friday",
    "1951-03-26": "Easter Monday",
    "1951-05-14": "Mother's Day",
    "1951-06-01": "Independence Day",
    "1951-08-13": "Father's Day",
    "1951-10-08": "White Monday (Lotu a Tamaiti)",
    "1951-12-25": "Christmas Day",
    "1951-12-26": "Boxing Day",
    "1952-01-01": "New Year's Day",
    "1952-01-02": "The Day After New Year's Day",
    "1952-04-11": "Good Friday",
    "1952-04-12": "Day After Good Friday",
    "1952-04-14": "Easter Monday",
    "1952-05-12": "Mother's Day",
    "1952-06-01": "Independence Day",
    "1952-08-11": "Father's Day",
    "1952-10-13": "White Monday (Lotu a Tamaiti)",
    "1952-12-25": "Christmas Day",
    "1952-12-26": "Boxing Day",
    "1953-01-01": "New Year's Day",
    "1953-01-02": "The Day After New Year's Day",
    "1953-04-03": "Good Friday",
    "1953-04-04": "Day After Good Friday",
    "1953-04-06": "Easter Monday",
    "1953-05-11": "Mother's Day",
    "1953-06-01": "Independence Day",
    "1953-08-10": "Father's Day",
    "1953-10-12": "White Monday (Lotu a Tamaiti)",
    "1953-12-25": "Christmas Day",
    "1953-12-26": "Boxing Day",
    "1954-01-01": "New Year's Day",
    "1954-01-02": "The Day After New Year's Day",
    "1954-04-16": "Good Friday",
    "1954-04-17": "Day After Good Friday",
    "1954-04-19": "Easter Monday",
    "1954-05-10": "Mother's Day",
    "1954-06-01": "Independence Day",
    "1954-08-09": "Father's Day",
    "1954-10-11": "White Monday (Lotu a Tamaiti)",
    "1954-12-25": "Christmas Day",
    "1954-12-26": "Boxing Day",
    "1955-01-01": "New Year's Day",
    "1955-01-02": "The Day After New Year's Day",
    "1955-04-08": "Good Friday",
    "1955-04-09": "Day After Good Friday",
    "1955-04-11": "Easter Monday",
    "1955-05-09": "Mother's Day",
    "1955-06-01": "Independence Day",
    "1955-08-08": "Father's Day",
    "1955-10-10": "White Monday (Lotu a Tamaiti)",
    "1955-12-25": "Christmas Day",
    "1955-12-26": "Boxing Day",
    "1956-01-01": "New Year's Day",
    "1956-01-02": "The Day After New Year's Day",
    "1956-03-30": "Good Friday",
    "1956-03-31": "Day After Good Friday",
    "1956-04-02": "Easter Monday",
    "1956-05-14": "Mother's Day",
    "1956-06-01": "Independence Day",
    "1956-08-13": "Father's Day",
    "1956-10-08": "White Monday (Lotu a Tamaiti)",
    "1956-12-25": "Christmas Day",
    "1956-12-26": "Boxing Day",
    "1957-01-01": "New Year's Day",
    "1957-01-02": "The Day After New Year's Day",
    "1957-04-19": "Good Friday",
    "1957-04-20": "Day After Good Friday",
    "1957-04-22": "Easter Monday",
    "1957-05-13": "Mother's Day",
    "1957-06-01": "Independence Day",
    "1957-08-12": "Father's Day",
    "1957-10-14": "White Monday (Lotu a Tamaiti)",
    "1957-12-25": "Christmas Day",
    "1957-12-26": "Boxing Day",
    "1958-01-01": "New Year's Day",
    "1958-01-02": "The Day After New Year's Day",
    "1958-04-04": "Good Friday",
    "1958-04-05": "Day After Good Friday",
    "1958-04-07": "Easter Monday",
    "1958-05-12": "Mother's Day",
    "1958-06-01": "Independence Day",
    "1958-08-11": "Father's Day",
    "1958-10-13": "White Monday (Lotu a Tamaiti)",
    "1958-12-25": "Christmas Day",
    "1958-12-26": "Boxing Day",
    "1959-01-01": "New Year's Day",
    "1959-01-02": "The Day After New Year's Day",
    "1959-03-27": "Good Friday",
    "1959-03-28": "Day After Good Friday",
    "1959-03-30": "Easter Monday",
    "1959-05-11": "Mother's Day",
    "1959-06-01": "Independence Day",
    "1959-08-10": "Father's Day",
    "1959-10-12": "White Monday (Lotu a Tamaiti)",
    "1959-12-25": "Christmas Day",
    "1959-12-26": "Boxing Day",
    "1960-01-01": "New Year's Day",
    "1960-01-02": "The Day After New Year's Day",
    "1960-04-15": "Good Friday",
    "1960-04-16": "Day After Good Friday",
    "1960-04-18": "Easter Monday",
    "1960-05-09": "Mother's Day",
    "1960-06-01": "Independence Day",
    "1960-08-08": "Father's Day",
    "1960-10-10": "White Monday (Lotu a Tamaiti)",
    "1960-12-25": "Christmas Day",
    "1960-12-26": "Boxing Day",
    "1961-01-01": "New Year's Day",
    "1961-01-02": "The Day After New Year's Day",
    "1961-03-31": "Good Friday",
    "1961-04-01": "Day After Good Friday",
    "1961-04-03": "Easter Monday",
    "1961-05-08": "Mother's Day",
    "1961-06-01": "Independence Day",
    "1961-08-14": "Father's Day",
    "1961-10-09": "White Monday (Lotu a Tamaiti)",
    "1961-12-25": "Christmas Day",
    "1961-12-26": "Boxing Day",
    "1962-01-01": "New Year's Day",
    "1962-01-02": "The Day After New Year's Day",
    "1962-04-20": "Good Friday",
    "1962-04-21": "Day After Good Friday",
    "1962-04-23": "Easter Monday",
    "1962-05-14": "Mother's Day",
    "1962-06-01": "Independence Day",
    "1962-08-13": "Father's Day",
    "1962-10-08": "White Monday (Lotu a Tamaiti)",
    "1962-12-25": "Christmas Day",
    "1962-12-26": "Boxing Day",
    "1963-01-01": "New Year's Day",
    "1963-01-02": "The Day After New Year's Day",
    "1963-04-12": "Good Friday",
    "1963-04-13": "Day After Good Friday",
    "1963-04-15": "Easter Monday",
    "1963-05-13": "Mother's Day",
    "1963-06-01": "Independence Day",
    "1963-08-12": "Father's Day",
    "1963-10-14": "White Monday (Lotu a Tamaiti)",
    "1963-12-25": "Christmas Day",
    "1963-12-26": "Boxing Day",
    "1964-01-01": "New Year's Day",
    "1964-01-02": "The Day After New Year's Day",
    "1964-03-27": "Good Friday",
    "1964-03-28": "Day After Good Friday",
    "1964-03-30": "Easter Monday",
    "1964-05-11": "Mother's Day",
    "1964-06-01": "Independence Day",
    "1964-08-10": "Father's Day",
    "1964-10-12": "White Monday (Lotu a Tamaiti)",
    "1964-12-25": "Christmas Day",
    "1964-12-26": "Boxing Day",
    "1965-01-01": "New Year's Day",
    "1965-01-02": "The Day After New Year's Day",
    "1965-04-16": "Good Friday",
    "1965-04-17": "Day After Good Friday",
    "1965-04-19": "Easter Monday",
    "1965-05-10": "Mother's Day",
    "1965-06-01": "Independence Day",
    "1965-08-09": "Father's Day",
    "1965-10-11": "White Monday (Lotu a Tamaiti)",
    "1965-12-25": "Christmas Day",
    "1965-12-26": "Boxing Day",
    "1966-01-01": "New Year's Day",
    "1966-01-02": "The Day After New Year's Day",
    "1966-04-08": "Good Friday",
    "1966-04-09": "Day After Good Friday",
    "1966-04-11": "Easter Monday",
    "1966-05-09": "Mother's Day",
    "1966-06-01": "Independence Day",
    "1966-08-08": "Father's Day",
    "1966-10-10": "White Monday (Lotu a Tamaiti)",
    "1966-12-25": "Christmas Day",
    "1966-12-26": "Boxing Day",
    "1967-01-01": "New Year's Day",
    "1967-01-02": "The Day After New Year's Day",
    "1967-03-24": "Good Friday",
    "1967-03-25": "Day After Good Friday",
    "1967-03-27": "Easter Monday",
    "1967-05-08": "Mother's Day",
    "1967-06-01": "Independence Day",
    "1967-08-14": "Father's Day",
    "1967-10-09": "White Monday (Lotu a Tamaiti)",
    "1967-12-25": "Christmas Day",
    "1967-12-26": "Boxing Day",
    "1968-01-01": "New Year's Day",
    "1968-01-02": "The Day After New Year's Day",
    "1968-04-12": "Good Friday",
    "1968-04-13": "Day After Good Friday",
    "1968-04-15": "Easter Monday",
    "1968-05-13": "Mother's Day",
    "1968-06-01": "Independence Day",
    "1968-08-12": "Father's Day",
    "1968-10-14": "White Monday (Lotu a Tamaiti)",
    "1968-12-25": "Christmas Day",
    "1968-12-26": "Boxing Day",
    "1969-01-01": "New Year's Day",
    "1969-01-02": "The Day After New Year's Day",
    "1969-04-04": "Good Friday",
    "1969-04-05": "Day After Good Friday",
    "1969-04-07": "Easter Monday",
    "1969-05-12": "Mother's Day",
    "1969-06-01": "Independence Day",
    "1969-08-11": "Father's Day",
    "1969-10-13": "White Monday (Lotu a Tamaiti)",
    "1969-12-25": "Christmas Day",
    "1969-12-26": "Boxing Day",
    "1970-01-01": "New Year's Day",
    "1970-01-02": "The Day After New Year's Day",
    "1970-03-27": "Good Friday",
    "1970-03-28": "Day After Good Friday",
    "1970-03-30": "Easter Monday",
    "1970-05-11": "Mother's Day",
    "1970-06-01": "Independence Day",
    "1970-08-10": "Father's Day",
    "1970-10-12": "White Monday (Lotu a Tamaiti)",
    "1970-12-25": "Christmas Day",
    "1970-12-26": "Boxing Day",
    "1971-01-01": "New Year's Day",
    "1971-01-02": "The Day After New Year's Day",
    "1971-04-09": "Good Friday",
    "1971-04-10": "Day After Good Friday",
    "1971-04-12": "Easter Monday",
    "1971-05-10": "Mother's Day",
    "1971-06-01": "Independence Day",
    "1971-08-09": "Father's Day",
    "1971-10-11": "White Monday (Lotu a Tamaiti)",
    "1971-12-25": "Christmas Day",
    "1971-12-26": "Boxing Day",
    "1972-01-01": "New Year's Day",
    "1972-01-02": "The Day After New Year's Day",
    "1972-03-31": "Good Friday",
    "1972-04-01": "Day After Good Friday",
    "1972-04-03": "Easter Monday",
    "1972-05-08": "Mother's Day",
    "1972-06-01": "Independence Day",
    "1972-08-14": "Father's Day",
    "1972-10-09": "White Monday (Lotu a Tamaiti)",
    "1972-12-25": "Christmas Day",
    "1972-12-26": "Boxing Day",
    "1973-01-01": "New Year's Day",
    "1973-01-02": "The Day After New Year's Day",
    "1973-04-20": "Good Friday",
    "1973-04-21": "Day After Good Friday",
    "1973-04-23": "Easter Monday",
    "1973-05-14": "Mother's Day",
    "1973-06-01": "Independence Day",
    "1973-08-13": "Father's Day",
    "1973-10-08": "White Monday (Lotu a Tamaiti)",
    "1973-12-25": "Christmas Day",
    "1973-12-26": "Boxing Day",
    "1974-01-01": "New Year's Day",
    "1974-01-02": "The Day After New Year's Day",
    "1974-04-12": "Good Friday",
    "1974-04-13": "Day After Good Friday",
    "1974-04-15": "Easter Monday",
    "1974-05-13": "Mother's Day",
    "1974-06-01": "Independence Day",
    "1974-08-12": "Father's Day",
    "1974-10-14": "White Monday (Lotu a Tamaiti)",
    "1974-12-25": "Christmas Day",
    "1974-12-26": "Boxing Day",
    "1975-01-01": "New Year's Day",
    "1975-01-02": "The Day After New Year's Day",
    "1975-03-28": "Good Friday",
    "1975-03-29": "Day After Good Friday",
    "1975-03-31": "Easter Monday",
    "1975-05-12": "Mother's Day",
    "1975-06-01": "Independence Day",
    "1975-08-11": "Father's Day",
    "1975-10-13": "White Monday (Lotu a Tamaiti)",
    "1975-12-25": "Christmas Day",
    "1975-12-26": "Boxing Day",
    "1976-01-01": "New Year's Day",
    "1976-01-02": "The Day After New Year's Day",
    "1976-04-16": "Good Friday",
    "1976-04-17": "Day After Good Friday",
    "1976-04-19": "Easter Monday",
    "1976-05-10": "Mother's Day",
    "1976-06-01": "Independence Day",
    "1976-08-09": "Father's Day",
    "1976-10-11": "White Monday (Lotu a Tamaiti)",
    "1976-12-25": "Christmas Day",
    "1976-12-26": "Boxing Day",
    "1977-01-01": "New Year's Day",
    "1977-01-02": "The Day After New Year's Day",
    "1977-04-08": "Good Friday",
    "1977-04-09": "Day After Good Friday",
    "1977-04-11": "Easter Monday",
    "1977-05-09": "Mother's Day",
    "1977-06-01": "Independence Day",
    "1977-08-08": "Father's Day",
    "1977-10-10": "White Monday (Lotu a Tamaiti)",
    "1977-12-25": "Christmas Day",
    "1977-12-26": "Boxing Day",
    "1978-01-01": "New Year's Day",
    "1978-01-02": "The Day After New Year's Day",
    "1978-03-24": "Good Friday",
    "1978-03-25": "Day After Good Friday",
    "1978-03-27": "Easter Monday",
    "1978-05-08": "Mother's Day",
    "1978-06-01": "Independence Day",
    "1978-08-14": "Father's Day",
    "1978-10-09": "White Monday (Lotu a Tamaiti)",
    "1978-12-25": "Christmas Day",
    "1978-12-26": "Boxing Day",
    "1979-01-01": "New Year's Day",
    "1979-01-02": "The Day After New Year's Day",
    "1979-04-13": "Good Friday",
    "1979-04-14": "Day After Good Friday",
    "1979-04-16": "Easter Monday",
    "1979-05-14": "Mother's Day",
    "1979-06-01": "Independence Day",
    "1979-08-13": "Father's Day",
    "1979-10-08": "White Monday (Lotu a Tamaiti)",
    "1979-12-25": "Christmas Day",
    "1979-12-26": "Boxing Day",
    "1980-01-01": "New Year's Day",
    "1980-01-02": "The Day After New Year's Day",
    "1980-04-04": "Good Friday",
    "1980-04-05": "Day After Good Friday",
    "1980-04-07": "Easter Monday",
    "1980-05-12": "Mother's Day",
    "1980-06-01": "Independence Day",
    "1980-08-11": "Father's Day",
    "1980-10-13": "White Monday (Lotu a Tamaiti)",
    "1980-12-25": "Christmas Day",
    "1980-12-26": "Boxing Day",
    "1981-01-01": "New Year's Day",
    "1981-01-02": "The Day After New Year's Day",
    "1981-04-17": "Good Friday",
    "1981-04-18": "Day After Good Friday",
    "1981-04-20": "Easter Monday",
    "1981-05-11": "Mother's Day",
    "1981-06-01": "Independence Day",
    "1981-08-10": "Father's Day",
    "1981-10-12": "White Monday (Lotu a Tamaiti)",
    "1981-12-25": "Christmas Day",
    "1981-12-26": "Boxing Day",
    "1982-01-01": "New Year's Day",
    "1982-01-02": "The Day After New Year's Day",
    "1982-04-09": "Good Friday",
    "1982-04-10": "Day After Good Friday",
    "1982-04-12": "Easter Monday",
    "1982-05-10": "Mother's Day",
    "1982-06-01": "Independence Day",
    "1982-08-09": "Father's Day",
    "1982-10-11": "White Monday (Lotu a Tamaiti)",
    "1982-12-25": "Christmas Day",
    "1982-12-26": "Boxing Day",
    "1983-01-01": "New Year's Day",
    "1983-01-02": "The Day After New Year's Day",
    "1983-04-01": "Good Friday",
    "1983-04-02": "Day After Good Friday",
    "1983-04-04": "Easter Monday",
    "1983-05-09": "Mother's Day",
    "1983-06-01": "Independence Day",
    "1983-08-08": "Father's Day",
    "1983-10-10": "White Monday (Lotu a Tamaiti)",
    "1983-12-25": "Christmas Day",
    "1983-12-26": "Boxing Day",
    "1984-01-01": "New Year's Day",
    "1984-01-02": "The Day After New Year's Day",
    "1984-04-20": "Good Friday",
    "1984-04-21": "Day After Good Friday",
    "1984-04-23": "Easter Monday",
    "1984-05-14": "Mother's Day",
    "1984-06-01": "Independence Day",
    "1984-08-13": "Father's Day",
    "1984-10-08": "White Monday (Lotu a Tamaiti)",
    "1984-12-25": "Christmas Day",
    "1984-12-26": "Boxing Day",
    "1985-01-01": "New Year's Day",
    "1985-01-02": "The Day After New Year's Day",
    "1985-04-05": "Good Friday",
    "1985-04-06": "Day After Good Friday",
    "1985-04-08": "Easter Monday",
    "1985-05-13": "Mother's Day",
    "1985-06-01": "Independence Day",
    "1985-08-12": "Father's Day",
    "1985-10-14": "White Monday (Lotu a Tamaiti)",
    "1985-12-25": "Christmas Day",
    "1985-12-26": "Boxing Day",
    "1986-01-01": "New Year's Day",
    "1986-01-02": "The Day After New Year's Day",
    "1986-03-28": "Good Friday",
    "1986-03-29": "Day After Good Friday",
    "1986-03-31": "Easter Monday",
    "1986-05-12": "Mother's Day",
    "1986-06-01": "Independence Day",
    "1986-08-11": "Father's Day",
    "1986-10-13": "White Monday (Lotu a Tamaiti)",
    "1986-12-25": "Christmas Day",
    "1986-12-26": "Boxing Day",
    "1987-01-01": "New Year's Day",
    "1987-01-02": "The Day After New Year's Day",
    "1987-04-17": "Good Friday",
    "1987-04-18": "Day After Good Friday",
    "1987-04-20": "Easter Monday",
    "1987-05-11": "Mother's Day",
    "1987-06-01": "Independence Day",
    "1987-08-10": "Father's Day",
    "1987-10-12": "White Monday (Lotu a Tamaiti)",
    "1987-12-25": "Christmas Day",
    "1987-12-26": "Boxing Day",
    "1988-01-01": "New Year's Day",
    "1988-01-02": "The Day After New Year's Day",
    "1988-04-01": "Good Friday",
    "1988-04-02": "Day After Good Friday",
    "1988-04-04": "Easter Monday",
    "1988-05-09": "Mother's Day",
    "1988-06-01": "Independence Day",
    "1988-08-08": "Father's Day",
    "1988-10-10": "White Monday (Lotu a Tamaiti)",
    "1988-12-25": "Christmas Day",
    "1988-12-26": "Boxing Day",
    "1989-01-01": "New Year's Day",
    "1989-01-02": "The Day After New Year's Day",
    "1989-03-24": "Good Friday",
    "1989-03-25": "Day After Good Friday",
    "1989-03-27": "Easter Monday",
    "1989-05-08": "Mother's Day",
    "1989-06-01": "Independence Day",
    "1989-08-14": "Father's Day",
    "1989-10-09": "White Monday (Lotu a Tamaiti)",
    "1989-12-25": "Christmas Day",
    "1989-12-26": "Boxing Day",
    "1990-01-01": "New Year's Day",
    "1990-01-02": "The Day After New Year's Day",
    "1990-04-13": "Good Friday",
    "1990-04-14": "Day After Good Friday",
    "1990-04-16": "Easter Monday",
    "1990-05-14": "Mother's Day",
    "1990-06-01": "Independence Day",
    "1990-08-13": "Father's Day",
    "1990-10-08": "White Monday (Lotu a Tamaiti)",
    "1990-12-25": "Christmas Day",
    "1990-12-26": "Boxing Day",
    "1991-01-01": "New Year's Day",
    "1991-01-02": "The Day After New Year's Day",
    "1991-03-29": "Good Friday",
    "1991-03-30": "Day After Good Friday",
    "1991-04-01": "Easter Monday",
    "1991-05-13": "Mother's Day",
    "1991-06-01": "Independence Day",
    "1991-08-12": "Father's Day",
    "1991-10-14": "White Monday (Lotu a Tamaiti)",
    "1991-12-25": "Christmas Day",
    "1991-12-26": "Boxing Day",
    "1992-01-01": "New Year's Day",
    "1992-01-02": "The Day After New Year's Day",
    "1992-04-17": "Good Friday",
    "1992-04-18": "Day After Good Friday",
    "1992-04-20": "Easter Monday",
    "1992-05-11": "Mother's Day",
    "1992-06-01": "Independence Day",
    "1992-08-10": "Father's Day",
    "1992-10-12": "White Monday (Lotu a Tamaiti)",
    "1992-12-25": "Christmas Day",
    "1992-12-26": "Boxing Day",
    "1993-01-01": "New Year's Day",
    "1993-01-02": "The Day After New Year's Day",
    "1993-04-09": "Good Friday",
    "1993-04-10": "Day After Good Friday",
    "1993-04-12": "Easter Monday",
    "1993-05-10": "Mother's Day",
    "1993-06-01": "Independence Day",
    "1993-08-09": "Father's Day",
    "1993-10-11": "White Monday (Lotu a Tamaiti)",
    "1993-12-25": "Christmas Day",
    "1993-12-26": "Boxing Day",
    "1994-01-01": "New Year's Day",
    "1994-01-02": "The Day After New Year's Day",
    "1994-04-01": "Good Friday",
    "1994-04-02": "Day After Good Friday",
    "1994-04-04": "Easter Monday",
    "1994-05-09": "Mother's Day",
    "1994-06-01": "Independence Day",
    "1994-08-08": "Father's Day",
    "1994-10-10": "White Monday (Lotu a Tamaiti)",
    "1994-12-25": "Christmas Day",
    "1994-12-26": "Boxing Day",
    "1995-01-01": "New Year's Day",
    "1995-01-02": "The Day After New Year's Day",
    "1995-04-14": "Good Friday",
    "1995-04-15": "Day After Good Friday",
    "1995-04-17": "Easter Monday",
    "1995-05-08": "Mother's Day",
    "1995-06-01": "Independence Day",
    "1995-08-14": "Father's Day",
    "1995-10-09": "White Monday (Lotu a Tamaiti)",
    "1995-12-25": "Christmas Day",
    "1995-12-26": "Boxing Day",
    "1996-01-01": "New Year's Day",
    "1996-01-02": "The Day After New Year's Day",
    "1996-04-05": "Good Friday",
    "1996-04-06": "Day After Good Friday",
    "1996-04-08": "Easter Monday",
    "1996-05-13": "Mother's Day",
    "1996-06-01": "Independence Day",
    "1996-08-12": "Father's Day",
    "1996-10-14": "White Monday (Lotu a Tamaiti)",
    "1996-12-25": "Christmas Day",
    "1996-12-26": "Boxing Day",
    "1997-01-01": "New Year's Day",
    "1997-01-02": "The Day After New Year's Day",
    "1997-03-28": "Good Friday",
    "1997-03-29": "Day After Good Friday",
    "1997-03-31": "Easter Monday",
    "1997-05-12": "Mother's Day",
    "1997-06-01": "Independence Day",
    "1997-08-11": "Father's Day",
    "1997-10-13": "White Monday (Lotu a Tamaiti)",
    "1997-12-25": "Christmas Day",
    "1997-12-26": "Boxing Day",
    "1998-01-01": "New Year's Day",
    "1998-01-02": "The Day After New Year's Day",
    "1998-04-10": "Good Friday",
    "1998-04-11": "Day After Good Friday",
    "1998-04-13": "Easter Monday",
    "1998-05-11": "Mother's Day",
    "1998-06-01": "Independence Day",
    "1998-08-10": "Father's Day",
    "1998-10-12": "White Monday (Lotu a Tamaiti)",
    "1998-12-25": "Christmas Day",
    "1998-12-26": "Boxing Day",
    "1999-01-01": "New Year's Day",
    "1999-01-02": "The Day After New Year's Day",
    "1999-04-02": "Good Friday",
    "1999-04-03": "Day After Good Friday",
    "1999-04-05": "Easter Monday",
    "1999-05-10": "Mother's Day",
    "1999-06-01": "Independence Day",
    "1999-08-09": "Father's Day",
    "1999-10-11": "White Monday (Lotu a Tamaiti)",
    "1999-12-25": "Christmas Day",
    "1999-12-26": "Boxing Day",
    "2000-01-01": "New Year's Day",
    "2000-01-02": "The Day After New Year's Day",
    "2000-04-21": "Good Friday",
    "2000-04-22": "Day After Good Friday",
    "2000-04-24": "Easter Monday",
    "2000-05-08": "Mother's Day",
    "2000-06-01": "Independence Day",
    "2000-08-14": "Father's Day",
    "2000-10-09": "White Monday (Lotu a Tamaiti)",
    "2000-12-25": "Christmas Day",
    "2000-12-26": "Boxing Day",
    "2001-01-01": "New Year's Day",
    "2001-01-02": "The Day After New Year's Day",
    "2001-04-13": "Good Friday",
    "2001-04-14": "Day After Good Friday",
    "2001-04-16": "Easter Monday",
    "2001-05-14": "Mother's Day",
    "2001-06-01": "Independence Day",
    "2001-08-13": "Father's Day",
    "2001-10-08": "White Monday (Lotu a Tamaiti)",
    "2001-12-25": "Christmas Day",
    "2001-12-26": "Boxing Day",
    "2002-01-01": "New Year's Day",
    "2002-01-02": "The Day After New Year's Day",
    "2002-03-29": "Good Friday",
    "2002-03-30": "Day After Good Friday",
    "2002-04-01": "Easter Monday",
    "2002-05-13": "Mother's Day",
    "2002-06-01": "Independence Day",
    "2002-08-12": "Father's Day",
    "2002-10-14": "White Monday (Lotu a Tamaiti)",
    "2002-12-25": "Christmas Day",
    "2002-12-26": "Boxing Day",
    "2003-01-01": "New Year's Day",
    "2003-01-02": "The Day After New Year's Day",
    "2003-04-18": "Good Friday",
    "2003-04-19": "Day After Good Friday",
    "2003-04-21": "Easter Monday",
    "2003-05-12": "Mother's Day",
    "2003-06-01": "Independence Day",
    "2003-08-11": "Father's Day",
    "2003-10-13": "White Monday (Lotu a Tamaiti)",
    "2003-12-25": "Christmas Day",
    "2003-12-26": "Boxing Day",
    "2004-01-01": "New Year's Day",
    "2004-01-02": "The Day After New Year's Day",
    "2004-04-09": "Good Friday",
    "2004-04-10": "Day After Good Friday",
    "2004-04-12": "Easter Monday",
    "2004-05-10": "Mother's Day",
    "2004-06-01": "Independence Day",
    "2004-08-09": "Father's Day",
    "2004-10-11": "White Monday (Lotu a Tamaiti)",
    "2004-12-25": "Christmas Day",
    "2004-12-26": "Boxing Day",
    "2005-01-01": "New Year's Day",
    "2005-01-02": "The Day After New Year's Day",
    "2005-03-25": "Good Friday",
    "2005-03-26": "Day After Good Friday",
    "2005-03-28": "Easter Monday",
    "2005-05-09": "Mother's Day",
    "2005-06-01": "Independence Day",
    "2005-08-08": "Father's Day",
    "2005-10-10": "White Monday (Lotu a Tamaiti)",
    "2005-12-25": "Christmas Day",
    "2005-12-26": "Boxing Day",
    "2006-01-01": "New Year's Day",
    "2006-01-02": "The Day After New Year's Day",
    "2006-04-14": "Good Friday",
    "2006-04-15": "Day After Good Friday",
    "2006-04-17": "Easter Monday",
    "2006-05-08": "Mother's Day",
    "2006-06-01": "Independence Day",
    "2006-08-14": "Father's Day",
    "2006-10-09": "White Monday (Lotu a Tamaiti)",
    "2006-12-25": "Christmas Day",
    "2006-12-26": "Boxing Day",
    "2007-01-01": "New Year's Day",
    "2007-01-02": "The Day After New Year's Day",
    "2007-04-06": "Good Friday",
    "2007-04-07": "Day After Good Friday",
    "2007-04-09": "Easter Monday",
    "2007-05-14": "Mother's Day",
    "2007-06-01": "Independence Day",
    "2007-08-13": "Father's Day",
    "2007-10-08": "White Monday (Lotu a Tamaiti)",
    "2007-12-25": "Christmas Day",
    "2007-12-26": "Boxing Day",
    "2008-01-01": "New Year's Day",
    "2008-01-02": "The Day After New Year's Day",
    "2008-03-21": "Good Friday",
    "2008-03-22": "Day After Good Friday",
    "2008-03-24": "Easter Monday",
    "2008-05-12": "Mother's Day",
    "2008-06-01": "Independence Day",
    "2008-08-11": "Father's Day",
    "2008-10-13": "White Monday (Lotu a Tamaiti)",
    "2008-12-25": "Christmas Day",
    "2008-12-26": "Boxing Day",
    "2009-01-01": "New Year's Day",
    "2009-01-02": "The Day After New Year's Day",
    "2009-04-10": "Good Friday",
    "2009-04-11": "Day After Good Friday",
    "2009-04-13": "Easter Monday",
    "2009-05-11": "Mother's Day",
    "2009-06-01": "Independence Day",
    "2009-08-10": "Father's Day",
    "2009-10-12": "White Monday (Lotu a Tamaiti)",
    "2009-12-25": "Christmas Day",
    "2009-12-26": "Boxing Day",
    "2010-01-01": "New Year's Day",
    "2010-01-02": "The Day After New Year's Day",
    "2010-04-02": "Good Friday",
    "2010-04-03": "Day After Good Friday",
    "2010-04-05": "Easter Monday",
    "2010-05-10": "Mother's Day",
    "2010-06-01": "Independence Day",
    "2010-08-09": "Father's Day",
    "2010-10-11": "White Monday (Lotu a Tamaiti)",
    "2010-12-25": "Christmas Day",
    "2010-12-26": "Boxing Day",
    "2011-01-01": "New Year's Day",
    "2011-01-02": "The Day After New Year's Day",
    "2011-04-22": "Good Friday",
    "2011-04-23": "Day After Good Friday",
    "2011-04-25": "Easter Monday",
    "2011-05-09": "Mother's Day",
    "2011-06-01": "Independence Day",
    "2011-08-08": "Father's Day",
    "2011-10-10": "White Monday (Lotu a Tamaiti)",
    "2011-12-25": "Christmas Day",
    "2011-12-26": "Boxing Day",
    "2012-01-01": "New Year's Day",
    "2012-01-02": "The Day After New Year's Day",
    "2012-04-06": "Good Friday",
    "2012-04-07": "Day After Good Friday",
    "2012-04-09": "Easter Monday",
    "2012-05-14": "Mother's Day",
    "2012-06-01": "Independence Day",
    "2012-08-13": "Father's Day",
    "2012-10-08": "White Monday (Lotu a Tamaiti)",
    "2012-12-25": "Christmas Day",
    "2012-12-26": "Boxing Day",
    "2013-01-01": "New Year's Day",
    "2013-01-02": "The Day After New Year's Day",
    "2013-03-29": "Good Friday",
    "2013-03-30": "Day After Good Friday",
    "2013-04-01": "Easter Monday",
    "2013-05-13": "Mother's Day",
    "2013-06-01": "Independence Day",
    "2013-08-12": "Father's Day",
    "2013-10-14": "White Monday (Lotu a Tamaiti)",
    "2013-12-25": "Christmas Day",
    "2013-12-26": "Boxing Day",
    "2014-01-01": "New Year's Day",
    "2014-01-02": "The Day After New Year's Day",
    "2014-04-18": "Good Friday",
    "2014-04-19": "Day After Good Friday",
    "2014-04-21": "Easter Monday",
    "2014-05-12": "Mother's Day",
    "2014-06-01": "Independence Day",
    "2014-08-11": "Father's Day",
    "2014-10-13": "White Monday (Lotu a Tamaiti)",
    "2014-12-25": "Christmas Day",
    "2014-12-26": "Boxing Day",
    "2015-01-01": "New Year's Day",
    "2015-01-02": "The Day After New Year's Day",
    "2015-04-03": "Good Friday",
    "2015-04-04": "Day After Good Friday",
    "2015-04-06": "Easter Monday",
    "2015-05-11": "Mother's Day",
    "2015-06-01": "Independence Day",
    "2015-08-10": "Father's Day",
    "2015-10-12": "White Monday (Lotu a Tamaiti)",
    "2015-12-25": "Christmas Day",
    "2015-12-26": "Boxing Day",
    "2016-01-01": "New Year's Day",
    "2016-01-02": "The Day After New Year's Day",
    "2016-03-25": "Good Friday",
    "2016-03-26": "Day After Good Friday",
    "2016-03-28": "Easter Monday",
    "2016-05-09": "Mother's Day",
    "2016-06-01": "Independence Day",
    "2016-08-08": "Father's Day",
    "2016-10-10": "White Monday (Lotu a Tamaiti)",
    "2016-12-25": "Christmas Day",
    "2016-12-26": "Boxing Day",
    "2017-01-01": "New Year's Day",
    "2017-01-02": "The Day After New Year's Day",
    "2017-04-14": "Good Friday",
    "2017-04-15": "Day After Good Friday",
    "2017-04-17": "Easter Monday",
    "2017-05-08": "Mother's Day",
    "2017-06-01": "Independence Day",
    "2017-08-14": "Father's Day",
    "2017-10-09": "White Monday (Lotu a Tamaiti)",
    "2017-12-25": "Christmas Day",
    "2017-12-26": "Boxing Day",
    "2018-01-01": "New Year's Day",
    "2018-01-02": "The Day After New Year's Day",
    "2018-03-30": "Good Friday",
    "2018-03-31": "Day After Good Friday",
    "2018-04-02": "Easter Monday",
    "2018-05-14": "Mother's Day",
    "2018-06-01": "Independence Day",
    "2018-08-13": "Father's Day",
    "2018-10-08": "White Monday (Lotu a Tamaiti)",
    "2018-12-25": "Christmas Day",
    "2018-12-26": "Boxing Day",
    "2019-01-01": "New Year's Day",
    "2019-01-02": "The Day After New Year's Day",
    "2019-04-19": "Good Friday",
    "2019-04-20": "Day After Good Friday",
    "2019-04-22": "Easter Monday",
    "2019-05-13": "Mother's Day",
    "2019-06-01": "Independence Day",
    "2019-08-12": "Father's Day",
    "2019-10-14": "White Monday (Lotu a Tamaiti)",
    "2019-12-25": "Christmas Day",
    "2019-12-26": "Boxing Day",
    "2020-01-01": "New Year's Day",
    "2020-01-02": "The Day After New Year's Day",
    "2020-04-10": "Good Friday",
    "2020-04-11": "Day After Good Friday",
    "2020-04-13": "Easter Monday",
    "2020-05-11": "Mother's Day",
    "2020-06-01": "Independence Day",
    "2020-08-10": "Father's Day",
    "2020-10-12": "White Monday (Lotu a Tamaiti)",
    "2020-12-25": "Christmas Day",
    "2020-12-26": "Boxing Day",
    "2021-01-01": "New Year's Day",
    "2021-01-02": "The Day After New Year's Day",
    "2021-04-02": "Good Friday",
    "2021-04-03": "Day After Good Friday",
    "2021-04-05": "Easter Monday",
    "2021-05-10": "Mother's Day",
    "2021-06-01": "Independence Day",
    "2021-08-09": "Father's Day",
    "2021-10-11": "White Monday (Lotu a Tamaiti)",
    "2021-12-25": "Christmas Day",
    "2021-12-26": "Boxing Day",
    "2022-01-01": "New Year's Day",
    "2022-01-02": "The Day After New Year's Day",
    "2022-04-15": "Good Friday",
    "2022-04-16": "Day After Good Friday",
    "2022-04-18": "Easter Monday",
    "2022-05-09": "Mother's Day",
    "2022-06-01": "Independence Day",
    "2022-08-08": "Father's Day",
    "2022-10-10": "White Monday (Lotu a Tamaiti)",
    "2022-12-25": "Christmas Day",
    "2022-12-26": "Boxing Day",
    "2023-01-01": "New Year's Day",
    "2023-01-02": "The Day After New Year's Day",
    "2023-04-07": "Good Friday",
    "2023-04-08": "Day After Good Friday",
    "2023-04-10": "Easter Monday",
    "2023-05-08": "Mother's Day",
    "2023-06-01": "Independence Day",
    "2023-08-14": "Father's Day",
    "2023-10-09": "White Monday (Lotu a Tamaiti)",
    "2023-12-25": "Christmas Day",
    "2023-12-26": "Boxing Day",
    "2024-01-01": "New Year's Day",
    "2024-01-02": "The Day After New Year's Day",
    "2024-03-29": "Good Friday",
    "2024-03-30": "Day After Good Friday",
    "2024-04-01": "Easter Monday",
    "2024-05-13": "Mother's Day",
    "2024-06-01": "Independence Day",
    "2024-08-12": "Father's Day",
    "2024-10-14": "White Monday (Lotu a Tamaiti)",
    "2024-12-25": "Christmas Day",
    "2024-12-26": "Boxing Day",
    "2025-01-01": "New Year's Day",
    "2025-01-02": "The Day After New Year's Day",
    "2025-04-18": "Good Friday",
    "2025-04-19": "Day After Good Friday",
    "2025-04-21": "Easter Monday",
    "2025-05-12": "Mother's Day",
    "2025-06-01": "Independence Day",
    "2025-08-11": "Father's Day",
    "2025-10-13": "White Monday (Lotu a Tamaiti)",
    "2025-12-25": "Christmas Day",
    "2025-12-26": "Boxing Day",
    "2026-01-01": "New Year's Day",
    "2026-01-02": "The Day After New Year's Day",
    "2026-04-03": "Good Friday",
    "2026-04-04": "Day After Good Friday",
    "2026-04-06": "Easter Monday",
    "2026-05-11": "Mother's Day",
    "2026-06-01": "Independence Day",
    "2026-08-10": "Father's Day",
    "2026-10-12": "White Monday (Lotu a Tamaiti)",
    "2026-12-25": "Christmas Day",
    "2026-12-26": "Boxing Day",
    "2027-01-01": "New Year's Day",
    "2027-01-02": "The Day After New Year's Day",
    "2027-03-26": "Good Friday",
    "2027-03-27": "Day After Good Friday",
    "2027-03-29": "Easter Monday",
    "2027-05-10": "Mother's Day",
    "2027-06-01": "Independence Day",
    "2027-08-09": "Father's Day",
    "2027-10-11": "White Monday (Lotu a Tamaiti)",
    "2027-12-25": "Christmas Day",
    "2027-12-26": "Boxing Day",
    "2028-01-01": "New Year's Day",
    "2028-01-02": "The Day After New Year's Day",
    "2028-04-14": "Good Friday",
    "2028-04-15": "Day After Good Friday",
    "2028-04-17": "Easter Monday",
    "2028-05-08": "Mother's Day",
    "2028-06-01": "Independence Day",
    "2028-08-14": "Father's Day",
    "2028-10-09": "White Monday (Lotu a Tamaiti)",
    "2028-12-25": "Christmas Day",
    "2028-12-26": "Boxing Day",
    "2029-01-01": "New Year's Day",
    "2029-01-02": "The Day After New Year's Day",
    "2029-03-30": "Good Friday",
    "2029-03-31": "Day After Good Friday",
    "2029-04-02": "Easter Monday",
    "2029-05-14": "Mother's Day",
    "2029-06-01": "Independence Day",
    "2029-08-13": "Father's Day",
    "2029-10-08": "White Monday (Lotu a Tamaiti)",
    "2029-12-25": "Christmas Day",
    "2029-12-26": "Boxing Day",
    "2030-01-01": "New Year's Day",
    "2030-01-02": "The Day After New Year's Day",
    "2030-04-19": "Good Friday",
    "2030-04-20": "Day After Good Friday",
    "2030-04-22": "Easter Monday",
    "2030-05-13": "Mother's Day",
    "2030-06-01": "Independence Day",
    "2030-08-12": "Father's Day",
    "2030-10-14": "White Monday (Lotu a Tamaiti)",
    "2030-12-25": "Christmas Day",
    "2030-12-26": "Boxing Day",
    "2031-01-01": "New Year's Day",
    "2031-01-02": "The Day After New Year's Day",
    "2031-04-11": "Good Friday",
    "2031-04-12": "Day After Good Friday",
    "2031-04-14": "Easter Monday",
    "2031-05-12": "Mother's Day",
    "2031-06-01": "Independence Day",
    "2031-08-11": "Father's Day",
    "2031-10-13": "White Monday (Lotu a Tamaiti)",
    "2031-12-25": "Christmas Day",
    "2031-12-26": "Boxing Day",
    "2032-01-01": "New Year's Day",
    "2032-01-02": "The Day After New Year's Day",
    "2032-03-26": "Good Friday",
    "2032-03-27": "Day After Good Friday",
    "2032-03-29": "Easter Monday",
    "2032-05-10": "Mother's Day",
    "2032-06-01": "Independence Day",
    "2032-08-09": "Father's Day",
    "2032-10-11": "White Monday (Lotu a Tamaiti)",
    "2032-12-25": "Christmas Day",
    "2032-12-26": "Boxing Day",
    "2033-01-01": "New Year's Day",
    "2033-01-02": "The Day After New Year's Day",
    "2033-04-15": "Good Friday",
    "2033-04-16": "Day After Good Friday",
    "2033-04-18": "Easter Monday",
    "2033-05-09": "Mother's Day",
    "2033-06-01": "Independence Day",
    "2033-08-08": "Father's Day",
    "2033-10-10": "White Monday (Lotu a Tamaiti)",
    "2033-12-25": "Christmas Day",
    "2033-12-26": "Boxing Day",
    "2034-01-01": "New Year's Day",
    "2034-01-02": "The Day After New Year's Day",
    "2034-04-07": "Good Friday",
    "2034-04-08": "Day After Good Friday",
    "2034-04-10": "Easter Monday",
    "2034-05-08": "Mother's Day",
    "2034-06-01": "Independence Day",
    "2034-08-14": "Father's Day",
    "2034-10-09": "White Monday (Lotu a Tamaiti)",
    "2034-12-25": "Christmas Day",
    "2034-12-26": "Boxing Day",
    "2035-01-01": "New Year's Day",
    "2035-01-02": "The Day After New Year's Day",
    "2035-03-23": "Good Friday",
    "2035-03-24": "Day After Good Friday",
    "2035-03-26": "Easter Monday",
    "2035-05-14": "Mother's Day",
    "2035-06-01": "Independence Day",
    "2035-08-13": "Father's Day",
    "2035-10-08": "White Monday (Lotu a Tamaiti)",
    "2035-12-25": "Christmas Day",
    "2035-12-26": "Boxing Day",
    "2036-01-01": "New Year's Day",
    "2036-01-02": "The Day After New Year's Day",
    "2036-04-11": "Good Friday",
    "2036-04-12": "Day After Good Friday",
    "2036-04-14": "Easter Monday",
    "2036-05-12": "Mother's Day",
    "2036-06-01": "Independence Day",
    "2036-08-11": "Father's Day",
    "2036-10-13": "White Monday (Lotu a Tamaiti)",
    "2036-12-25": "Christmas Day",
    "2036-12-26": "Boxing Day",
    "2037-01-01": "New Year's Day",
    "2037-01-02": "The Day After New Year's Day",
    "2037-04-03": "Good Friday",
    "2037-04-04": "Day After Good Friday",
    "2037-04-06": "Easter Monday",
    "2037-05-11": "Mother's Day",
    "2037-06-01": "Independence Day",
    "2037-08-10": "Father's Day",
    "2037-10-12": "White Monday (Lotu a Tamaiti)",
    "2037-12-25": "Christmas Day",
    "2037-12-26": "Boxing Day",
    "2038-01-01": "New Year's Day",
    "2038-01-02": "The Day After New Year's Day",
    "2038-04-23": "Good Friday",
    "2038-04-24": "Day After Good Friday",
    "2038-04-26": "Easter Monday",
    "2038-05-10": "Mother's Day",
    "2038-06-01": "Independence Day",
    "2038-08-09": "Father's Day",
    "2038-10-11": "White Monday (Lotu a Tamaiti)",
    "2038-12-25": "Christmas Day",
    "2038-12-26": "Boxing Day",
    "2039-01-01": "New Year's Day",
    "2039-01-02": "The Day After New Year's Day",
    "2039-04-08": "Good Friday",
    "2039-04-09": "Day After Good Friday",
    "2039-04-11": "Easter Monday",
    "2039-05-09": "Mother's Day",
    "2039-06-01": "Independence Day",
    "2039-08-08": "Father's Day",
    "2039-10-10": "White Monday (Lotu a Tamaiti)",
    "2039-12-25": "Christmas Day",
    "2039-12-26": "Boxing Day",
    "2040-01-01": "New Year's Day",
    "2040-01-02": "The Day After New Year's Day",
    "2040-03-30": "Good Friday",
    "2040-03-31": "Day After Good Friday",
    "2040-04-02": "Easter Monday",
    "2040-05-14": "Mother's Day",
    "2040-06-01": "Independence Day",
    "2040-08-13": "Father's Day",
    "2040-10-08": "White Monday (Lotu a Tamaiti)",
    "2040-12-25": "Christmas Day",
    "2040-12-26": "Boxing Day",
    "2041-01-01": "New Year's Day",
    "2041-01-02": "The Day After New Year's Day",
    "2041-04-19": "Good Friday",
    "2041-04-20": "Day After Good Friday",
    "2041-04-22": "Easter Monday",
    "2041-05-13": "Mother's Day",
    "2041-06-01": "Independence Day",
    "2041-08-12": "Father's Day",
    "2041-10-14": "White Monday (Lotu a Tamaiti)",
    "2041-12-25": "Christmas Day",
    "2041-12-26": "Boxing Day",
    "2042-01-01": "New Year's Day",
    "2042-01-02": "The Day After New Year's Day",
    "2042-04-04": "Good Friday",
    "2042-04-05": "Day After Good Friday",
    "2042-04-07": "Easter Monday",
    "2042-05-12": "Mother's Day",
    "2042-06-01": "Independence Day",
    "2042-08-11": "Father's Day",
    "2042-10-13": "White Monday (Lotu a Tamaiti)",
    "2042-12-25": "Christmas Day",
    "2042-12-26": "Boxing Day",
    "2043-01-01": "New Year's Day",
    "2043-01-02": "The Day After New Year's Day",
    "2043-03-27": "Good Friday",
    "2043-03-28": "Day After Good Friday",
    "2043-03-30": "Easter Monday",
    "2043-05-11": "Mother's Day",
    "2043-06-01": "Independence Day",
    "2043-08-10": "Father's Day",
    "2043-10-12": "White Monday (Lotu a Tamaiti)",
    "2043-12-25": "Christmas Day",
    "2043-12-26": "Boxing Day",
    "2044-01-01": "New Year's Day",
    "2044-01-02": "The Day After New Year's Day",
    "2044-04-15": "Good Friday",
    "2044-04-16": "Day After Good Friday",
    "2044-04-18": "Easter Monday",
    "2044-05-09": "Mother's Day",
    "2044-06-01": "Independence Day",
    "2044-08-08": "Father's Day",
    "2044-10-10": "White Monday (Lotu a Tamaiti)",
    "2044-12-25": "Christmas Day",
    "2044-12-26": "Boxing Day",
    "2045-01-01": "New Year's Day",
    "2045-01-02": "The Day After New Year's Day",
    "2045-04-07": "Good Friday",
    "2045-04-08": "Day After Good Friday",
    "2045-04-10": "Easter Monday",
    "2045-05-08": "Mother's Day",
    "2045-06-01": "Independence Day",
    "2045-08-14": "Father's Day",
    "2045-10-09": "White Monday (Lotu a Tamaiti)",
    "2045-12-25": "Christmas Day",
    "2045-12-26": "Boxing Day",
    "2046-01-01": "New Year's Day",
    "2046-01-02": "The Day After New Year's Day",
    "2046-03-23": "Good Friday",
    "2046-03-24": "Day After Good Friday",
    "2046-03-26": "Easter Monday",
    "2046-05-14": "Mother's Day",
    "2046-06-01": "Independence Day",
    "2046-08-13": "Father's Day",
    "2046-10-08": "White Monday (Lotu a Tamaiti)",
    "2046-12-25": "Christmas Day",
    "2046-12-26": "Boxing Day",
    "2047-01-01": "New Year's Day",
    "2047-01-02": "The Day After New Year's Day",
    "2047-04-12": "Good Friday",
    "2047-04-13": "Day After Good Friday",
    "2047-04-15": "Easter Monday",
    "2047-05-13": "Mother's Day",
    "2047-06-01": "Independence Day",
    "2047-08-12": "Father's Day",
    "2047-10-14": "White Monday (Lotu a Tamaiti)",
    "2047-12-25": "Christmas Day",
    "2047-12-26": "Boxing Day",
    "2048-01-01": "New Year's Day",
    "2048-01-02": "The Day After New Year's Day",
    "2048-04-03": "Good Friday",
    "2048-04-04": "Day After Good Friday",
    "2048-04-06": "Easter Monday",
    "2048-05-11": "Mother's Day",
    "2048-06-01": "Independence Day",
    "2048-08-10": "Father's Day",
    "2048-10-12": "White Monday (Lotu a Tamaiti)",
    "2048-12-25": "Christmas Day",
    "2048-12-26": "Boxing Day",
    "2049-01-01": "New Year's Day",
    "2049-01-02": "The Day After New Year's Day",
    "2049-04-16": "Good Friday",
    "2049-04-17": "Day After Good Friday",
    "2049-04-19": "Easter Monday",
    "2049-05-10": "Mother's Day",
    "2049-06-01": "Independence Day",
    "2049-08-09": "Father's Day",
    "2049-10-11": "White Monday (Lotu a Tamaiti)",
    "2049-12-25": "Christmas Day",
    "2049-12-26": "Boxing Day",
    "2050-01-01": "New Year's Day",
    "2050-01-02": "The Day After New Year's Day",
    "2050-04-08": "Good Friday",
    "2050-04-09": "Day After Good Friday",
    "2050-04-11": "Easter Monday",
    "2050-05-09": "Mother's Day",
    "2050-06-01": "Independence Day",
    "2050-08-08": "Father's Day",
    "2050-10-10": "White Monday (Lotu a Tamaiti)",
    "2050-12-25": "Christmas Day",
    "2050-12-26": "Boxing Day"
}
