{
    "1950-01-01": "New Year's Day",
    "1950-04-06": "Maundy Thursday",
    "1950-04-07": "Good Friday",
    "1950-04-09": "Easter Sunday",
    "1950-04-10": "Easter Monday",
    "1950-04-20": "First Day of Summer",
    "1950-05-01": "Labor Day",
    "1950-05-18": "Ascension Day",
    "1950-05-28": "Whit Sunday",
    "1950-05-29": "Whit Monday",
    "1950-06-17": "National Day",
    "1950-08-07": "Commerce Day",
    "1950-12-24": "Christmas Eve",
    "1950-12-25": "Christmas Day",
    "1950-12-26": "Second Day of Christmas",
    "1950-12-31": "New Year's Eve",
    "1951-01-01": "New Year's Day",
    "1951-03-22": "Maundy Thursday",
    "1951-03-23": "Good Friday",
    "1951-03-25": "Easter Sunday",
    "1951-03-26": "Easter Monday",
    "1951-04-19": "First Day of Summer",
    "1951-05-01": "Labor Day",
    "1951-05-03": "Ascension Day",
    "1951-05-13": "Whit Sunday",
    "1951-05-14": "Whit Monday",
    "1951-06-17": "National Day",
    "1951-08-06": "Commerce Day",
    "1951-12-24": "Christmas Eve",
    "1951-12-25": "Christmas Day",
    "1951-12-26": "Second Day of Christmas",
    "1951-12-31": "New Year's Eve",
    "1952-01-01": "New Year's Day",
    "1952-04-10": "Maundy Thursday",
    "1952-04-11": "Good Friday",
    "1952-04-13": "Easter Sunday",
    "1952-04-14": "Easter Monday",
    "1952-04-24": "First Day of Summer",
    "1952-05-01": "Labor Day",
    "1952-05-22": "Ascension Day",
    "1952-06-01": "Whit Sunday",
    "1952-06-02": "Whit Monday",
    "1952-06-17": "National Day",
    "1952-08-04": "Commerce Day",
    "1952-12-24": "Christmas Eve",
    "1952-12-25": "Christmas Day",
    "1952-12-26": "Second Day of Christmas",
    "1952-12-31": "New Year's Eve",
    "1953-01-01": "New Year's Day",
    "1953-04-02": "Maundy Thursday",
    "1953-04-03": "Good Friday",
    "1953-04-05": "Easter Sunday",
    "1953-04-06": "Easter Monday",
    "1953-04-23": "First Day of Summer",
    "1953-05-01": "Labor Day",
    "1953-05-14": "Ascension Day",
    "1953-05-24": "Whit Sunday",
    "1953-05-25": "Whit Monday",
    "1953-06-17": "National Day",
    "1953-08-03": "Commerce Day",
    "1953-12-24": "Christmas Eve",
    "1953-12-25": "Christmas Day",
    "1953-12-26": "Second Day of Christmas",
    "1953-12-31": "New Year's Eve",
    "1954-01-01": "New Year's Day",
    "1954-04-15": "Maundy Thursday",
    "1954-04-16": "Good Friday",
    "1954-04-18": "Easter Sunday",
    "1954-04-19": "Easter Monday",
    "1954-04-22": "First Day of Summer",
    "1954-05-01": "Labor Day",
    "1954-05-27": "Ascension Day",
    "1954-06-06": "Whit Sunday",
    "1954-06-07": "Whit Monday",
    "1954-06-17": "National Day",
    "1954-08-02": "Commerce Day",
    "1954-12-24": "Christmas Eve",
    "1954-12-25": "Christmas Day",
    "1954-12-26": "Second Day of Christmas",
    "1954-12-31": "New Year's Eve",
    "1955-01-01": "New Year's Day",
    "1955-04-07": "Maundy Thursday",
    "1955-04-08": "Good Friday",
    "1955-04-10": "Easter Sunday",
    "1955-04-11": "Easter Monday",
    "1955-04-21": "First Day of Summer",
    "1955-05-01": "Labor Day",
    "1955-05-19": "Ascension Day",
    "1955-05-29": "Whit Sunday",
    "1955-05-30": "Whit Monday",
    "1955-06-17": "National Day",
    "1955-08-01": "Commerce Day",
    "1955-12-24": "Christmas Eve",
    "1955-12-25": "Christmas Day",
    "1955-12-26": "Second Day of Christmas",
    "1955-12-31": "New Year's Eve",
    "1956-01-01": "New Year's Day",
    "1956-03-29": "Maundy Thursday",
    "1956-03-30": "Good Friday",
    "1956-04-01": "Easter Sunday",
    "1956-04-02": "Easter Monday",
    "1956-04-19": "First Day of Summer",
    "1956-05-01": "Labor Day",
    "1956-05-10": "Ascension Day",
    "1956-05-20": "Whit Sunday",
    "1956-05-21": "Whit Monday",
    "1956-06-17": "National Day",
    "1956-08-06": "Commerce Day",
    "1956-12-24": "Christmas Eve",
    "1956-12-25": "Christmas Day",
    "1956-12-26": "Second Day of Christmas",
    "1956-12-31": "New Year's Eve",
    "1957-01-01": "New Year's Day",
    "1957-04-18": "Maundy Thursday",
    "1957-04-19": "Good Friday",
    "1957-04-21": "Easter Sunday",
    "1957-04-22": "Easter Monday",
    "1957-04-25": "First Day of Summer",
    "1957-05-01": "Labor Day",
    "1957-05-30": "Ascension Day",
    "1957-06-09": "Whit Sunday",
    "1957-06-10": "Whit Monday",
    "1957-06-17": "National Day",
    "1957-08-05": "Commerce Day",
    "1957-12-24": "Christmas Eve",
    "1957-12-25": "Christmas Day",
    "1957-12-26": "Second Day of Christmas",
    "1957-12-31": "New Year's Eve",
    "1958-01-01": "New Year's Day",
    "1958-04-03": "Maundy Thursday",
    "1958-04-04": "Good Friday",
    "1958-04-06": "Easter Sunday",
    "1958-04-07": "Easter Monday",
    "1958-04-24": "First Day of Summer",
    "1958-05-01": "Labor Day",
    "1958-05-15": "Ascension Day",
    "1958-05-25": "Whit Sunday",
    "1958-05-26": "Whit Monday",
    "1958-06-17": "National Day",
    "1958-08-04": "Commerce Day",
    "1958-12-24": "Christmas Eve",
    "1958-12-25": "Christmas Day",
    "1958-12-26": "Second Day of Christmas",
    "1958-12-31": "New Year's Eve",
    "1959-01-01": "New Year's Day",
    "1959-03-26": "Maundy Thursday",
    "1959-03-27": "Good Friday",
    "1959-03-29": "Easter Sunday",
    "1959-03-30": "Easter Monday",
    "1959-04-23": "First Day of Summer",
    "1959-05-01": "Labor Day",
    "1959-05-07": "Ascension Day",
    "1959-05-17": "Whit Sunday",
    "1959-05-18": "Whit Monday",
    "1959-06-17": "National Day",
    "1959-08-03": "Commerce Day",
    "1959-12-24": "Christmas Eve",
    "1959-12-25": "Christmas Day",
    "1959-12-26": "Second Day of Christmas",
    "1959-12-31": "New Year's Eve",
    "1960-01-01": "New Year's Day",
    "1960-04-14": "Maundy Thursday",
    "1960-04-15": "Good Friday",
    "1960-04-17": "Easter Sunday",
    "1960-04-18": "Easter Monday",
    "1960-04-21": "First Day of Summer",
    "1960-05-01": "Labor Day",
    "1960-05-26": "Ascension Day",
    "1960-06-05": "Whit Sunday",
    "1960-06-06": "Whit Monday",
    "1960-06-17": "National Day",
    "1960-08-01": "Commerce Day",
    "1960-12-24": "Christmas Eve",
    "1960-12-25": "Christmas Day",
    "1960-12-26": "Second Day of Christmas",
    "1960-12-31": "New Year's Eve",
    "1961-01-01": "New Year's Day",
    "1961-03-30": "Maundy Thursday",
    "1961-03-31": "Good Friday",
    "1961-04-02": "Easter Sunday",
    "1961-04-03": "Easter Monday",
    "1961-04-20": "First Day of Summer",
    "1961-05-01": "Labor Day",
    "1961-05-11": "Ascension Day",
    "1961-05-21": "Whit Sunday",
    "1961-05-22": "Whit Monday",
    "1961-06-17": "National Day",
    "1961-08-07": "Commerce Day",
    "1961-12-24": "Christmas Eve",
    "1961-12-25": "Christmas Day",
    "1961-12-26": "Second Day of Christmas",
    "1961-12-31": "New Year's Eve",
    "1962-01-01": "New Year's Day",
    "1962-04-19": "First Day of Summer; Maundy Thursday",
    "1962-04-20": "Good Friday",
    "1962-04-22": "Easter Sunday",
    "1962-04-23": "Easter Monday",
    "1962-05-01": "Labor Day",
    "1962-05-31": "Ascension Day",
    "1962-06-10": "Whit Sunday",
    "1962-06-11": "Whit Monday",
    "1962-06-17": "National Day",
    "1962-08-06": "Commerce Day",
    "1962-12-24": "Christmas Eve",
    "1962-12-25": "Christmas Day",
    "1962-12-26": "Second Day of Christmas",
    "1962-12-31": "New Year's Eve",
    "1963-01-01": "New Year's Day",
    "1963-04-11": "Maundy Thursday",
    "1963-04-12": "Good Friday",
    "1963-04-14": "Easter Sunday",
    "1963-04-15": "Easter Monday",
    "1963-04-25": "First Day of Summer",
    "1963-05-01": "Labor Day",
    "1963-05-23": "Ascension Day",
    "1963-06-02": "Whit Sunday",
    "1963-06-03": "Whit Monday",
    "1963-06-17": "National Day",
    "1963-08-05": "Commerce Day",
    "1963-12-24": "Christmas Eve",
    "1963-12-25": "Christmas Day",
    "1963-12-26": "Second Day of Christmas",
    "1963-12-31": "New Year's Eve",
    "1964-01-01": "New Year's Day",
    "1964-03-26": "Maundy Thursday",
    "1964-03-27": "Good Friday",
    "1964-03-29": "Easter Sunday",
    "1964-03-30": "Easter Monday",
    "1964-04-23": "First Day of Summer",
    "1964-05-01": "Labor Day",
    "1964-05-07": "Ascension Day",
    "1964-05-17": "Whit Sunday",
    "1964-05-18": "Whit Monday",
    "1964-06-17": "National Day",
    "1964-08-03": "Commerce Day",
    "1964-12-24": "Christmas Eve",
    "1964-12-25": "Christmas Day",
    "1964-12-26": "Second Day of Christmas",
    "1964-12-31": "New Year's Eve",
    "1965-01-01": "New Year's Day",
    "1965-04-15": "Maundy Thursday",
    "1965-04-16": "Good Friday",
    "1965-04-18": "Easter Sunday",
    "1965-04-19": "Easter Monday",
    "1965-04-22": "First Day of Summer",
    "1965-05-01": "Labor Day",
    "1965-05-27": "Ascension Day",
    "1965-06-06": "Whit Sunday",
    "1965-06-07": "Whit Monday",
    "1965-06-17": "National Day",
    "1965-08-02": "Commerce Day",
    "1965-12-24": "Christmas Eve",
    "1965-12-25": "Christmas Day",
    "1965-12-26": "Second Day of Christmas",
    "1965-12-31": "New Year's Eve",
    "1966-01-01": "New Year's Day",
    "1966-04-07": "Maundy Thursday",
    "1966-04-08": "Good Friday",
    "1966-04-10": "Easter Sunday",
    "1966-04-11": "Easter Monday",
    "1966-04-21": "First Day of Summer",
    "1966-05-01": "Labor Day",
    "1966-05-19": "Ascension Day",
    "1966-05-29": "Whit Sunday",
    "1966-05-30": "Whit Monday",
    "1966-06-17": "National Day",
    "1966-08-01": "Commerce Day",
    "1966-12-24": "Christmas Eve",
    "1966-12-25": "Christmas Day",
    "1966-12-26": "Second Day of Christmas",
    "1966-12-31": "New Year's Eve",
    "1967-01-01": "New Year's Day",
    "1967-03-23": "Maundy Thursday",
    "1967-03-24": "Good Friday",
    "1967-03-26": "Easter Sunday",
    "1967-03-27": "Easter Monday",
    "1967-04-20": "First Day of Summer",
    "1967-05-01": "Labor Day",
    "1967-05-04": "Ascension Day",
    "1967-05-14": "Whit Sunday",
    "1967-05-15": "Whit Monday",
    "1967-06-17": "National Day",
    "1967-08-07": "Commerce Day",
    "1967-12-24": "Christmas Eve",
    "1967-12-25": "Christmas Day",
    "1967-12-26": "Second Day of Christmas",
    "1967-12-31": "New Year's Eve",
    "1968-01-01": "New Year's Day",
    "1968-04-11": "Maundy Thursday",
    "1968-04-12": "Good Friday",
    "1968-04-14": "Easter Sunday",
    "1968-04-15": "Easter Monday",
    "1968-04-25": "First Day of Summer",
    "1968-05-01": "Labor Day",
    "1968-05-23": "Ascension Day",
    "1968-06-02": "Whit Sunday",
    "1968-06-03": "Whit Monday",
    "1968-06-17": "National Day",
    "1968-08-05": "Commerce Day",
    "1968-12-24": "Christmas Eve",
    "1968-12-25": "Christmas Day",
    "1968-12-26": "Second Day of Christmas",
    "1968-12-31": "New Year's Eve",
    "1969-01-01": "New Year's Day",
    "1969-04-03": "Maundy Thursday",
    "1969-04-04": "Good Friday",
    "1969-04-06": "Easter Sunday",
    "1969-04-07": "Easter Monday",
    "1969-04-24": "First Day of Summer",
    "1969-05-01": "Labor Day",
    "1969-05-15": "Ascension Day",
    "1969-05-25": "Whit Sunday",
    "1969-05-26": "Whit Monday",
    "1969-06-17": "National Day",
    "1969-08-04": "Commerce Day",
    "1969-12-24": "Christmas Eve",
    "1969-12-25": "Christmas Day",
    "1969-12-26": "Second Day of Christmas",
    "1969-12-31": "New Year's Eve",
    "1970-01-01": "New Year's Day",
    "1970-03-26": "Maundy Thursday",
    "1970-03-27": "Good Friday",
    "1970-03-29": "Easter Sunday",
    "1970-03-30": "Easter Monday",
    "1970-04-23": "First Day of Summer",
    "1970-05-01": "Labor Day",
    "1970-05-07": "Ascension Day",
    "1970-05-17": "Whit Sunday",
    "1970-05-18": "Whit Monday",
    "1970-06-17": "National Day",
    "1970-08-03": "Commerce Day",
    "1970-12-24": "Christmas Eve",
    "1970-12-25": "Christmas Day",
    "1970-12-26": "Second Day of Christmas",
    "1970-12-31": "New Year's Eve",
    "1971-01-01": "New Year's Day",
    "1971-04-08": "Maundy Thursday",
    "1971-04-09": "Good Friday",
    "1971-04-11": "Easter Sunday",
    "1971-04-12": "Easter Monday",
    "1971-04-22": "First Day of Summer",
    "1971-05-01": "Labor Day",
    "1971-05-20": "Ascension Day",
    "1971-05-30": "Whit Sunday",
    "1971-05-31": "Whit Monday",
    "1971-06-17": "National Day",
    "1971-08-02": "Commerce Day",
    "1971-12-24": "Christmas Eve",
    "1971-12-25": "Christmas Day",
    "1971-12-26": "Second Day of Christmas",
    "1971-12-31": "New Year's Eve",
    "1972-01-01": "New Year's Day",
    "1972-03-30": "Maundy Thursday",
    "1972-03-31": "Good Friday",
    "1972-04-02": "Easter Sunday",
    "1972-04-03": "Easter Monday",
    "1972-04-20": "First Day of Summer",
    "1972-05-01": "Labor Day",
    "1972-05-11": "Ascension Day",
    "1972-05-21": "Whit Sunday",
    "1972-05-22": "Whit Monday",
    "1972-06-17": "National Day",
    "1972-08-07": "Commerce Day",
    "1972-12-24": "Christmas Eve",
    "1972-12-25": "Christmas Day",
    "1972-12-26": "Second Day of Christmas",
    "1972-12-31": "New Year's Eve",
    "1973-01-01": "New Year's Day",
    "1973-04-19": "First Day of Summer; Maundy Thursday",
    "1973-04-20": "Good Friday",
    "1973-04-22": "Easter Sunday",
    "1973-04-23": "Easter Monday",
    "1973-05-01": "Labor Day",
    "1973-05-31": "Ascension Day",
    "1973-06-10": "Whit Sunday",
    "1973-06-11": "Whit Monday",
    "1973-06-17": "National Day",
    "1973-08-06": "Commerce Day",
    "1973-12-24": "Christmas Eve",
    "1973-12-25": "Christmas Day",
    "1973-12-26": "Second Day of Christmas",
    "1973-12-31": "New Year's Eve",
    "1974-01-01": "New Year's Day",
    "1974-04-11": "Maundy Thursday",
    "1974-04-12": "Good Friday",
    "1974-04-14": "Easter Sunday",
    "1974-04-15": "Easter Monday",
    "1974-04-25": "First Day of Summer",
    "1974-05-01": "Labor Day",
    "1974-05-23": "Ascension Day",
    "1974-06-02": "Whit Sunday",
    "1974-06-03": "Whit Monday",
    "1974-06-17": "National Day",
    "1974-08-05": "Commerce Day",
    "1974-12-24": "Christmas Eve",
    "1974-12-25": "Christmas Day",
    "1974-12-26": "Second Day of Christmas",
    "1974-12-31": "New Year's Eve",
    "1975-01-01": "New Year's Day",
    "1975-03-27": "Maundy Thursday",
    "1975-03-28": "Good Friday",
    "1975-03-30": "Easter Sunday",
    "1975-03-31": "Easter Monday",
    "1975-04-24": "First Day of Summer",
    "1975-05-01": "Labor Day",
    "1975-05-08": "Ascension Day",
    "1975-05-18": "Whit Sunday",
    "1975-05-19": "Whit Monday",
    "1975-06-17": "National Day",
    "1975-08-04": "Commerce Day",
    "1975-12-24": "Christmas Eve",
    "1975-12-25": "Christmas Day",
    "1975-12-26": "Second Day of Christmas",
    "1975-12-31": "New Year's Eve",
    "1976-01-01": "New Year's Day",
    "1976-04-15": "Maundy Thursday",
    "1976-04-16": "Good Friday",
    "1976-04-18": "Easter Sunday",
    "1976-04-19": "Easter Monday",
    "1976-04-22": "First Day of Summer",
    "1976-05-01": "Labor Day",
    "1976-05-27": "Ascension Day",
    "1976-06-06": "Whit Sunday",
    "1976-06-07": "Whit Monday",
    "1976-06-17": "National Day",
    "1976-08-02": "Commerce Day",
    "1976-12-24": "Christmas Eve",
    "1976-12-25": "Christmas Day",
    "1976-12-26": "Second Day of Christmas",
    "1976-12-31": "New Year's Eve",
    "1977-01-01": "New Year's Day",
    "1977-04-07": "Maundy Thursday",
    "1977-04-08": "Good Friday",
    "1977-04-10": "Easter Sunday",
    "1977-04-11": "Easter Monday",
    "1977-04-21": "First Day of Summer",
    "1977-05-01": "Labor Day",
    "1977-05-19": "Ascension Day",
    "1977-05-29": "Whit Sunday",
    "1977-05-30": "Whit Monday",
    "1977-06-17": "National Day",
    "1977-08-01": "Commerce Day",
    "1977-12-24": "Christmas Eve",
    "1977-12-25": "Christmas Day",
    "1977-12-26": "Second Day of Christmas",
    "1977-12-31": "New Year's Eve",
    "1978-01-01": "New Year's Day",
    "1978-03-23": "Maundy Thursday",
    "1978-03-24": "Good Friday",
    "1978-03-26": "Easter Sunday",
    "1978-03-27": "Easter Monday",
    "1978-04-20": "First Day of Summer",
    "1978-05-01": "Labor Day",
    "1978-05-04": "Ascension Day",
    "1978-05-14": "Whit Sunday",
    "1978-05-15": "Whit Monday",
    "1978-06-17": "National Day",
    "1978-08-07": "Commerce Day",
    "1978-12-24": "Christmas Eve",
    "1978-12-25": "Christmas Day",
    "1978-12-26": "Second Day of Christmas",
    "1978-12-31": "New Year's Eve",
    "1979-01-01": "New Year's Day",
    "1979-04-12": "Maundy Thursday",
    "1979-04-13": "Good Friday",
    "1979-04-15": "Easter Sunday",
    "1979-04-16": "Easter Monday",
    "1979-04-19": "First Day of Summer",
    "1979-05-01": "Labor Day",
    "1979-05-24": "Ascension Day",
    "1979-06-03": "Whit Sunday",
    "1979-06-04": "Whit Monday",
    "1979-06-17": "National Day",
    "1979-08-06": "Commerce Day",
    "1979-12-24": "Christmas Eve",
    "1979-12-25": "Christmas Day",
    "1979-12-26": "Second Day of Christmas",
    "1979-12-31": "New Year's Eve",
    "1980-01-01": "New Year's Day",
    "1980-04-03": "Maundy Thursday",
    "1980-04-04": "Good Friday",
    "1980-04-06": "Easter Sunday",
    "1980-04-07": "Easter Monday",
    "1980-04-24": "First Day of Summer",
    "1980-05-01": "Labor Day",
    "1980-05-15": "Ascension Day",
    "1980-05-25": "Whit Sunday",
    "1980-05-26": "Whit Monday",
    "1980-06-17": "National Day",
    "1980-08-04": "Commerce Day",
    "1980-12-24": "Christmas Eve",
    "1980-12-25": "Christmas Day",
    "1980-12-26": "Second Day of Christmas",
    "1980-12-31": "New Year's Eve",
    "1981-01-01": "New Year's Day",
    "1981-04-16": "Maundy Thursday",
    "1981-04-17": "Good Friday",
    "1981-04-19": "Easter Sunday",
    "1981-04-20": "Easter Monday",
    "1981-04-23": "First Day of Summer",
    "1981-05-01": "Labor Day",
    "1981-05-28": "Ascension Day",
    "1981-06-07": "Whit Sunday",
    "1981-06-08": "Whit Monday",
    "1981-06-17": "National Day",
    "1981-08-03": "Commerce Day",
    "1981-12-24": "Christmas Eve",
    "1981-12-25": "Christmas Day",
    "1981-12-26": "Second Day of Christmas",
    "1981-12-31": "New Year's Eve",
    "1982-01-01": "New Year's Day",
    "1982-04-08": "Maundy Thursday",
    "1982-04-09": "Good Friday",
    "1982-04-11": "Easter Sunday",
    "1982-04-12": "Easter Monday",
    "1982-04-22": "First Day of Summer",
    "1982-05-01": "Labor Day",
    "1982-05-20": "Ascension Day",
    "1982-05-30": "Whit Sunday",
    "1982-05-31": "Whit Monday",
    "1982-06-17": "National Day",
    "1982-08-02": "Commerce Day",
    "1982-12-24": "Christmas Eve",
    "1982-12-25": "Christmas Day",
    "1982-12-26": "Second Day of Christmas",
    "1982-12-31": "New Year's Eve",
    "1983-01-01": "New Year's Day",
    "1983-03-31": "Maundy Thursday",
    "1983-04-01": "Good Friday",
    "1983-04-03": "Easter Sunday",
    "1983-04-04": "Easter Monday",
    "1983-04-21": "First Day of Summer",
    "1983-05-01": "Labor Day",
    "1983-05-12": "Ascension Day",
    "1983-05-22": "Whit Sunday",
    "1983-05-23": "Whit Monday",
    "1983-06-17": "National Day",
    "1983-08-01": "Commerce Day",
    "1983-12-24": "Christmas Eve",
    "1983-12-25": "Christmas Day",
    "1983-12-26": "Second Day of Christmas",
    "1983-12-31": "New Year's Eve",
    "1984-01-01": "New Year's Day",
    "1984-04-19": "First Day of Summer; Maundy Thursday",
    "1984-04-20": "Good Friday",
    "1984-04-22": "Easter Sunday",
    "1984-04-23": "Easter Monday",
    "1984-05-01": "Labor Day",
    "1984-05-31": "Ascension Day",
    "1984-06-10": "Whit Sunday",
    "1984-06-11": "Whit Monday",
    "1984-06-17": "National Day",
    "1984-08-06": "Commerce Day",
    "1984-12-24": "Christmas Eve",
    "1984-12-25": "Christmas Day",
    "1984-12-26": "Second Day of Christmas",
    "1984-12-31": "New Year's Eve",
    "1985-01-01": "New Year's Day",
    "1985-04-04": "Maundy Thursday",
    "1985-04-05": "Good Friday",
    "1985-04-07": "Easter Sunday",
    "1985-04-08": "Easter Monday",
    "1985-04-25": "First Day of Summer",
    "1985-05-01": "Labor Day",
    "1985-05-16": "Ascension Day",
    "1985-05-26": "Whit Sunday",
    "1985-05-27": "Whit Monday",
    "1985-06-17": "National Day",
    "1985-08-05": "Commerce Day",
    "1985-12-24": "Christmas Eve",
    "1985-12-25": "Christmas Day",
    "1985-12-26": "Second Day of Christmas",
    "1985-12-31": "New Year's Eve",
    "1986-01-01": "New Year's Day",
    "1986-03-27": "Maundy Thursday",
    "1986-03-28": "Good Friday",
    "1986-03-30": "Easter Sunday",
    "1986-03-31": "Easter Monday",
    "1986-04-24": "First Day of Summer",
    "1986-05-01": "Labor Day",
    "1986-05-08": "Ascension Day",
    "1986-05-18": "Whit Sunday",
    "1986-05-19": "Whit Monday",
    "1986-06-17": "National Day",
    "1986-08-04": "Commerce Day",
    "1986-12-24": "Christmas Eve",
    "1986-12-25": "Christmas Day",
    "1986-12-26": "Second Day of Christmas",
    "1986-12-31": "New Year's Eve",
    "1987-01-01": "New Year's Day",
    "1987-04-16": "Maundy Thursday",
    "1987-04-17": "Good Friday",
    "1987-04-19": "Easter Sunday",
    "1987-04-20": "Easter Monday",
    "1987-04-23": "First Day of Summer",
    "1987-05-01": "Labor Day",
    "1987-05-28": "Ascension Day",
    "1987-06-07": "Whit Sunday",
    "1987-06-08": "Whit Monday",
    "1987-06-17": "National Day",
    "1987-08-03": "Commerce Day",
    "1987-12-24": "Christmas Eve",
    "1987-12-25": "Christmas Day",
    "1987-12-26": "Second Day of Christmas",
    "1987-12-31": "New Year's Eve",
    "1988-01-01": "New Year's Day",
    "1988-03-31": "Maundy Thursday",
    "1988-04-01": "Good Friday",
    "1988-04-03": "Easter Sunday",
    "1988-04-04": "Easter Monday",
    "1988-04-21": "First Day of Summer",
    "1988-05-01": "Labor Day",
    "1988-05-12": "Ascension Day",
    "1988-05-22": "Whit Sunday",
    "1988-05-23": "Whit Monday",
    "1988-06-17": "National Day",
    "1988-08-01": "Commerce Day",
    "1988-12-24": "Christmas Eve",
    "1988-12-25": "Christmas Day",
    "1988-12-26": "Second Day of Christmas",
    "1988-12-31": "New Year's Eve",
    "1989-01-01": "New Year's Day",
    "1989-03-23": "Maundy Thursday",
    "1989-03-24": "Good Friday",
    "1989-03-26": "Easter Sunday",
    "1989-03-27": "Easter Monday",
    "1989-04-20": "First Day of Summer",
    "1989-05-01": "Labor Day",
    "1989-05-04": "Ascension Day",
    "1989-05-14": "Whit Sunday",
    "1989-05-15": "Whit Monday",
    "1989-06-17": "National Day",
    "1989-08-07": "Commerce Day",
    "1989-12-24": "Christmas Eve",
    "1989-12-25": "Christmas Day",
    "1989-12-26": "Second Day of Christmas",
    "1989-12-31": "New Year's Eve",
    "1990-01-01": "New Year's Day",
    "1990-04-12": "Maundy Thursday",
    "1990-04-13": "Good Friday",
    "1990-04-15": "Easter Sunday",
    "1990-04-16": "Easter Monday",
    "1990-04-19": "First Day of Summer",
    "1990-05-01": "Labor Day",
    "1990-05-24": "Ascension Day",
    "1990-06-03": "Whit Sunday",
    "1990-06-04": "Whit Monday",
    "1990-06-17": "National Day",
    "1990-08-06": "Commerce Day",
    "1990-12-24": "Christmas Eve",
    "1990-12-25": "Christmas Day",
    "1990-12-26": "Second Day of Christmas",
    "1990-12-31": "New Year's Eve",
    "1991-01-01": "New Year's Day",
    "1991-03-28": "Maundy Thursday",
    "1991-03-29": "Good Friday",
    "1991-03-31": "Easter Sunday",
    "1991-04-01": "Easter Monday",
    "1991-04-25": "First Day of Summer",
    "1991-05-01": "Labor Day",
    "1991-05-09": "Ascension Day",
    "1991-05-19": "Whit Sunday",
    "1991-05-20": "Whit Monday",
    "1991-06-17": "National Day",
    "1991-08-05": "Commerce Day",
    "1991-12-24": "Christmas Eve",
    "1991-12-25": "Christmas Day",
    "1991-12-26": "Second Day of Christmas",
    "1991-12-31": "New Year's Eve",
    "1992-01-01": "New Year's Day",
    "1992-04-16": "Maundy Thursday",
    "1992-04-17": "Good Friday",
    "1992-04-19": "Easter Sunday",
    "1992-04-20": "Easter Monday",
    "1992-04-23": "First Day of Summer",
    "1992-05-01": "Labor Day",
    "1992-05-28": "Ascension Day",
    "1992-06-07": "Whit Sunday",
    "1992-06-08": "Whit Monday",
    "1992-06-17": "National Day",
    "1992-08-03": "Commerce Day",
    "1992-12-24": "Christmas Eve",
    "1992-12-25": "Christmas Day",
    "1992-12-26": "Second Day of Christmas",
    "1992-12-31": "New Year's Eve",
    "1993-01-01": "New Year's Day",
    "1993-04-08": "Maundy Thursday",
    "1993-04-09": "Good Friday",
    "1993-04-11": "Easter Sunday",
    "1993-04-12": "Easter Monday",
    "1993-04-22": "First Day of Summer",
    "1993-05-01": "Labor Day",
    "1993-05-20": "Ascension Day",
    "1993-05-30": "Whit Sunday",
    "1993-05-31": "Whit Monday",
    "1993-06-17": "National Day",
    "1993-08-02": "Commerce Day",
    "1993-12-24": "Christmas Eve",
    "1993-12-25": "Christmas Day",
    "1993-12-26": "Second Day of Christmas",
    "1993-12-31": "New Year's Eve",
    "1994-01-01": "New Year's Day",
    "1994-03-31": "Maundy Thursday",
    "1994-04-01": "Good Friday",
    "1994-04-03": "Easter Sunday",
    "1994-04-04": "Easter Monday",
    "1994-04-21": "First Day of Summer",
    "1994-05-01": "Labor Day",
    "1994-05-12": "Ascension Day",
    "1994-05-22": "Whit Sunday",
    "1994-05-23": "Whit Monday",
    "1994-06-17": "National Day",
    "1994-08-01": "Commerce Day",
    "1994-12-24": "Christmas Eve",
    "1994-12-25": "Christmas Day",
    "1994-12-26": "Second Day of Christmas",
    "1994-12-31": "New Year's Eve",
    "1995-01-01": "New Year's Day",
    "1995-04-13": "Maundy Thursday",
    "1995-04-14": "Good Friday",
    "1995-04-16": "Easter Sunday",
    "1995-04-17": "Easter Monday",
    "1995-04-20": "First Day of Summer",
    "1995-05-01": "Labor Day",
    "1995-05-25": "Ascension Day",
    "1995-06-04": "Whit Sunday",
    "1995-06-05": "Whit Monday",
    "1995-06-17": "National Day",
    "1995-08-07": "Commerce Day",
    "1995-12-24": "Christmas Eve",
    "1995-12-25": "Christmas Day",
    "1995-12-26": "Second Day of Christmas",
    "1995-12-31": "New Year's Eve",
    "1996-01-01": "New Year's Day",
    "1996-04-04": "Maundy Thursday",
    "1996-04-05": "Good Friday",
    "1996-04-07": "Easter Sunday",
    "1996-04-08": "Easter Monday",
    "1996-04-25": "First Day of Summer",
    "1996-05-01": "Labor Day",
    "1996-05-16": "Ascension Day",
    "1996-05-26": "Whit Sunday",
    "1996-05-27": "Whit Monday",
    "1996-06-17": "National Day",
    "1996-08-05": "Commerce Day",
    "1996-12-24": "Christmas Eve",
    "1996-12-25": "Christmas Day",
    "1996-12-26": "Second Day of Christmas",
    "1996-12-31": "New Year's Eve",
    "1997-01-01": "New Year's Day",
    "1997-03-27": "Maundy Thursday",
    "1997-03-28": "Good Friday",
    "1997-03-30": "Easter Sunday",
    "1997-03-31": "Easter Monday",
    "1997-04-24": "First Day of Summer",
    "1997-05-01": "Labor Day",
    "1997-05-08": "Ascension Day",
    "1997-05-18": "Whit Sunday",
    "1997-05-19": "Whit Monday",
    "1997-06-17": "National Day",
    "1997-08-04": "Commerce Day",
    "1997-12-24": "Christmas Eve",
    "1997-12-25": "Christmas Day",
    "1997-12-26": "Second Day of Christmas",
    "1997-12-31": "New Year's Eve",
    "1998-01-01": "New Year's Day",
    "1998-04-09": "Maundy Thursday",
    "1998-04-10": "Good Friday",
    "1998-04-12": "Easter Sunday",
    "1998-04-13": "Easter Monday",
    "1998-04-23": "First Day of Summer",
    "1998-05-01": "Labor Day",
    "1998-05-21": "Ascension Day",
    "1998-05-31": "Whit Sunday",
    "1998-06-01": "Whit Monday",
    "1998-06-17": "National Day",
    "1998-08-03": "Commerce Day",
    "1998-12-24": "Christmas Eve",
    "1998-12-25": "Christmas Day",
    "1998-12-26": "Second Day of Christmas",
    "1998-12-31": "New Year's Eve",
    "1999-01-01": "New Year's Day",
    "1999-04-01": "Maundy Thursday",
    "1999-04-02": "Good Friday",
    "1999-04-04": "Easter Sunday",
    "1999-04-05": "Easter Monday",
    "1999-04-22": "First Day of Summer",
    "1999-05-01": "Labor Day",
    "1999-05-13": "Ascension Day",
    "1999-05-23": "Whit Sunday",
    "1999-05-24": "Whit Monday",
    "1999-06-17": "National Day",
    "1999-08-02": "Commerce Day",
    "1999-12-24": "Christmas Eve",
    "1999-12-25": "Christmas Day",
    "1999-12-26": "Second Day of Christmas",
    "1999-12-31": "New Year's Eve",
    "2000-01-01": "New Year's Day",
    "2000-04-20": "First Day of Summer; Maundy Thursday",
    "2000-04-21": "Good Friday",
    "2000-04-23": "Easter Sunday",
    "2000-04-24": "Easter Monday",
    "2000-05-01": "Labor Day",
    "2000-06-01": "Ascension Day",
    "2000-06-11": "Whit Sunday",
    "2000-06-12": "Whit Monday",
    "2000-06-17": "National Day",
    "2000-08-07": "Commerce Day",
    "2000-12-24": "Christmas Eve",
    "2000-12-25": "Christmas Day",
    "2000-12-26": "Second Day of Christmas",
    "2000-12-31": "New Year's Eve",
    "2001-01-01": "New Year's Day",
    "2001-04-12": "Maundy Thursday",
    "2001-04-13": "Good Friday",
    "2001-04-15": "Easter Sunday",
    "2001-04-16": "Easter Monday",
    "2001-04-19": "First Day of Summer",
    "2001-05-01": "Labor Day",
    "2001-05-24": "Ascension Day",
    "2001-06-03": "Whit Sunday",
    "2001-06-04": "Whit Monday",
    "2001-06-17": "National Day",
    "2001-08-06": "Commerce Day",
    "2001-12-24": "Christmas Eve",
    "2001-12-25": "Christmas Day",
    "2001-12-26": "Second Day of Christmas",
    "2001-12-31": "New Year's Eve",
    "2002-01-01": "New Year's Day",
    "2002-03-28": "Maundy Thursday",
    "2002-03-29": "Good Friday",
    "2002-03-31": "Easter Sunday",
    "2002-04-01": "Easter Monday",
    "2002-04-25": "First Day of Summer",
    "2002-05-01": "Labor Day",
    "2002-05-09": "Ascension Day",
    "2002-05-19": "Whit Sunday",
    "2002-05-20": "Whit Monday",
    "2002-06-17": "National Day",
    "2002-08-05": "Commerce Day",
    "2002-12-24": "Christmas Eve",
    "2002-12-25": "Christmas Day",
    "2002-12-26": "Second Day of Christmas",
    "2002-12-31": "New Year's Eve",
    "2003-01-01": "New Year's Day",
    "2003-04-17": "Maundy Thursday",
    "2003-04-18": "Good Friday",
    "2003-04-20": "Easter Sunday",
    "2003-04-21": "Easter Monday",
    "2003-04-24": "First Day of Summer",
    "2003-05-01": "Labor Day",
    "2003-05-29": "Ascension Day",
    "2003-06-08": "Whit Sunday",
    "2003-06-09": "Whit Monday",
    "2003-06-17": "National Day",
    "2003-08-04": "Commerce Day",
    "2003-12-24": "Christmas Eve",
    "2003-12-25": "Christmas Day",
    "2003-12-26": "Second Day of Christmas",
    "2003-12-31": "New Year's Eve",
    "2004-01-01": "New Year's Day",
    "2004-04-08": "Maundy Thursday",
    "2004-04-09": "Good Friday",
    "2004-04-11": "Easter Sunday",
    "2004-04-12": "Easter Monday",
    "2004-04-22": "First Day of Summer",
    "2004-05-01": "Labor Day",
    "2004-05-20": "Ascension Day",
    "2004-05-30": "Whit Sunday",
    "2004-05-31": "Whit Monday",
    "2004-06-17": "National Day",
    "2004-08-02": "Commerce Day",
    "2004-12-24": "Christmas Eve",
    "2004-12-25": "Christmas Day",
    "2004-12-26": "Second Day of Christmas",
    "2004-12-31": "New Year's Eve",
    "2005-01-01": "New Year's Day",
    "2005-03-24": "Maundy Thursday",
    "2005-03-25": "Good Friday",
    "2005-03-27": "Easter Sunday",
    "2005-03-28": "Easter Monday",
    "2005-04-21": "First Day of Summer",
    "2005-05-01": "Labor Day",
    "2005-05-05": "Ascension Day",
    "2005-05-15": "Whit Sunday",
    "2005-05-16": "Whit Monday",
    "2005-06-17": "National Day",
    "2005-08-01": "Commerce Day",
    "2005-12-24": "Christmas Eve",
    "2005-12-25": "Christmas Day",
    "2005-12-26": "Second Day of Christmas",
    "2005-12-31": "New Year's Eve",
    "2006-01-01": "New Year's Day",
    "2006-04-13": "Maundy Thursday",
    "2006-04-14": "Good Friday",
    "2006-04-16": "Easter Sunday",
    "2006-04-17": "Easter Monday",
    "2006-04-20": "First Day of Summer",
    "2006-05-01": "Labor Day",
    "2006-05-25": "Ascension Day",
    "2006-06-04": "Whit Sunday",
    "2006-06-05": "Whit Monday",
    "2006-06-17": "National Day",
    "2006-08-07": "Commerce Day",
    "2006-12-24": "Christmas Eve",
    "2006-12-25": "Christmas Day",
    "2006-12-26": "Second Day of Christmas",
    "2006-12-31": "New Year's Eve",
    "2007-01-01": "New Year's Day",
    "2007-04-05": "Maundy Thursday",
    "2007-04-06": "Good Friday",
    "2007-04-08": "Easter Sunday",
    "2007-04-09": "Easter Monday",
    "2007-04-19": "First Day of Summer",
    "2007-05-01": "Labor Day",
    "2007-05-17": "Ascension Day",
    "2007-05-27": "Whit Sunday",
    "2007-05-28": "Whit Monday",
    "2007-06-17": "National Day",
    "2007-08-06": "Commerce Day",
    "2007-12-24": "Christmas Eve",
    "2007-12-25": "Christmas Day",
    "2007-12-26": "Second Day of Christmas",
    "2007-12-31": "New Year's Eve",
    "2008-01-01": "New Year's Day",
    "2008-03-20": "Maundy Thursday",
    "2008-03-21": "Good Friday",
    "2008-03-23": "Easter Sunday",
    "2008-03-24": "Easter Monday",
    "2008-04-24": "First Day of Summer",
    "2008-05-01": "Ascension Day; Labor Day",
    "2008-05-11": "Whit Sunday",
    "2008-05-12": "Whit Monday",
    "2008-06-17": "National Day",
    "2008-08-04": "Commerce Day",
    "2008-12-24": "Christmas Eve",
    "2008-12-25": "Christmas Day",
    "2008-12-26": "Second Day of Christmas",
    "2008-12-31": "New Year's Eve",
    "2009-01-01": "New Year's Day",
    "2009-04-09": "Maundy Thursday",
    "2009-04-10": "Good Friday",
    "2009-04-12": "Easter Sunday",
    "2009-04-13": "Easter Monday",
    "2009-04-23": "First Day of Summer",
    "2009-05-01": "Labor Day",
    "2009-05-21": "Ascension Day",
    "2009-05-31": "Whit Sunday",
    "2009-06-01": "Whit Monday",
    "2009-06-17": "National Day",
    "2009-08-03": "Commerce Day",
    "2009-12-24": "Christmas Eve",
    "2009-12-25": "Christmas Day",
    "2009-12-26": "Second Day of Christmas",
    "2009-12-31": "New Year's Eve",
    "2010-01-01": "New Year's Day",
    "2010-04-01": "Maundy Thursday",
    "2010-04-02": "Good Friday",
    "2010-04-04": "Easter Sunday",
    "2010-04-05": "Easter Monday",
    "2010-04-22": "First Day of Summer",
    "2010-05-01": "Labor Day",
    "2010-05-13": "Ascension Day",
    "2010-05-23": "Whit Sunday",
    "2010-05-24": "Whit Monday",
    "2010-06-17": "National Day",
    "2010-08-02": "Commerce Day",
    "2010-12-24": "Christmas Eve",
    "2010-12-25": "Christmas Day",
    "2010-12-26": "Second Day of Christmas",
    "2010-12-31": "New Year's Eve",
    "2011-01-01": "New Year's Day",
    "2011-04-21": "First Day of Summer; Maundy Thursday",
    "2011-04-22": "Good Friday",
    "2011-04-24": "Easter Sunday",
    "2011-04-25": "Easter Monday",
    "2011-05-01": "Labor Day",
    "2011-06-02": "Ascension Day",
    "2011-06-12": "Whit Sunday",
    "2011-06-13": "Whit Monday",
    "2011-06-17": "National Day",
    "2011-08-01": "Commerce Day",
    "2011-12-24": "Christmas Eve",
    "2011-12-25": "Christmas Day",
    "2011-12-26": "Second Day of Christmas",
    "2011-12-31": "New Year's Eve",
    "2012-01-01": "New Year's Day",
    "2012-04-05": "Maundy Thursday",
    "2012-04-06": "Good Friday",
    "2012-04-08": "Easter Sunday",
    "2012-04-09": "Easter Monday",
    "2012-04-19": "First Day of Summer",
    "2012-05-01": "Labor Day",
    "2012-05-17": "Ascension Day",
    "2012-05-27": "Whit Sunday",
    "2012-05-28": "Whit Monday",
    "2012-06-17": "National Day",
    "2012-08-06": "Commerce Day",
    "2012-12-24": "Christmas Eve",
    "2012-12-25": "Christmas Day",
    "2012-12-26": "Second Day of Christmas",
    "2012-12-31": "New Year's Eve",
    "2013-01-01": "New Year's Day",
    "2013-03-28": "Maundy Thursday",
    "2013-03-29": "Good Friday",
    "2013-03-31": "Easter Sunday",
    "2013-04-01": "Easter Monday",
    "2013-04-25": "First Day of Summer",
    "2013-05-01": "Labor Day",
    "2013-05-09": "Ascension Day",
    "2013-05-19": "Whit Sunday",
    "2013-05-20": "Whit Monday",
    "2013-06-17": "National Day",
    "2013-08-05": "Commerce Day",
    "2013-12-24": "Christmas Eve",
    "2013-12-25": "Christmas Day",
    "2013-12-26": "Second Day of Christmas",
    "2013-12-31": "New Year's Eve",
    "2014-01-01": "New Year's Day",
    "2014-04-17": "Maundy Thursday",
    "2014-04-18": "Good Friday",
    "2014-04-20": "Easter Sunday",
    "2014-04-21": "Easter Monday",
    "2014-04-24": "First Day of Summer",
    "2014-05-01": "Labor Day",
    "2014-05-29": "Ascension Day",
    "2014-06-08": "Whit Sunday",
    "2014-06-09": "Whit Monday",
    "2014-06-17": "National Day",
    "2014-08-04": "Commerce Day",
    "2014-12-24": "Christmas Eve",
    "2014-12-25": "Christmas Day",
    "2014-12-26": "Second Day of Christmas",
    "2014-12-31": "New Year's Eve",
    "2015-01-01": "New Year's Day",
    "2015-04-02": "Maundy Thursday",
    "2015-04-03": "Good Friday",
    "2015-04-05": "Easter Sunday",
    "2015-04-06": "Easter Monday",
    "2015-04-23": "First Day of Summer",
    "2015-05-01": "Labor Day",
    "2015-05-14": "Ascension Day",
    "2015-05-24": "Whit Sunday",
    "2015-05-25": "Whit Monday",
    "2015-06-17": "National Day",
    "2015-08-03": "Commerce Day",
    "2015-12-24": "Christmas Eve",
    "2015-12-25": "Christmas Day",
    "2015-12-26": "Second Day of Christmas",
    "2015-12-31": "New Year's Eve",
    "2016-01-01": "New Year's Day",
    "2016-03-24": "Maundy Thursday",
    "2016-03-25": "Good Friday",
    "2016-03-27": "Easter Sunday",
    "2016-03-28": "Easter Monday",
    "2016-04-21": "First Day of Summer",
    "2016-05-01": "Labor Day",
    "2016-05-05": "Ascension Day",
    "2016-05-15": "Whit Sunday",
    "2016-05-16": "Whit Monday",
    "2016-06-17": "National Day",
    "2016-08-01": "Commerce Day",
    "2016-12-24": "Christmas Eve",
    "2016-12-25": "Christmas Day",
    "2016-12-26": "Second Day of Christmas",
    "2016-12-31": "New Year's Eve",
    "2017-01-01": "New Year's Day",
    "2017-04-13": "Maundy Thursday",
    "2017-04-14": "Good Friday",
    "2017-04-16": "Easter Sunday",
    "2017-04-17": "Easter Monday",
    "2017-04-20": "First Day of Summer",
    "2017-05-01": "Labor Day",
    "2017-05-25": "Ascension Day",
    "2017-06-04": "Whit Sunday",
    "2017-06-05": "Whit Monday",
    "2017-06-17": "National Day",
    "2017-08-07": "Commerce Day",
    "2017-12-24": "Christmas Eve",
    "2017-12-25": "Christmas Day",
    "2017-12-26": "Second Day of Christmas",
    "2017-12-31": "New Year's Eve",
    "2018-01-01": "New Year's Day",
    "2018-03-29": "Maundy Thursday",
    "2018-03-30": "Good Friday",
    "2018-04-01": "Easter Sunday",
    "2018-04-02": "Easter Monday",
    "2018-04-19": "First Day of Summer",
    "2018-05-01": "Labor Day",
    "2018-05-10": "Ascension Day",
    "2018-05-20": "Whit Sunday",
    "2018-05-21": "Whit Monday",
    "2018-06-17": "National Day",
    "2018-08-06": "Commerce Day",
    "2018-12-24": "Christmas Eve",
    "2018-12-25": "Christmas Day",
    "2018-12-26": "Second Day of Christmas",
    "2018-12-31": "New Year's Eve",
    "2019-01-01": "New Year's Day",
    "2019-04-18": "Maundy Thursday",
    "2019-04-19": "Good Friday",
    "2019-04-21": "Easter Sunday",
    "2019-04-22": "Easter Monday",
    "2019-04-25": "First Day of Summer",
    "2019-05-01": "Labor Day",
    "2019-05-30": "Ascension Day",
    "2019-06-09": "Whit Sunday",
    "2019-06-10": "Whit Monday",
    "2019-06-17": "National Day",
    "2019-08-05": "Commerce Day",
    "2019-12-24": "Christmas Eve",
    "2019-12-25": "Christmas Day",
    "2019-12-26": "Second Day of Christmas",
    "2019-12-31": "New Year's Eve",
    "2020-01-01": "New Year's Day",
    "2020-04-09": "Maundy Thursday",
    "2020-04-10": "Good Friday",
    "2020-04-12": "Easter Sunday",
    "2020-04-13": "Easter Monday",
    "2020-04-23": "First Day of Summer",
    "2020-05-01": "Labor Day",
    "2020-05-21": "Ascension Day",
    "2020-05-31": "Whit Sunday",
    "2020-06-01": "Whit Monday",
    "2020-06-17": "National Day",
    "2020-08-03": "Commerce Day",
    "2020-12-24": "Christmas Eve",
    "2020-12-25": "Christmas Day",
    "2020-12-26": "Second Day of Christmas",
    "2020-12-31": "New Year's Eve",
    "2021-01-01": "New Year's Day",
    "2021-04-01": "Maundy Thursday",
    "2021-04-02": "Good Friday",
    "2021-04-04": "Easter Sunday",
    "2021-04-05": "Easter Monday",
    "2021-04-22": "First Day of Summer",
    "2021-05-01": "Labor Day",
    "2021-05-13": "Ascension Day",
    "2021-05-23": "Whit Sunday",
    "2021-05-24": "Whit Monday",
    "2021-06-17": "National Day",
    "2021-08-02": "Commerce Day",
    "2021-12-24": "Christmas Eve",
    "2021-12-25": "Christmas Day",
    "2021-12-26": "Second Day of Christmas",
    "2021-12-31": "New Year's Eve",
    "2022-01-01": "New Year's Day",
    "2022-04-14": "Maundy Thursday",
    "2022-04-15": "Good Friday",
    "2022-04-17": "Easter Sunday",
    "2022-04-18": "Easter Monday",
    "2022-04-21": "First Day of Summer",
    "2022-05-01": "Labor Day",
    "2022-05-26": "Ascension Day",
    "2022-06-05": "Whit Sunday",
    "2022-06-06": "Whit Monday",
    "2022-06-17": "National Day",
    "2022-08-01": "Commerce Day",
    "2022-12-24": "Christmas Eve",
    "2022-12-25": "Christmas Day",
    "2022-12-26": "Second Day of Christmas",
    "2022-12-31": "New Year's Eve",
    "2023-01-01": "New Year's Day",
    "2023-04-06": "Maundy Thursday",
    "2023-04-07": "Good Friday",
    "2023-04-09": "Easter Sunday",
    "2023-04-10": "Easter Monday",
    "2023-04-20": "First Day of Summer",
    "2023-05-01": "Labor Day",
    "2023-05-18": "Ascension Day",
    "2023-05-28": "Whit Sunday",
    "2023-05-29": "Whit Monday",
    "2023-06-17": "National Day",
    "2023-08-07": "Commerce Day",
    "2023-12-24": "Christmas Eve",
    "2023-12-25": "Christmas Day",
    "2023-12-26": "Second Day of Christmas",
    "2023-12-31": "New Year's Eve",
    "2024-01-01": "New Year's Day",
    "2024-03-28": "Maundy Thursday",
    "2024-03-29": "Good Friday",
    "2024-03-31": "Easter Sunday",
    "2024-04-01": "Easter Monday",
    "2024-04-25": "First Day of Summer",
    "2024-05-01": "Labor Day",
    "2024-05-09": "Ascension Day",
    "2024-05-19": "Whit Sunday",
    "2024-05-20": "Whit Monday",
    "2024-06-17": "National Day",
    "2024-08-05": "Commerce Day",
    "2024-12-24": "Christmas Eve",
    "2024-12-25": "Christmas Day",
    "2024-12-26": "Second Day of Christmas",
    "2024-12-31": "New Year's Eve",
    "2025-01-01": "New Year's Day",
    "2025-04-17": "Maundy Thursday",
    "2025-04-18": "Good Friday",
    "2025-04-20": "Easter Sunday",
    "2025-04-21": "Easter Monday",
    "2025-04-24": "First Day of Summer",
    "2025-05-01": "Labor Day",
    "2025-05-29": "Ascension Day",
    "2025-06-08": "Whit Sunday",
    "2025-06-09": "Whit Monday",
    "2025-06-17": "National Day",
    "2025-08-04": "Commerce Day",
    "2025-12-24": "Christmas Eve",
    "2025-12-25": "Christmas Day",
    "2025-12-26": "Second Day of Christmas",
    "2025-12-31": "New Year's Eve",
    "2026-01-01": "New Year's Day",
    "2026-04-02": "Maundy Thursday",
    "2026-04-03": "Good Friday",
    "2026-04-05": "Easter Sunday",
    "2026-04-06": "Easter Monday",
    "2026-04-23": "First Day of Summer",
    "2026-05-01": "Labor Day",
    "2026-05-14": "Ascension Day",
    "2026-05-24": "Whit Sunday",
    "2026-05-25": "Whit Monday",
    "2026-06-17": "National Day",
    "2026-08-03": "Commerce Day",
    "2026-12-24": "Christmas Eve",
    "2026-12-25": "Christmas Day",
    "2026-12-26": "Second Day of Christmas",
    "2026-12-31": "New Year's Eve",
    "2027-01-01": "New Year's Day",
    "2027-03-25": "Maundy Thursday",
    "2027-03-26": "Good Friday",
    "2027-03-28": "Easter Sunday",
    "2027-03-29": "Easter Monday",
    "2027-04-22": "First Day of Summer",
    "2027-05-01": "Labor Day",
    "2027-05-06": "Ascension Day",
    "2027-05-16": "Whit Sunday",
    "2027-05-17": "Whit Monday",
    "2027-06-17": "National Day",
    "2027-08-02": "Commerce Day",
    "2027-12-24": "Christmas Eve",
    "2027-12-25": "Christmas Day",
    "2027-12-26": "Second Day of Christmas",
    "2027-12-31": "New Year's Eve",
    "2028-01-01": "New Year's Day",
    "2028-04-13": "Maundy Thursday",
    "2028-04-14": "Good Friday",
    "2028-04-16": "Easter Sunday",
    "2028-04-17": "Easter Monday",
    "2028-04-20": "First Day of Summer",
    "2028-05-01": "Labor Day",
    "2028-05-25": "Ascension Day",
    "2028-06-04": "Whit Sunday",
    "2028-06-05": "Whit Monday",
    "2028-06-17": "National Day",
    "2028-08-07": "Commerce Day",
    "2028-12-24": "Christmas Eve",
    "2028-12-25": "Christmas Day",
    "2028-12-26": "Second Day of Christmas",
    "2028-12-31": "New Year's Eve",
    "2029-01-01": "New Year's Day",
    "2029-03-29": "Maundy Thursday",
    "2029-03-30": "Good Friday",
    "2029-04-01": "Easter Sunday",
    "2029-04-02": "Easter Monday",
    "2029-04-19": "First Day of Summer",
    "2029-05-01": "Labor Day",
    "2029-05-10": "Ascension Day",
    "2029-05-20": "Whit Sunday",
    "2029-05-21": "Whit Monday",
    "2029-06-17": "National Day",
    "2029-08-06": "Commerce Day",
    "2029-12-24": "Christmas Eve",
    "2029-12-25": "Christmas Day",
    "2029-12-26": "Second Day of Christmas",
    "2029-12-31": "New Year's Eve",
    "2030-01-01": "New Year's Day",
    "2030-04-18": "Maundy Thursday",
    "2030-04-19": "Good Friday",
    "2030-04-21": "Easter Sunday",
    "2030-04-22": "Easter Monday",
    "2030-04-25": "First Day of Summer",
    "2030-05-01": "Labor Day",
    "2030-05-30": "Ascension Day",
    "2030-06-09": "Whit Sunday",
    "2030-06-10": "Whit Monday",
    "2030-06-17": "National Day",
    "2030-08-05": "Commerce Day",
    "2030-12-24": "Christmas Eve",
    "2030-12-25": "Christmas Day",
    "2030-12-26": "Second Day of Christmas",
    "2030-12-31": "New Year's Eve",
    "2031-01-01": "New Year's Day",
    "2031-04-10": "Maundy Thursday",
    "2031-04-11": "Good Friday",
    "2031-04-13": "Easter Sunday",
    "2031-04-14": "Easter Monday",
    "2031-04-24": "First Day of Summer",
    "2031-05-01": "Labor Day",
    "2031-05-22": "Ascension Day",
    "2031-06-01": "Whit Sunday",
    "2031-06-02": "Whit Monday",
    "2031-06-17": "National Day",
    "2031-08-04": "Commerce Day",
    "2031-12-24": "Christmas Eve",
    "2031-12-25": "Christmas Day",
    "2031-12-26": "Second Day of Christmas",
    "2031-12-31": "New Year's Eve",
    "2032-01-01": "New Year's Day",
    "2032-03-25": "Maundy Thursday",
    "2032-03-26": "Good Friday",
    "2032-03-28": "Easter Sunday",
    "2032-03-29": "Easter Monday",
    "2032-04-22": "First Day of Summer",
    "2032-05-01": "Labor Day",
    "2032-05-06": "Ascension Day",
    "2032-05-16": "Whit Sunday",
    "2032-05-17": "Whit Monday",
    "2032-06-17": "National Day",
    "2032-08-02": "Commerce Day",
    "2032-12-24": "Christmas Eve",
    "2032-12-25": "Christmas Day",
    "2032-12-26": "Second Day of Christmas",
    "2032-12-31": "New Year's Eve",
    "2033-01-01": "New Year's Day",
    "2033-04-14": "Maundy Thursday",
    "2033-04-15": "Good Friday",
    "2033-04-17": "Easter Sunday",
    "2033-04-18": "Easter Monday",
    "2033-04-21": "First Day of Summer",
    "2033-05-01": "Labor Day",
    "2033-05-26": "Ascension Day",
    "2033-06-05": "Whit Sunday",
    "2033-06-06": "Whit Monday",
    "2033-06-17": "National Day",
    "2033-08-01": "Commerce Day",
    "2033-12-24": "Christmas Eve",
    "2033-12-25": "Christmas Day",
    "2033-12-26": "Second Day of Christmas",
    "2033-12-31": "New Year's Eve",
    "2034-01-01": "New Year's Day",
    "2034-04-06": "Maundy Thursday",
    "2034-04-07": "Good Friday",
    "2034-04-09": "Easter Sunday",
    "2034-04-10": "Easter Monday",
    "2034-04-20": "First Day of Summer",
    "2034-05-01": "Labor Day",
    "2034-05-18": "Ascension Day",
    "2034-05-28": "Whit Sunday",
    "2034-05-29": "Whit Monday",
    "2034-06-17": "National Day",
    "2034-08-07": "Commerce Day",
    "2034-12-24": "Christmas Eve",
    "2034-12-25": "Christmas Day",
    "2034-12-26": "Second Day of Christmas",
    "2034-12-31": "New Year's Eve",
    "2035-01-01": "New Year's Day",
    "2035-03-22": "Maundy Thursday",
    "2035-03-23": "Good Friday",
    "2035-03-25": "Easter Sunday",
    "2035-03-26": "Easter Monday",
    "2035-04-19": "First Day of Summer",
    "2035-05-01": "Labor Day",
    "2035-05-03": "Ascension Day",
    "2035-05-13": "Whit Sunday",
    "2035-05-14": "Whit Monday",
    "2035-06-17": "National Day",
    "2035-08-06": "Commerce Day",
    "2035-12-24": "Christmas Eve",
    "2035-12-25": "Christmas Day",
    "2035-12-26": "Second Day of Christmas",
    "2035-12-31": "New Year's Eve",
    "2036-01-01": "New Year's Day",
    "2036-04-10": "Maundy Thursday",
    "2036-04-11": "Good Friday",
    "2036-04-13": "Easter Sunday",
    "2036-04-14": "Easter Monday",
    "2036-04-24": "First Day of Summer",
    "2036-05-01": "Labor Day",
    "2036-05-22": "Ascension Day",
    "2036-06-01": "Whit Sunday",
    "2036-06-02": "Whit Monday",
    "2036-06-17": "National Day",
    "2036-08-04": "Commerce Day",
    "2036-12-24": "Christmas Eve",
    "2036-12-25": "Christmas Day",
    "2036-12-26": "Second Day of Christmas",
    "2036-12-31": "New Year's Eve",
    "2037-01-01": "New Year's Day",
    "2037-04-02": "Maundy Thursday",
    "2037-04-03": "Good Friday",
    "2037-04-05": "Easter Sunday",
    "2037-04-06": "Easter Monday",
    "2037-04-23": "First Day of Summer",
    "2037-05-01": "Labor Day",
    "2037-05-14": "Ascension Day",
    "2037-05-24": "Whit Sunday",
    "2037-05-25": "Whit Monday",
    "2037-06-17": "National Day",
    "2037-08-03": "Commerce Day",
    "2037-12-24": "Christmas Eve",
    "2037-12-25": "Christmas Day",
    "2037-12-26": "Second Day of Christmas",
    "2037-12-31": "New Year's Eve",
    "2038-01-01": "New Year's Day",
    "2038-04-22": "First Day of Summer; Maundy Thursday",
    "2038-04-23": "Good Friday",
    "2038-04-25": "Easter Sunday",
    "2038-04-26": "Easter Monday",
    "2038-05-01": "Labor Day",
    "2038-06-03": "Ascension Day",
    "2038-06-13": "Whit Sunday",
    "2038-06-14": "Whit Monday",
    "2038-06-17": "National Day",
    "2038-08-02": "Commerce Day",
    "2038-12-24": "Christmas Eve",
    "2038-12-25": "Christmas Day",
    "2038-12-26": "Second Day of Christmas",
    "2038-12-31": "New Year's Eve",
    "2039-01-01": "New Year's Day",
    "2039-04-07": "Maundy Thursday",
    "2039-04-08": "Good Friday",
    "2039-04-10": "Easter Sunday",
    "2039-04-11": "Easter Monday",
    "2039-04-21": "First Day of Summer",
    "2039-05-01": "Labor Day",
    "2039-05-19": "Ascension Day",
    "2039-05-29": "Whit Sunday",
    "2039-05-30": "Whit Monday",
    "2039-06-17": "National Day",
    "2039-08-01": "Commerce Day",
    "2039-12-24": "Christmas Eve",
    "2039-12-25": "Christmas Day",
    "2039-12-26": "Second Day of Christmas",
    "2039-12-31": "New Year's Eve",
    "2040-01-01": "New Year's Day",
    "2040-03-29": "Maundy Thursday",
    "2040-03-30": "Good Friday",
    "2040-04-01": "Easter Sunday",
    "2040-04-02": "Easter Monday",
    "2040-04-19": "First Day of Summer",
    "2040-05-01": "Labor Day",
    "2040-05-10": "Ascension Day",
    "2040-05-20": "Whit Sunday",
    "2040-05-21": "Whit Monday",
    "2040-06-17": "National Day",
    "2040-08-06": "Commerce Day",
    "2040-12-24": "Christmas Eve",
    "2040-12-25": "Christmas Day",
    "2040-12-26": "Second Day of Christmas",
    "2040-12-31": "New Year's Eve",
    "2041-01-01": "New Year's Day",
    "2041-04-18": "Maundy Thursday",
    "2041-04-19": "Good Friday",
    "2041-04-21": "Easter Sunday",
    "2041-04-22": "Easter Monday",
    "2041-04-25": "First Day of Summer",
    "2041-05-01": "Labor Day",
    "2041-05-30": "Ascension Day",
    "2041-06-09": "Whit Sunday",
    "2041-06-10": "Whit Monday",
    "2041-06-17": "National Day",
    "2041-08-05": "Commerce Day",
    "2041-12-24": "Christmas Eve",
    "2041-12-25": "Christmas Day",
    "2041-12-26": "Second Day of Christmas",
    "2041-12-31": "New Year's Eve",
    "2042-01-01": "New Year's Day",
    "2042-04-03": "Maundy Thursday",
    "2042-04-04": "Good Friday",
    "2042-04-06": "Easter Sunday",
    "2042-04-07": "Easter Monday",
    "2042-04-24": "First Day of Summer",
    "2042-05-01": "Labor Day",
    "2042-05-15": "Ascension Day",
    "2042-05-25": "Whit Sunday",
    "2042-05-26": "Whit Monday",
    "2042-06-17": "National Day",
    "2042-08-04": "Commerce Day",
    "2042-12-24": "Christmas Eve",
    "2042-12-25": "Christmas Day",
    "2042-12-26": "Second Day of Christmas",
    "2042-12-31": "New Year's Eve",
    "2043-01-01": "New Year's Day",
    "2043-03-26": "Maundy Thursday",
    "2043-03-27": "Good Friday",
    "2043-03-29": "Easter Sunday",
    "2043-03-30": "Easter Monday",
    "2043-04-23": "First Day of Summer",
    "2043-05-01": "Labor Day",
    "2043-05-07": "Ascension Day",
    "2043-05-17": "Whit Sunday",
    "2043-05-18": "Whit Monday",
    "2043-06-17": "National Day",
    "2043-08-03": "Commerce Day",
    "2043-12-24": "Christmas Eve",
    "2043-12-25": "Christmas Day",
    "2043-12-26": "Second Day of Christmas",
    "2043-12-31": "New Year's Eve",
    "2044-01-01": "New Year's Day",
    "2044-04-14": "Maundy Thursday",
    "2044-04-15": "Good Friday",
    "2044-04-17": "Easter Sunday",
    "2044-04-18": "Easter Monday",
    "2044-04-21": "First Day of Summer",
    "2044-05-01": "Labor Day",
    "2044-05-26": "Ascension Day",
    "2044-06-05": "Whit Sunday",
    "2044-06-06": "Whit Monday",
    "2044-06-17": "National Day",
    "2044-08-01": "Commerce Day",
    "2044-12-24": "Christmas Eve",
    "2044-12-25": "Christmas Day",
    "2044-12-26": "Second Day of Christmas",
    "2044-12-31": "New Year's Eve",
    "2045-01-01": "New Year's Day",
    "2045-04-06": "Maundy Thursday",
    "2045-04-07": "Good Friday",
    "2045-04-09": "Easter Sunday",
    "2045-04-10": "Easter Monday",
    "2045-04-20": "First Day of Summer",
    "2045-05-01": "Labor Day",
    "2045-05-18": "Ascension Day",
    "2045-05-28": "Whit Sunday",
    "2045-05-29": "Whit Monday",
    "2045-06-17": "National Day",
    "2045-08-07": "Commerce Day",
    "2045-12-24": "Christmas Eve",
    "2045-12-25": "Christmas Day",
    "2045-12-26": "Second Day of Christmas",
    "2045-12-31": "New Year's Eve",
    "2046-01-01": "New Year's Day",
    "2046-03-22": "Maundy Thursday",
    "2046-03-23": "Good Friday",
    "2046-03-25": "Easter Sunday",
    "2046-03-26": "Easter Monday",
    "2046-04-19": "First Day of Summer",
    "2046-05-01": "Labor Day",
    "2046-05-03": "Ascension Day",
    "2046-05-13": "Whit Sunday",
    "2046-05-14": "Whit Monday",
    "2046-06-17": "National Day",
    "2046-08-06": "Commerce Day",
    "2046-12-24": "Christmas Eve",
    "2046-12-25": "Christmas Day",
    "2046-12-26": "Second Day of Christmas",
    "2046-12-31": "New Year's Eve",
    "2047-01-01": "New Year's Day",
    "2047-04-11": "Maundy Thursday",
    "2047-04-12": "Good Friday",
    "2047-04-14": "Easter Sunday",
    "2047-04-15": "Easter Monday",
    "2047-04-25": "First Day of Summer",
    "2047-05-01": "Labor Day",
    "2047-05-23": "Ascension Day",
    "2047-06-02": "Whit Sunday",
    "2047-06-03": "Whit Monday",
    "2047-06-17": "National Day",
    "2047-08-05": "Commerce Day",
    "2047-12-24": "Christmas Eve",
    "2047-12-25": "Christmas Day",
    "2047-12-26": "Second Day of Christmas",
    "2047-12-31": "New Year's Eve",
    "2048-01-01": "New Year's Day",
    "2048-04-02": "Maundy Thursday",
    "2048-04-03": "Good Friday",
    "2048-04-05": "Easter Sunday",
    "2048-04-06": "Easter Monday",
    "2048-04-23": "First Day of Summer",
    "2048-05-01": "Labor Day",
    "2048-05-14": "Ascension Day",
    "2048-05-24": "Whit Sunday",
    "2048-05-25": "Whit Monday",
    "2048-06-17": "National Day",
    "2048-08-03": "Commerce Day",
    "2048-12-24": "Christmas Eve",
    "2048-12-25": "Christmas Day",
    "2048-12-26": "Second Day of Christmas",
    "2048-12-31": "New Year's Eve",
    "2049-01-01": "New Year's Day",
    "2049-04-15": "Maundy Thursday",
    "2049-04-16": "Good Friday",
    "2049-04-18": "Easter Sunday",
    "2049-04-19": "Easter Monday",
    "2049-04-22": "First Day of Summer",
    "2049-05-01": "Labor Day",
    "2049-05-27": "Ascension Day",
    "2049-06-06": "Whit Sunday",
    "2049-06-07": "Whit Monday",
    "2049-06-17": "National Day",
    "2049-08-02": "Commerce Day",
    "2049-12-24": "Christmas Eve",
    "2049-12-25": "Christmas Day",
    "2049-12-26": "Second Day of Christmas",
    "2049-12-31": "New Year's Eve",
    "2050-01-01": "New Year's Day",
    "2050-04-07": "Maundy Thursday",
    "2050-04-08": "Good Friday",
    "2050-04-10": "Easter Sunday",
    "2050-04-11": "Easter Monday",
    "2050-04-21": "First Day of Summer",
    "2050-05-01": "Labor Day",
    "2050-05-19": "Ascension Day",
    "2050-05-29": "Whit Sunday",
    "2050-05-30": "Whit Monday",
    "2050-06-17": "National Day",
    "2050-08-01": "Commerce Day",
    "2050-12-24": "Christmas Eve",
    "2050-12-25": "Christmas Day",
    "2050-12-26": "Second Day of Christmas",
    "2050-12-31": "New Year's Eve"
}
