{
    "1950-01-01": "New Year's Day",
    "1950-01-06": "Epiphany",
    "1950-04-06": "Maundy Thursday",
    "1950-04-07": "Good Friday",
    "1950-04-10": "Easter Monday",
    "1950-05-01": "Labor Day",
    "1950-08-15": "Assumption Day",
    "1950-10-12": "National Day",
    "1950-11-01": "All Saints' Day",
    "1950-12-06": "Constitution Day",
    "1950-12-08": "Immaculate Conception",
    "1950-12-25": "Christmas Day",
    "1951-01-01": "New Year's Day",
    "1951-01-06": "Epiphany",
    "1951-03-22": "Maundy Thursday",
    "1951-03-23": "Good Friday",
    "1951-03-26": "Easter Monday",
    "1951-05-01": "Labor Day",
    "1951-08-15": "Assumption Day",
    "1951-10-12": "National Day",
    "1951-11-01": "All Saints' Day",
    "1951-12-06": "Constitution Day",
    "1951-12-08": "Immaculate Conception",
    "1951-12-25": "Christmas Day",
    "1952-01-01": "New Year's Day",
    "1952-01-06": "Epiphany",
    "1952-04-10": "Maundy Thursday",
    "1952-04-11": "Good Friday",
    "1952-04-14": "Easter Monday",
    "1952-05-01": "Labor Day",
    "1952-08-15": "Assumption Day",
    "1952-10-12": "National Day",
    "1952-11-01": "All Saints' Day",
    "1952-12-06": "Constitution Day",
    "1952-12-08": "Immaculate Conception",
    "1952-12-25": "Christmas Day",
    "1953-01-01": "New Year's Day",
    "1953-01-06": "Epiphany",
    "1953-04-02": "Maundy Thursday",
    "1953-04-03": "Good Friday",
    "1953-04-06": "Easter Monday",
    "1953-05-01": "Labor Day",
    "1953-08-15": "Assumption Day",
    "1953-10-12": "National Day",
    "1953-11-01": "All Saints' Day",
    "1953-12-06": "Constitution Day",
    "1953-12-08": "Immaculate Conception",
    "1953-12-25": "Christmas Day",
    "1954-01-01": "New Year's Day",
    "1954-01-06": "Epiphany",
    "1954-04-15": "Maundy Thursday",
    "1954-04-16": "Good Friday",
    "1954-04-19": "Easter Monday",
    "1954-05-01": "Labor Day",
    "1954-08-15": "Assumption Day",
    "1954-10-12": "National Day",
    "1954-11-01": "All Saints' Day",
    "1954-12-06": "Constitution Day",
    "1954-12-08": "Immaculate Conception",
    "1954-12-25": "Christmas Day",
    "1955-01-01": "New Year's Day",
    "1955-01-06": "Epiphany",
    "1955-04-07": "Maundy Thursday",
    "1955-04-08": "Good Friday",
    "1955-04-11": "Easter Monday",
    "1955-05-01": "Labor Day",
    "1955-08-15": "Assumption Day",
    "1955-10-12": "National Day",
    "1955-11-01": "All Saints' Day",
    "1955-12-06": "Constitution Day",
    "1955-12-08": "Immaculate Conception",
    "1955-12-25": "Christmas Day",
    "1956-01-01": "New Year's Day",
    "1956-01-06": "Epiphany",
    "1956-03-29": "Maundy Thursday",
    "1956-03-30": "Good Friday",
    "1956-04-02": "Easter Monday",
    "1956-05-01": "Labor Day",
    "1956-08-15": "Assumption Day",
    "1956-10-12": "National Day",
    "1956-11-01": "All Saints' Day",
    "1956-12-06": "Constitution Day",
    "1956-12-08": "Immaculate Conception",
    "1956-12-25": "Christmas Day",
    "1957-01-01": "New Year's Day",
    "1957-01-06": "Epiphany",
    "1957-04-18": "Maundy Thursday",
    "1957-04-19": "Good Friday",
    "1957-04-22": "Easter Monday",
    "1957-05-01": "Labor Day",
    "1957-08-15": "Assumption Day",
    "1957-10-12": "National Day",
    "1957-11-01": "All Saints' Day",
    "1957-12-06": "Constitution Day",
    "1957-12-08": "Immaculate Conception",
    "1957-12-25": "Christmas Day",
    "1958-01-01": "New Year's Day",
    "1958-01-06": "Epiphany",
    "1958-04-03": "Maundy Thursday",
    "1958-04-04": "Good Friday",
    "1958-04-07": "Easter Monday",
    "1958-05-01": "Labor Day",
    "1958-08-15": "Assumption Day",
    "1958-10-12": "National Day",
    "1958-11-01": "All Saints' Day",
    "1958-12-06": "Constitution Day",
    "1958-12-08": "Immaculate Conception",
    "1958-12-25": "Christmas Day",
    "1959-01-01": "New Year's Day",
    "1959-01-06": "Epiphany",
    "1959-03-26": "Maundy Thursday",
    "1959-03-27": "Good Friday",
    "1959-03-30": "Easter Monday",
    "1959-05-01": "Labor Day",
    "1959-08-15": "Assumption Day",
    "1959-10-12": "National Day",
    "1959-11-01": "All Saints' Day",
    "1959-12-06": "Constitution Day",
    "1959-12-08": "Immaculate Conception",
    "1959-12-25": "Christmas Day",
    "1960-01-01": "New Year's Day",
    "1960-01-06": "Epiphany",
    "1960-04-14": "Maundy Thursday",
    "1960-04-15": "Good Friday",
    "1960-04-18": "Easter Monday",
    "1960-05-01": "Labor Day",
    "1960-08-15": "Assumption Day",
    "1960-10-12": "National Day",
    "1960-11-01": "All Saints' Day",
    "1960-12-06": "Constitution Day",
    "1960-12-08": "Immaculate Conception",
    "1960-12-25": "Christmas Day",
    "1961-01-01": "New Year's Day",
    "1961-01-06": "Epiphany",
    "1961-03-30": "Maundy Thursday",
    "1961-03-31": "Good Friday",
    "1961-04-03": "Easter Monday",
    "1961-05-01": "Labor Day",
    "1961-08-15": "Assumption Day",
    "1961-10-12": "National Day",
    "1961-11-01": "All Saints' Day",
    "1961-12-06": "Constitution Day",
    "1961-12-08": "Immaculate Conception",
    "1961-12-25": "Christmas Day",
    "1962-01-01": "New Year's Day",
    "1962-01-06": "Epiphany",
    "1962-04-19": "Maundy Thursday",
    "1962-04-20": "Good Friday",
    "1962-04-23": "Easter Monday",
    "1962-05-01": "Labor Day",
    "1962-08-15": "Assumption Day",
    "1962-10-12": "National Day",
    "1962-11-01": "All Saints' Day",
    "1962-12-06": "Constitution Day",
    "1962-12-08": "Immaculate Conception",
    "1962-12-25": "Christmas Day",
    "1963-01-01": "New Year's Day",
    "1963-01-06": "Epiphany",
    "1963-04-11": "Maundy Thursday",
    "1963-04-12": "Good Friday",
    "1963-04-15": "Easter Monday",
    "1963-05-01": "Labor Day",
    "1963-08-15": "Assumption Day",
    "1963-10-12": "National Day",
    "1963-11-01": "All Saints' Day",
    "1963-12-06": "Constitution Day",
    "1963-12-08": "Immaculate Conception",
    "1963-12-25": "Christmas Day",
    "1964-01-01": "New Year's Day",
    "1964-01-06": "Epiphany",
    "1964-03-26": "Maundy Thursday",
    "1964-03-27": "Good Friday",
    "1964-03-30": "Easter Monday",
    "1964-05-01": "Labor Day",
    "1964-08-15": "Assumption Day",
    "1964-10-12": "National Day",
    "1964-11-01": "All Saints' Day",
    "1964-12-06": "Constitution Day",
    "1964-12-08": "Immaculate Conception",
    "1964-12-25": "Christmas Day",
    "1965-01-01": "New Year's Day",
    "1965-01-06": "Epiphany",
    "1965-04-15": "Maundy Thursday",
    "1965-04-16": "Good Friday",
    "1965-04-19": "Easter Monday",
    "1965-05-01": "Labor Day",
    "1965-08-15": "Assumption Day",
    "1965-10-12": "National Day",
    "1965-11-01": "All Saints' Day",
    "1965-12-06": "Constitution Day",
    "1965-12-08": "Immaculate Conception",
    "1965-12-25": "Christmas Day",
    "1966-01-01": "New Year's Day",
    "1966-01-06": "Epiphany",
    "1966-04-07": "Maundy Thursday",
    "1966-04-08": "Good Friday",
    "1966-04-11": "Easter Monday",
    "1966-05-01": "Labor Day",
    "1966-08-15": "Assumption Day",
    "1966-10-12": "National Day",
    "1966-11-01": "All Saints' Day",
    "1966-12-06": "Constitution Day",
    "1966-12-08": "Immaculate Conception",
    "1966-12-25": "Christmas Day",
    "1967-01-01": "New Year's Day",
    "1967-01-06": "Epiphany",
    "1967-03-23": "Maundy Thursday",
    "1967-03-24": "Good Friday",
    "1967-03-27": "Easter Monday",
    "1967-05-01": "Labor Day",
    "1967-08-15": "Assumption Day",
    "1967-10-12": "National Day",
    "1967-11-01": "All Saints' Day",
    "1967-12-06": "Constitution Day",
    "1967-12-08": "Immaculate Conception",
    "1967-12-25": "Christmas Day",
    "1968-01-01": "New Year's Day",
    "1968-01-06": "Epiphany",
    "1968-04-11": "Maundy Thursday",
    "1968-04-12": "Good Friday",
    "1968-04-15": "Easter Monday",
    "1968-05-01": "Labor Day",
    "1968-08-15": "Assumption Day",
    "1968-10-12": "National Day",
    "1968-11-01": "All Saints' Day",
    "1968-12-06": "Constitution Day",
    "1968-12-08": "Immaculate Conception",
    "1968-12-25": "Christmas Day",
    "1969-01-01": "New Year's Day",
    "1969-01-06": "Epiphany",
    "1969-04-03": "Maundy Thursday",
    "1969-04-04": "Good Friday",
    "1969-04-07": "Easter Monday",
    "1969-05-01": "Labor Day",
    "1969-08-15": "Assumption Day",
    "1969-10-12": "National Day",
    "1969-11-01": "All Saints' Day",
    "1969-12-06": "Constitution Day",
    "1969-12-08": "Immaculate Conception",
    "1969-12-25": "Christmas Day",
    "1970-01-01": "New Year's Day",
    "1970-01-06": "Epiphany",
    "1970-03-26": "Maundy Thursday",
    "1970-03-27": "Good Friday",
    "1970-03-30": "Easter Monday",
    "1970-05-01": "Labor Day",
    "1970-08-15": "Assumption Day",
    "1970-10-12": "National Day",
    "1970-11-01": "All Saints' Day",
    "1970-12-06": "Constitution Day",
    "1970-12-08": "Immaculate Conception",
    "1970-12-25": "Christmas Day",
    "1971-01-01": "New Year's Day",
    "1971-01-06": "Epiphany",
    "1971-04-08": "Maundy Thursday",
    "1971-04-09": "Good Friday",
    "1971-04-12": "Easter Monday",
    "1971-05-01": "Labor Day",
    "1971-08-15": "Assumption Day",
    "1971-10-12": "National Day",
    "1971-11-01": "All Saints' Day",
    "1971-12-06": "Constitution Day",
    "1971-12-08": "Immaculate Conception",
    "1971-12-25": "Christmas Day",
    "1972-01-01": "New Year's Day",
    "1972-01-06": "Epiphany",
    "1972-03-30": "Maundy Thursday",
    "1972-03-31": "Good Friday",
    "1972-04-03": "Easter Monday",
    "1972-05-01": "Labor Day",
    "1972-08-15": "Assumption Day",
    "1972-10-12": "National Day",
    "1972-11-01": "All Saints' Day",
    "1972-12-06": "Constitution Day",
    "1972-12-08": "Immaculate Conception",
    "1972-12-25": "Christmas Day",
    "1973-01-01": "New Year's Day",
    "1973-01-06": "Epiphany",
    "1973-04-19": "Maundy Thursday",
    "1973-04-20": "Good Friday",
    "1973-04-23": "Easter Monday",
    "1973-05-01": "Labor Day",
    "1973-08-15": "Assumption Day",
    "1973-10-12": "National Day",
    "1973-11-01": "All Saints' Day",
    "1973-12-06": "Constitution Day",
    "1973-12-08": "Immaculate Conception",
    "1973-12-25": "Christmas Day",
    "1974-01-01": "New Year's Day",
    "1974-01-06": "Epiphany",
    "1974-04-11": "Maundy Thursday",
    "1974-04-12": "Good Friday",
    "1974-04-15": "Easter Monday",
    "1974-05-01": "Labor Day",
    "1974-08-15": "Assumption Day",
    "1974-10-12": "National Day",
    "1974-11-01": "All Saints' Day",
    "1974-12-06": "Constitution Day",
    "1974-12-08": "Immaculate Conception",
    "1974-12-25": "Christmas Day",
    "1975-01-01": "New Year's Day",
    "1975-01-06": "Epiphany",
    "1975-03-27": "Maundy Thursday",
    "1975-03-28": "Good Friday",
    "1975-03-31": "Easter Monday",
    "1975-05-01": "Labor Day",
    "1975-08-15": "Assumption Day",
    "1975-10-12": "National Day",
    "1975-11-01": "All Saints' Day",
    "1975-12-06": "Constitution Day",
    "1975-12-08": "Immaculate Conception",
    "1975-12-25": "Christmas Day",
    "1976-01-01": "New Year's Day",
    "1976-01-06": "Epiphany",
    "1976-04-15": "Maundy Thursday",
    "1976-04-16": "Good Friday",
    "1976-04-19": "Easter Monday",
    "1976-05-01": "Labor Day",
    "1976-08-15": "Assumption Day",
    "1976-10-12": "National Day",
    "1976-11-01": "All Saints' Day",
    "1976-12-06": "Constitution Day",
    "1976-12-08": "Immaculate Conception",
    "1976-12-25": "Christmas Day",
    "1977-01-01": "New Year's Day",
    "1977-01-06": "Epiphany",
    "1977-04-07": "Maundy Thursday",
    "1977-04-08": "Good Friday",
    "1977-04-11": "Easter Monday",
    "1977-05-01": "Labor Day",
    "1977-08-15": "Assumption Day",
    "1977-10-12": "National Day",
    "1977-11-01": "All Saints' Day",
    "1977-12-06": "Constitution Day",
    "1977-12-08": "Immaculate Conception",
    "1977-12-25": "Christmas Day",
    "1978-01-01": "New Year's Day",
    "1978-01-06": "Epiphany",
    "1978-03-23": "Maundy Thursday",
    "1978-03-24": "Good Friday",
    "1978-03-27": "Easter Monday",
    "1978-05-01": "Labor Day",
    "1978-08-15": "Assumption Day",
    "1978-10-12": "National Day",
    "1978-11-01": "All Saints' Day",
    "1978-12-06": "Constitution Day",
    "1978-12-08": "Immaculate Conception",
    "1978-12-25": "Christmas Day",
    "1979-01-01": "New Year's Day",
    "1979-01-06": "Epiphany",
    "1979-04-12": "Maundy Thursday",
    "1979-04-13": "Good Friday",
    "1979-04-16": "Easter Monday",
    "1979-05-01": "Labor Day",
    "1979-08-15": "Assumption Day",
    "1979-10-12": "National Day",
    "1979-11-01": "All Saints' Day",
    "1979-12-06": "Constitution Day",
    "1979-12-08": "Immaculate Conception",
    "1979-12-25": "Christmas Day",
    "1980-01-01": "New Year's Day",
    "1980-01-06": "Epiphany",
    "1980-04-03": "Maundy Thursday",
    "1980-04-04": "Good Friday",
    "1980-04-07": "Easter Monday",
    "1980-05-01": "Labor Day",
    "1980-08-15": "Assumption Day",
    "1980-10-12": "National Day",
    "1980-11-01": "All Saints' Day",
    "1980-12-06": "Constitution Day",
    "1980-12-08": "Immaculate Conception",
    "1980-12-25": "Christmas Day",
    "1981-01-01": "New Year's Day",
    "1981-01-06": "Epiphany",
    "1981-04-16": "Maundy Thursday",
    "1981-04-17": "Good Friday",
    "1981-04-20": "Easter Monday",
    "1981-05-01": "Labor Day",
    "1981-08-15": "Assumption Day",
    "1981-10-12": "National Day",
    "1981-11-01": "All Saints' Day",
    "1981-12-06": "Constitution Day",
    "1981-12-08": "Immaculate Conception",
    "1981-12-25": "Christmas Day",
    "1982-01-01": "New Year's Day",
    "1982-01-06": "Epiphany",
    "1982-04-08": "Maundy Thursday",
    "1982-04-09": "Good Friday",
    "1982-04-12": "Easter Monday",
    "1982-05-01": "Labor Day",
    "1982-08-15": "Assumption Day",
    "1982-10-12": "National Day",
    "1982-11-01": "All Saints' Day",
    "1982-12-06": "Constitution Day",
    "1982-12-08": "Immaculate Conception",
    "1982-12-25": "Christmas Day",
    "1983-01-01": "New Year's Day",
    "1983-01-06": "Epiphany",
    "1983-03-31": "Maundy Thursday",
    "1983-04-01": "Good Friday",
    "1983-04-04": "Easter Monday",
    "1983-05-01": "Labor Day",
    "1983-08-15": "Assumption Day",
    "1983-10-12": "National Day",
    "1983-11-01": "All Saints' Day",
    "1983-12-06": "Constitution Day",
    "1983-12-08": "Immaculate Conception",
    "1983-12-25": "Christmas Day",
    "1984-01-01": "New Year's Day",
    "1984-01-06": "Epiphany",
    "1984-04-19": "Maundy Thursday",
    "1984-04-20": "Good Friday",
    "1984-04-23": "Easter Monday",
    "1984-05-01": "Labor Day",
    "1984-08-15": "Assumption Day",
    "1984-10-12": "National Day",
    "1984-11-01": "All Saints' Day",
    "1984-12-06": "Constitution Day",
    "1984-12-08": "Immaculate Conception",
    "1984-12-25": "Christmas Day",
    "1985-01-01": "New Year's Day",
    "1985-01-06": "Epiphany",
    "1985-04-04": "Maundy Thursday",
    "1985-04-05": "Good Friday",
    "1985-04-08": "Easter Monday",
    "1985-05-01": "Labor Day",
    "1985-08-15": "Assumption Day",
    "1985-10-12": "National Day",
    "1985-11-01": "All Saints' Day",
    "1985-12-06": "Constitution Day",
    "1985-12-08": "Immaculate Conception",
    "1985-12-25": "Christmas Day",
    "1986-01-01": "New Year's Day",
    "1986-01-06": "Epiphany",
    "1986-03-27": "Maundy Thursday",
    "1986-03-28": "Good Friday",
    "1986-03-31": "Easter Monday",
    "1986-05-01": "Labor Day",
    "1986-08-15": "Assumption Day",
    "1986-10-12": "National Day",
    "1986-11-01": "All Saints' Day",
    "1986-12-06": "Constitution Day",
    "1986-12-08": "Immaculate Conception",
    "1986-12-25": "Christmas Day",
    "1987-01-01": "New Year's Day",
    "1987-01-06": "Epiphany",
    "1987-04-16": "Maundy Thursday",
    "1987-04-17": "Good Friday",
    "1987-04-20": "Easter Monday",
    "1987-05-01": "Labor Day",
    "1987-08-15": "Assumption Day",
    "1987-10-12": "National Day",
    "1987-11-01": "All Saints' Day",
    "1987-12-06": "Constitution Day",
    "1987-12-08": "Immaculate Conception",
    "1987-12-25": "Christmas Day",
    "1988-01-01": "New Year's Day",
    "1988-01-06": "Epiphany",
    "1988-03-31": "Maundy Thursday",
    "1988-04-01": "Good Friday",
    "1988-04-04": "Easter Monday",
    "1988-05-01": "Labor Day",
    "1988-08-15": "Assumption Day",
    "1988-10-12": "National Day",
    "1988-11-01": "All Saints' Day",
    "1988-12-06": "Constitution Day",
    "1988-12-08": "Immaculate Conception",
    "1988-12-25": "Christmas Day",
    "1989-01-01": "New Year's Day",
    "1989-01-06": "Epiphany",
    "1989-03-23": "Maundy Thursday",
    "1989-03-24": "Good Friday",
    "1989-03-27": "Easter Monday",
    "1989-05-01": "Labor Day",
    "1989-08-15": "Assumption Day",
    "1989-10-12": "National Day",
    "1989-11-01": "All Saints' Day",
    "1989-12-06": "Constitution Day",
    "1989-12-08": "Immaculate Conception",
    "1989-12-25": "Christmas Day",
    "1990-01-01": "New Year's Day",
    "1990-01-06": "Epiphany",
    "1990-04-12": "Maundy Thursday",
    "1990-04-13": "Good Friday",
    "1990-04-16": "Easter Monday",
    "1990-05-01": "Labor Day",
    "1990-08-15": "Assumption Day",
    "1990-10-12": "National Day",
    "1990-11-01": "All Saints' Day",
    "1990-12-06": "Constitution Day",
    "1990-12-08": "Immaculate Conception",
    "1990-12-25": "Christmas Day",
    "1991-01-01": "New Year's Day",
    "1991-01-06": "Epiphany",
    "1991-03-28": "Maundy Thursday",
    "1991-03-29": "Good Friday",
    "1991-04-01": "Easter Monday",
    "1991-05-01": "Labor Day",
    "1991-08-15": "Assumption Day",
    "1991-10-12": "National Day",
    "1991-11-01": "All Saints' Day",
    "1991-12-06": "Constitution Day",
    "1991-12-08": "Immaculate Conception",
    "1991-12-25": "Christmas Day",
    "1992-01-01": "New Year's Day",
    "1992-01-06": "Epiphany",
    "1992-04-16": "Maundy Thursday",
    "1992-04-17": "Good Friday",
    "1992-04-20": "Easter Monday",
    "1992-05-01": "Labor Day",
    "1992-08-15": "Assumption Day",
    "1992-10-12": "National Day",
    "1992-11-01": "All Saints' Day",
    "1992-12-06": "Constitution Day",
    "1992-12-08": "Immaculate Conception",
    "1992-12-25": "Christmas Day",
    "1993-01-01": "New Year's Day",
    "1993-01-06": "Epiphany",
    "1993-04-08": "Maundy Thursday",
    "1993-04-09": "Good Friday",
    "1993-04-12": "Easter Monday",
    "1993-05-01": "Labor Day",
    "1993-08-15": "Assumption Day",
    "1993-10-12": "National Day",
    "1993-11-01": "All Saints' Day",
    "1993-12-06": "Constitution Day",
    "1993-12-08": "Immaculate Conception",
    "1993-12-25": "Christmas Day",
    "1994-01-01": "New Year's Day",
    "1994-01-06": "Epiphany",
    "1994-03-31": "Maundy Thursday",
    "1994-04-01": "Good Friday",
    "1994-04-04": "Easter Monday",
    "1994-05-01": "Labor Day",
    "1994-08-15": "Assumption Day",
    "1994-10-12": "National Day",
    "1994-11-01": "All Saints' Day",
    "1994-12-06": "Constitution Day",
    "1994-12-08": "Immaculate Conception",
    "1994-12-25": "Christmas Day",
    "1995-01-01": "New Year's Day",
    "1995-01-06": "Epiphany",
    "1995-04-13": "Maundy Thursday",
    "1995-04-14": "Good Friday",
    "1995-04-17": "Easter Monday",
    "1995-05-01": "Labor Day",
    "1995-08-15": "Assumption Day",
    "1995-10-12": "National Day",
    "1995-11-01": "All Saints' Day",
    "1995-12-06": "Constitution Day",
    "1995-12-08": "Immaculate Conception",
    "1995-12-25": "Christmas Day",
    "1996-01-01": "New Year's Day",
    "1996-01-06": "Epiphany",
    "1996-04-04": "Maundy Thursday",
    "1996-04-05": "Good Friday",
    "1996-04-08": "Easter Monday",
    "1996-05-01": "Labor Day",
    "1996-08-15": "Assumption Day",
    "1996-10-12": "National Day",
    "1996-11-01": "All Saints' Day",
    "1996-12-06": "Constitution Day",
    "1996-12-08": "Immaculate Conception",
    "1996-12-25": "Christmas Day",
    "1997-01-01": "New Year's Day",
    "1997-01-06": "Epiphany",
    "1997-03-27": "Maundy Thursday",
    "1997-03-28": "Good Friday",
    "1997-03-31": "Easter Monday",
    "1997-05-01": "Labor Day",
    "1997-08-15": "Assumption Day",
    "1997-10-12": "National Day",
    "1997-11-01": "All Saints' Day",
    "1997-12-06": "Constitution Day",
    "1997-12-08": "Immaculate Conception",
    "1997-12-25": "Christmas Day",
    "1998-01-01": "New Year's Day",
    "1998-01-06": "Epiphany",
    "1998-04-09": "Maundy Thursday",
    "1998-04-10": "Good Friday",
    "1998-04-13": "Easter Monday",
    "1998-05-01": "Labor Day",
    "1998-08-15": "Assumption Day",
    "1998-10-12": "National Day",
    "1998-11-01": "All Saints' Day",
    "1998-12-06": "Constitution Day",
    "1998-12-08": "Immaculate Conception",
    "1998-12-25": "Christmas Day",
    "1999-01-01": "New Year's Day",
    "1999-01-06": "Epiphany",
    "1999-04-01": "Maundy Thursday",
    "1999-04-02": "Good Friday",
    "1999-04-05": "Easter Monday",
    "1999-05-01": "Labor Day",
    "1999-08-15": "Assumption Day",
    "1999-10-12": "National Day",
    "1999-11-01": "All Saints' Day",
    "1999-12-06": "Constitution Day",
    "1999-12-08": "Immaculate Conception",
    "1999-12-25": "Christmas Day",
    "2000-01-01": "New Year's Day",
    "2000-01-06": "Epiphany",
    "2000-04-20": "Maundy Thursday",
    "2000-04-21": "Good Friday",
    "2000-04-24": "Easter Monday",
    "2000-05-01": "Labor Day",
    "2000-08-15": "Assumption Day",
    "2000-10-12": "National Day",
    "2000-11-01": "All Saints' Day",
    "2000-12-06": "Constitution Day",
    "2000-12-08": "Immaculate Conception",
    "2000-12-25": "Christmas Day",
    "2001-01-01": "New Year's Day",
    "2001-01-06": "Epiphany",
    "2001-04-12": "Maundy Thursday",
    "2001-04-13": "Good Friday",
    "2001-04-16": "Easter Monday",
    "2001-05-01": "Labor Day",
    "2001-08-15": "Assumption Day",
    "2001-10-12": "National Day",
    "2001-11-01": "All Saints' Day",
    "2001-12-06": "Constitution Day",
    "2001-12-08": "Immaculate Conception",
    "2001-12-25": "Christmas Day",
    "2002-01-01": "New Year's Day",
    "2002-01-06": "Epiphany",
    "2002-03-28": "Maundy Thursday",
    "2002-03-29": "Good Friday",
    "2002-04-01": "Easter Monday",
    "2002-05-01": "Labor Day",
    "2002-08-15": "Assumption Day",
    "2002-10-12": "National Day",
    "2002-11-01": "All Saints' Day",
    "2002-12-06": "Constitution Day",
    "2002-12-08": "Immaculate Conception",
    "2002-12-25": "Christmas Day",
    "2003-01-01": "New Year's Day",
    "2003-01-06": "Epiphany",
    "2003-04-17": "Maundy Thursday",
    "2003-04-18": "Good Friday",
    "2003-04-21": "Easter Monday",
    "2003-05-01": "Labor Day",
    "2003-08-15": "Assumption Day",
    "2003-10-12": "National Day",
    "2003-11-01": "All Saints' Day",
    "2003-12-06": "Constitution Day",
    "2003-12-08": "Immaculate Conception",
    "2003-12-25": "Christmas Day",
    "2004-01-01": "New Year's Day",
    "2004-01-06": "Epiphany",
    "2004-04-08": "Maundy Thursday",
    "2004-04-09": "Good Friday",
    "2004-04-12": "Easter Monday",
    "2004-05-01": "Labor Day",
    "2004-08-15": "Assumption Day",
    "2004-10-12": "National Day",
    "2004-11-01": "All Saints' Day",
    "2004-12-06": "Constitution Day",
    "2004-12-08": "Immaculate Conception",
    "2004-12-25": "Christmas Day",
    "2005-01-01": "New Year's Day",
    "2005-01-06": "Epiphany",
    "2005-03-24": "Maundy Thursday",
    "2005-03-25": "Good Friday",
    "2005-03-28": "Easter Monday",
    "2005-05-01": "Labor Day",
    "2005-08-15": "Assumption Day",
    "2005-10-12": "National Day",
    "2005-11-01": "All Saints' Day",
    "2005-12-06": "Constitution Day",
    "2005-12-08": "Immaculate Conception",
    "2005-12-25": "Christmas Day",
    "2006-01-01": "New Year's Day",
    "2006-01-06": "Epiphany",
    "2006-04-13": "Maundy Thursday",
    "2006-04-14": "Good Friday",
    "2006-04-17": "Easter Monday",
    "2006-05-01": "Labor Day",
    "2006-08-15": "Assumption Day",
    "2006-10-12": "National Day",
    "2006-11-01": "All Saints' Day",
    "2006-12-06": "Constitution Day",
    "2006-12-08": "Immaculate Conception",
    "2006-12-25": "Christmas Day",
    "2007-01-01": "New Year's Day",
    "2007-01-06": "Epiphany",
    "2007-04-05": "Maundy Thursday",
    "2007-04-06": "Good Friday",
    "2007-04-09": "Easter Monday",
    "2007-05-01": "Labor Day",
    "2007-08-15": "Assumption Day",
    "2007-10-12": "National Day",
    "2007-11-01": "All Saints' Day",
    "2007-12-06": "Constitution Day",
    "2007-12-08": "Immaculate Conception",
    "2007-12-25": "Christmas Day",
    "2008-01-01": "New Year's Day",
    "2008-01-06": "Epiphany",
    "2008-03-20": "Maundy Thursday",
    "2008-03-21": "Good Friday",
    "2008-03-24": "Easter Monday",
    "2008-05-01": "Labor Day",
    "2008-08-15": "Assumption Day",
    "2008-10-12": "National Day",
    "2008-11-01": "All Saints' Day",
    "2008-12-06": "Constitution Day",
    "2008-12-08": "Immaculate Conception",
    "2008-12-25": "Christmas Day",
    "2009-01-01": "New Year's Day",
    "2009-01-06": "Epiphany",
    "2009-04-09": "Maundy Thursday",
    "2009-04-10": "Good Friday",
    "2009-04-13": "Easter Monday",
    "2009-05-01": "Labor Day",
    "2009-08-15": "Assumption Day",
    "2009-10-12": "National Day",
    "2009-11-01": "All Saints' Day",
    "2009-12-06": "Constitution Day",
    "2009-12-08": "Immaculate Conception",
    "2009-12-25": "Christmas Day",
    "2010-01-01": "New Year's Day",
    "2010-01-06": "Epiphany",
    "2010-03-19": "St. Joseph's Day",
    "2010-04-01": "Maundy Thursday",
    "2010-04-02": "Good Friday",
    "2010-04-05": "Easter Monday",
    "2010-05-01": "Labor Day",
    "2010-10-12": "National Day",
    "2010-11-01": "All Saints' Day",
    "2010-12-06": "Constitution Day",
    "2010-12-08": "Immaculate Conception",
    "2010-12-25": "Christmas Day",
    "2011-01-01": "New Year's Day",
    "2011-01-06": "Epiphany",
    "2011-04-21": "Maundy Thursday",
    "2011-04-22": "Good Friday",
    "2011-04-25": "Easter Monday",
    "2011-07-25": "St. James' Day",
    "2011-08-15": "Assumption Day",
    "2011-10-12": "National Day",
    "2011-11-01": "All Saints' Day",
    "2011-12-06": "Constitution Day",
    "2011-12-08": "Immaculate Conception",
    "2011-12-26": "Monday following Christmas Day",
    "2012-01-06": "Epiphany",
    "2012-03-19": "St. Joseph's Day",
    "2012-04-05": "Maundy Thursday",
    "2012-04-06": "Good Friday",
    "2012-04-09": "Easter Monday",
    "2012-05-01": "Labor Day",
    "2012-08-15": "Assumption Day",
    "2012-10-12": "National Day",
    "2012-11-01": "All Saints' Day",
    "2012-12-06": "Constitution Day",
    "2012-12-08": "Immaculate Conception",
    "2012-12-25": "Christmas Day",
    "2013-01-01": "New Year's Day",
    "2013-01-07": "Monday following Epiphany",
    "2013-03-28": "Maundy Thursday",
    "2013-03-29": "Good Friday",
    "2013-04-01": "Easter Monday",
    "2013-05-01": "Labor Day",
    "2013-07-25": "St. James' Day",
    "2013-08-15": "Assumption Day",
    "2013-10-12": "National Day",
    "2013-11-01": "All Saints' Day",
    "2013-12-06": "Constitution Day",
    "2013-12-25": "Christmas Day",
    "2014-01-01": "New Year's Day",
    "2014-01-06": "Epiphany",
    "2014-03-19": "St. Joseph's Day",
    "2014-04-17": "Maundy Thursday",
    "2014-04-18": "Good Friday",
    "2014-04-21": "Easter Monday",
    "2014-05-01": "Labor Day",
    "2014-08-15": "Assumption Day",
    "2014-11-01": "All Saints' Day",
    "2014-12-06": "Constitution Day",
    "2014-12-08": "Immaculate Conception",
    "2014-12-25": "Christmas Day",
    "2015-01-01": "New Year's Day",
    "2015-01-06": "Epiphany",
    "2015-03-19": "St. Joseph's Day",
    "2015-04-02": "Maundy Thursday",
    "2015-04-03": "Good Friday",
    "2015-04-06": "Easter Monday",
    "2015-05-01": "Labor Day",
    "2015-07-25": "St. James' Day",
    "2015-08-15": "Assumption Day",
    "2015-10-12": "National Day",
    "2015-12-08": "Immaculate Conception",
    "2015-12-25": "Christmas Day",
    "2016-01-01": "New Year's Day",
    "2016-01-06": "Epiphany",
    "2016-03-24": "Maundy Thursday",
    "2016-03-25": "Good Friday",
    "2016-03-28": "Easter Monday",
    "2016-07-25": "St. James' Day",
    "2016-08-15": "Assumption Day",
    "2016-10-12": "National Day",
    "2016-11-01": "All Saints' Day",
    "2016-12-06": "Constitution Day",
    "2016-12-08": "Immaculate Conception",
    "2016-12-26": "Monday following Christmas Day",
    "2017-01-06": "Epiphany",
    "2017-04-13": "Maundy Thursday",
    "2017-04-14": "Good Friday",
    "2017-04-17": "Easter Monday",
    "2017-05-01": "Labor Day",
    "2017-07-25": "St. James' Day",
    "2017-08-15": "Assumption Day",
    "2017-10-12": "National Day",
    "2017-11-01": "All Saints' Day",
    "2017-12-06": "Constitution Day",
    "2017-12-08": "Immaculate Conception",
    "2017-12-25": "Christmas Day",
    "2018-01-01": "New Year's Day",
    "2018-01-06": "Epiphany",
    "2018-03-29": "Maundy Thursday",
    "2018-03-30": "Good Friday",
    "2018-04-02": "Easter Monday",
    "2018-05-01": "Labor Day",
    "2018-08-15": "Assumption Day",
    "2018-10-12": "National Day",
    "2018-11-01": "All Saints' Day",
    "2018-12-06": "Constitution Day",
    "2018-12-08": "Immaculate Conception",
    "2018-12-25": "Christmas Day",
    "2019-01-01": "New Year's Day",
    "2019-01-07": "Monday following Epiphany",
    "2019-03-19": "St. Joseph's Day",
    "2019-04-18": "Maundy Thursday",
    "2019-04-19": "Good Friday",
    "2019-04-22": "Easter Monday",
    "2019-05-01": "Labor Day",
    "2019-08-15": "Assumption Day",
    "2019-10-12": "National Day",
    "2019-11-01": "All Saints' Day",
    "2019-12-06": "Constitution Day",
    "2019-12-25": "Christmas Day",
    "2020-01-01": "New Year's Day",
    "2020-01-06": "Epiphany",
    "2020-03-19": "St. Joseph's Day",
    "2020-04-09": "Maundy Thursday",
    "2020-04-10": "Good Friday",
    "2020-04-13": "Easter Monday",
    "2020-05-01": "Labor Day",
    "2020-08-15": "Assumption Day",
    "2020-10-12": "National Day",
    "2020-12-07": "Monday following Constitution Day",
    "2020-12-08": "Immaculate Conception",
    "2020-12-25": "Christmas Day",
    "2021-01-01": "New Year's Day",
    "2021-01-06": "Epiphany",
    "2021-03-19": "St. Joseph's Day",
    "2021-04-01": "Maundy Thursday",
    "2021-04-02": "Good Friday",
    "2021-04-05": "Easter Monday",
    "2021-05-01": "Labor Day",
    "2021-10-12": "National Day",
    "2021-11-01": "All Saints' Day",
    "2021-12-06": "Constitution Day",
    "2021-12-08": "Immaculate Conception",
    "2021-12-25": "Christmas Day",
    "2022-01-01": "New Year's Day",
    "2022-01-06": "Epiphany",
    "2022-04-14": "Maundy Thursday",
    "2022-04-15": "Good Friday",
    "2022-04-18": "Easter Monday",
    "2022-07-25": "St. James' Day",
    "2022-08-15": "Assumption Day",
    "2022-10-12": "National Day",
    "2022-11-01": "All Saints' Day",
    "2022-12-06": "Constitution Day",
    "2022-12-08": "Immaculate Conception",
    "2022-12-26": "Monday following Christmas Day",
    "2023-01-06": "Epiphany",
    "2023-04-06": "Maundy Thursday",
    "2023-04-07": "Good Friday",
    "2023-04-10": "Easter Monday",
    "2023-05-01": "Labor Day",
    "2023-07-25": "St. James' Day",
    "2023-08-15": "Assumption Day",
    "2023-10-12": "National Day",
    "2023-11-01": "All Saints' Day",
    "2023-12-06": "Constitution Day",
    "2023-12-08": "Immaculate Conception",
    "2023-12-25": "Christmas Day",
    "2024-01-01": "New Year's Day",
    "2024-01-06": "Epiphany",
    "2024-03-28": "Maundy Thursday",
    "2024-03-29": "Good Friday",
    "2024-04-01": "Easter Monday",
    "2024-05-01": "Labor Day",
    "2024-07-25": "St. James' Day",
    "2024-08-15": "Assumption Day",
    "2024-10-12": "National Day",
    "2024-11-01": "All Saints' Day",
    "2024-12-06": "Constitution Day",
    "2024-12-25": "Christmas Day",
    "2025-01-01": "New Year's Day",
    "2025-01-06": "Epiphany",
    "2025-04-17": "Maundy Thursday",
    "2025-04-18": "Good Friday",
    "2025-04-21": "Easter Monday",
    "2025-05-01": "Labor Day",
    "2025-07-25": "St. James' Day",
    "2025-08-15": "Assumption Day",
    "2025-10-12": "National Day",
    "2025-11-01": "All Saints' Day",
    "2025-12-06": "Constitution Day",
    "2025-12-08": "Immaculate Conception",
    "2025-12-25": "Christmas Day",
    "2026-01-01": "New Year's Day",
    "2026-01-06": "Epiphany",
    "2026-04-02": "Maundy Thursday",
    "2026-04-03": "Good Friday",
    "2026-04-06": "Easter Monday",
    "2026-05-01": "Labor Day",
    "2026-07-25": "St. James' Day",
    "2026-08-15": "Assumption Day",
    "2026-10-12": "National Day",
    "2026-11-01": "All Saints' Day",
    "2026-12-06": "Constitution Day",
    "2026-12-08": "Immaculate Conception",
    "2026-12-25": "Christmas Day",
    "2027-01-01": "New Year's Day",
    "2027-01-06": "Epiphany",
    "2027-03-25": "Maundy Thursday",
    "2027-03-26": "Good Friday",
    "2027-03-29": "Easter Monday",
    "2027-05-01": "Labor Day",
    "2027-07-25": "St. James' Day",
    "2027-08-15": "Assumption Day",
    "2027-10-12": "National Day",
    "2027-11-01": "All Saints' Day",
    "2027-12-06": "Constitution Day",
    "2027-12-08": "Immaculate Conception",
    "2027-12-25": "Christmas Day",
    "2028-01-01": "New Year's Day",
    "2028-01-06": "Epiphany",
    "2028-04-13": "Maundy Thursday",
    "2028-04-14": "Good Friday",
    "2028-04-17": "Easter Monday",
    "2028-05-01": "Labor Day",
    "2028-07-25": "St. James' Day",
    "2028-08-15": "Assumption Day",
    "2028-10-12": "National Day",
    "2028-11-01": "All Saints' Day",
    "2028-12-06": "Constitution Day",
    "2028-12-08": "Immaculate Conception",
    "2028-12-25": "Christmas Day",
    "2029-01-01": "New Year's Day",
    "2029-01-06": "Epiphany",
    "2029-03-29": "Maundy Thursday",
    "2029-03-30": "Good Friday",
    "2029-04-02": "Easter Monday",
    "2029-05-01": "Labor Day",
    "2029-07-25": "St. James' Day",
    "2029-08-15": "Assumption Day",
    "2029-10-12": "National Day",
    "2029-11-01": "All Saints' Day",
    "2029-12-06": "Constitution Day",
    "2029-12-08": "Immaculate Conception",
    "2029-12-25": "Christmas Day",
    "2030-01-01": "New Year's Day",
    "2030-01-06": "Epiphany",
    "2030-04-18": "Maundy Thursday",
    "2030-04-19": "Good Friday",
    "2030-04-22": "Easter Monday",
    "2030-05-01": "Labor Day",
    "2030-07-25": "St. James' Day",
    "2030-08-15": "Assumption Day",
    "2030-10-12": "National Day",
    "2030-11-01": "All Saints' Day",
    "2030-12-06": "Constitution Day",
    "2030-12-08": "Immaculate Conception",
    "2030-12-25": "Christmas Day",
    "2031-01-01": "New Year's Day",
    "2031-01-06": "Epiphany",
    "2031-04-10": "Maundy Thursday",
    "2031-04-11": "Good Friday",
    "2031-04-14": "Easter Monday",
    "2031-05-01": "Labor Day",
    "2031-07-25": "St. James' Day",
    "2031-08-15": "Assumption Day",
    "2031-10-12": "National Day",
    "2031-11-01": "All Saints' Day",
    "2031-12-06": "Constitution Day",
    "2031-12-08": "Immaculate Conception",
    "2031-12-25": "Christmas Day",
    "2032-01-01": "New Year's Day",
    "2032-01-06": "Epiphany",
    "2032-03-25": "Maundy Thursday",
    "2032-03-26": "Good Friday",
    "2032-03-29": "Easter Monday",
    "2032-05-01": "Labor Day",
    "2032-07-25": "St. James' Day",
    "2032-08-15": "Assumption Day",
    "2032-10-12": "National Day",
    "2032-11-01": "All Saints' Day",
    "2032-12-06": "Constitution Day",
    "2032-12-08": "Immaculate Conception",
    "2032-12-25": "Christmas Day",
    "2033-01-01": "New Year's Day",
    "2033-01-06": "Epiphany",
    "2033-04-14": "Maundy Thursday",
    "2033-04-15": "Good Friday",
    "2033-04-18": "Easter Monday",
    "2033-05-01": "Labor Day",
    "2033-07-25": "St. James' Day",
    "2033-08-15": "Assumption Day",
    "2033-10-12": "National Day",
    "2033-11-01": "All Saints' Day",
    "2033-12-06": "Constitution Day",
    "2033-12-08": "Immaculate Conception",
    "2033-12-25": "Christmas Day",
    "2034-01-01": "New Year's Day",
    "2034-01-06": "Epiphany",
    "2034-04-06": "Maundy Thursday",
    "2034-04-07": "Good Friday",
    "2034-04-10": "Easter Monday",
    "2034-05-01": "Labor Day",
    "2034-07-25": "St. James' Day",
    "2034-08-15": "Assumption Day",
    "2034-10-12": "National Day",
    "2034-11-01": "All Saints' Day",
    "2034-12-06": "Constitution Day",
    "2034-12-08": "Immaculate Conception",
    "2034-12-25": "Christmas Day",
    "2035-01-01": "New Year's Day",
    "2035-01-06": "Epiphany",
    "2035-03-22": "Maundy Thursday",
    "2035-03-23": "Good Friday",
    "2035-03-26": "Easter Monday",
    "2035-05-01": "Labor Day",
    "2035-07-25": "St. James' Day",
    "2035-08-15": "Assumption Day",
    "2035-10-12": "National Day",
    "2035-11-01": "All Saints' Day",
    "2035-12-06": "Constitution Day",
    "2035-12-08": "Immaculate Conception",
    "2035-12-25": "Christmas Day",
    "2036-01-01": "New Year's Day",
    "2036-01-06": "Epiphany",
    "2036-04-10": "Maundy Thursday",
    "2036-04-11": "Good Friday",
    "2036-04-14": "Easter Monday",
    "2036-05-01": "Labor Day",
    "2036-07-25": "St. James' Day",
    "2036-08-15": "Assumption Day",
    "2036-10-12": "National Day",
    "2036-11-01": "All Saints' Day",
    "2036-12-06": "Constitution Day",
    "2036-12-08": "Immaculate Conception",
    "2036-12-25": "Christmas Day",
    "2037-01-01": "New Year's Day",
    "2037-01-06": "Epiphany",
    "2037-04-02": "Maundy Thursday",
    "2037-04-03": "Good Friday",
    "2037-04-06": "Easter Monday",
    "2037-05-01": "Labor Day",
    "2037-07-25": "St. James' Day",
    "2037-08-15": "Assumption Day",
    "2037-10-12": "National Day",
    "2037-11-01": "All Saints' Day",
    "2037-12-06": "Constitution Day",
    "2037-12-08": "Immaculate Conception",
    "2037-12-25": "Christmas Day",
    "2038-01-01": "New Year's Day",
    "2038-01-06": "Epiphany",
    "2038-04-22": "Maundy Thursday",
    "2038-04-23": "Good Friday",
    "2038-04-26": "Easter Monday",
    "2038-05-01": "Labor Day",
    "2038-07-25": "St. James' Day",
    "2038-08-15": "Assumption Day",
    "2038-10-12": "National Day",
    "2038-11-01": "All Saints' Day",
    "2038-12-06": "Constitution Day",
    "2038-12-08": "Immaculate Conception",
    "2038-12-25": "Christmas Day",
    "2039-01-01": "New Year's Day",
    "2039-01-06": "Epiphany",
    "2039-04-07": "Maundy Thursday",
    "2039-04-08": "Good Friday",
    "2039-04-11": "Easter Monday",
    "2039-05-01": "Labor Day",
    "2039-07-25": "St. James' Day",
    "2039-08-15": "Assumption Day",
    "2039-10-12": "National Day",
    "2039-11-01": "All Saints' Day",
    "2039-12-06": "Constitution Day",
    "2039-12-08": "Immaculate Conception",
    "2039-12-25": "Christmas Day",
    "2040-01-01": "New Year's Day",
    "2040-01-06": "Epiphany",
    "2040-03-29": "Maundy Thursday",
    "2040-03-30": "Good Friday",
    "2040-04-02": "Easter Monday",
    "2040-05-01": "Labor Day",
    "2040-07-25": "St. James' Day",
    "2040-08-15": "Assumption Day",
    "2040-10-12": "National Day",
    "2040-11-01": "All Saints' Day",
    "2040-12-06": "Constitution Day",
    "2040-12-08": "Immaculate Conception",
    "2040-12-25": "Christmas Day",
    "2041-01-01": "New Year's Day",
    "2041-01-06": "Epiphany",
    "2041-04-18": "Maundy Thursday",
    "2041-04-19": "Good Friday",
    "2041-04-22": "Easter Monday",
    "2041-05-01": "Labor Day",
    "2041-07-25": "St. James' Day",
    "2041-08-15": "Assumption Day",
    "2041-10-12": "National Day",
    "2041-11-01": "All Saints' Day",
    "2041-12-06": "Constitution Day",
    "2041-12-08": "Immaculate Conception",
    "2041-12-25": "Christmas Day",
    "2042-01-01": "New Year's Day",
    "2042-01-06": "Epiphany",
    "2042-04-03": "Maundy Thursday",
    "2042-04-04": "Good Friday",
    "2042-04-07": "Easter Monday",
    "2042-05-01": "Labor Day",
    "2042-07-25": "St. James' Day",
    "2042-08-15": "Assumption Day",
    "2042-10-12": "National Day",
    "2042-11-01": "All Saints' Day",
    "2042-12-06": "Constitution Day",
    "2042-12-08": "Immaculate Conception",
    "2042-12-25": "Christmas Day",
    "2043-01-01": "New Year's Day",
    "2043-01-06": "Epiphany",
    "2043-03-26": "Maundy Thursday",
    "2043-03-27": "Good Friday",
    "2043-03-30": "Easter Monday",
    "2043-05-01": "Labor Day",
    "2043-07-25": "St. James' Day",
    "2043-08-15": "Assumption Day",
    "2043-10-12": "National Day",
    "2043-11-01": "All Saints' Day",
    "2043-12-06": "Constitution Day",
    "2043-12-08": "Immaculate Conception",
    "2043-12-25": "Christmas Day",
    "2044-01-01": "New Year's Day",
    "2044-01-06": "Epiphany",
    "2044-04-14": "Maundy Thursday",
    "2044-04-15": "Good Friday",
    "2044-04-18": "Easter Monday",
    "2044-05-01": "Labor Day",
    "2044-07-25": "St. James' Day",
    "2044-08-15": "Assumption Day",
    "2044-10-12": "National Day",
    "2044-11-01": "All Saints' Day",
    "2044-12-06": "Constitution Day",
    "2044-12-08": "Immaculate Conception",
    "2044-12-25": "Christmas Day",
    "2045-01-01": "New Year's Day",
    "2045-01-06": "Epiphany",
    "2045-04-06": "Maundy Thursday",
    "2045-04-07": "Good Friday",
    "2045-04-10": "Easter Monday",
    "2045-05-01": "Labor Day",
    "2045-07-25": "St. James' Day",
    "2045-08-15": "Assumption Day",
    "2045-10-12": "National Day",
    "2045-11-01": "All Saints' Day",
    "2045-12-06": "Constitution Day",
    "2045-12-08": "Immaculate Conception",
    "2045-12-25": "Christmas Day",
    "2046-01-01": "New Year's Day",
    "2046-01-06": "Epiphany",
    "2046-03-22": "Maundy Thursday",
    "2046-03-23": "Good Friday",
    "2046-03-26": "Easter Monday",
    "2046-05-01": "Labor Day",
    "2046-07-25": "St. James' Day",
    "2046-08-15": "Assumption Day",
    "2046-10-12": "National Day",
    "2046-11-01": "All Saints' Day",
    "2046-12-06": "Constitution Day",
    "2046-12-08": "Immaculate Conception",
    "2046-12-25": "Christmas Day",
    "2047-01-01": "New Year's Day",
    "2047-01-06": "Epiphany",
    "2047-04-11": "Maundy Thursday",
    "2047-04-12": "Good Friday",
    "2047-04-15": "Easter Monday",
    "2047-05-01": "Labor Day",
    "2047-07-25": "St. James' Day",
    "2047-08-15": "Assumption Day",
    "2047-10-12": "National Day",
    "2047-11-01": "All Saints' Day",
    "2047-12-06": "Constitution Day",
    "2047-12-08": "Immaculate Conception",
    "2047-12-25": "Christmas Day",
    "2048-01-01": "New Year's Day",
    "2048-01-06": "Epiphany",
    "2048-04-02": "Maundy Thursday",
    "2048-04-03": "Good Friday",
    "2048-04-06": "Easter Monday",
    "2048-05-01": "Labor Day",
    "2048-07-25": "St. James' Day",
    "2048-08-15": "Assumption Day",
    "2048-10-12": "National Day",
    "2048-11-01": "All Saints' Day",
    "2048-12-06": "Constitution Day",
    "2048-12-08": "Immaculate Conception",
    "2048-12-25": "Christmas Day",
    "2049-01-01": "New Year's Day",
    "2049-01-06": "Epiphany",
    "2049-04-15": "Maundy Thursday",
    "2049-04-16": "Good Friday",
    "2049-04-19": "Easter Monday",
    "2049-05-01": "Labor Day",
    "2049-07-25": "St. James' Day",
    "2049-08-15": "Assumption Day",
    "2049-10-12": "National Day",
    "2049-11-01": "All Saints' Day",
    "2049-12-06": "Constitution Day",
    "2049-12-08": "Immaculate Conception",
    "2049-12-25": "Christmas Day",
    "2050-01-01": "New Year's Day",
    "2050-01-06": "Epiphany",
    "2050-04-07": "Maundy Thursday",
    "2050-04-08": "Good Friday",
    "2050-04-11": "Easter Monday",
    "2050-05-01": "Labor Day",
    "2050-07-25": "St. James' Day",
    "2050-08-15": "Assumption Day",
    "2050-10-12": "National Day",
    "2050-11-01": "All Saints' Day",
    "2050-12-06": "Constitution Day",
    "2050-12-08": "Immaculate Conception",
    "2050-12-25": "Christmas Day"
}
